episode,t,reward,done,action_0,action_1,info_agent_x,info_agent_y,chosen_zone_id,current_colour
0,0,0.0,0,0.9396190643310547,-0.5492360591888428,nan,nan,,
0,1,0.0,0,0.8290529847145081,-0.9050533771514893,nan,nan,,
0,2,0.0,0,0.9196492433547974,-0.9397384524345398,nan,nan,,
0,3,0.0,0,0.987427294254303,-0.9315237998962402,nan,nan,,
0,4,0.0,0,0.9955549240112305,-0.917706310749054,nan,nan,,
0,5,0.0,0,0.998772919178009,-0.852412223815918,nan,nan,,
0,6,0.0,0,0.992479681968689,-0.9059105515480042,nan,nan,,
0,7,0.0,0,0.9991205930709839,-0.6707572937011719,nan,nan,,
0,8,0.0,0,0.9998471140861511,0.5655629634857178,nan,nan,,
0,9,0.0,0,0.9995326995849609,0.8641414642333984,nan,nan,,
0,10,0.0,0,0.9997739791870117,0.7751612067222595,nan,nan,,
0,11,0.0,0,0.9996933341026306,0.7147815227508545,nan,nan,,
0,12,0.0,0,0.9997879862785339,0.7397242784500122,nan,nan,,
0,13,0.0,0,0.9984241724014282,-0.18591390550136566,nan,nan,,
0,14,0.0,0,0.9738372564315796,-0.8492869734764099,nan,nan,,
0,15,0.0,0,0.9987623691558838,-0.9000398516654968,nan,nan,,
0,16,0.0,0,0.9991053938865662,-0.828333854675293,nan,nan,,
0,17,0.0,0,0.9977700114250183,-0.8033764958381653,nan,nan,,
0,18,0.0,0,0.9934542775154114,-0.7950571179389954,nan,nan,,
0,19,0.0,0,0.9994798898696899,0.18513797223567963,nan,nan,,
0,20,0.0,0,0.999711275100708,0.8715109825134277,nan,nan,,
0,21,0.0,0,0.9990175366401672,0.5066477060317993,nan,nan,,
0,22,0.0,0,0.9992460608482361,0.5742664337158203,nan,nan,,
0,23,0.0,0,0.9947457313537598,-0.29304900765419006,nan,nan,,
0,24,0.0,0,0.9817325472831726,-0.7360374331474304,nan,nan,,
0,25,0.0,0,0.9992257356643677,0.07262494415044785,nan,nan,,
0,26,0.0,0,0.9997879862785339,0.8709826469421387,nan,nan,,
0,27,0.0,0,0.9991787075996399,0.4941633343696594,nan,nan,,
0,28,0.0,0,0.9995738863945007,0.6949052214622498,nan,nan,,
0,29,0.0,0,0.9956015944480896,-0.5470706224441528,nan,nan,,
0,30,0.0,0,0.9914764761924744,-0.7499943375587463,nan,nan,,
0,31,0.0,0,0.9935070276260376,-0.5942949652671814,nan,nan,,
0,32,0.0,0,0.9888650178909302,-0.2580340504646301,nan,nan,,
0,33,0.0,0,0.9745801091194153,-0.26201680302619934,nan,nan,,
0,34,0.0,0,0.9694433212280273,-0.20610298216342926,nan,nan,,
0,35,0.0,0,0.9624282121658325,-0.23971977829933167,nan,nan,,
0,36,0.0,0,0.9545262455940247,-0.2590918242931366,nan,nan,,
0,37,0.0,0,0.9542402625083923,-0.2721790075302124,nan,nan,,
0,38,0.0,0,0.9655517935752869,-0.23079189658164978,nan,nan,,
0,39,0.0,0,0.938922107219696,-0.35077276825904846,nan,nan,,
0,40,0.0,0,0.9523573517799377,-0.2927854359149933,nan,nan,,
0,41,0.0,0,0.9344823956489563,-0.6203364133834839,nan,nan,,
0,42,0.0,0,0.9992714524269104,0.7911760210990906,nan,nan,,
0,43,0.0,0,0.9110423922538757,-0.21572139859199524,nan,nan,,
0,44,0.0,0,0.9248397946357727,-0.4989023208618164,nan,nan,,
0,45,0.0,0,0.9992501735687256,0.9097577333450317,nan,nan,,
0,46,0.0,0,0.8427075743675232,-0.7462232708930969,nan,nan,,
0,47,0.0,0,0.9780436158180237,-0.4658969044685364,nan,nan,,
0,48,0.0,0,0.9070936441421509,-0.5903858542442322,nan,nan,,
0,49,0.0,0,0.9635382294654846,-0.45090141892433167,nan,nan,,
0,50,0.0,0,0.9979202151298523,0.8857560753822327,nan,nan,,
0,51,0.0,0,0.6099708080291748,-0.935778796672821,nan,nan,,
0,52,0.0,0,0.994827389717102,-0.7421066164970398,nan,nan,,
0,53,0.0,0,0.9919395446777344,-0.8034237027168274,nan,nan,,
0,54,0.0,0,0.9989025592803955,-0.252495139837265,nan,nan,,
0,55,0.0,0,0.9972072243690491,0.5252208709716797,nan,nan,,
0,56,0.0,0,0.6380034685134888,-0.9742944836616516,nan,nan,,
0,57,0.0,0,0.9953424334526062,-0.9357706308364868,nan,nan,,
0,58,0.0,0,0.993647038936615,-0.9433510899543762,nan,nan,,
0,59,0.0,0,0.9811227321624756,-0.9635797142982483,nan,nan,,
0,60,0.0,0,0.9341945648193359,-0.975326657295227,nan,nan,,
0,61,0.0,0,0.8185211420059204,-0.9840136766433716,nan,nan,,
0,62,0.0,0,0.5811988115310669,-0.9865785837173462,nan,nan,,
0,63,0.0,0,0.2312646061182022,-0.985512375831604,nan,nan,,
0,64,0.0,0,-0.24121719598770142,-0.9868119955062866,nan,nan,,
0,65,0.0,0,-0.5653313994407654,-0.9992397427558899,nan,nan,,
0,66,0.0,0,-0.798629105091095,-0.9981676340103149,nan,nan,,
0,67,0.0,0,-0.909767210483551,-0.9955446124076843,nan,nan,,
0,68,0.0,0,-0.9601842164993286,-0.9918153882026672,nan,nan,,
0,69,0.0,0,-0.9840961694717407,-0.9842321276664734,nan,nan,,
0,70,0.0,0,-0.9946261048316956,-0.9542819857597351,nan,nan,,
0,71,0.0,0,-0.9973069429397583,-0.8488873839378357,nan,nan,,
0,72,0.0,0,-0.9985745549201965,-0.7325646877288818,nan,nan,,
0,73,0.0,0,-0.9966885447502136,-0.8899949789047241,nan,nan,,
0,74,0.0,0,-0.9980267286300659,0.5990553498268127,nan,nan,,
0,75,0.0,0,-0.9939098358154297,-0.9933391213417053,nan,nan,,
0,76,0.0,0,-0.9960585832595825,0.6872643232345581,nan,nan,,
0,77,0.0,0,-0.9967879056930542,-0.9973875284194946,nan,nan,,
0,78,0.0,0,-0.9965589046478271,0.7570354342460632,nan,nan,,
0,79,0.0,0,-0.9987216591835022,-0.9434283971786499,nan,nan,,
0,80,0.0,0,-0.9973752498626709,0.8427102565765381,nan,nan,,
0,81,0.0,0,-0.9993294477462769,-0.9350789785385132,nan,nan,,
0,82,0.0,0,-0.9983600974082947,0.851599395275116,nan,nan,,
0,83,0.0,0,-0.9994490146636963,-0.9064865112304688,nan,nan,,
0,84,0.0,0,-0.9989489912986755,0.8743336796760559,nan,nan,,
0,85,0.0,0,-0.9996029138565063,-0.9394131898880005,nan,nan,,
0,86,0.0,0,-0.9992613196372986,0.8828644156455994,nan,nan,,
0,87,0.0,0,-0.9995230436325073,-0.8614656329154968,nan,nan,,
0,88,0.0,0,-0.9994117021560669,0.9356864094734192,nan,nan,,
0,89,0.0,0,-0.9993958473205566,-0.8388152718544006,nan,nan,,
0,90,0.0,0,-0.9995254278182983,0.8771257400512695,nan,nan,,
0,91,0.0,0,-0.9996418356895447,-0.8837226033210754,nan,nan,,
0,92,0.0,0,-0.9995692372322083,0.9164374470710754,nan,nan,,
0,93,0.0,0,-0.9993770718574524,-0.8143853545188904,nan,nan,,
0,94,0.0,0,-0.9994959831237793,0.8297857046127319,nan,nan,,
0,95,0.0,0,-0.9991350173950195,-0.6790277361869812,nan,nan,,
0,96,0.0,0,-0.9996036887168884,0.9314075112342834,nan,nan,,
0,97,0.0,0,-0.9993085861206055,-0.7371155619621277,nan,nan,,
0,98,0.0,0,-0.9991478323936462,0.918481707572937,nan,nan,,
0,99,0.0,0,-0.9991977214813232,-0.6732428073883057,nan,nan,,
0,100,0.0,0,-0.9986187815666199,0.9289548993110657,nan,nan,,
0,101,0.0,0,-0.9991339445114136,-0.5073803067207336,nan,nan,,
0,102,0.0,0,-0.9977964162826538,0.9482424855232239,nan,nan,,
0,103,0.0,0,-0.9990556240081787,-0.1848682314157486,nan,nan,,
0,104,0.0,0,-0.9863322973251343,0.9340038299560547,nan,nan,,
0,105,0.0,0,-0.9988064765930176,0.17132669687271118,nan,nan,,
0,106,0.0,0,-0.9997561573982239,0.8733333945274353,nan,nan,,
0,107,0.0,0,-0.9988262057304382,0.4511817693710327,nan,nan,,
0,108,0.0,0,-0.999474287033081,0.8912881016731262,nan,nan,,
0,109,0.0,0,-0.9988694787025452,0.7294602990150452,nan,nan,,
0,110,0.0,0,-0.9993443489074707,0.9349439144134521,nan,nan,,
0,111,0.0,0,-0.9991189241409302,0.861704409122467,nan,nan,,
0,112,0.0,0,-0.9992585182189941,0.9447032809257507,nan,nan,,
0,113,0.0,0,-0.9987260103225708,0.9126214385032654,nan,nan,,
0,114,0.0,0,-0.9989252090454102,0.9769293665885925,nan,nan,,
0,115,0.0,0,-0.9991095662117004,0.9855509400367737,nan,nan,,
0,116,0.0,0,-0.9992343783378601,0.9943844676017761,nan,nan,,
0,117,0.0,0,-0.9993255138397217,0.9978589415550232,nan,nan,,
0,118,0.0,0,-0.9993254542350769,0.9985146522521973,nan,nan,,
0,119,0.0,0,-0.9989530444145203,0.9989851117134094,nan,nan,,
0,120,0.0,0,-0.9986748695373535,0.9987552165985107,nan,nan,,
0,121,0.0,0,-0.9981241226196289,0.9976508021354675,nan,nan,,
0,122,0.0,0,-0.9967511892318726,0.9955889582633972,nan,nan,,
0,123,0.0,0,-0.9907506704330444,0.9902999997138977,nan,nan,,
0,124,0.0,0,-0.960822343826294,0.9760989546775818,nan,nan,,
0,125,0.0,0,-0.936692476272583,0.861067533493042,nan,nan,,
0,126,0.0,0,-0.9478119611740112,0.7679856419563293,nan,nan,,
0,127,0.0,0,-0.7456427812576294,0.9476467967033386,nan,nan,,
0,128,0.0,0,-0.9805521368980408,0.27416694164276123,nan,nan,,
0,129,0.0,0,-0.9343640208244324,-0.9638037085533142,nan,nan,,
0,130,0.0,0,0.08686631917953491,0.9999228715896606,nan,nan,,
0,131,0.0,0,0.4552482068538666,0.9987514615058899,nan,nan,,
0,132,0.0,0,0.27889522910118103,0.9981119632720947,nan,nan,,
0,133,0.0,0,-0.11121426522731781,0.9954820275306702,nan,nan,,
0,134,0.0,0,-0.9917532801628113,-0.18476223945617676,nan,nan,,
0,135,0.0,0,-0.8215363025665283,-0.94819176197052,nan,nan,,
0,136,0.0,0,-0.02494015544652939,0.9999764561653137,nan,nan,,
0,137,0.0,0,-0.8368828296661377,0.9986101984977722,nan,nan,,
0,138,0.0,0,-0.9899799227714539,0.9362664222717285,nan,nan,,
0,139,0.0,0,-0.9975958466529846,0.6624181270599365,nan,nan,,
0,140,0.0,0,-0.8858646154403687,0.9849350452423096,nan,nan,,
0,141,0.0,0,-0.9992589354515076,0.3617027699947357,nan,nan,,
0,142,0.0,0,-0.919344425201416,-0.9970597624778748,nan,nan,,
0,143,0.0,0,-0.8537382483482361,0.9998676180839539,nan,nan,,
0,144,0.0,0,-0.9974166750907898,0.9947705268859863,nan,nan,,
0,145,0.0,0,-0.9997511506080627,0.9379825592041016,nan,nan,,
0,146,0.0,0,-0.9999147653579712,0.7903536558151245,nan,nan,,
0,147,0.0,0,-0.9997021555900574,0.9803498983383179,nan,nan,,
0,148,0.0,0,-0.9999828934669495,0.5168941020965576,nan,nan,,
0,149,0.0,0,-0.9996407628059387,-0.9135200381278992,nan,nan,,
0,150,0.0,0,-0.7531625032424927,0.992408037185669,nan,nan,,
0,151,0.0,0,-0.9998321533203125,0.9673252701759338,nan,nan,,
0,152,0.0,0,-0.999948263168335,0.9421257376670837,nan,nan,,
0,153,0.0,0,-0.9999630451202393,0.9412880539894104,nan,nan,,
0,154,0.0,0,-0.9999731183052063,0.9100823402404785,nan,nan,,
0,155,0.0,0,-0.9999687671661377,0.9489467740058899,nan,nan,,
0,156,0.0,0,-0.999977707862854,0.937311053276062,nan,nan,,
0,157,0.0,0,-0.999984860420227,0.9421233534812927,nan,nan,,
0,158,0.0,0,-0.9999814033508301,0.9392061829566956,nan,nan,,
0,159,0.0,0,-0.9999774098396301,0.9265888333320618,nan,nan,,
0,160,0.0,0,-0.9999598860740662,0.9306638240814209,nan,nan,,
0,161,0.0,0,-0.999896764755249,0.9376164078712463,nan,nan,,
0,162,0.0,0,-0.9997493624687195,0.9292641878128052,nan,nan,,
0,163,0.0,0,-0.9992009401321411,0.9509457945823669,nan,nan,,
0,164,0.0,0,-0.9985857605934143,0.9478670954704285,nan,nan,,
0,165,0.0,0,-0.9975707530975342,0.9472102522850037,nan,nan,,
0,166,0.0,0,-0.9968392252922058,0.9520898461341858,nan,nan,,
0,167,0.0,0,-0.9967780113220215,0.9430951476097107,nan,nan,,
0,168,0.0,0,-0.9958215355873108,0.9481519460678101,nan,nan,,
0,169,0.0,0,-0.9974473118782043,0.9478272795677185,nan,nan,,
0,170,0.0,0,-0.9986510276794434,0.9148910045623779,nan,nan,,
0,171,0.0,0,-0.999164879322052,0.9100133180618286,nan,nan,,
0,172,0.0,0,-0.9989538192749023,0.8359658718109131,nan,nan,,
0,173,0.0,0,-0.9982227087020874,0.9690921902656555,nan,nan,,
0,174,0.0,0,-0.9986802935600281,0.8259049654006958,nan,nan,,
0,175,0.0,0,-0.997473418712616,0.9786646962165833,nan,nan,,
0,176,0.0,0,-0.9976214170455933,0.8749477863311768,nan,nan,,
0,177,0.0,0,-0.9958320260047913,0.9837828278541565,nan,nan,,
0,178,0.0,0,-0.9934195280075073,0.973685085773468,nan,nan,,
0,179,0.0,0,-0.9878476858139038,0.9847928881645203,nan,nan,,
0,180,0.0,0,-0.9847618341445923,0.9938772320747375,nan,nan,,
0,181,0.0,0,-0.9818844795227051,0.9961963891983032,nan,nan,,
0,182,0.0,0,-0.9665666818618774,0.992124080657959,nan,nan,,
0,183,0.0,0,-0.9513148069381714,0.9802261590957642,nan,nan,,
0,184,0.0,0,-0.9305474162101746,0.9635860919952393,nan,nan,,
0,185,0.0,0,-0.9368498921394348,0.9725492596626282,nan,nan,,
0,186,0.0,0,-0.9409100413322449,0.9760755896568298,nan,nan,,
0,187,0.0,0,-0.9477105140686035,0.9812425971031189,nan,nan,,
0,188,0.0,0,-0.9585552215576172,0.9875859618186951,nan,nan,,
0,189,0.0,0,-0.9632689952850342,0.9805103540420532,nan,nan,,
0,190,0.0,0,-0.9667227864265442,0.943746030330658,nan,nan,,
0,191,0.0,0,-0.9687364101409912,0.8580302596092224,nan,nan,,
0,192,0.0,0,-0.9622211456298828,0.4558826982975006,nan,nan,,
0,193,0.0,0,-0.9833969473838806,0.998058557510376,nan,nan,,
0,194,0.0,0,-0.9631014466285706,0.9502541422843933,nan,nan,,
0,195,0.0,0,-0.9594978094100952,0.9779502749443054,nan,nan,,
0,196,0.0,0,-0.9613023400306702,0.9888175129890442,nan,nan,,
0,197,0.0,0,-0.955079197883606,0.9927027821540833,nan,nan,,
0,198,0.0,0,-0.9435123801231384,0.9946694374084473,nan,nan,,
0,199,0.0,0,-0.9501451253890991,0.9957079291343689,nan,nan,,
0,200,0.0,0,-0.9630367755889893,0.9956199526786804,nan,nan,,
0,201,0.0,0,-0.9718164801597595,0.9973452091217041,nan,nan,,
0,202,0.0,0,-0.9693801999092102,0.9989388585090637,nan,nan,,
0,203,0.0,0,-0.9742186069488525,0.999451756477356,nan,nan,,
0,204,0.0,0,-0.9778369069099426,0.9993457794189453,nan,nan,,
0,205,0.0,0,-0.9820253849029541,0.9990307092666626,nan,nan,,
0,206,0.0,0,-0.9815758466720581,0.998591423034668,nan,nan,,
0,207,0.0,0,-0.9806966781616211,0.9975910186767578,nan,nan,,
0,208,0.0,0,-0.9780676960945129,0.9965429306030273,nan,nan,,
0,209,0.0,0,-0.9741146564483643,0.9958469271659851,nan,nan,,
0,210,0.0,0,-0.9695664048194885,0.9955114126205444,nan,nan,,
0,211,0.0,0,-0.9497277140617371,0.9972779154777527,nan,nan,,
0,212,0.0,0,-0.9218047857284546,0.9980318546295166,nan,nan,,
0,213,0.0,0,-0.8282961249351501,0.9977039098739624,nan,nan,,
0,214,0.0,0,-0.6837824583053589,0.9968096613883972,nan,nan,,
0,215,0.0,0,-0.6417421698570251,0.9921568632125854,nan,nan,,
0,216,0.0,0,-0.5756385326385498,0.9802684187889099,nan,nan,,
0,217,0.0,0,-0.5679317116737366,0.961564302444458,nan,nan,,
0,218,0.0,0,-0.6118418574333191,0.9443884491920471,nan,nan,,
0,219,0.0,0,-0.6630338430404663,0.9245767593383789,nan,nan,,
0,220,0.0,0,-0.8022244572639465,0.9299066066741943,nan,nan,,
0,221,0.0,0,-0.8784984946250916,0.9126221537590027,nan,nan,,
0,222,0.0,0,-0.9346463680267334,0.9349147081375122,nan,nan,,
0,223,0.0,0,-0.9321721792221069,0.856085479259491,nan,nan,,
0,224,0.0,0,-0.9443344473838806,0.8805205225944519,nan,nan,,
0,225,0.0,0,-0.9162448644638062,0.7744103074073792,nan,nan,,
0,226,0.0,0,-0.914288341999054,0.8079796433448792,nan,nan,,
0,227,0.0,0,-0.9208710789680481,0.6085140705108643,nan,nan,,
0,228,0.0,0,-0.9589849710464478,0.8926430344581604,nan,nan,,
0,229,0.0,0,-0.9394139051437378,0.188958540558815,nan,nan,,
0,230,0.0,0,-0.9736213088035583,0.9275890588760376,nan,nan,,
0,231,0.0,0,-0.9053245186805725,0.6145384311676025,nan,nan,,
0,232,0.0,0,-0.9320287704467773,0.9202568531036377,nan,nan,,
0,233,0.0,0,-0.9028745293617249,0.6014893651008606,nan,nan,,
0,234,0.0,0,-0.24119053781032562,0.9452901482582092,nan,nan,,
0,235,0.0,0,-0.858752429485321,0.8732556700706482,nan,nan,,
0,236,0.0,0,-0.7328665852546692,0.9484535455703735,nan,nan,,
0,237,0.0,0,-0.8213843703269958,0.9660087823867798,nan,nan,,
0,238,0.0,0,-0.7899662852287292,0.9775106906890869,nan,nan,,
0,239,0.0,0,-0.6589004397392273,0.9889663457870483,nan,nan,,
0,240,0.0,0,-0.2890048623085022,0.9955514669418335,nan,nan,,
0,241,0.0,0,0.13916689157485962,0.9990450143814087,nan,nan,,
0,242,0.0,0,0.8774930238723755,0.9999756813049316,nan,nan,,
0,243,0.0,0,0.9575265049934387,0.9999895095825195,nan,nan,,
0,244,0.0,0,0.9790323376655579,0.9999932050704956,nan,nan,,
0,245,0.0,0,0.9852707982063293,0.9999949932098389,nan,nan,,
0,246,0.0,0,0.9867372512817383,0.9999948143959045,nan,nan,,
0,247,0.0,0,0.9746324419975281,0.9999865889549255,nan,nan,,
0,248,0.0,0,0.9720274209976196,0.9999664425849915,nan,nan,,
0,249,0.0,0,0.9642745852470398,0.9999443292617798,nan,nan,,
0,250,0.0,0,0.9041014909744263,0.9999203085899353,nan,nan,,
0,251,0.0,0,0.8016709685325623,0.9995422959327698,nan,nan,,
0,252,0.0,0,0.7368001341819763,0.9961228966712952,nan,nan,,
0,253,0.0,0,0.687059223651886,0.967017412185669,nan,nan,,
0,254,0.0,0,0.6469650268554688,0.7294785976409912,nan,nan,,
0,255,0.0,0,0.771623432636261,0.5685325264930725,nan,nan,,
0,256,0.0,0,0.9408534169197083,0.8345067501068115,nan,nan,,
0,257,0.0,0,0.8363960385322571,-0.6777303218841553,nan,nan,,
0,258,0.0,0,0.9800146222114563,0.5348911285400391,nan,nan,,
0,259,0.0,0,0.9294673204421997,-0.3111322522163391,nan,nan,,
0,260,0.0,0,0.9786943793296814,0.5503193140029907,nan,nan,,
0,261,0.0,0,0.947283923625946,-0.9208231568336487,nan,nan,,
0,262,0.0,0,0.9929680824279785,0.9216241836547852,nan,nan,,
0,263,0.0,0,0.8564788699150085,-0.7555311918258667,nan,nan,,
0,264,0.0,0,0.9979846477508545,0.9957600235939026,nan,nan,,
0,265,0.0,0,0.8758748173713684,-0.8019947409629822,nan,nan,,
0,266,0.0,0,0.9972941279411316,0.9944453239440918,nan,nan,,
0,267,0.0,0,0.8620241284370422,-0.7703730463981628,nan,nan,,
0,268,0.0,0,0.9950995445251465,0.5660341382026672,nan,nan,,
0,269,0.0,0,0.929836630821228,0.43482643365859985,nan,nan,,
0,270,0.0,0,0.9329704642295837,0.5849371552467346,nan,nan,,
0,271,0.0,0,0.9201425909996033,-0.9151184558868408,nan,nan,,
0,272,0.0,0,0.9926594495773315,0.6980666518211365,nan,nan,,
0,273,0.0,0,0.7598490118980408,-0.5573583245277405,nan,nan,,
0,274,0.0,0,0.9909912943840027,-0.1134396642446518,nan,nan,,
0,275,0.0,0,0.9982408285140991,0.8223791718482971,nan,nan,,
0,276,0.0,0,0.5275530815124512,-0.5069332122802734,nan,nan,,
0,277,0.0,0,0.9952548146247864,0.7350045442581177,nan,nan,,
0,278,0.0,0,0.6521369218826294,-0.07268677651882172,nan,nan,,
0,279,0.0,0,0.9967491030693054,0.5697923302650452,nan,nan,,
0,280,0.0,0,0.531389057636261,0.3648255467414856,nan,nan,,
0,281,0.0,0,0.7180168628692627,-0.6503430008888245,nan,nan,,
0,282,0.0,0,0.9919280409812927,0.5004189014434814,nan,nan,,
0,283,0.0,0,0.04835145175457001,-0.052454084157943726,nan,nan,,
0,284,0.0,0,0.9917332530021667,0.5539524555206299,nan,nan,,
0,285,0.0,0,-0.20730164647102356,0.5781405568122864,nan,nan,,
0,286,0.0,0,-0.9835540652275085,-0.1577073335647583,nan,nan,,
0,287,0.0,0,-0.9163088202476501,0.22935378551483154,nan,nan,,
0,288,0.0,0,-0.0941862165927887,-0.4442633390426636,nan,nan,,
0,289,0.0,0,0.9167121648788452,0.4133589565753937,nan,nan,,
0,290,0.0,0,-0.26115748286247253,-0.276300847530365,nan,nan,,
0,291,0.0,0,-0.9417667984962463,0.2591651976108551,nan,nan,,
0,292,0.0,0,-0.5985672473907471,-0.221125066280365,nan,nan,,
0,293,0.0,0,-0.9406515955924988,0.2759507894515991,nan,nan,,
0,294,0.0,0,-0.9640989303588867,0.4009266793727875,nan,nan,,
0,295,0.0,0,-0.9743014574050903,0.4501049220561981,nan,nan,,
0,296,0.0,0,-0.9724770188331604,0.2185744345188141,nan,nan,,
0,297,0.0,0,-0.9495993256568909,0.24284905195236206,nan,nan,,
0,298,0.0,0,-0.9983050227165222,0.5124229788780212,nan,nan,,
0,299,0.0,0,-0.9978198409080505,0.39857953786849976,nan,nan,,
0,300,0.0,0,-0.9974056482315063,0.2108520269393921,nan,nan,,
0,301,0.0,0,-0.995704710483551,0.4050285220146179,nan,nan,,
0,302,0.0,0,-0.9981350302696228,-0.03547324985265732,nan,nan,,
0,303,0.0,0,-0.9721917510032654,-0.3964177370071411,nan,nan,,
0,304,0.0,0,-0.9794674515724182,-0.33290696144104004,nan,nan,,
0,305,0.0,0,-0.9819518327713013,-0.3659461736679077,nan,nan,,
0,306,0.0,0,-0.9327196478843689,-0.005145129282027483,nan,nan,,
0,307,0.0,0,-0.9856544733047485,-0.37253376841545105,nan,nan,,
0,308,0.0,0,-0.9738786220550537,-0.6341570019721985,nan,nan,,
0,309,0.0,0,-0.9437659978866577,-0.26101043820381165,nan,nan,,
0,310,0.0,0,-0.993698239326477,0.44422367215156555,nan,nan,,
0,311,0.0,0,-0.9712584614753723,-0.613050103187561,nan,nan,,
0,312,0.0,0,-0.9354465007781982,-0.8237722516059875,nan,nan,,
0,313,0.0,0,-0.8503079414367676,-0.41798704862594604,nan,nan,,
0,314,0.0,0,-0.9558112621307373,-0.5977397561073303,nan,nan,,
0,315,0.0,0,-0.9381396174430847,-0.3199831247329712,nan,nan,,
0,316,0.0,0,-0.9392794370651245,-0.5935551524162292,nan,nan,,
0,317,0.0,0,-0.9172662496566772,-0.5724492073059082,nan,nan,,
0,318,0.0,0,-0.9596182107925415,-0.3284386992454529,nan,nan,,
0,319,0.0,0,-0.9946912527084351,0.15325738489627838,nan,nan,,
0,320,0.0,0,-0.8940128684043884,-0.8271429538726807,nan,nan,,
0,321,0.0,0,-0.9518077373504639,-0.5204927921295166,nan,nan,,
0,322,0.0,0,-0.951582670211792,-0.8285450339317322,nan,nan,,
0,323,0.0,0,-0.9843916296958923,0.06528583914041519,nan,nan,,
0,324,0.0,0,-0.5118876695632935,-0.9898625016212463,nan,nan,,
0,325,0.0,0,-0.9836477637290955,0.976073682308197,nan,nan,,
0,326,0.0,0,-0.9988794922828674,-0.1513594388961792,nan,nan,,
0,327,0.0,0,-0.6113409996032715,-0.9926992654800415,nan,nan,,
0,328,0.0,0,-0.9799196720123291,0.9804303646087646,nan,nan,,
0,329,0.0,0,-0.9987041354179382,-0.09773747622966766,nan,nan,,
0,330,0.0,0,-0.6370483636856079,-0.9961989521980286,nan,nan,,
0,331,0.0,0,-0.9754767417907715,0.9798169732093811,nan,nan,,
0,332,0.0,0,-0.9984877705574036,-0.050689201802015305,nan,nan,,
0,333,0.0,0,-0.747861921787262,-0.9973627924919128,nan,nan,,
0,334,0.0,0,-0.9681546092033386,0.9826205968856812,nan,nan,,
0,335,0.0,0,-0.9984170794487,0.12477824091911316,nan,nan,,
0,336,0.0,0,-0.8135601878166199,0.7166664004325867,nan,nan,,
0,337,0.0,0,-0.9974688291549683,-0.23306505382061005,nan,nan,,
0,338,0.0,0,-0.927243709564209,-0.9977096319198608,nan,nan,,
0,339,0.0,0,-0.9709542989730835,0.9453989863395691,nan,nan,,
0,340,0.0,0,-0.9988605380058289,-0.05930294841527939,nan,nan,,
0,341,0.0,0,-0.9439229965209961,-0.9980531930923462,nan,nan,,
0,342,0.0,0,-0.9556884169578552,0.9520028233528137,nan,nan,,
0,343,0.0,0,-0.9988669157028198,0.17807410657405853,nan,nan,,
0,344,0.0,0,-0.9059240221977234,0.6819185018539429,nan,nan,,
0,345,0.0,0,-0.9992616176605225,-0.23969092965126038,nan,nan,,
0,346,0.0,0,-0.9985719919204712,-0.6135153770446777,nan,nan,,
0,347,0.0,0,-0.9514412879943848,0.9932771325111389,nan,nan,,
0,348,0.0,0,-0.9994266033172607,0.07551410049200058,nan,nan,,
0,349,0.0,0,-0.9449324011802673,0.8499417901039124,nan,nan,,
0,350,0.0,0,-0.9996680021286011,-0.2781468629837036,nan,nan,,
0,351,0.0,0,-0.9932847023010254,-0.9977321028709412,nan,nan,,
0,352,0.0,0,-0.8799797296524048,0.7632529735565186,nan,nan,,
0,353,0.0,0,-0.9959099292755127,0.878182590007782,nan,nan,,
0,354,0.0,0,-0.9997044801712036,0.14562411606311798,nan,nan,,
0,355,0.0,0,-0.9674097299575806,0.9495393633842468,nan,nan,,
0,356,0.0,0,-0.9998353123664856,-0.160727396607399,nan,nan,,
0,357,0.0,0,-0.9909898638725281,-0.9976730346679688,nan,nan,,
0,358,0.0,0,-0.11216028779745102,0.9613204598426819,nan,nan,,
0,359,0.0,0,-0.9672533273696899,0.9928305149078369,nan,nan,,
0,360,0.0,0,-0.9909197688102722,0.9839552044868469,nan,nan,,
0,361,0.0,0,-0.9890149235725403,0.9812836050987244,nan,nan,,
0,362,0.0,0,-0.3989647924900055,0.9901529550552368,nan,nan,,
0,363,0.0,0,0.8874309062957764,0.9991234540939331,nan,nan,,
0,364,0.0,0,-0.005341786425560713,0.9883870482444763,nan,nan,,
0,365,0.0,0,0.5270794034004211,0.9589210748672485,nan,nan,,
0,366,0.0,0,-0.7432659268379211,0.9898555278778076,nan,nan,,
0,367,0.0,0,0.5112355947494507,0.997600793838501,nan,nan,,
0,368,0.0,0,-0.9590336680412292,0.9955338835716248,nan,nan,,
0,369,0.0,0,-0.8392167687416077,0.9995839595794678,nan,nan,,
0,370,0.0,0,-0.9014835953712463,0.9998527765274048,nan,nan,,
0,371,0.0,0,-0.9031342267990112,0.9999516606330872,nan,nan,,
0,372,0.0,0,-0.8787824511528015,0.9999840259552002,nan,nan,,
0,373,0.0,0,-0.8599108457565308,0.9999927282333374,nan,nan,,
0,374,0.0,0,-0.8646882176399231,0.9999954700469971,nan,nan,,
0,375,0.0,0,-0.8827983140945435,0.9999960064888,nan,nan,,
0,376,0.0,0,-0.8980662226676941,0.9999960660934448,nan,nan,,
0,377,0.0,0,-0.9275230765342712,0.9999940395355225,nan,nan,,
0,378,0.0,0,-0.9498526453971863,0.9999868273735046,nan,nan,,
0,379,0.0,0,-0.977512538433075,0.9999479651451111,nan,nan,,
0,380,0.0,0,-0.995346188545227,0.9996412992477417,nan,nan,,
0,381,0.0,0,-0.9992972612380981,0.9962016940116882,nan,nan,,
0,382,0.0,0,-0.9998337626457214,0.9667402505874634,nan,nan,,
0,383,0.0,0,-0.9999598860740662,0.8183916211128235,nan,nan,,
0,384,0.0,0,-0.9999640583992004,0.904970645904541,nan,nan,,
0,385,0.0,0,-0.9999426603317261,0.16613784432411194,nan,nan,,
0,386,0.0,0,-0.9997369647026062,0.9995547533035278,nan,nan,,
0,387,0.0,0,-0.9999802708625793,0.26251527667045593,nan,nan,,
0,388,0.0,0,-0.9998334646224976,0.9987758994102478,nan,nan,,
0,389,0.0,0,-0.9999809861183167,0.15521298348903656,nan,nan,,
0,390,0.0,0,-0.9997692108154297,0.9988513588905334,nan,nan,,
0,391,0.0,0,-0.9999700784683228,0.24367322027683258,nan,nan,,
0,392,0.0,0,-0.9996925592422485,0.997212290763855,nan,nan,,
0,393,0.0,0,-0.9999198913574219,0.4303077161312103,nan,nan,,
0,394,0.0,0,-0.9997243285179138,0.9658385515213013,nan,nan,,
0,395,0.0,0,-0.9996157288551331,0.7214226722717285,nan,nan,,
0,396,0.0,0,-0.9945839047431946,0.8344016671180725,nan,nan,,
0,397,0.0,0,-0.9973582029342651,0.8992973566055298,nan,nan,,
0,398,0.0,0,-0.9928551316261292,0.9534839391708374,nan,nan,,
0,399,0.0,0,-0.9776468873023987,0.9654260873794556,nan,nan,,
0,400,0.0,0,-0.9750311970710754,0.9496603012084961,nan,nan,,
0,401,0.0,0,-0.9772961139678955,0.8951563835144043,nan,nan,,
0,402,0.0,0,-0.9835761189460754,0.8334681391716003,nan,nan,,
0,403,0.0,0,-0.9931880831718445,0.8095674514770508,nan,nan,,
0,404,0.0,0,-0.9968659281730652,0.8063701391220093,nan,nan,,
0,405,0.0,0,-0.9454554319381714,-0.05386671796441078,nan,nan,,
0,406,0.0,0,-0.6315523982048035,-0.4416804015636444,nan,nan,,
0,407,0.0,0,-0.6213189959526062,-0.2282055765390396,nan,nan,,
0,408,0.0,0,-0.5159993767738342,-0.3584243655204773,nan,nan,,
0,409,0.0,0,-0.49748706817626953,0.05108565464615822,nan,nan,,
0,410,0.0,0,-0.323649525642395,-0.4083159565925598,nan,nan,,
0,411,0.0,0,-0.28188398480415344,-0.09687129408121109,nan,nan,,
0,412,0.0,0,-0.9977527260780334,0.9881541728973389,nan,nan,,
0,413,0.0,0,-0.9402626752853394,-0.5287302136421204,nan,nan,,
0,414,0.0,0,-0.4148978292942047,0.5484084486961365,nan,nan,,
0,415,0.0,0,-0.992836594581604,0.5489289164543152,nan,nan,,
0,416,0.0,0,-0.0780007466673851,-0.5291619896888733,nan,nan,,
0,417,0.0,0,-0.9933137893676758,0.9933204054832458,nan,nan,,
0,418,0.0,0,-0.9260804653167725,-0.8428162336349487,nan,nan,,
0,419,0.0,0,-0.7647274136543274,0.9412114024162292,nan,nan,,
0,420,0.0,0,-0.9194727540016174,-0.8578478097915649,nan,nan,,
0,421,0.0,0,-0.7872165441513062,0.9551193118095398,nan,nan,,
0,422,0.0,0,-0.9051336646080017,-0.8671360015869141,nan,nan,,
0,423,0.0,0,-0.5632779598236084,0.8615070581436157,nan,nan,,
0,424,0.0,0,-0.38194045424461365,-0.8694859147071838,nan,nan,,
0,425,0.0,0,-0.45542359352111816,0.8240209817886353,nan,nan,,
0,426,0.0,0,-0.9424819350242615,-0.7247288227081299,nan,nan,,
0,427,0.0,0,-0.5383438467979431,0.8582766056060791,nan,nan,,
0,428,0.0,0,-0.8826285600662231,-0.8944202661514282,nan,nan,,
0,429,0.0,0,-0.18809787929058075,0.6533686518669128,nan,nan,,
0,430,0.0,0,-0.9747441411018372,0.5174674391746521,nan,nan,,
0,431,0.0,0,0.5216789245605469,-0.8928009271621704,nan,nan,,
0,432,0.0,0,0.851759672164917,-0.9059195518493652,nan,nan,,
0,433,0.0,0,0.9128280878067017,-0.9252333045005798,nan,nan,,
0,434,0.0,0,0.9431286454200745,-0.9363957643508911,nan,nan,,
0,435,0.0,0,0.9232743978500366,-0.9093224406242371,nan,nan,,
0,436,0.0,0,0.9150652289390564,-0.7538477182388306,nan,nan,,
0,437,0.0,0,0.9422955513000488,-0.1672585904598236,nan,nan,,
0,438,0.0,0,0.9168190360069275,0.5782779455184937,nan,nan,,
0,439,0.0,0,-0.9144778847694397,0.5664741396903992,nan,nan,,
0,440,0.0,0,0.5005262494087219,0.8542208671569824,nan,nan,,
0,441,0.0,0,-0.9640640020370483,-0.39910706877708435,nan,nan,,
0,442,0.0,0,0.9603129625320435,0.8968564867973328,nan,nan,,
0,443,0.0,0,-0.8647199869155884,-0.4149776101112366,nan,nan,,
0,444,0.0,0,0.9547393918037415,0.9234683513641357,nan,nan,,
0,445,0.0,0,-0.9554604887962341,-0.2947984039783478,nan,nan,,
0,446,0.0,0,0.9295458197593689,0.9172093868255615,nan,nan,,
0,447,0.0,0,-0.9499523043632507,-0.26093801856040955,nan,nan,,
0,448,0.0,0,0.9221490025520325,0.9478581547737122,nan,nan,,
0,449,0.0,0,-0.9365221261978149,-0.26245754957199097,nan,nan,,
0,450,0.0,0,0.7498795390129089,0.9630432724952698,nan,nan,,
0,451,0.0,0,-0.9240511059761047,-0.20695063471794128,nan,nan,,
0,452,0.0,0,0.8651214838027954,0.9484068155288696,nan,nan,,
0,453,0.0,0,-0.8861244320869446,-0.053319692611694336,nan,nan,,
0,454,0.0,0,0.7385133504867554,0.9526309370994568,nan,nan,,
0,455,0.0,0,-0.8177963495254517,0.13315074145793915,nan,nan,,
0,456,0.0,0,-0.9463558197021484,0.9961618781089783,nan,nan,,
0,457,0.0,0,-0.9880072474479675,0.6892721056938171,nan,nan,,
0,458,0.0,0,-0.9720258116722107,0.9316866397857666,nan,nan,,
0,459,0.0,0,-0.966869592666626,0.6815472841262817,nan,nan,,
0,460,0.0,0,-0.9589025974273682,0.874030351638794,nan,nan,,
0,461,0.0,0,-0.9452840089797974,0.6975792050361633,nan,nan,,
0,462,0.0,0,-0.8279047012329102,0.8341341614723206,nan,nan,,
0,463,0.0,0,-0.938214123249054,0.48404911160469055,nan,nan,,
0,464,0.0,0,-0.3861277997493744,0.5959129333496094,nan,nan,,
0,465,0.0,0,-0.5007805824279785,0.5252952575683594,nan,nan,,
0,466,0.0,0,-0.9449224472045898,0.9234207272529602,nan,nan,,
0,467,0.0,0,-0.9251039028167725,-0.22070878744125366,nan,nan,,
0,468,0.0,0,0.1372889131307602,0.3552502989768982,nan,nan,,
0,469,0.0,0,-0.5765002369880676,0.8913995623588562,nan,nan,,
0,470,0.0,0,-0.8322018980979919,0.4932452142238617,nan,nan,,
0,471,0.0,0,-0.8877975940704346,0.9755337834358215,nan,nan,,
0,472,0.0,0,-0.81429123878479,0.3085857629776001,nan,nan,,
0,473,0.0,0,-0.5687509775161743,0.820091724395752,nan,nan,,
0,474,0.0,0,-0.7891754508018494,0.4053955376148224,nan,nan,,
0,475,0.0,0,-0.7356488704681396,0.9579678773880005,nan,nan,,
0,476,0.0,0,-0.7335947155952454,0.49880141019821167,nan,nan,,
0,477,0.0,0,-0.7451698780059814,0.93699711561203,nan,nan,,
0,478,0.0,0,-0.5978644490242004,0.7169066667556763,nan,nan,,
0,479,0.0,0,0.26225176453590393,0.10361818969249725,nan,nan,,
0,480,0.0,0,0.39663517475128174,0.9682643413543701,nan,nan,,
0,481,0.0,0,-0.6378872990608215,0.9320363998413086,nan,nan,,
0,482,0.0,0,-0.05366934463381767,0.9488973617553711,nan,nan,,
0,483,0.0,0,-0.1482262909412384,0.9509918689727783,nan,nan,,
0,484,0.0,0,-0.07949575036764145,0.9557565450668335,nan,nan,,
0,485,0.0,0,-0.2809146046638489,0.971096396446228,nan,nan,,
0,486,0.0,0,-0.545735239982605,0.9851822853088379,nan,nan,,
0,487,0.0,0,-0.7056099772453308,0.9921037554740906,nan,nan,,
0,488,0.0,0,-0.7849040627479553,0.9969314336776733,nan,nan,,
0,489,0.0,0,-0.5866569876670837,0.9985477328300476,nan,nan,,
0,490,0.0,0,-0.10259028524160385,0.9988197684288025,nan,nan,,
0,491,0.0,0,0.3645921051502228,0.9995598793029785,nan,nan,,
0,492,0.0,0,-0.4582817256450653,0.984998345375061,nan,nan,,
0,493,0.0,0,0.089467354118824,0.9997908473014832,nan,nan,,
0,494,0.0,0,0.038268156349658966,0.975408673286438,nan,nan,,
0,495,0.0,0,0.3766029179096222,0.9299179315567017,nan,nan,,
0,496,0.0,0,0.5911539196968079,0.4004988372325897,nan,nan,,
0,497,0.0,0,-0.4754086136817932,0.997714102268219,nan,nan,,
0,498,0.0,0,-0.6693215370178223,0.9797565340995789,nan,nan,,
0,499,0.0,0,-0.2902308702468872,0.9621890783309937,nan,nan,,
0,500,0.0,0,0.17190171778202057,0.9530462026596069,nan,nan,,
0,501,0.0,0,-0.868888795375824,0.4662628173828125,nan,nan,,
0,502,0.0,0,-0.6652452945709229,0.9839142560958862,nan,nan,,
0,503,0.0,0,-0.24169716238975525,0.8973362445831299,nan,nan,,
0,504,0.0,0,-0.09726133197546005,0.5948319435119629,nan,nan,,
0,505,0.0,0,0.7503595948219299,0.7220107913017273,nan,nan,,
0,506,0.0,0,-0.9977676868438721,-0.0797477439045906,nan,nan,,
0,507,0.0,0,-0.9849755167961121,0.9355589747428894,nan,nan,,
0,508,0.0,0,-0.9804250001907349,-0.35126057267189026,nan,nan,,
0,509,0.0,0,-0.9951571822166443,0.9081955552101135,nan,nan,,
0,510,0.0,0,-0.9921896457672119,-0.5841682553291321,nan,nan,,
0,511,0.0,0,0.6888042688369751,0.9264687299728394,nan,nan,,
0,512,0.0,0,-0.9998728036880493,-0.6567360162734985,nan,nan,,
0,513,0.0,0,-0.9346027970314026,0.9712877869606018,nan,nan,,
0,514,0.0,0,-0.9987305402755737,-0.7567514777183533,nan,nan,,
0,515,0.0,0,-0.8405634164810181,0.9636808037757874,nan,nan,,
0,516,0.0,0,-0.9994187951087952,-0.8499482870101929,nan,nan,,
0,517,0.0,0,-0.9947386384010315,0.9755313396453857,nan,nan,,
0,518,0.0,0,-0.9997169375419617,-0.9112615585327148,nan,nan,,
0,519,0.0,0,-0.9537963271141052,0.9478678703308105,nan,nan,,
0,520,0.0,0,-0.9998541474342346,-0.9522942900657654,nan,nan,,
0,521,0.0,0,-0.969918429851532,0.861013650894165,nan,nan,,
0,522,0.0,0,-0.9986215233802795,-0.9951080083847046,nan,nan,,
0,523,0.0,0,-0.9866823554039001,0.6547885537147522,nan,nan,,
0,524,0.0,0,-0.9999957084655762,-0.8772543668746948,nan,nan,,
0,525,0.0,0,-0.9991098642349243,0.8291743993759155,nan,nan,,
0,526,0.0,0,-0.9999899864196777,-0.950325071811676,nan,nan,,
0,527,0.0,0,-0.9951659440994263,0.4177563190460205,nan,nan,,
0,528,0.0,0,-0.999996542930603,-0.5759141445159912,nan,nan,,
0,529,0.0,0,-0.8111284971237183,-0.572230339050293,nan,nan,,
0,530,0.0,0,-0.9998511075973511,0.7520452737808228,nan,nan,,
0,531,0.0,0,-0.9997917413711548,-0.9715479016304016,nan,nan,,
0,532,0.0,0,-0.9990915060043335,0.5126144289970398,nan,nan,,
0,533,0.0,0,-0.999984085559845,-0.7457113862037659,nan,nan,,
0,534,0.0,0,-0.9999372959136963,0.8478047251701355,nan,nan,,
0,535,0.0,0,-0.999984860420227,-0.9078821539878845,nan,nan,,
0,536,0.0,0,-0.9994500279426575,0.4990948736667633,nan,nan,,
0,537,0.0,0,-0.9997414350509644,-0.8962640166282654,nan,nan,,
0,538,0.0,0,-0.9994832277297974,0.5491459369659424,nan,nan,,
0,539,0.0,0,-0.9995682239532471,-0.7125049233436584,nan,nan,,
0,540,0.0,0,-0.9996421337127686,0.7299861907958984,nan,nan,,
0,541,0.0,0,-0.9995204210281372,-0.9363934993743896,nan,nan,,
0,542,0.0,0,-0.9988354444503784,0.7620214223861694,nan,nan,,
0,543,0.0,0,-0.9989322423934937,-0.8549172282218933,nan,nan,,
0,544,0.0,0,-0.9981099367141724,0.8596674203872681,nan,nan,,
0,545,0.0,0,-0.998963475227356,-0.8717992305755615,nan,nan,,
0,546,0.0,0,-0.9965589642524719,0.9423667788505554,nan,nan,,
0,547,0.0,0,-0.9980177879333496,-0.7274423837661743,nan,nan,,
0,548,0.0,0,-0.9993124008178711,0.9370964765548706,nan,nan,,
0,549,0.0,0,-0.9971809983253479,-0.520815908908844,nan,nan,,
0,550,0.0,0,-0.9808707237243652,0.9446830749511719,nan,nan,,
0,551,0.0,0,-0.9958939552307129,-0.24580495059490204,nan,nan,,
0,552,0.0,0,-0.9995831251144409,0.8128497004508972,nan,nan,,
0,553,0.0,0,-0.9967201948165894,0.37643855810165405,nan,nan,,
0,554,0.0,0,-0.9884493350982666,0.8784428238868713,nan,nan,,
0,555,0.0,0,-0.9933762550354004,0.6418362259864807,nan,nan,,
0,556,0.0,0,-0.9869094491004944,0.9446225166320801,nan,nan,,
0,557,0.0,0,-0.9932495355606079,0.8567548394203186,nan,nan,,
0,558,0.0,0,-0.9924542903900146,0.9452569484710693,nan,nan,,
0,559,0.0,0,-0.9909220933914185,0.9562621712684631,nan,nan,,
0,560,0.0,0,-0.9876132011413574,0.9802106618881226,nan,nan,,
0,561,0.0,0,-0.9801436066627502,0.9904376864433289,nan,nan,,
0,562,0.0,0,-0.9696854948997498,0.995982825756073,nan,nan,,
0,563,0.0,0,-0.9553408622741699,0.9991222023963928,nan,nan,,
0,564,0.0,0,-0.9429866671562195,0.9997907876968384,nan,nan,,
0,565,0.0,0,-0.9096255302429199,0.9999181032180786,nan,nan,,
0,566,0.0,0,-0.85649174451828,0.9999582767486572,nan,nan,,
0,567,0.0,0,-0.5914561748504639,0.9999797344207764,nan,nan,,
0,568,0.0,0,-0.17933645844459534,0.9999911785125732,nan,nan,,
0,569,0.0,0,0.14450785517692566,0.9999943375587463,nan,nan,,
0,570,0.0,0,0.9399429559707642,0.9999099373817444,nan,nan,,
0,571,0.0,0,0.9631081223487854,0.9999412894248962,nan,nan,,
0,572,0.0,0,0.9712041020393372,0.9999491572380066,nan,nan,,
0,573,0.0,0,0.9738854169845581,0.9999471306800842,nan,nan,,
0,574,0.0,0,0.9404621124267578,0.9999592304229736,nan,nan,,
0,575,0.0,0,0.9086836576461792,0.9999601244926453,nan,nan,,
0,576,0.0,0,0.891364574432373,0.9999131560325623,nan,nan,,
0,577,0.0,0,0.8171879053115845,0.9997982978820801,nan,nan,,
0,578,0.0,0,0.6244612336158752,0.9988360404968262,nan,nan,,
0,579,0.0,0,0.47271502017974854,0.9930062294006348,nan,nan,,
0,580,0.0,0,0.24278892576694489,0.9543527960777283,nan,nan,,
0,581,0.0,0,-0.027586262673139572,0.7007682919502258,nan,nan,,
0,582,0.0,0,-0.9326785802841187,-0.9067344069480896,nan,nan,,
0,583,0.0,0,0.33801302313804626,0.9156178832054138,nan,nan,,
0,584,0.0,0,-0.31795600056648254,0.870283305644989,nan,nan,,
0,585,0.0,0,-0.9912428259849548,-0.7182074189186096,nan,nan,,
0,586,0.0,0,0.9144522547721863,0.9993085861206055,nan,nan,,
0,587,0.0,0,-0.8369677066802979,0.7590763568878174,nan,nan,,
0,588,0.0,0,-0.9985209107398987,-0.1617628037929535,nan,nan,,
0,589,0.0,0,-0.9415934681892395,-0.7690553069114685,nan,nan,,
0,590,0.0,0,-0.9844366908073425,-0.7382201552391052,nan,nan,,
0,591,0.0,0,-0.985098659992218,-0.7187267541885376,nan,nan,,
0,592,0.0,0,-0.9383983016014099,0.8990973830223083,nan,nan,,
0,593,0.0,0,-0.9982940554618835,0.773835301399231,nan,nan,,
0,594,0.0,0,-0.99668949842453,0.5193716883659363,nan,nan,,
0,595,0.0,0,-0.7837964296340942,0.9763656258583069,nan,nan,,
0,596,0.0,0,-0.9999379515647888,0.4628167748451233,nan,nan,,
0,597,0.0,0,-0.9939125776290894,0.7846708297729492,nan,nan,,
0,598,0.0,0,-0.9998654723167419,-0.4163169860839844,nan,nan,,
0,599,0.0,0,-0.9446614384651184,0.9998392462730408,nan,nan,,
0,600,0.0,0,-0.9999861717224121,-0.11826834082603455,nan,nan,,
0,601,0.0,0,-0.9994018077850342,-0.979788064956665,nan,nan,,
0,602,0.0,0,-0.9991146326065063,-0.2754817008972168,nan,nan,,
0,603,0.0,0,-0.9821116924285889,0.9993688464164734,nan,nan,,
0,604,0.0,0,-0.9999956488609314,-0.03531043604016304,nan,nan,,
0,605,0.0,0,-0.9980813264846802,-0.9770214557647705,nan,nan,,
0,606,0.0,0,-0.9953908324241638,0.44106030464172363,nan,nan,,
0,607,0.0,0,-0.9957566857337952,-0.919272780418396,nan,nan,,
0,608,0.0,0,-0.9759965538978577,0.7428845763206482,nan,nan,,
0,609,0.0,0,-0.9998471140861511,0.890497088432312,nan,nan,,
0,610,0.0,0,-0.9999859929084778,0.13665609061717987,nan,nan,,
0,611,0.0,0,-0.9881629347801208,0.9995476603507996,nan,nan,,
0,612,0.0,0,-0.9999914169311523,0.22998833656311035,nan,nan,,
0,613,0.0,0,-0.9958139061927795,0.9979469776153564,nan,nan,,
0,614,0.0,0,-0.9999949336051941,0.28126925230026245,nan,nan,,
0,615,0.0,0,-0.9885293841362,0.9987191557884216,nan,nan,,
0,616,0.0,0,-0.9999961256980896,0.27319151163101196,nan,nan,,
0,617,0.0,0,-0.9794257879257202,0.9985936880111694,nan,nan,,
0,618,0.0,0,-0.9999958276748657,0.43935641646385193,nan,nan,,
0,619,0.0,0,-0.9988209009170532,0.9892216920852661,nan,nan,,
0,620,0.0,0,-0.9999958872795105,0.6120385527610779,nan,nan,,
0,621,0.0,0,-0.9999020099639893,0.9829034209251404,nan,nan,,
0,622,0.0,0,-0.9999952912330627,0.7820013761520386,nan,nan,,
0,623,0.0,0,-0.9999794363975525,0.909136176109314,nan,nan,,
0,624,0.0,0,-0.9999831318855286,0.8564009666442871,nan,nan,,
0,625,0.0,0,-0.9999370574951172,0.8733170032501221,nan,nan,,
0,626,0.0,0,-0.9996218681335449,0.9152686595916748,nan,nan,,
0,627,0.0,0,-0.9989581108093262,0.919908344745636,nan,nan,,
0,628,0.0,0,-0.9911706447601318,0.9701814651489258,nan,nan,,
0,629,0.0,0,-0.9682104587554932,0.9860720634460449,nan,nan,,
0,630,0.0,0,-0.9156708121299744,0.9960629940032959,nan,nan,,
0,631,0.0,0,-0.8403884768486023,0.9988800287246704,nan,nan,,
0,632,0.0,0,-0.8366228938102722,0.9997076392173767,nan,nan,,
0,633,0.0,0,-0.8586623072624207,0.9999136328697205,nan,nan,,
0,634,0.0,0,-0.9209880232810974,0.9998558759689331,nan,nan,,
0,635,0.0,0,-0.977756142616272,0.9991421103477478,nan,nan,,
0,636,0.0,0,-0.9921149611473083,0.9955214858055115,nan,nan,,
0,637,0.0,0,-0.9961639046669006,0.982333779335022,nan,nan,,
0,638,0.0,0,-0.9985675811767578,0.9525110721588135,nan,nan,,
0,639,0.0,0,-0.9993358850479126,0.8363454937934875,nan,nan,,
0,640,0.0,0,-0.9994522929191589,0.9667251110076904,nan,nan,,
0,641,0.0,0,-0.9988864660263062,0.45060980319976807,nan,nan,,
0,642,0.0,0,-0.9997371435165405,0.9918400049209595,nan,nan,,
0,643,0.0,0,-0.9984164237976074,0.4148128032684326,nan,nan,,
0,644,0.0,0,-0.9998149275779724,0.9962760806083679,nan,nan,,
0,645,0.0,0,-0.9962666630744934,0.5216649174690247,nan,nan,,
0,646,0.0,0,-0.9815242290496826,0.3877893090248108,nan,nan,,
0,647,0.0,0,-0.9994218945503235,0.9961409568786621,nan,nan,,
0,648,0.0,0,-0.9926656484603882,0.8261460065841675,nan,nan,,
0,649,0.0,0,-0.9957053065299988,0.8485120534896851,nan,nan,,
0,650,0.0,0,-0.9952770471572876,0.846365213394165,nan,nan,,
0,651,0.0,0,-0.9938692450523376,0.8577632904052734,nan,nan,,
0,652,0.0,0,-0.9287756085395813,0.6822959780693054,nan,nan,,
0,653,0.0,0,-0.9945927858352661,0.8837839365005493,nan,nan,,
0,654,0.0,0,-0.9758723974227905,0.6603499054908752,nan,nan,,
0,655,0.0,0,-0.9929253458976746,0.7509499192237854,nan,nan,,
0,656,0.0,0,-0.9938832521438599,0.6791688203811646,nan,nan,,
0,657,0.0,0,-0.9957579374313354,0.8208744525909424,nan,nan,,
0,658,0.0,0,-0.9942455887794495,0.4423908293247223,nan,nan,,
0,659,0.0,0,-0.9960692524909973,0.8698770999908447,nan,nan,,
0,660,0.0,0,-0.996434211730957,-0.12589402496814728,nan,nan,,
0,661,0.0,0,-0.3040291368961334,-0.9185434579849243,nan,nan,,
0,662,0.0,0,-0.5229467153549194,0.690887451171875,nan,nan,,
0,663,0.0,0,-0.9957477450370789,0.1595800220966339,nan,nan,,
0,664,0.0,0,-0.9973945021629333,0.8363850712776184,nan,nan,,
0,665,0.0,0,-0.9509620070457458,-0.821412980556488,nan,nan,,
0,666,0.0,0,-0.19660067558288574,0.4510999321937561,nan,nan,,
0,667,0.0,0,-0.7760887145996094,-0.391227126121521,nan,nan,,
0,668,0.0,0,0.171868234872818,-0.5474499464035034,nan,nan,,
0,669,0.0,0,0.6971876621246338,0.2426007091999054,nan,nan,,
0,670,0.0,0,-0.5160381197929382,-0.0986650139093399,nan,nan,,
0,671,0.0,0,0.425214558839798,-0.8038498163223267,nan,nan,,
0,672,0.0,0,0.7525124549865723,-0.024820217862725258,nan,nan,,
0,673,0.0,0,0.4511374235153198,-0.0806230902671814,nan,nan,,
0,674,0.0,0,0.37985217571258545,-0.029645049944519997,nan,nan,,
0,675,0.0,0,0.2897118031978607,-0.009308259934186935,nan,nan,,
0,676,0.0,0,0.22968138754367828,0.02935083769261837,nan,nan,,
0,677,0.0,0,0.12183623015880585,0.11631877720355988,nan,nan,,
0,678,0.0,0,-0.06666260957717896,0.318885862827301,nan,nan,,
0,679,0.0,0,-0.9705479145050049,-0.7497174143791199,nan,nan,,
0,680,0.0,0,-0.8907985687255859,-0.04601999744772911,nan,nan,,
0,681,0.0,0,0.5281111598014832,-0.8562317490577698,nan,nan,,
0,682,0.0,0,0.5895004272460938,-0.041358064860105515,nan,nan,,
0,683,0.0,0,0.21328535676002502,0.6242106556892395,nan,nan,,
0,684,0.0,0,-0.30792418122291565,-0.9267532825469971,nan,nan,,
0,685,0.0,0,0.011834775097668171,-0.593609631061554,nan,nan,,
0,686,0.0,0,0.4299357831478119,0.06107395514845848,nan,nan,,
0,687,0.0,0,-0.4726455807685852,-0.6556814312934875,nan,nan,,
0,688,0.0,0,0.3586858808994293,-0.9347460865974426,nan,nan,,
0,689,0.0,0,0.7133360505104065,0.03858314827084541,nan,nan,,
0,690,0.0,0,-0.458251416683197,-0.36030852794647217,nan,nan,,
0,691,0.0,0,0.687456488609314,-0.9632707238197327,nan,nan,,
0,692,0.0,0,0.7887028455734253,-0.12725135684013367,nan,nan,,
0,693,0.0,0,0.6201974749565125,0.3637674152851105,nan,nan,,
0,694,0.0,0,0.4658270478248596,-0.7789730429649353,nan,nan,,
0,695,0.0,0,0.7427046298980713,-0.08737526088953018,nan,nan,,
0,696,0.0,0,0.5495954751968384,0.43978631496429443,nan,nan,,
0,697,0.0,0,0.27419334650039673,-0.7882214784622192,nan,nan,,
0,698,0.0,0,0.33015403151512146,0.5756022930145264,nan,nan,,
0,699,0.0,0,0.5241169333457947,0.6361430287361145,nan,nan,,
1,0,0.0,0,0.9956062436103821,0.8117520213127136,nan,nan,,
1,1,0.0,0,0.9869801998138428,0.8280394673347473,nan,nan,,
1,2,0.0,0,0.9886712431907654,0.24748080968856812,nan,nan,,
1,3,0.0,0,0.9968240261077881,0.9927467703819275,nan,nan,,
1,4,0.0,0,0.9901828169822693,0.1436232030391693,nan,nan,,
1,5,0.0,0,0.9959022402763367,0.9901699423789978,nan,nan,,
1,6,0.0,0,0.9930378794670105,0.32226601243019104,nan,nan,,
1,7,0.0,0,0.9954655170440674,0.9439846873283386,nan,nan,,
1,8,0.0,0,0.9853243231773376,0.5760165452957153,nan,nan,,
1,9,0.0,0,0.9712628126144409,-0.9740318059921265,nan,nan,,
1,10,0.0,0,0.9973123669624329,0.21942900121212006,nan,nan,,
1,11,0.0,0,0.9955666661262512,0.8733775019645691,nan,nan,,
1,12,0.0,0,0.9813384413719177,0.16883675754070282,nan,nan,,
1,13,0.0,0,0.9955282807350159,0.6222939491271973,nan,nan,,
1,14,0.0,0,0.991068959236145,0.45425745844841003,nan,nan,,
1,15,0.0,0,0.9949009418487549,0.25381916761398315,nan,nan,,
1,16,0.0,0,0.9949111938476562,0.22892342507839203,nan,nan,,
1,17,0.0,0,0.9952383637428284,0.1630968153476715,nan,nan,,
1,18,0.0,0,0.9949572086334229,0.205138698220253,nan,nan,,
1,19,0.0,0,0.9950830936431885,0.028960222378373146,nan,nan,,
1,20,0.0,0,0.993407666683197,0.19151675701141357,nan,nan,,
1,21,0.0,0,0.9263519644737244,-0.9717152118682861,nan,nan,,
1,22,0.0,0,0.9940082430839539,0.34763434529304504,nan,nan,,
1,23,0.0,0,0.941953182220459,-0.9788333177566528,nan,nan,,
1,24,0.0,0,0.9946169853210449,0.5018634796142578,nan,nan,,
1,25,0.0,0,0.9923104643821716,0.08978012204170227,nan,nan,,
1,26,0.0,0,0.9949222207069397,0.11542054265737534,nan,nan,,
1,27,0.0,0,0.9946601986885071,0.02104518935084343,nan,nan,,
1,28,0.0,0,0.9939885139465332,0.0059538851492106915,nan,nan,,
1,29,0.0,0,0.9934923648834229,-0.029118718579411507,nan,nan,,
1,30,0.0,0,0.9929307699203491,-0.06402803212404251,nan,nan,,
1,31,0.0,0,0.9922825694084167,-0.09720996767282486,nan,nan,,
1,32,0.0,0,0.9914237856864929,-0.10168514400720596,nan,nan,,
1,33,0.0,0,0.9905861020088196,-0.10722880065441132,nan,nan,,
1,34,0.0,0,0.9903935790061951,-0.1120961382985115,nan,nan,,
1,35,0.0,0,0.98954838514328,-0.08973267674446106,nan,nan,,
1,36,0.0,0,0.9887257814407349,-0.12089069187641144,nan,nan,,
1,37,0.0,0,0.9866806268692017,0.1183062493801117,nan,nan,,
1,38,0.0,0,0.9152560234069824,-0.850104808807373,nan,nan,,
1,39,0.0,0,0.9402388334274292,0.791620135307312,nan,nan,,
1,40,0.0,0,0.9697302579879761,0.14493368566036224,nan,nan,,
1,41,0.0,0,0.9865791201591492,-0.019865861162543297,nan,nan,,
1,42,0.0,0,0.9827319383621216,0.2038402259349823,nan,nan,,
1,43,0.0,0,0.8011490106582642,-0.7257303595542908,nan,nan,,
1,44,0.0,0,0.8908175826072693,0.9618447422981262,nan,nan,,
1,45,0.0,0,0.963555097579956,-0.0516321025788784,nan,nan,,
1,46,0.0,0,0.8712605834007263,-0.6575371623039246,nan,nan,,
1,47,0.0,0,0.8426005840301514,0.7936444282531738,nan,nan,,
1,48,0.0,0,0.9783581495285034,-0.2837064862251282,nan,nan,,
1,49,0.0,0,0.9141740798950195,0.6724814176559448,nan,nan,,
1,50,0.0,0,0.8949084877967834,-0.5384464263916016,nan,nan,,
1,51,0.0,0,0.7713143825531006,0.8562025427818298,nan,nan,,
1,52,0.0,0,0.9415437579154968,-0.5953460931777954,nan,nan,,
1,53,0.0,0,0.5619520545005798,0.9145936369895935,nan,nan,,
1,54,0.0,0,0.8983319997787476,-0.6654899716377258,nan,nan,,
1,55,0.0,0,0.5362818241119385,0.9325203895568848,nan,nan,,
1,56,0.0,0,0.8695424199104309,-0.6818743348121643,nan,nan,,
1,57,0.0,0,0.814195990562439,0.9825157523155212,nan,nan,,
1,58,0.0,0,0.8495928645133972,-0.6702059507369995,nan,nan,,
1,59,0.0,0,0.5968559980392456,0.8363578915596008,nan,nan,,
1,60,0.0,0,0.8972750306129456,-0.5351943969726562,nan,nan,,
1,61,0.0,0,0.8862907886505127,0.9722349047660828,nan,nan,,
1,62,0.0,0,0.8120850324630737,-0.6781930923461914,nan,nan,,
1,63,0.0,0,0.6811158657073975,0.6333640813827515,nan,nan,,
1,64,0.0,0,-0.2674989104270935,-0.8433911800384521,nan,nan,,
1,65,0.0,0,0.9681254625320435,-0.2424367517232895,nan,nan,,
1,66,0.0,0,-0.3427559733390808,0.4532732367515564,nan,nan,,
1,67,0.0,0,0.8506681323051453,-0.9562358260154724,nan,nan,,
1,68,0.0,0,0.6472862958908081,0.8595675230026245,nan,nan,,
1,69,0.0,0,0.0777992531657219,-0.6238551139831543,nan,nan,,
1,70,0.0,0,0.3850528597831726,0.5967175960540771,nan,nan,,
1,71,0.0,0,0.8398312330245972,-0.33802372217178345,nan,nan,,
1,72,0.0,0,0.5396451354026794,0.7763414978981018,nan,nan,,
1,73,0.0,0,-0.6698369383811951,-0.8677991032600403,nan,nan,,
1,74,0.0,0,0.900743842124939,0.48311862349510193,nan,nan,,
1,75,0.0,0,0.8466463088989258,-0.2871801555156708,nan,nan,,
1,76,0.0,0,-0.7289161682128906,0.1135382205247879,nan,nan,,
1,77,0.0,0,-0.5470213294029236,-0.7348442673683167,nan,nan,,
1,78,0.0,0,0.9236485958099365,-0.6303794384002686,nan,nan,,
1,79,0.0,0,0.674791157245636,0.9308496713638306,nan,nan,,
1,80,0.0,0,0.4076883792877197,-0.4921049177646637,nan,nan,,
1,81,0.0,0,-0.41590407490730286,0.3588196039199829,nan,nan,,
1,82,0.0,0,-0.46578723192214966,-0.9536260962486267,nan,nan,,
1,83,0.0,0,0.6440404057502747,0.7978959679603577,nan,nan,,
1,84,0.0,0,-0.5070099830627441,-0.6707366704940796,nan,nan,,
1,85,0.0,0,-0.7188273668289185,0.7775091528892517,nan,nan,,
1,86,0.0,0,-0.7416567206382751,-0.9968082308769226,nan,nan,,
1,87,0.0,0,-0.2548230290412903,0.8970863223075867,nan,nan,,
1,88,0.0,0,-0.8443022966384888,-0.9957919120788574,nan,nan,,
1,89,0.0,0,-0.49048227071762085,0.8834507465362549,nan,nan,,
1,90,0.0,0,-0.8401637673377991,-0.9953107237815857,nan,nan,,
1,91,0.0,0,-0.6492497324943542,0.8790347576141357,nan,nan,,
1,92,0.0,0,-0.8598154187202454,-0.9937514662742615,nan,nan,,
1,93,0.0,0,-0.7480902075767517,0.9152067303657532,nan,nan,,
1,94,0.0,0,-0.893121600151062,-0.9904636144638062,nan,nan,,
1,95,0.0,0,-0.8540814518928528,0.9478598237037659,nan,nan,,
1,96,0.0,0,-0.9345728754997253,-0.9844551086425781,nan,nan,,
1,97,0.0,0,-0.9333356618881226,0.9604597687721252,nan,nan,,
1,98,0.0,0,-0.959414005279541,-0.9697130918502808,nan,nan,,
1,99,0.0,0,-0.9744851589202881,0.9689007997512817,nan,nan,,
1,100,0.0,0,-0.985369086265564,-0.9344010353088379,nan,nan,,
1,101,0.0,0,-0.9879791140556335,0.9646485447883606,nan,nan,,
1,102,0.0,0,-0.9940917491912842,-0.9000547528266907,nan,nan,,
1,103,0.0,0,-0.9913815855979919,0.9630690217018127,nan,nan,,
1,104,0.0,0,-0.9974721074104309,-0.9139330387115479,nan,nan,,
1,105,0.0,0,-0.993188202381134,0.9742811322212219,nan,nan,,
1,106,0.0,0,-0.9977031350135803,-0.897431492805481,nan,nan,,
1,107,0.0,0,-0.9936858415603638,0.9847195744514465,nan,nan,,
1,108,0.0,0,-0.9980776309967041,-0.8998316526412964,nan,nan,,
1,109,0.0,0,-0.9945844411849976,0.9897792935371399,nan,nan,,
1,110,0.0,0,-0.9981938004493713,-0.8982858657836914,nan,nan,,
1,111,0.0,0,-0.9956673979759216,0.9921367764472961,nan,nan,,
1,112,0.0,0,-0.9988526105880737,-0.855353593826294,nan,nan,,
1,113,0.0,0,-0.9965096116065979,0.9976942539215088,nan,nan,,
1,114,0.0,0,-0.9992523193359375,-0.7815120220184326,nan,nan,,
1,115,0.0,0,-0.9960788488388062,0.992586612701416,nan,nan,,
1,116,0.0,0,-0.999231219291687,-0.6558159589767456,nan,nan,,
1,117,0.0,0,-0.9986840486526489,0.9971495270729065,nan,nan,,
1,118,0.0,0,-0.9990131855010986,-0.47988882660865784,nan,nan,,
1,119,0.0,0,-0.9897852540016174,0.9518805742263794,nan,nan,,
1,120,0.0,0,-0.9985119104385376,-0.31663209199905396,nan,nan,,
1,121,0.0,0,-0.999738335609436,0.9344716668128967,nan,nan,,
1,122,0.0,0,-0.9975737929344177,-0.16337978839874268,nan,nan,,
1,123,0.0,0,-0.9752729535102844,0.4079180359840393,nan,nan,,
1,124,0.0,0,-0.9963924884796143,0.6987013816833496,nan,nan,,
1,125,0.0,0,-0.9854153990745544,0.4118601679801941,nan,nan,,
1,126,0.0,0,-0.9786670804023743,0.8368873596191406,nan,nan,,
1,127,0.0,0,-0.9806454181671143,0.27248695492744446,nan,nan,,
1,128,0.0,0,-0.9632771611213684,-0.42858579754829407,nan,nan,,
1,129,0.0,0,-0.9459038972854614,0.9006043672561646,nan,nan,,
1,130,0.0,0,-0.9796619415283203,-0.0685615986585617,nan,nan,,
1,131,0.0,0,-0.9623307585716248,-0.698935866355896,nan,nan,,
1,132,0.0,0,-0.9197285771369934,-0.20624582469463348,nan,nan,,
1,133,0.0,0,-0.9902264475822449,0.9895816445350647,nan,nan,,
1,134,0.0,0,-0.9934975504875183,-0.3195078670978546,nan,nan,,
1,135,0.0,0,-0.9906617403030396,0.993302047252655,nan,nan,,
1,136,0.0,0,-0.9947012662887573,-0.3639199733734131,nan,nan,,
1,137,0.0,0,-0.9905786514282227,0.9940337538719177,nan,nan,,
1,138,0.0,0,-0.995633065700531,-0.35064682364463806,nan,nan,,
1,139,0.0,0,-0.9901583790779114,0.9933018088340759,nan,nan,,
1,140,0.0,0,-0.9965980052947998,-0.3342762887477875,nan,nan,,
1,141,0.0,0,-0.9728156328201294,0.9931365251541138,nan,nan,,
1,142,0.0,0,-0.9975906014442444,-0.2933240532875061,nan,nan,,
1,143,0.0,0,-0.919216513633728,-0.8164770603179932,nan,nan,,
1,144,0.0,0,-0.8698779344558716,-0.9286246299743652,nan,nan,,
1,145,0.0,0,-0.8941315412521362,-0.8561998605728149,nan,nan,,
1,146,0.0,0,-0.9531710147857666,-0.9504433870315552,nan,nan,,
1,147,0.0,0,-0.9764039516448975,-0.9323712587356567,nan,nan,,
1,148,0.0,0,-0.9921596646308899,-0.8780960440635681,nan,nan,,
1,149,0.0,0,-0.9949057102203369,-0.9719210267066956,nan,nan,,
1,150,0.0,0,-0.9965255856513977,-0.9054117798805237,nan,nan,,
1,151,0.0,0,-0.9973806738853455,-0.8784700036048889,nan,nan,,
1,152,0.0,0,-0.9968820810317993,-0.7998179793357849,nan,nan,,
1,153,0.0,0,-0.992918848991394,-0.6196178197860718,nan,nan,,
1,154,0.0,0,-0.999609649181366,0.9299890398979187,nan,nan,,
1,155,0.0,0,-0.9998000860214233,-0.6465094089508057,nan,nan,,
1,156,0.0,0,-0.9872788786888123,-0.9448078274726868,nan,nan,,
1,157,0.0,0,-0.992478609085083,-0.18718451261520386,nan,nan,,
1,158,0.0,0,-0.9461638927459717,-0.8412750363349915,nan,nan,,
1,159,0.0,0,-0.9891976714134216,0.8959812521934509,nan,nan,,
1,160,0.0,0,-0.9995428323745728,-0.5630900859832764,nan,nan,,
1,161,0.0,0,-0.9950932860374451,0.239731565117836,nan,nan,,
1,162,0.0,0,-0.9993709325790405,0.46278414130210876,nan,nan,,
1,163,0.0,0,-0.9996871948242188,0.2782130241394043,nan,nan,,
1,164,0.0,0,-0.9991904497146606,-0.6935074925422668,nan,nan,,
1,165,0.0,0,-0.9993618726730347,0.9745029807090759,nan,nan,,
1,166,0.0,0,-0.9998803734779358,-0.5753394961357117,nan,nan,,
1,167,0.0,0,-0.9994941353797913,0.6647560596466064,nan,nan,,
1,168,0.0,0,-0.9998765587806702,-0.06459309905767441,nan,nan,,
1,169,0.0,0,-0.9999135136604309,0.743338942527771,nan,nan,,
1,170,0.0,0,-0.9999304413795471,-0.3428502082824707,nan,nan,,
1,171,0.0,0,-0.9999498724937439,0.8729933500289917,nan,nan,,
1,172,0.0,0,-0.9997028112411499,-0.9017252326011658,nan,nan,,
1,173,0.0,0,-0.9992004632949829,0.33582428097724915,nan,nan,,
1,174,0.0,0,-0.47190767526626587,-0.6373549103736877,nan,nan,,
1,175,0.0,0,-0.9977020621299744,-0.522137463092804,nan,nan,,
1,176,0.0,0,-0.9991726279258728,0.9930060505867004,nan,nan,,
1,177,0.0,0,-0.9996767044067383,-0.5571258664131165,nan,nan,,
1,178,0.0,0,-0.9970240592956543,0.2557898163795471,nan,nan,,
1,179,0.0,0,-0.9990324378013611,0.9199345111846924,nan,nan,,
1,180,0.0,0,-0.9997562766075134,-0.6527094841003418,nan,nan,,
1,181,0.0,0,-0.999735414981842,0.9943146109580994,nan,nan,,
1,182,0.0,0,-0.9996856451034546,-0.5797967910766602,nan,nan,,
1,183,0.0,0,-0.9889739155769348,0.034146010875701904,nan,nan,,
1,184,0.0,0,-0.38257938623428345,-0.7289468050003052,nan,nan,,
1,185,0.0,0,-0.9959642887115479,0.9973927736282349,nan,nan,,
1,186,0.0,0,-0.997850239276886,-0.22705622017383575,nan,nan,,
1,187,0.0,0,-0.41615593433380127,-0.6845406889915466,nan,nan,,
1,188,0.0,0,-0.9891175627708435,0.9987607598304749,nan,nan,,
1,189,0.0,0,-0.990097165107727,0.11008049547672272,nan,nan,,
1,190,0.0,0,-0.9872118234634399,0.9919273853302002,nan,nan,,
1,191,0.0,0,-0.993299126625061,0.09104721248149872,nan,nan,,
1,192,0.0,0,-0.9931137561798096,0.9923574328422546,nan,nan,,
1,193,0.0,0,-0.9974606037139893,-0.20514321327209473,nan,nan,,
1,194,0.0,0,-0.5583820939064026,-0.5164659023284912,nan,nan,,
1,195,0.0,0,-0.7825778722763062,0.012455998919904232,nan,nan,,
1,196,0.0,0,-0.9805039763450623,0.9964120984077454,nan,nan,,
1,197,0.0,0,-0.9825985431671143,0.24722282588481903,nan,nan,,
1,198,0.0,0,-0.9816806316375732,0.9947218894958496,nan,nan,,
1,199,0.0,0,-0.9945916533470154,-0.09297000616788864,nan,nan,,
1,200,0.0,0,-0.6223471164703369,-0.3485420048236847,nan,nan,,
1,201,0.0,0,-0.994388222694397,0.9982685446739197,nan,nan,,
1,202,0.0,0,-0.9868133068084717,0.48972949385643005,nan,nan,,
1,203,0.0,0,-0.9844677448272705,0.9792153239250183,nan,nan,,
1,204,0.0,0,-0.9984391331672668,-0.07720698416233063,nan,nan,,
1,205,0.0,0,-0.7103888988494873,-0.20130915939807892,nan,nan,,
1,206,0.0,0,-0.9918013215065002,0.9986022114753723,nan,nan,,
1,207,0.0,0,-0.9959285259246826,0.6375501751899719,nan,nan,,
1,208,0.0,0,-0.9947531223297119,0.9678278565406799,nan,nan,,
1,209,0.0,0,-0.9995898008346558,0.15964925289154053,nan,nan,,
1,210,0.0,0,-0.9970992207527161,0.9972130060195923,nan,nan,,
1,211,0.0,0,-0.9995174407958984,0.5764633417129517,nan,nan,,
1,212,0.0,0,-0.9984683990478516,0.9797682166099548,nan,nan,,
1,213,0.0,0,-0.9998207688331604,0.45100706815719604,nan,nan,,
1,214,0.0,0,-0.9986625909805298,0.9943345785140991,nan,nan,,
1,215,0.0,0,-0.9998440146446228,0.7103220820426941,nan,nan,,
1,216,0.0,0,-0.9852016568183899,0.07948374003171921,nan,nan,,
1,217,0.0,0,-0.9966447949409485,0.9998444318771362,nan,nan,,
1,218,0.0,0,-0.9988923668861389,0.9804944396018982,nan,nan,,
1,219,0.0,0,-0.9993178248405457,0.9777016043663025,nan,nan,,
1,220,0.0,0,-0.9992384314537048,0.9869022369384766,nan,nan,,
1,221,0.0,0,-0.9990256428718567,0.9916443228721619,nan,nan,,
1,222,0.0,0,-0.9986344575881958,0.994807779788971,nan,nan,,
1,223,0.0,0,-0.9978039264678955,0.9981416463851929,nan,nan,,
1,224,0.0,0,-0.9958959817886353,0.9996188879013062,nan,nan,,
1,225,0.0,0,-0.9926435351371765,0.9999059438705444,nan,nan,,
1,226,0.0,0,-0.9795708656311035,0.9999814033508301,nan,nan,,
1,227,0.0,0,-0.9641846418380737,0.9999905824661255,nan,nan,,
1,228,0.0,0,-0.9571085572242737,0.999993622303009,nan,nan,,
1,229,0.0,0,-0.9350608587265015,0.9999947547912598,nan,nan,,
1,230,0.0,0,-0.8874729871749878,0.9999951720237732,nan,nan,,
1,231,0.0,0,-0.8128658533096313,0.9999955296516418,nan,nan,,
1,232,0.0,0,-0.853077232837677,0.9999908208847046,nan,nan,,
1,233,0.0,0,-0.8754933476448059,0.9999803900718689,nan,nan,,
1,234,0.0,0,-0.8930680155754089,0.9999520182609558,nan,nan,,
1,235,0.0,0,-0.9207149744033813,0.9998529553413391,nan,nan,,
1,236,0.0,0,-0.9438741207122803,0.9995471239089966,nan,nan,,
1,237,0.0,0,-0.9515626430511475,0.9986135959625244,nan,nan,,
1,238,0.0,0,-0.9378077387809753,0.9971211552619934,nan,nan,,
1,239,0.0,0,-0.9147101640701294,0.9946596026420593,nan,nan,,
1,240,0.0,0,-0.8753486275672913,0.9904734492301941,nan,nan,,
1,241,0.0,0,-0.7901623845100403,0.9896813035011292,nan,nan,,
1,242,0.0,0,-0.6845386624336243,0.9908962249755859,nan,nan,,
1,243,0.0,0,-0.46045297384262085,0.9939135909080505,nan,nan,,
1,244,0.0,0,-0.18668830394744873,0.9949312806129456,nan,nan,,
1,245,0.0,0,0.05714557319879532,0.9957758784294128,nan,nan,,
1,246,0.0,0,0.9309865832328796,0.9826537370681763,nan,nan,,
1,247,0.0,0,0.9131259322166443,0.9886172413825989,nan,nan,,
1,248,0.0,0,0.8948974013328552,0.9921396970748901,nan,nan,,
1,249,0.0,0,0.9106358885765076,0.9948785901069641,nan,nan,,
1,250,0.0,0,0.9251627326011658,0.9967028498649597,nan,nan,,
1,251,0.0,0,0.891082227230072,0.9968562722206116,nan,nan,,
1,252,0.0,0,0.8593515157699585,0.996059000492096,nan,nan,,
1,253,0.0,0,0.8011337518692017,0.9939801692962646,nan,nan,,
1,254,0.0,0,0.5424254536628723,0.9903731942176819,nan,nan,,
1,255,0.0,0,-0.0031811881344765425,0.982660710811615,nan,nan,,
1,256,0.0,0,-0.9773024320602417,0.9867637157440186,nan,nan,,
1,257,0.0,0,-0.9915064573287964,0.9901272058486938,nan,nan,,
1,258,0.0,0,-0.993962287902832,0.9913194179534912,nan,nan,,
1,259,0.0,0,-0.9964291453361511,0.9862396717071533,nan,nan,,
1,260,0.0,0,-0.9987376928329468,0.9595049023628235,nan,nan,,
1,261,0.0,0,-0.9995040893554688,0.8188118934631348,nan,nan,,
1,262,0.0,0,-0.999560534954071,0.5533076524734497,nan,nan,,
1,263,0.0,0,-0.9930312037467957,-0.5049634575843811,nan,nan,,
1,264,0.0,0,-0.9859104752540588,-0.15269027650356293,nan,nan,,
1,265,0.0,0,0.1623668521642685,-0.28028225898742676,nan,nan,,
1,266,0.0,0,-0.9737363457679749,0.00871843658387661,nan,nan,,
1,267,0.0,0,-0.021211551502346992,-0.10255419462919235,nan,nan,,
1,268,0.0,0,0.1658065766096115,0.5351899266242981,nan,nan,,
1,269,0.0,0,-0.9993547201156616,0.7255891561508179,nan,nan,,
1,270,0.0,0,-0.9994127750396729,0.09985601156949997,nan,nan,,
1,271,0.0,0,-0.10878085345029831,-0.6638039946556091,nan,nan,,
1,272,0.0,0,-0.9840654730796814,-0.4172053337097168,nan,nan,,
1,273,0.0,0,-0.6480520367622375,-0.04824955016374588,nan,nan,,
1,274,0.0,0,-0.9669970870018005,0.18662312626838684,nan,nan,,
1,275,0.0,0,-0.3276597261428833,0.4299290180206299,nan,nan,,
1,276,0.0,0,-0.8304126858711243,-0.26623713970184326,nan,nan,,
1,277,0.0,0,-0.9965290427207947,-0.19546838104724884,nan,nan,,
1,278,0.0,0,-0.8327820897102356,0.6991406679153442,nan,nan,,
1,279,0.0,0,-0.9982714056968689,0.715740442276001,nan,nan,,
1,280,0.0,0,-0.997387170791626,0.3457564413547516,nan,nan,,
1,281,0.0,0,-0.9976904988288879,-0.6310381293296814,nan,nan,,
1,282,0.0,0,-0.9527327418327332,0.6098174452781677,nan,nan,,
1,283,0.0,0,-0.9768834114074707,0.05406876280903816,nan,nan,,
1,284,0.0,0,-0.8911807537078857,0.4536583423614502,nan,nan,,
1,285,0.0,0,-0.9203072190284729,0.25178632140159607,nan,nan,,
1,286,0.0,0,-0.9344679117202759,0.44274935126304626,nan,nan,,
1,287,0.0,0,-0.9948804974555969,-0.4302470088005066,nan,nan,,
1,288,0.0,0,-0.951163113117218,-0.9655067920684814,nan,nan,,
1,289,0.0,0,-0.9965653419494629,-0.7639639973640442,nan,nan,,
1,290,0.0,0,-0.9286039471626282,0.7049173712730408,nan,nan,,
1,291,0.0,0,-0.9939573407173157,0.8653308153152466,nan,nan,,
1,292,0.0,0,-0.9999039769172668,0.7340693473815918,nan,nan,,
1,293,0.0,0,-0.9972003102302551,0.114722341299057,nan,nan,,
1,294,0.0,0,-0.9661654233932495,0.9741318821907043,nan,nan,,
1,295,0.0,0,-0.9999632835388184,0.11717256158590317,nan,nan,,
1,296,0.0,0,-0.9842246770858765,0.9846664667129517,nan,nan,,
1,297,0.0,0,-0.9999696612358093,-0.008566360920667648,nan,nan,,
1,298,0.0,0,-0.8365017175674438,-0.827508807182312,nan,nan,,
1,299,0.0,0,-0.9763818979263306,-0.3269997537136078,nan,nan,,
1,300,0.0,0,-0.9536568522453308,0.0847112238407135,nan,nan,,
1,301,0.0,0,-0.7491136193275452,-0.3277202248573303,nan,nan,,
1,302,0.0,0,-0.9755301475524902,0.9984123110771179,nan,nan,,
1,303,0.0,0,-0.9936559200286865,0.9228516817092896,nan,nan,,
1,304,0.0,0,-0.9954871535301208,0.9199978709220886,nan,nan,,
1,305,0.0,0,-0.9980734586715698,0.8644985556602478,nan,nan,,
1,306,0.0,0,-0.9976578950881958,0.7851923704147339,nan,nan,,
1,307,0.0,0,-0.9865228533744812,0.9948755502700806,nan,nan,,
1,308,0.0,0,-0.9933776259422302,0.9803577661514282,nan,nan,,
1,309,0.0,0,-0.9865408539772034,0.9913726449012756,nan,nan,,
1,310,0.0,0,-0.9605603218078613,0.9972894191741943,nan,nan,,
1,311,0.0,0,-0.894813597202301,0.9992046356201172,nan,nan,,
1,312,0.0,0,-0.695737361907959,0.999754786491394,nan,nan,,
1,313,0.0,0,-0.2871044874191284,0.9999724626541138,nan,nan,,
1,314,0.0,0,-0.03374622017145157,0.9999914765357971,nan,nan,,
1,315,0.0,0,0.41445982456207275,0.9999922513961792,nan,nan,,
1,316,0.0,0,0.8493291139602661,0.9994004964828491,nan,nan,,
1,317,0.0,0,0.6141632199287415,0.9991357326507568,nan,nan,,
1,318,0.0,0,0.6509707570075989,0.9985682368278503,nan,nan,,
1,319,0.0,0,0.9006301760673523,0.9958807826042175,nan,nan,,
1,320,0.0,0,0.9793026447296143,0.99347984790802,nan,nan,,
1,321,0.0,0,0.9930554032325745,0.9935092329978943,nan,nan,,
1,322,0.0,0,0.9956668615341187,0.9949374198913574,nan,nan,,
1,323,0.0,0,0.9958212375640869,0.9937707185745239,nan,nan,,
1,324,0.0,0,0.9947469830513,0.9915361404418945,nan,nan,,
1,325,0.0,0,0.9948734641075134,0.994112491607666,nan,nan,,
1,326,0.0,0,0.9953717589378357,0.9964520931243896,nan,nan,,
1,327,0.0,0,0.9949293732643127,0.9973811507225037,nan,nan,,
1,328,0.0,0,0.9928896427154541,0.9983884692192078,nan,nan,,
1,329,0.0,0,0.985980212688446,0.999015748500824,nan,nan,,
1,330,0.0,0,0.9838001728057861,0.9993031620979309,nan,nan,,
1,331,0.0,0,0.9950184226036072,0.9991951584815979,nan,nan,,
1,332,0.0,0,0.9933714866638184,0.9974725842475891,nan,nan,,
1,333,0.0,0,0.9932040572166443,0.9859146475791931,nan,nan,,
1,334,0.0,0,0.9972756505012512,0.741766095161438,nan,nan,,
1,335,0.0,0,0.9972231388092041,0.6661097407341003,nan,nan,,
1,336,0.0,0,0.9982406497001648,-0.3106006383895874,nan,nan,,
1,337,0.0,0,0.9972243905067444,0.622900664806366,nan,nan,,
1,338,0.0,0,0.9985976219177246,-0.7112190127372742,nan,nan,,
1,339,0.0,0,0.9974318146705627,0.5192996859550476,nan,nan,,
1,340,0.0,0,0.9989199042320251,-0.7601590752601624,nan,nan,,
1,341,0.0,0,0.99917072057724,0.6477174758911133,nan,nan,,
1,342,0.0,0,0.9992519021034241,-0.8325923681259155,nan,nan,,
1,343,0.0,0,0.9995392560958862,0.7457794547080994,nan,nan,,
1,344,0.0,0,0.9992664456367493,-0.9152942299842834,nan,nan,,
1,345,0.0,0,0.9994768500328064,0.334053099155426,nan,nan,,
1,346,0.0,0,0.8846207857131958,-0.9863333106040955,nan,nan,,
1,347,0.0,0,0.9997475147247314,0.3864975571632385,nan,nan,,
1,348,0.0,0,0.999711811542511,-0.7727026343345642,nan,nan,,
1,349,0.0,0,0.999497652053833,-0.08955560624599457,nan,nan,,
1,350,0.0,0,0.9753480553627014,-0.9452356696128845,nan,nan,,
1,351,0.0,0,0.9999246597290039,0.7077678442001343,nan,nan,,
1,352,0.0,0,0.9994372725486755,-0.9586061835289001,nan,nan,,
1,353,0.0,0,0.9999459981918335,0.633005678653717,nan,nan,,
1,354,0.0,0,0.9999135732650757,-0.9057403802871704,nan,nan,,
1,355,0.0,0,0.999964714050293,0.681762158870697,nan,nan,,
1,356,0.0,0,0.9816151857376099,-0.9835056662559509,nan,nan,,
1,357,0.0,0,0.9999750852584839,0.6239819526672363,nan,nan,,
1,358,0.0,0,0.9999569654464722,-0.9602450728416443,nan,nan,,
1,359,0.0,0,0.9999821186065674,0.6710385680198669,nan,nan,,
1,360,0.0,0,0.9999703764915466,-0.9732869267463684,nan,nan,,
1,361,0.0,0,0.9999851584434509,0.6775569915771484,nan,nan,,
1,362,0.0,0,0.9999778866767883,-0.979978621006012,nan,nan,,
1,363,0.0,0,0.9999883770942688,0.7209314703941345,nan,nan,,
1,364,0.0,0,0.9987653493881226,-0.9802733659744263,nan,nan,,
1,365,0.0,0,0.9999902844429016,0.6990430355072021,nan,nan,,
1,366,0.0,0,0.9999745488166809,-0.9658384323120117,nan,nan,,
1,367,0.0,0,0.9999920129776001,0.7152471542358398,nan,nan,,
1,368,0.0,0,0.9996286034584045,-0.9667569398880005,nan,nan,,
1,369,0.0,0,0.9999924302101135,0.7205733060836792,nan,nan,,
1,370,0.0,0,0.9984993934631348,-0.9352487325668335,nan,nan,,
1,371,0.0,0,0.9999934434890747,0.8226850628852844,nan,nan,,
1,372,0.0,0,0.9999867081642151,-0.7797157168388367,nan,nan,,
1,373,0.0,0,0.9999765753746033,0.7788888812065125,nan,nan,,
1,374,0.0,0,0.9999901056289673,-0.6932840347290039,nan,nan,,
1,375,0.0,0,0.999895453453064,0.7099882960319519,nan,nan,,
1,376,0.0,0,0.9999804496765137,-0.3785715103149414,nan,nan,,
1,377,0.0,0,0.9999947547912598,0.9735960960388184,nan,nan,,
1,378,0.0,0,0.9999610185623169,-0.41996684670448303,nan,nan,,
1,379,0.0,0,0.9989987015724182,-0.31364062428474426,nan,nan,,
1,380,0.0,0,0.9987101554870605,-0.5184738039970398,nan,nan,,
1,381,0.0,0,0.9995099306106567,0.14996755123138428,nan,nan,,
1,382,0.0,0,0.9993904232978821,-0.7507571578025818,nan,nan,,
1,383,0.0,0,0.9988389611244202,-0.4390292763710022,nan,nan,,
1,384,0.0,0,0.999364972114563,-0.6767864227294922,nan,nan,,
1,385,0.0,0,0.9980586767196655,-0.5888203382492065,nan,nan,,
1,386,0.0,0,0.998762309551239,-0.7379882335662842,nan,nan,,
1,387,0.0,0,0.9960963129997253,-0.6529422402381897,nan,nan,,
1,388,0.0,0,0.9953612089157104,-0.581616222858429,nan,nan,,
1,389,0.0,0,0.999886155128479,0.6857423186302185,nan,nan,,
1,390,0.0,0,0.9977713227272034,0.31799671053886414,nan,nan,,
1,391,0.0,0,0.9916252493858337,0.8916952610015869,nan,nan,,
1,392,0.0,0,0.9470347166061401,0.6409977674484253,nan,nan,,
1,393,0.0,0,0.9824622273445129,0.933411180973053,nan,nan,,
1,394,0.0,0,0.9040715098381042,0.5916547179222107,nan,nan,,
1,395,0.0,0,0.9877618551254272,0.6620499491691589,nan,nan,,
1,396,0.0,0,0.9770458936691284,0.6084318161010742,nan,nan,,
1,397,0.0,0,0.9946085214614868,-0.19417759776115417,nan,nan,,
1,398,0.0,0,0.9992398619651794,0.8510485291481018,nan,nan,,
1,399,0.0,0,0.9802395701408386,0.35558006167411804,nan,nan,,
1,400,0.0,0,0.9968604445457458,0.8745414018630981,nan,nan,,
1,401,0.0,0,0.9959477186203003,0.545124888420105,nan,nan,,
1,402,0.0,0,0.9986011385917664,0.7045454978942871,nan,nan,,
1,403,0.0,0,0.9984520077705383,0.45046666264533997,nan,nan,,
1,404,0.0,0,0.9990105628967285,0.5794801115989685,nan,nan,,
1,405,0.0,0,0.9980349540710449,0.8146496415138245,nan,nan,,
1,406,0.0,0,0.9987090826034546,0.27662771940231323,nan,nan,,
1,407,0.0,0,0.9998190402984619,0.19368910789489746,nan,nan,,
1,408,0.0,0,0.9994922280311584,0.19723914563655853,nan,nan,,
1,409,0.0,0,0.9997440576553345,0.30036166310310364,nan,nan,,
1,410,0.0,0,0.9992635250091553,0.4328539967536926,nan,nan,,
1,411,0.0,0,0.9994814991950989,0.35558629035949707,nan,nan,,
1,412,0.0,0,0.9993781447410583,-0.4653586447238922,nan,nan,,
1,413,0.0,0,0.9992133378982544,0.0869818702340126,nan,nan,,
1,414,0.0,0,0.9998328685760498,0.7211852669715881,nan,nan,,
1,415,0.0,0,0.9997196197509766,-0.877234160900116,nan,nan,,
1,416,0.0,0,0.9996662139892578,0.9598769545555115,nan,nan,,
1,417,0.0,0,0.9998740553855896,-0.8411919474601746,nan,nan,,
1,418,0.0,0,0.9995121955871582,0.9216656684875488,nan,nan,,
1,419,0.0,0,0.9999061226844788,-0.7964491844177246,nan,nan,,
1,420,0.0,0,0.9997051358222961,0.9495855569839478,nan,nan,,
1,421,0.0,0,0.9999104142189026,-0.7466716766357422,nan,nan,,
1,422,0.0,0,0.9996609687805176,0.9299718737602234,nan,nan,,
1,423,0.0,0,0.9999001026153564,-0.7057958245277405,nan,nan,,
1,424,0.0,0,0.9998589754104614,0.9735363721847534,nan,nan,,
1,425,0.0,0,0.9998725056648254,-0.6570784449577332,nan,nan,,
1,426,0.0,0,0.9997022151947021,0.9406538009643555,nan,nan,,
1,427,0.0,0,0.9997807145118713,-0.6381658315658569,nan,nan,,
1,428,0.0,0,0.9995896816253662,0.8918538093566895,nan,nan,,
1,429,0.0,0,0.9995729923248291,-0.6365641951560974,nan,nan,,
1,430,0.0,0,0.9995893836021423,0.8973798155784607,nan,nan,,
1,431,0.0,0,0.999356746673584,-0.606941282749176,nan,nan,,
1,432,0.0,0,0.9998737573623657,0.9918500185012817,nan,nan,,
1,433,0.0,0,0.9991134405136108,-0.5715851783752441,nan,nan,,
1,434,0.0,0,0.9998588562011719,0.9893231987953186,nan,nan,,
1,435,0.0,0,0.9986686706542969,-0.6193552613258362,nan,nan,,
1,436,0.0,0,0.9993647933006287,0.8787432312965393,nan,nan,,
1,437,0.0,0,0.9966261982917786,-0.7149494290351868,nan,nan,,
1,438,0.0,0,0.9996508359909058,0.9764536023139954,nan,nan,,
1,439,0.0,0,0.9960864186286926,-0.7211116552352905,nan,nan,,
1,440,0.0,0,0.9996688365936279,0.9686163663864136,nan,nan,,
1,441,0.0,0,0.9923171401023865,-0.7833142280578613,nan,nan,,
1,442,0.0,0,0.9991651773452759,0.5364570021629333,nan,nan,,
1,443,0.0,0,0.9914024472236633,-0.6873348951339722,nan,nan,,
1,444,0.0,0,0.9987244606018066,0.17371153831481934,nan,nan,,
1,445,0.0,0,0.9981891512870789,0.684745728969574,nan,nan,,
1,446,0.0,0,0.9823282361030579,-0.8039899468421936,nan,nan,,
1,447,0.0,0,0.9977638721466064,0.030521748587489128,nan,nan,,
1,448,0.0,0,0.9747909903526306,-0.6342962980270386,nan,nan,,
1,449,0.0,0,0.992143452167511,-0.12942805886268616,nan,nan,,
1,450,0.0,0,0.9430150985717773,-0.7235730290412903,nan,nan,,
1,451,0.0,0,0.9792647957801819,-0.24712981283664703,nan,nan,,
1,452,0.0,0,0.9931744933128357,0.697651207447052,nan,nan,,
1,453,0.0,0,0.18180127441883087,-0.9116883873939514,nan,nan,,
1,454,0.0,0,0.9757155776023865,-0.4346204996109009,nan,nan,,
1,455,0.0,0,0.9085667729377747,-0.7030474543571472,nan,nan,,
1,456,0.0,0,0.9413018226623535,-0.7579219937324524,nan,nan,,
1,457,0.0,0,0.9451161623001099,-0.7617736458778381,nan,nan,,
1,458,0.0,0,0.937497079372406,-0.6951809525489807,nan,nan,,
1,459,0.0,0,0.7705835103988647,-0.6008927822113037,nan,nan,,
1,460,0.0,0,0.976428210735321,-0.4676702320575714,nan,nan,,
1,461,0.0,0,-0.5900206565856934,-0.5347418785095215,nan,nan,,
1,462,0.0,0,-0.9808674454689026,-0.7108331322669983,nan,nan,,
1,463,0.0,0,-0.23735840618610382,-0.9710134863853455,nan,nan,,
1,464,0.0,0,-0.8769757747650146,-0.9038456082344055,nan,nan,,
1,465,0.0,0,-0.9537016153335571,-0.8475355505943298,nan,nan,,
1,466,0.0,0,-0.7805161476135254,-0.8909474611282349,nan,nan,,
1,467,0.0,0,-0.5282431244850159,-0.8754580020904541,nan,nan,,
1,468,0.0,0,-0.32475852966308594,-0.839688241481781,nan,nan,,
1,469,0.0,0,-0.6313192248344421,-0.6118643283843994,nan,nan,,
1,470,0.0,0,-0.901333749294281,0.2442844659090042,nan,nan,,
1,471,0.0,0,-0.5242778658866882,-0.26330703496932983,nan,nan,,
1,472,0.0,0,-0.9981818795204163,0.539220929145813,nan,nan,,
1,473,0.0,0,-0.8855965733528137,-0.8061778545379639,nan,nan,,
1,474,0.0,0,-0.5554677844047546,-0.1408623456954956,nan,nan,,
1,475,0.0,0,-0.9995335340499878,0.6701952815055847,nan,nan,,
1,476,0.0,0,-0.9943650960922241,-0.5980162620544434,nan,nan,,
1,477,0.0,0,-0.7741855978965759,0.8781092166900635,nan,nan,,
1,478,0.0,0,-0.9989258646965027,-0.6384438872337341,nan,nan,,
1,479,0.0,0,-0.9983293414115906,0.33680814504623413,nan,nan,,
1,480,0.0,0,-0.8250592947006226,-0.6401481032371521,nan,nan,,
1,481,0.0,0,-0.6415680646896362,0.3898986577987671,nan,nan,,
1,482,0.0,0,-0.9999563694000244,0.574751079082489,nan,nan,,
1,483,0.0,0,-0.9999803304672241,0.7670115232467651,nan,nan,,
1,484,0.0,0,-0.9999709129333496,-0.5718629360198975,nan,nan,,
1,485,0.0,0,-0.9998030066490173,0.1030084490776062,nan,nan,,
1,486,0.0,0,-0.9999659657478333,0.2310783714056015,nan,nan,,
1,487,0.0,0,-0.9895423054695129,-0.9468794465065002,nan,nan,,
1,488,0.0,0,-0.9850481152534485,-0.9027920961380005,nan,nan,,
1,489,0.0,0,-0.9869681000709534,-0.9371731281280518,nan,nan,,
1,490,0.0,0,-0.9920543432235718,-0.9524643421173096,nan,nan,,
1,491,0.0,0,-0.989875853061676,-0.9737754464149475,nan,nan,,
1,492,0.0,0,-0.9868165254592896,-0.9824619293212891,nan,nan,,
1,493,0.0,0,-0.9760540723800659,-0.9847663044929504,nan,nan,,
1,494,0.0,0,-0.9781160354614258,-0.985710620880127,nan,nan,,
1,495,0.0,0,-0.978261411190033,-0.9815719127655029,nan,nan,,
1,496,0.0,0,-0.9790095686912537,-0.9655354619026184,nan,nan,,
1,497,0.0,0,-0.9805410504341125,-0.9468051195144653,nan,nan,,
1,498,0.0,0,-0.9870421886444092,-0.9345247149467468,nan,nan,,
1,499,0.0,0,-0.9918874502182007,-0.9099764227867126,nan,nan,,
1,500,0.0,0,-0.9963322877883911,-0.8172872066497803,nan,nan,,
1,501,0.0,0,-0.9966707229614258,-0.7532609105110168,nan,nan,,
1,502,0.0,0,-0.9970038533210754,-0.5521197319030762,nan,nan,,
1,503,0.0,0,-0.9972215294837952,-0.5839651226997375,nan,nan,,
1,504,0.0,0,-0.9991050958633423,0.09554954618215561,nan,nan,,
1,505,0.0,0,-0.9983611106872559,-0.7036764621734619,nan,nan,,
1,506,0.0,0,-0.9971283078193665,-0.4531738758087158,nan,nan,,
1,507,0.0,0,-0.9977795481681824,-0.6127211451530457,nan,nan,,
1,508,0.0,0,-0.004072533920407295,0.9912548065185547,nan,nan,,
1,509,0.0,0,-0.9999703764915466,0.24541854858398438,nan,nan,,
1,510,0.0,0,-0.5305625200271606,0.9915562272071838,nan,nan,,
1,511,0.0,0,-0.9997814297676086,0.9021015763282776,nan,nan,,
1,512,0.0,0,-0.9998114705085754,0.8674686551094055,nan,nan,,
1,513,0.0,0,-0.9999642372131348,0.6345377564430237,nan,nan,,
1,514,0.0,0,-0.9988245368003845,0.8144657611846924,nan,nan,,
1,515,0.0,0,-0.9999830722808838,0.8166486024856567,nan,nan,,
1,516,0.0,0,-0.9997449517250061,0.5793931484222412,nan,nan,,
1,517,0.0,0,-0.9999319911003113,0.8724491000175476,nan,nan,,
1,518,0.0,0,-0.9999275207519531,0.6739764213562012,nan,nan,,
1,519,0.0,0,-0.9999313354492188,0.9127568602561951,nan,nan,,
1,520,0.0,0,-0.9999737739562988,0.7594154477119446,nan,nan,,
1,521,0.0,0,-0.9998096823692322,0.6858559250831604,nan,nan,,
1,522,0.0,0,-0.9998894929885864,0.5632502436637878,nan,nan,,
1,523,0.0,0,-0.9999132752418518,0.407646507024765,nan,nan,,
1,524,0.0,0,-0.998396098613739,0.1785641759634018,nan,nan,,
1,525,0.0,0,-0.9952288866043091,0.5113410353660583,nan,nan,,
1,526,0.0,0,-0.9994248151779175,-0.14565308392047882,nan,nan,,
1,527,0.0,0,-0.9847108721733093,0.9063929915428162,nan,nan,,
1,528,0.0,0,-0.9999014139175415,-0.2184145748615265,nan,nan,,
1,529,0.0,0,-0.981279194355011,0.39043569564819336,nan,nan,,
1,530,0.0,0,-0.9968020915985107,0.28845104575157166,nan,nan,,
1,531,0.0,0,-0.996055006980896,0.6680622100830078,nan,nan,,
1,532,0.0,0,-0.9953547716140747,-0.20911382138729095,nan,nan,,
1,533,0.0,0,-0.978538453578949,-0.34816697239875793,nan,nan,,
1,534,0.0,0,-0.9795919060707092,-0.38199782371520996,nan,nan,,
1,535,0.0,0,-0.9942528605461121,-0.8855162858963013,nan,nan,,
1,536,0.0,0,-0.9963899254798889,-0.9630942344665527,nan,nan,,
1,537,0.0,0,-0.9960708022117615,-0.9748563170433044,nan,nan,,
1,538,0.0,0,-0.9961362481117249,-0.9857715368270874,nan,nan,,
1,539,0.0,0,-0.9958205223083496,-0.9904219508171082,nan,nan,,
1,540,0.0,0,-0.9962282776832581,-0.9942865967750549,nan,nan,,
1,541,0.0,0,-0.9962637424468994,-0.9977244734764099,nan,nan,,
1,542,0.0,0,-0.9961956143379211,-0.9991414546966553,nan,nan,,
1,543,0.0,0,-0.9918976426124573,-0.9983238577842712,nan,nan,,
1,544,0.0,0,-0.9665387868881226,-0.9966998100280762,nan,nan,,
1,545,0.0,0,-0.9248661994934082,-0.9946892857551575,nan,nan,,
1,546,0.0,0,-0.8895586133003235,-0.9945349097251892,nan,nan,,
1,547,0.0,0,-0.885509729385376,-0.9942169189453125,nan,nan,,
1,548,0.0,0,-0.9170081615447998,-0.9904301762580872,nan,nan,,
1,549,0.0,0,-0.92302405834198,-0.9706816673278809,nan,nan,,
1,550,0.0,0,-0.9325714707374573,-0.8960833549499512,nan,nan,,
1,551,0.0,0,-0.9524480700492859,-0.8385260701179504,nan,nan,,
1,552,0.0,0,-0.9593179225921631,-0.7882862687110901,nan,nan,,
1,553,0.0,0,-0.9666375517845154,-0.61763596534729,nan,nan,,
1,554,0.0,0,-0.9698836207389832,-0.7439361810684204,nan,nan,,
1,555,0.0,0,-0.9514188766479492,-0.7672330737113953,nan,nan,,
1,556,0.0,0,-0.9802777767181396,-0.5911176800727844,nan,nan,,
1,557,0.0,0,0.6923034191131592,-0.3285636007785797,nan,nan,,
1,558,0.0,0,0.2617906332015991,0.8948927521705627,nan,nan,,
1,559,0.0,0,-0.9897469282150269,0.6294401288032532,nan,nan,,
1,560,0.0,0,-0.5503941178321838,-0.17261254787445068,nan,nan,,
1,561,0.0,0,0.9439569115638733,0.40213659405708313,nan,nan,,
1,562,0.0,0,0.5993161201477051,0.9889770150184631,nan,nan,,
1,563,0.0,0,-0.4335458278656006,0.9013537168502808,nan,nan,,
1,564,0.0,0,0.31803324818611145,0.7811990976333618,nan,nan,,
1,565,0.0,0,0.8646944165229797,0.9911006689071655,nan,nan,,
1,566,0.0,0,0.917486310005188,0.9747823476791382,nan,nan,,
1,567,0.0,0,0.9756293296813965,0.9611829519271851,nan,nan,,
1,568,0.0,0,0.9892373085021973,0.9539249539375305,nan,nan,,
1,569,0.0,0,0.9914205074310303,0.9440505504608154,nan,nan,,
1,570,0.0,0,0.9945290684700012,0.9068495631217957,nan,nan,,
1,571,0.0,0,0.9975801110267639,0.8703599572181702,nan,nan,,
1,572,0.0,0,0.9977574944496155,0.6391615271568298,nan,nan,,
1,573,0.0,0,0.944582998752594,-0.5753165483474731,nan,nan,,
1,574,0.0,0,0.9622770547866821,-0.9141390919685364,nan,nan,,
1,575,0.0,0,0.9872605800628662,-0.875817596912384,nan,nan,,
1,576,0.0,0,0.996198832988739,-0.44685205817222595,nan,nan,,
1,577,0.0,0,0.9750388264656067,-0.0682486891746521,nan,nan,,
1,578,0.0,0,0.9997924566268921,0.9932436347007751,nan,nan,,
1,579,0.0,0,0.9994931817054749,0.9523929357528687,nan,nan,,
1,580,0.0,0,0.9997180700302124,0.8452860713005066,nan,nan,,
1,581,0.0,0,0.9995526671409607,0.34916383028030396,nan,nan,,
1,582,0.0,0,0.9999715089797974,0.7479775547981262,nan,nan,,
1,583,0.0,0,0.9999345541000366,0.2637633979320526,nan,nan,,
1,584,0.0,0,0.9999712705612183,0.3395281732082367,nan,nan,,
1,585,0.0,0,0.9874253273010254,-0.7038946151733398,nan,nan,,
1,586,0.0,0,0.9985079765319824,-0.830457329750061,nan,nan,,
1,587,0.0,0,0.9992015361785889,-0.7117358446121216,nan,nan,,
1,588,0.0,0,0.9971978664398193,-0.41341766715049744,nan,nan,,
1,589,0.0,0,0.9814513325691223,-0.09346642345190048,nan,nan,,
1,590,0.0,0,0.9998970031738281,0.9890170097351074,nan,nan,,
1,591,0.0,0,0.9997498393058777,0.9144059419631958,nan,nan,,
1,592,0.0,0,0.9998657703399658,0.7125891447067261,nan,nan,,
1,593,0.0,0,0.9999591112136841,0.5012145638465881,nan,nan,,
1,594,0.0,0,0.9941598773002625,-0.48972660303115845,nan,nan,,
1,595,0.0,0,0.9958791732788086,-0.5391117930412292,nan,nan,,
1,596,0.0,0,0.9998984932899475,0.40780892968177795,nan,nan,,
1,597,0.0,0,0.9313665628433228,-0.5500231981277466,nan,nan,,
1,598,0.0,0,0.9999326467514038,0.7178900837898254,nan,nan,,
1,599,0.0,0,0.9999272227287292,0.8266119360923767,nan,nan,,
1,600,0.0,0,0.9998058676719666,0.2714347243309021,nan,nan,,
1,601,0.0,0,0.9999793171882629,0.07550482451915741,nan,nan,,
1,602,0.0,0,0.9999809861183167,0.0462118498980999,nan,nan,,
1,603,0.0,0,0.9999834299087524,0.056017808616161346,nan,nan,,
1,604,0.0,0,0.9999865293502808,0.09025223553180695,nan,nan,,
1,605,0.0,0,0.9999893307685852,0.13597214221954346,nan,nan,,
1,606,0.0,0,0.9999942183494568,0.13641862571239471,nan,nan,,
1,607,0.0,0,0.9999938607215881,0.0682586282491684,nan,nan,,
1,608,0.0,0,0.9999942183494568,0.07809432595968246,nan,nan,,
1,609,0.0,0,0.9999950528144836,0.1077161580324173,nan,nan,,
1,610,0.0,0,0.9999960660934448,0.15384601056575775,nan,nan,,
1,611,0.0,0,0.9999966025352478,0.16080959141254425,nan,nan,,
1,612,0.0,0,0.9999963641166687,0.11933715641498566,nan,nan,,
1,613,0.0,0,0.9999964833259583,0.05420473590493202,nan,nan,,
1,614,0.0,0,0.9999964237213135,0.018469486385583878,nan,nan,,
1,615,0.0,0,0.9999962449073792,0.012472864240407944,nan,nan,,
1,616,0.0,0,0.9999961853027344,-0.000949126377236098,nan,nan,,
1,617,0.0,0,0.9999964237213135,-0.03657852113246918,nan,nan,,
1,618,0.0,0,0.999996542930603,-0.0823761448264122,nan,nan,,
1,619,0.0,0,0.9999966621398926,-0.12775608897209167,nan,nan,,
1,620,0.0,0,0.9999968409538269,-0.09043872356414795,nan,nan,,
1,621,0.0,0,0.999997079372406,-0.16523471474647522,nan,nan,,
1,622,0.0,0,0.3596610128879547,0.955289363861084,nan,nan,,
1,623,0.0,0,0.9021324515342712,0.9413824081420898,nan,nan,,
1,624,0.0,0,0.24620309472084045,0.9736801981925964,nan,nan,,
1,625,0.0,0,-0.4154508411884308,0.9896135926246643,nan,nan,,
1,626,0.0,0,-0.9609635472297668,0.7710949778556824,nan,nan,,
1,627,0.0,0,-0.9763894081115723,0.6886559724807739,nan,nan,,
1,628,0.0,0,-0.9976509213447571,0.9829021096229553,nan,nan,,
1,629,0.0,0,-0.9818503260612488,0.6684055924415588,nan,nan,,
1,630,0.0,0,-0.9939086437225342,0.93775475025177,nan,nan,,
1,631,0.0,0,-0.9698578119277954,0.4018802344799042,nan,nan,,
1,632,0.0,0,0.9985640048980713,-0.9315073490142822,nan,nan,,
1,633,0.0,0,-0.9865371584892273,-0.40643078088760376,nan,nan,,
1,634,0.0,0,0.9993164539337158,-0.8963620066642761,nan,nan,,
1,635,0.0,0,-0.9608578085899353,-0.43583789467811584,nan,nan,,
1,636,0.0,0,-0.965149462223053,-0.44109660387039185,nan,nan,,
1,637,0.0,0,0.9991790652275085,-0.9229968786239624,nan,nan,,
1,638,0.0,0,-0.9929207563400269,-0.45813125371932983,nan,nan,,
1,639,0.0,0,-0.9882069230079651,-0.5229921340942383,nan,nan,,
1,640,0.0,0,-0.9865832328796387,-0.5122441053390503,nan,nan,,
1,641,0.0,0,-0.982732355594635,-0.5851848125457764,nan,nan,,
1,642,0.0,0,0.9991140365600586,-0.8791989684104919,nan,nan,,
1,643,0.0,0,-0.6611179709434509,-0.3727104067802429,nan,nan,,
1,644,0.0,0,-0.983001708984375,0.670166015625,nan,nan,,
1,645,0.0,0,0.9556593894958496,-0.026791637763381004,nan,nan,,
1,646,0.0,0,0.9999401569366455,0.5800250768661499,nan,nan,,
1,647,0.0,0,-0.9489442706108093,0.6346522569656372,nan,nan,,
1,648,0.0,0,0.8546013832092285,-0.06213231012225151,nan,nan,,
1,649,0.0,0,0.9998419284820557,0.46894514560699463,nan,nan,,
1,650,0.0,0,0.9994720220565796,0.669204592704773,nan,nan,,
1,651,0.0,0,0.6270985007286072,0.6978150010108948,nan,nan,,
1,652,0.0,0,0.47634103894233704,0.7293022871017456,nan,nan,,
1,653,0.0,0,-0.935166597366333,0.8828650712966919,nan,nan,,
1,654,0.0,0,-0.8091756105422974,-0.0021119301673024893,nan,nan,,
1,655,0.0,0,0.9972227215766907,-0.7533356547355652,nan,nan,,
1,656,0.0,0,0.9956555962562561,0.4996308982372284,nan,nan,,
1,657,0.0,0,0.4646921753883362,0.7102118730545044,nan,nan,,
1,658,0.0,0,-0.8463267683982849,0.8212257623672485,nan,nan,,
1,659,0.0,0,-0.858841061592102,0.8869779109954834,nan,nan,,
1,660,0.0,0,-0.661585807800293,0.6514803767204285,nan,nan,,
1,661,0.0,0,0.9314772486686707,-0.36292779445648193,nan,nan,,
1,662,0.0,0,0.6234545707702637,0.6786826848983765,nan,nan,,
1,663,0.0,0,0.998089611530304,0.8835819363594055,nan,nan,,
1,664,0.0,0,0.9996634721755981,0.9187529683113098,nan,nan,,
1,665,0.0,0,0.9999487996101379,0.9297356605529785,nan,nan,,
1,666,0.0,0,0.9999938011169434,0.960901141166687,nan,nan,,
1,667,0.0,0,0.9999975562095642,0.9861432909965515,nan,nan,,
1,668,0.0,0,0.9999914765357971,0.998204231262207,nan,nan,,
1,669,0.0,0,0.9999475479125977,0.9958831071853638,nan,nan,,
1,670,0.0,0,0.9520347714424133,0.2554143965244293,nan,nan,,
1,671,0.0,0,-0.9929667115211487,0.16465242207050323,nan,nan,,
1,672,0.0,0,-0.9998036623001099,0.8272770047187805,nan,nan,,
1,673,0.0,0,-0.9997711777687073,-0.7846565842628479,nan,nan,,
1,674,0.0,0,-0.9998403787612915,-0.11169987916946411,nan,nan,,
1,675,0.0,0,-0.9999857544898987,0.7981635332107544,nan,nan,,
1,676,0.0,0,-0.9999457597732544,-0.8585217595100403,nan,nan,,
1,677,0.0,0,-0.9892480969429016,-0.9556726217269897,nan,nan,,
1,678,0.0,0,-0.9987000823020935,-0.9275769591331482,nan,nan,,
1,679,0.0,0,-0.9975748062133789,-0.9662394523620605,nan,nan,,
1,680,0.0,0,-0.9958407282829285,-0.9772337079048157,nan,nan,,
1,681,0.0,0,-0.9958682656288147,-0.9755455255508423,nan,nan,,
1,682,0.0,0,-0.9976511597633362,-0.9560950994491577,nan,nan,,
1,683,0.0,0,-0.9986986517906189,-0.9395418167114258,nan,nan,,
1,684,0.0,0,-0.9991178512573242,-0.9200893640518188,nan,nan,,
1,685,0.0,0,-0.9991416335105896,-0.9141107797622681,nan,nan,,
1,686,0.0,0,-0.9992493987083435,-0.9223491549491882,nan,nan,,
1,687,0.0,0,-0.9986736178398132,-0.8768278956413269,nan,nan,,
1,688,0.0,0,-0.993876576423645,-0.81815505027771,nan,nan,,
1,689,0.0,0,-0.9890074133872986,-0.9499757885932922,nan,nan,,
1,690,0.0,0,-0.972119152545929,-0.8881348371505737,nan,nan,,
1,691,0.0,0,-0.9785781502723694,-0.9618327617645264,nan,nan,,
1,692,0.0,0,-0.9820479154586792,-0.9738520383834839,nan,nan,,
1,693,0.0,0,-0.987396776676178,-0.9790297150611877,nan,nan,,
1,694,0.0,0,-0.9940152168273926,-0.9472411274909973,nan,nan,,
1,695,0.0,0,-0.9917497038841248,-0.8849931955337524,nan,nan,,
1,696,0.0,0,-0.9951025247573853,-0.5524076223373413,nan,nan,,
1,697,0.0,0,-0.9971378445625305,0.8618550896644592,nan,nan,,
1,698,0.0,0,-0.9997367262840271,0.9918949604034424,nan,nan,,
1,699,0.0,0,-0.9993432760238647,0.9916253089904785,nan,nan,,
2,0,0.0,0,0.9966510534286499,-0.13209222257137299,nan,nan,,
2,1,0.0,0,0.9926334023475647,-0.9019625782966614,nan,nan,,
2,2,0.0,0,0.9997780919075012,-0.6007630228996277,nan,nan,,
2,3,0.0,0,0.9979874491691589,-0.918060302734375,nan,nan,,
2,4,0.0,0,0.9997789263725281,-0.8084328174591064,nan,nan,,
2,5,0.0,0,0.999917209148407,0.015281004831194878,nan,nan,,
2,6,0.0,0,0.997277557849884,-0.879623293876648,nan,nan,,
2,7,0.0,0,0.9997382760047913,-0.9320632219314575,nan,nan,,
2,8,0.0,0,0.9998404383659363,-0.8503133654594421,nan,nan,,
2,9,0.0,0,0.9996405243873596,-0.8819440007209778,nan,nan,,
2,10,0.0,0,0.9996001720428467,-0.810215175151825,nan,nan,,
2,11,0.0,0,0.998850405216217,-0.8502219915390015,nan,nan,,
2,12,0.0,0,0.9995825290679932,-0.7579450607299805,nan,nan,,
2,13,0.0,0,0.9999781847000122,0.20677387714385986,nan,nan,,
2,14,0.0,0,0.9999485611915588,0.77004474401474,nan,nan,,
2,15,0.0,0,0.9984694719314575,-0.29252880811691284,nan,nan,,
2,16,0.0,0,0.9954138994216919,-0.9289254546165466,nan,nan,,
2,17,0.0,0,0.9998880624771118,-0.6820616722106934,nan,nan,,
2,18,0.0,0,0.9986612200737,-0.8686740398406982,nan,nan,,
2,19,0.0,0,0.9997373223304749,-0.6521082520484924,nan,nan,,
2,20,0.0,0,0.996711790561676,-0.8911875486373901,nan,nan,,
2,21,0.0,0,0.9997217059135437,-0.4072101414203644,nan,nan,,
2,22,0.0,0,0.9824306964874268,-0.9308156967163086,nan,nan,,
2,23,0.0,0,0.9997265934944153,0.05396855250000954,nan,nan,,
2,24,0.0,0,0.9999718070030212,0.8740115761756897,nan,nan,,
2,25,0.0,0,0.9993252158164978,0.15173913538455963,nan,nan,,
2,26,0.0,0,0.9999754428863525,0.420612633228302,nan,nan,,
2,27,0.0,0,0.9994717836380005,-0.9463623762130737,nan,nan,,
2,28,0.0,0,0.9996255040168762,-0.6998779773712158,nan,nan,,
2,29,0.0,0,0.9999381899833679,0.5024096369743347,nan,nan,,
2,30,0.0,0,0.9999498724937439,0.10682972520589828,nan,nan,,
2,31,0.0,0,0.9983050227165222,-0.9422200322151184,nan,nan,,
2,32,0.0,0,0.9994798302650452,-0.6529507637023926,nan,nan,,
2,33,0.0,0,0.9952052235603333,-0.9091584086418152,nan,nan,,
2,34,0.0,0,0.9988285303115845,0.06379234045743942,nan,nan,,
2,35,0.0,0,0.9999817609786987,0.6990081071853638,nan,nan,,
2,36,0.0,0,0.9993253350257874,-0.07874681055545807,nan,nan,,
2,37,0.0,0,0.9999815821647644,0.5703274011611938,nan,nan,,
2,38,0.0,0,0.9999154210090637,-0.3243270218372345,nan,nan,,
2,39,0.0,0,0.9986785054206848,-0.9658718109130859,nan,nan,,
2,40,0.0,0,0.9989235401153564,-0.7078559994697571,nan,nan,,
2,41,0.0,0,0.9993129968643188,0.19257774949073792,nan,nan,,
2,42,0.0,0,0.9999545812606812,0.36274486780166626,nan,nan,,
2,43,0.0,0,0.9998874068260193,-0.25569677352905273,nan,nan,,
2,44,0.0,0,0.999866247177124,0.05462693050503731,nan,nan,,
2,45,0.0,0,0.9999741911888123,0.24354219436645508,nan,nan,,
2,46,0.0,0,0.9999126195907593,-0.971751868724823,nan,nan,,
2,47,0.0,0,0.9985733032226562,-0.9079508185386658,nan,nan,,
2,48,0.0,0,0.998692512512207,-0.7194231748580933,nan,nan,,
2,49,0.0,0,0.997584342956543,-0.9360256791114807,nan,nan,,
2,50,0.0,0,0.9974212050437927,-0.3390403687953949,nan,nan,,
2,51,0.0,0,0.9999925494194031,0.013059830293059349,nan,nan,,
2,52,0.0,0,0.9999270439147949,-0.9416866302490234,nan,nan,,
2,53,0.0,0,0.9953266978263855,-0.6174817681312561,nan,nan,,
2,54,0.0,0,0.999976396560669,0.01798500306904316,nan,nan,,
2,55,0.0,0,0.9999640583992004,-0.9028275609016418,nan,nan,,
2,56,0.0,0,0.9938040375709534,-0.7094942331314087,nan,nan,,
2,57,0.0,0,0.9999008178710938,0.13716912269592285,nan,nan,,
2,58,0.0,0,0.9999257922172546,-0.08130796253681183,nan,nan,,
2,59,0.0,0,0.999975323677063,-0.8617701530456543,nan,nan,,
2,60,0.0,0,0.9957543611526489,-0.6729463338851929,nan,nan,,
2,61,0.0,0,0.9997329115867615,-0.38805490732192993,nan,nan,,
2,62,0.0,0,0.9993262887001038,-0.6436196565628052,nan,nan,,
2,63,0.0,0,0.9963269233703613,-0.6573197841644287,nan,nan,,
2,64,0.0,0,0.9997990131378174,-0.4167736768722534,nan,nan,,
2,65,0.0,0,0.9996758699417114,-0.44008350372314453,nan,nan,,
2,66,0.0,0,0.9995226860046387,-0.8536622524261475,nan,nan,,
2,67,0.0,0,0.9808834791183472,-0.9640212655067444,nan,nan,,
2,68,0.0,0,0.9615917801856995,-0.9798021912574768,nan,nan,,
2,69,0.0,0,0.904666006565094,-0.9887006878852844,nan,nan,,
2,70,0.0,0,0.7726007699966431,-0.9941737651824951,nan,nan,,
2,71,0.0,0,0.5665959715843201,-0.9981339573860168,nan,nan,,
2,72,0.0,0,0.418988436460495,-0.9992348551750183,nan,nan,,
2,73,0.0,0,0.37120121717453003,-0.9990332126617432,nan,nan,,
2,74,0.0,0,0.5813258290290833,-0.9982219934463501,nan,nan,,
2,75,0.0,0,0.7161978483200073,-0.9964478611946106,nan,nan,,
2,76,0.0,0,0.6320672035217285,-0.9956374168395996,nan,nan,,
2,77,0.0,0,0.6423732042312622,-0.9931132197380066,nan,nan,,
2,78,0.0,0,0.6810351014137268,-0.9899972081184387,nan,nan,,
2,79,0.0,0,0.8167063593864441,-0.9877233505249023,nan,nan,,
2,80,0.0,0,0.8728466629981995,-0.9784925580024719,nan,nan,,
2,81,0.0,0,0.9183956384658813,-0.9618666172027588,nan,nan,,
2,82,0.0,0,0.8650371432304382,-0.9463529586791992,nan,nan,,
2,83,0.0,0,0.8615195751190186,-0.9323133230209351,nan,nan,,
2,84,0.0,0,0.8676881194114685,-0.9398621916770935,nan,nan,,
2,85,0.0,0,0.8967516422271729,-0.9473809599876404,nan,nan,,
2,86,0.0,0,0.9303138852119446,-0.9563705921173096,nan,nan,,
2,87,0.0,0,0.9424688816070557,-0.9539452791213989,nan,nan,,
2,88,0.0,0,0.9326308369636536,-0.9257606267929077,nan,nan,,
2,89,0.0,0,0.917365550994873,-0.8402528762817383,nan,nan,,
2,90,0.0,0,0.8861408829689026,-0.687203586101532,nan,nan,,
2,91,0.0,0,0.8182558417320251,-0.5652248859405518,nan,nan,,
2,92,0.0,0,0.7854292988777161,-0.13395796716213226,nan,nan,,
2,93,0.0,0,0.9725006222724915,0.9903409481048584,nan,nan,,
2,94,0.0,0,0.9343377351760864,-0.06943682581186295,nan,nan,,
2,95,0.0,0,-0.3800506293773651,0.8408422470092773,nan,nan,,
2,96,0.0,0,-0.06588759273290634,-0.9721511602401733,nan,nan,,
2,97,0.0,0,0.7258911728858948,0.5150064826011658,nan,nan,,
2,98,0.0,0,0.8625383973121643,-0.17122142016887665,nan,nan,,
2,99,0.0,0,0.9550803899765015,0.8639861941337585,nan,nan,,
2,100,0.0,0,0.816898763179779,-0.6316440105438232,nan,nan,,
2,101,0.0,0,0.06802992522716522,-0.28550297021865845,nan,nan,,
2,102,0.0,0,0.9114115238189697,0.8962052464485168,nan,nan,,
2,103,0.0,0,0.20363976061344147,-0.7731699347496033,nan,nan,,
2,104,0.0,0,-0.05156894028186798,0.28840065002441406,nan,nan,,
2,105,0.0,0,-0.20303021371364594,-0.910548985004425,nan,nan,,
2,106,0.0,0,-0.4103909730911255,0.8826447129249573,nan,nan,,
2,107,0.0,0,-0.8471227884292603,-0.9967870116233826,nan,nan,,
2,108,0.0,0,-0.6455122828483582,0.7961793541908264,nan,nan,,
2,109,0.0,0,-0.8749985098838806,-0.9945949912071228,nan,nan,,
2,110,0.0,0,-0.7052456736564636,0.7049466967582703,nan,nan,,
2,111,0.0,0,-0.8671116232872009,-0.9953489899635315,nan,nan,,
2,112,0.0,0,-0.7151104211807251,0.5152833461761475,nan,nan,,
2,113,0.0,0,-0.966396689414978,-0.9375565052032471,nan,nan,,
2,114,0.0,0,-0.6852033138275146,0.3935254216194153,nan,nan,,
2,115,0.0,0,-0.986814022064209,-0.7984681725502014,nan,nan,,
2,116,0.0,0,-0.6967046856880188,0.19741111993789673,nan,nan,,
2,117,0.0,0,-0.9966843128204346,0.3963681161403656,nan,nan,,
2,118,0.0,0,-0.9934471845626831,-0.7202298641204834,nan,nan,,
2,119,0.0,0,-0.6141301393508911,-0.2829953134059906,nan,nan,,
2,120,0.0,0,-0.6520193815231323,-0.0792289599776268,nan,nan,,
2,121,0.0,0,-0.9984194040298462,0.8440666794776917,nan,nan,,
2,122,0.0,0,-0.990652322769165,-0.9833681583404541,nan,nan,,
2,123,0.0,0,-0.4562751352787018,-0.5029804110527039,nan,nan,,
2,124,0.0,0,-0.8209196329116821,-0.5381896495819092,nan,nan,,
2,125,0.0,0,-0.9766448140144348,0.98029625415802,nan,nan,,
2,126,0.0,0,-0.9944645762443542,-0.9707077145576477,nan,nan,,
2,127,0.0,0,-0.4886709749698639,-0.5493201613426208,nan,nan,,
2,128,0.0,0,-0.8654001355171204,-0.6726217865943909,nan,nan,,
2,129,0.0,0,-0.8911877274513245,-0.6126901507377625,nan,nan,,
2,130,0.0,0,-0.8808956742286682,-0.623408854007721,nan,nan,,
2,131,0.0,0,-0.8107882738113403,0.9732337594032288,nan,nan,,
2,132,0.0,0,-0.9973053336143494,-0.6435796022415161,nan,nan,,
2,133,0.0,0,-0.8596960306167603,-0.7174632549285889,nan,nan,,
2,134,0.0,0,-0.7737618684768677,-0.815837562084198,nan,nan,,
2,135,0.0,0,-0.6135431528091431,-0.8203681707382202,nan,nan,,
2,136,0.0,0,-0.5534331202507019,-0.35913991928100586,nan,nan,,
2,137,0.0,0,-0.683251678943634,-0.897407054901123,nan,nan,,
2,138,0.0,0,-0.42416509985923767,-0.8687357306480408,nan,nan,,
2,139,0.0,0,-0.4949350655078888,-0.9392392635345459,nan,nan,,
2,140,0.0,0,-0.6447269320487976,-0.9398661255836487,nan,nan,,
2,141,0.0,0,-0.7994921207427979,-0.9490076899528503,nan,nan,,
2,142,0.0,0,-0.9158578515052795,-0.9396898746490479,nan,nan,,
2,143,0.0,0,-0.9746079444885254,-0.9236766695976257,nan,nan,,
2,144,0.0,0,-0.9896074533462524,-0.7459672689437866,nan,nan,,
2,145,0.0,0,-0.9893558621406555,-0.5720321536064148,nan,nan,,
2,146,0.0,0,-0.9821273684501648,-0.03585238754749298,nan,nan,,
2,147,0.0,0,-0.9502964615821838,0.9099770784378052,nan,nan,,
2,148,0.0,0,-0.9861542582511902,0.9068390727043152,nan,nan,,
2,149,0.0,0,-0.9907566905021667,0.8820578455924988,nan,nan,,
2,150,0.0,0,-0.9859102368354797,0.821216344833374,nan,nan,,
2,151,0.0,0,-0.9917837381362915,0.6987552642822266,nan,nan,,
2,152,0.0,0,-0.9951153993606567,0.7684094905853271,nan,nan,,
2,153,0.0,0,-0.9948428869247437,0.24519257247447968,nan,nan,,
2,154,0.0,0,-0.978569746017456,-0.922534167766571,nan,nan,,
2,155,0.0,0,-0.8781515955924988,-0.9956684112548828,nan,nan,,
2,156,0.0,0,-0.9307358264923096,-0.9872087240219116,nan,nan,,
2,157,0.0,0,-0.9789761304855347,-0.9472609162330627,nan,nan,,
2,158,0.0,0,-0.9899685978889465,-0.8695058822631836,nan,nan,,
2,159,0.0,0,-0.9933044910430908,-0.7361527681350708,nan,nan,,
2,160,0.0,0,-0.9935210943222046,-0.3228239119052887,nan,nan,,
2,161,0.0,0,-0.9859544634819031,0.8894448280334473,nan,nan,,
2,162,0.0,0,-0.9896816611289978,0.928954005241394,nan,nan,,
2,163,0.0,0,-0.9934331178665161,0.8981878161430359,nan,nan,,
2,164,0.0,0,-0.994347095489502,0.823802649974823,nan,nan,,
2,165,0.0,0,-0.9940261244773865,0.7546363472938538,nan,nan,,
2,166,0.0,0,-0.9950043559074402,0.7894766926765442,nan,nan,,
2,167,0.0,0,-0.9963831305503845,0.8055725693702698,nan,nan,,
2,168,0.0,0,-0.9970036149024963,0.7914063334465027,nan,nan,,
2,169,0.0,0,-0.9971773624420166,0.7723996639251709,nan,nan,,
2,170,0.0,0,-0.9971245527267456,0.9098320603370667,nan,nan,,
2,171,0.0,0,-0.9940937757492065,-0.20053017139434814,nan,nan,,
2,172,0.0,0,-0.9230315685272217,-0.8515539169311523,nan,nan,,
2,173,0.0,0,-0.9756930470466614,-0.746759831905365,nan,nan,,
2,174,0.0,0,-0.9746270775794983,-0.8469083309173584,nan,nan,,
2,175,0.0,0,-0.9895251393318176,-0.3777550756931305,nan,nan,,
2,176,0.0,0,-0.9810362458229065,-0.7563142776489258,nan,nan,,
2,177,0.0,0,-0.9958035945892334,0.39678141474723816,nan,nan,,
2,178,0.0,0,-0.8359918594360352,0.9370359182357788,nan,nan,,
2,179,0.0,0,-0.9948523640632629,0.41290712356567383,nan,nan,,
2,180,0.0,0,-0.9975497722625732,0.9911148548126221,nan,nan,,
2,181,0.0,0,-0.9946635365486145,0.41315707564353943,nan,nan,,
2,182,0.0,0,-0.9970606565475464,0.9897698163986206,nan,nan,,
2,183,0.0,0,-0.9951462745666504,0.42246901988983154,nan,nan,,
2,184,0.0,0,-0.18272314965724945,0.7083851099014282,nan,nan,,
2,185,0.0,0,-0.9652019143104553,-0.5869464874267578,nan,nan,,
2,186,0.0,0,-0.9982406497001648,0.9996081590652466,nan,nan,,
2,187,0.0,0,-0.9946245551109314,0.21536128222942352,nan,nan,,
2,188,0.0,0,-0.9977903962135315,0.9967544674873352,nan,nan,,
2,189,0.0,0,-0.9922808408737183,-0.2563718855381012,nan,nan,,
2,190,0.0,0,-0.504193127155304,-0.8686496019363403,nan,nan,,
2,191,0.0,0,-0.7790624499320984,0.7137281894683838,nan,nan,,
2,192,0.0,0,-0.9895421862602234,-0.27686405181884766,nan,nan,,
2,193,0.0,0,-0.9873496294021606,0.9969100952148438,nan,nan,,
2,194,0.0,0,-0.993272066116333,-0.4856608510017395,nan,nan,,
2,195,0.0,0,-0.8018374443054199,0.5393682718276978,nan,nan,,
2,196,0.0,0,-0.9958871006965637,0.963741660118103,nan,nan,,
2,197,0.0,0,-0.9902605414390564,-0.7239649891853333,nan,nan,,
2,198,0.0,0,-0.9800750613212585,0.9974698424339294,nan,nan,,
2,199,0.0,0,-0.9912115931510925,-0.6825782060623169,nan,nan,,
2,200,0.0,0,0.001163085107691586,-0.7489440441131592,nan,nan,,
2,201,0.0,0,0.32650816440582275,-0.9252440333366394,nan,nan,,
2,202,0.0,0,0.3514857590198517,-0.9376891851425171,nan,nan,,
2,203,0.0,0,0.05856514722108841,-0.8376489877700806,nan,nan,,
2,204,0.0,0,-0.535916805267334,-0.5425533056259155,nan,nan,,
2,205,0.0,0,-0.7590475082397461,-0.6215562224388123,nan,nan,,
2,206,0.0,0,-0.606919527053833,-0.6012179255485535,nan,nan,,
2,207,0.0,0,-0.6694724559783936,-0.5999333262443542,nan,nan,,
2,208,0.0,0,-0.6759336590766907,-0.6119932532310486,nan,nan,,
2,209,0.0,0,-0.47962766885757446,-0.6018648743629456,nan,nan,,
2,210,0.0,0,-0.6399945616722107,-0.3574313521385193,nan,nan,,
2,211,0.0,0,-0.9755696058273315,0.9417149424552917,nan,nan,,
2,212,0.0,0,-0.9737827181816101,0.10580079257488251,nan,nan,,
2,213,0.0,0,-0.9163492321968079,0.9677534103393555,nan,nan,,
2,214,0.0,0,-0.9901763200759888,0.7196168303489685,nan,nan,,
2,215,0.0,0,-0.9890743494033813,0.8631351590156555,nan,nan,,
2,216,0.0,0,-0.998009443283081,0.9642190337181091,nan,nan,,
2,217,0.0,0,-0.9936490058898926,0.9394026398658752,nan,nan,,
2,218,0.0,0,-0.9796051383018494,0.9590375423431396,nan,nan,,
2,219,0.0,0,-0.9299536943435669,0.9503810405731201,nan,nan,,
2,220,0.0,0,-0.9584377408027649,0.9921107888221741,nan,nan,,
2,221,0.0,0,-0.9785479307174683,0.9951792359352112,nan,nan,,
2,222,0.0,0,-0.9759697914123535,0.9748509526252747,nan,nan,,
2,223,0.0,0,-0.9851551055908203,0.8039674162864685,nan,nan,,
2,224,0.0,0,-0.9902876615524292,-0.4658680558204651,nan,nan,,
2,225,0.0,0,0.9345423579216003,0.2976289391517639,nan,nan,,
2,226,0.0,0,-0.9571297764778137,0.5093602538108826,nan,nan,,
2,227,0.0,0,0.05848073959350586,0.999639093875885,nan,nan,,
2,228,0.0,0,-0.9901272058486938,-0.790525496006012,nan,nan,,
2,229,0.0,0,-0.11789597570896149,0.9999377131462097,nan,nan,,
2,230,0.0,0,-0.9351192116737366,0.5203365683555603,nan,nan,,
2,231,0.0,0,0.7770273685455322,-0.5276471972465515,nan,nan,,
2,232,0.0,0,-0.5095543265342712,0.9986003041267395,nan,nan,,
2,233,0.0,0,-0.9301618337631226,0.6239820718765259,nan,nan,,
2,234,0.0,0,-0.36037886142730713,0.9992715120315552,nan,nan,,
2,235,0.0,0,-0.9918873310089111,0.2103402316570282,nan,nan,,
2,236,0.0,0,-0.8742896914482117,0.9997281432151794,nan,nan,,
2,237,0.0,0,-0.9905374050140381,-0.28918829560279846,nan,nan,,
2,238,0.0,0,0.7039178013801575,-0.002957347547635436,nan,nan,,
2,239,0.0,0,-0.9387191534042358,0.994846761226654,nan,nan,,
2,240,0.0,0,-0.991125762462616,0.149788960814476,nan,nan,,
2,241,0.0,0,-0.9258360862731934,0.9997478723526001,nan,nan,,
2,242,0.0,0,-0.9938466548919678,-0.2942458391189575,nan,nan,,
2,243,0.0,0,0.3016943633556366,0.8419798016548157,nan,nan,,
2,244,0.0,0,-0.9931545257568359,-0.6508976221084595,nan,nan,,
2,245,0.0,0,0.7153530716896057,0.5641981959342957,nan,nan,,
2,246,0.0,0,-0.9366344213485718,0.8885615468025208,nan,nan,,
2,247,0.0,0,-0.9990402460098267,0.007375392597168684,nan,nan,,
2,248,0.0,0,0.6245155334472656,-0.2908470630645752,nan,nan,,
2,249,0.0,0,-0.7861114144325256,-0.4065283238887787,nan,nan,,
2,250,0.0,0,0.6472655534744263,0.8180744051933289,nan,nan,,
2,251,0.0,0,-0.994181215763092,0.2155388444662094,nan,nan,,
2,252,0.0,0,-0.729803740978241,0.9999431371688843,nan,nan,,
2,253,0.0,0,-0.9911894202232361,0.8261834383010864,nan,nan,,
2,254,0.0,0,-0.9974356889724731,0.4404659569263458,nan,nan,,
2,255,0.0,0,-0.9581792950630188,0.9977696537971497,nan,nan,,
2,256,0.0,0,-0.9986341595649719,-0.17546333372592926,nan,nan,,
2,257,0.0,0,0.10623443871736526,0.414169579744339,nan,nan,,
2,258,0.0,0,-0.9059613347053528,0.9494572877883911,nan,nan,,
2,259,0.0,0,-0.9987826347351074,-0.29603758454322815,nan,nan,,
2,260,0.0,0,0.1102384477853775,0.5032492876052856,nan,nan,,
2,261,0.0,0,-0.8689844012260437,0.98929762840271,nan,nan,,
2,262,0.0,0,-0.9988744258880615,-0.3417122960090637,nan,nan,,
2,263,0.0,0,-0.9708968997001648,0.9999552965164185,nan,nan,,
2,264,0.0,0,-0.9990944862365723,-0.46374279260635376,nan,nan,,
2,265,0.0,0,0.35378095507621765,0.8031582832336426,nan,nan,,
2,266,0.0,0,-0.9921256899833679,-0.22824078798294067,nan,nan,,
2,267,0.0,0,-0.14217182993888855,0.6656222939491272,nan,nan,,
2,268,0.0,0,-0.9967674016952515,-0.07391141355037689,nan,nan,,
2,269,0.0,0,-0.9629285335540771,0.9997278451919556,nan,nan,,
2,270,0.0,0,-0.9994778633117676,-0.6080387830734253,nan,nan,,
2,271,0.0,0,0.3336699903011322,0.8664133548736572,nan,nan,,
2,272,0.0,0,-0.9944033622741699,-0.4895443022251129,nan,nan,,
2,273,0.0,0,-0.3065681457519531,0.9887939691543579,nan,nan,,
2,274,0.0,0,-0.9988657236099243,-0.01085758488625288,nan,nan,,
2,275,0.0,0,-0.14384977519512177,0.6613319516181946,nan,nan,,
2,276,0.0,0,-0.9669997692108154,0.9694802165031433,nan,nan,,
2,277,0.0,0,-0.999326765537262,-0.6928308010101318,nan,nan,,
2,278,0.0,0,-0.2748735249042511,0.993206262588501,nan,nan,,
2,279,0.0,0,-0.997300922870636,-0.29081398248672485,nan,nan,,
2,280,0.0,0,-0.6433405876159668,0.9974954128265381,nan,nan,,
2,281,0.0,0,-0.9956746697425842,-0.1476011425256729,nan,nan,,
2,282,0.0,0,0.7755797505378723,0.7266643643379211,nan,nan,,
2,283,0.0,0,-0.9330840706825256,0.241781547665596,nan,nan,,
2,284,0.0,0,-0.8555912375450134,0.9994366765022278,nan,nan,,
2,285,0.0,0,-0.9896620512008667,0.20711958408355713,nan,nan,,
2,286,0.0,0,-0.9417354464530945,0.9996371865272522,nan,nan,,
2,287,0.0,0,-0.977611780166626,0.5472020506858826,nan,nan,,
2,288,0.0,0,-0.963158369064331,0.9990085959434509,nan,nan,,
2,289,0.0,0,-0.9575960636138916,0.5727015137672424,nan,nan,,
2,290,0.0,0,-0.9527414441108704,0.9952867031097412,nan,nan,,
2,291,0.0,0,-0.9323188662528992,0.5758359432220459,nan,nan,,
2,292,0.0,0,-0.9494065642356873,0.9938072562217712,nan,nan,,
2,293,0.0,0,-0.8788105249404907,0.5748392939567566,nan,nan,,
2,294,0.0,0,-0.6796420216560364,0.9357172846794128,nan,nan,,
2,295,0.0,0,-0.6821691393852234,0.3994865417480469,nan,nan,,
2,296,0.0,0,-0.994153618812561,0.9996951222419739,nan,nan,,
2,297,0.0,0,-0.7220703363418579,0.9413268566131592,nan,nan,,
2,298,0.0,0,-0.5565521121025085,0.9638381600379944,nan,nan,,
2,299,0.0,0,-0.5382007956504822,0.9887455105781555,nan,nan,,
2,300,0.0,0,-0.4657774269580841,0.9924768209457397,nan,nan,,
2,301,0.0,0,-0.5210873484611511,0.9936762452125549,nan,nan,,
2,302,0.0,0,-0.5884679555892944,0.9948943853378296,nan,nan,,
2,303,0.0,0,-0.6485463976860046,0.9960162043571472,nan,nan,,
2,304,0.0,0,-0.738002598285675,0.9946127533912659,nan,nan,,
2,305,0.0,0,-0.7501120567321777,0.9926584362983704,nan,nan,,
2,306,0.0,0,-0.6994741559028625,0.9909869432449341,nan,nan,,
2,307,0.0,0,-0.5903094410896301,0.9870204925537109,nan,nan,,
2,308,0.0,0,-0.5618013739585876,0.9733451008796692,nan,nan,,
2,309,0.0,0,-0.4367378354072571,0.9532431364059448,nan,nan,,
2,310,0.0,0,-0.25297775864601135,0.9427205324172974,nan,nan,,
2,311,0.0,0,0.13476373255252838,0.9585777521133423,nan,nan,,
2,312,0.0,0,0.9878267049789429,0.9807388186454773,nan,nan,,
2,313,0.0,0,0.9905697703361511,0.9766695499420166,nan,nan,,
2,314,0.0,0,0.991563618183136,0.9766750335693359,nan,nan,,
2,315,0.0,0,0.9931367039680481,0.9784214496612549,nan,nan,,
2,316,0.0,0,0.9933794140815735,0.9825710654258728,nan,nan,,
2,317,0.0,0,0.9868738651275635,0.9843526482582092,nan,nan,,
2,318,0.0,0,0.9732908010482788,0.9880448579788208,nan,nan,,
2,319,0.0,0,0.9592138528823853,0.9922188520431519,nan,nan,,
2,320,0.0,0,0.9260010123252869,0.9950099587440491,nan,nan,,
2,321,0.0,0,0.7581502199172974,0.9953763484954834,nan,nan,,
2,322,0.0,0,-0.15061107277870178,0.994672417640686,nan,nan,,
2,323,0.0,0,0.2662883698940277,0.96097332239151,nan,nan,,
2,324,0.0,0,-0.91280597448349,0.969804048538208,nan,nan,,
2,325,0.0,0,-0.33949679136276245,0.8821059465408325,nan,nan,,
2,326,0.0,0,-0.24735885858535767,0.8317297101020813,nan,nan,,
2,327,0.0,0,0.5096179246902466,0.7551718950271606,nan,nan,,
2,328,0.0,0,0.3218831717967987,0.8752683997154236,nan,nan,,
2,329,0.0,0,-0.3902105987071991,0.5874488353729248,nan,nan,,
2,330,0.0,0,0.9552701115608215,0.6564170122146606,nan,nan,,
2,331,0.0,0,-0.32885029911994934,0.5432179570198059,nan,nan,,
2,332,0.0,0,0.9687501192092896,0.26525193452835083,nan,nan,,
2,333,0.0,0,-0.7240635752677917,0.7937909364700317,nan,nan,,
2,334,0.0,0,0.6497917175292969,-0.9201715588569641,nan,nan,,
2,335,0.0,0,0.94679856300354,0.8487606644630432,nan,nan,,
2,336,0.0,0,0.25737687945365906,-0.5168407559394836,nan,nan,,
2,337,0.0,0,0.5459849238395691,0.8790326118469238,nan,nan,,
2,338,0.0,0,-0.5765170454978943,0.4108908474445343,nan,nan,,
2,339,0.0,0,0.9135832786560059,-0.9061810970306396,nan,nan,,
2,340,0.0,0,0.9519760012626648,0.8760316967964172,nan,nan,,
2,341,0.0,0,0.051119182258844376,-0.5406894087791443,nan,nan,,
2,342,0.0,0,0.8803759813308716,0.8908348083496094,nan,nan,,
2,343,0.0,0,-0.2043875902891159,-0.6911696791648865,nan,nan,,
2,344,0.0,0,0.9745150804519653,-0.15019921958446503,nan,nan,,
2,345,0.0,0,-0.06889404356479645,0.8377620577812195,nan,nan,,
2,346,0.0,0,-0.4342005252838135,-0.7917579412460327,nan,nan,,
2,347,0.0,0,0.9435836672782898,-0.33246174454689026,nan,nan,,
2,348,0.0,0,0.14623965322971344,0.892959475517273,nan,nan,,
2,349,0.0,0,-0.7097768187522888,0.00011830311268568039,nan,nan,,
2,350,0.0,0,0.783016562461853,-0.14236478507518768,nan,nan,,
2,351,0.0,0,-0.5246248841285706,0.8215263485908508,nan,nan,,
2,352,0.0,0,-0.5141435265541077,-0.978316605091095,nan,nan,,
2,353,0.0,0,0.9459589123725891,-0.7549857497215271,nan,nan,,
2,354,0.0,0,0.9536612033843994,0.7711479067802429,nan,nan,,
2,355,0.0,0,-0.8378372192382812,0.5625450015068054,nan,nan,,
2,356,0.0,0,0.1555538922548294,-0.985609769821167,nan,nan,,
2,357,0.0,0,0.9188876748085022,0.8710275888442993,nan,nan,,
2,358,0.0,0,-0.8637269735336304,0.08839800953865051,nan,nan,,
2,359,0.0,0,0.8408997654914856,-0.9692520499229431,nan,nan,,
2,360,0.0,0,0.9036614298820496,0.8384113311767578,nan,nan,,
2,361,0.0,0,-0.7061370611190796,-0.43789172172546387,nan,nan,,
2,362,0.0,0,0.6165812611579895,0.023877987638115883,nan,nan,,
2,363,0.0,0,0.9863156676292419,-0.5355536341667175,nan,nan,,
2,364,0.0,0,0.9111402630805969,0.11684863269329071,nan,nan,,
2,365,0.0,0,-0.7756538987159729,0.9382227063179016,nan,nan,,
2,366,0.0,0,-0.8703015446662903,-0.9151023626327515,nan,nan,,
2,367,0.0,0,0.8539279103279114,-0.9085139632225037,nan,nan,,
2,368,0.0,0,0.9121556878089905,0.6347507238388062,nan,nan,,
2,369,0.0,0,0.6780208349227905,-0.549323558807373,nan,nan,,
2,370,0.0,0,0.9764922857284546,0.3116196095943451,nan,nan,,
2,371,0.0,0,-0.6245572566986084,0.5211914777755737,nan,nan,,
2,372,0.0,0,-0.7345133423805237,0.10582513362169266,nan,nan,,
2,373,0.0,0,0.3419976234436035,-0.9587477445602417,nan,nan,,
2,374,0.0,0,0.735167920589447,0.5966243147850037,nan,nan,,
2,375,0.0,0,-0.9871357083320618,0.990387499332428,nan,nan,,
2,376,0.0,0,-0.9198969602584839,-0.8938009738922119,nan,nan,,
2,377,0.0,0,0.7032811641693115,-0.952167272567749,nan,nan,,
2,378,0.0,0,0.7046738266944885,0.5834289193153381,nan,nan,,
2,379,0.0,0,0.23798216879367828,-0.48038607835769653,nan,nan,,
2,380,0.0,0,0.9308530688285828,-0.01938590034842491,nan,nan,,
2,381,0.0,0,-0.9288528561592102,0.9794438481330872,nan,nan,,
2,382,0.0,0,-0.9253528118133545,-0.8455914258956909,nan,nan,,
2,383,0.0,0,0.46185797452926636,-0.9493982195854187,nan,nan,,
2,384,0.0,0,0.5204660296440125,0.4573066532611847,nan,nan,,
2,385,0.0,0,0.354848176240921,-0.5548641681671143,nan,nan,,
2,386,0.0,0,-0.22607089579105377,0.4957500696182251,nan,nan,,
2,387,0.0,0,-0.5748406052589417,-0.9445041418075562,nan,nan,,
2,388,0.0,0,-0.615805983543396,-0.7385292649269104,nan,nan,,
2,389,0.0,0,-0.7584160566329956,-0.6138743162155151,nan,nan,,
2,390,0.0,0,-0.2850089371204376,-0.4233129024505615,nan,nan,,
2,391,0.0,0,-0.933729350566864,0.11155787110328674,nan,nan,,
2,392,0.0,0,-0.905398964881897,0.8020800948143005,nan,nan,,
2,393,0.0,0,-0.9995580315589905,0.7666348218917847,nan,nan,,
2,394,0.0,0,-0.9986127614974976,0.8593071103096008,nan,nan,,
2,395,0.0,0,-0.9593966007232666,-0.8694722056388855,nan,nan,,
2,396,0.0,0,-0.9171213507652283,-0.6747706532478333,nan,nan,,
2,397,0.0,0,-0.9362764954566956,-0.8898720145225525,nan,nan,,
2,398,0.0,0,-0.9031557440757751,-0.38552483916282654,nan,nan,,
2,399,0.0,0,-0.9454674124717712,-0.30509132146835327,nan,nan,,
2,400,0.0,0,-0.970577597618103,-0.6335018873214722,nan,nan,,
2,401,0.0,0,-0.9893702864646912,0.5111095309257507,nan,nan,,
2,402,0.0,0,-0.9984451532363892,-0.26005983352661133,nan,nan,,
2,403,0.0,0,-0.9177778363227844,-0.6070712208747864,nan,nan,,
2,404,0.0,0,-0.9491587281227112,-0.5599881410598755,nan,nan,,
2,405,0.0,0,-0.9513360857963562,-0.5078518986701965,nan,nan,,
2,406,0.0,0,-0.9416706562042236,0.15020082890987396,nan,nan,,
2,407,0.0,0,-0.7558967471122742,-0.14172276854515076,nan,nan,,
2,408,0.0,0,-0.981344997882843,-0.10787036269903183,nan,nan,,
2,409,0.0,0,-0.9874255657196045,-0.0358903668820858,nan,nan,,
2,410,0.0,0,-0.9840524792671204,0.03594505041837692,nan,nan,,
2,411,0.0,0,-0.9805775880813599,0.14425896108150482,nan,nan,,
2,412,0.0,0,-0.971143901348114,0.10496227443218231,nan,nan,,
2,413,0.0,0,-0.9694674015045166,0.2705540359020233,nan,nan,,
2,414,0.0,0,-0.08163869380950928,-0.48302650451660156,nan,nan,,
2,415,0.0,0,-0.9843547344207764,0.812455952167511,nan,nan,,
2,416,0.0,0,-0.821723461151123,-0.47026315331459045,nan,nan,,
2,417,0.0,0,-0.9547484517097473,0.8967478275299072,nan,nan,,
2,418,0.0,0,-0.9119535088539124,0.03078940510749817,nan,nan,,
2,419,0.0,0,-0.8598904013633728,0.7480092644691467,nan,nan,,
2,420,0.0,0,-0.6411025524139404,0.22930920124053955,nan,nan,,
2,421,0.0,0,-0.7045931816101074,0.7117137908935547,nan,nan,,
2,422,0.0,0,-0.3636302649974823,0.6236825585365295,nan,nan,,
2,423,0.0,0,-0.9547610282897949,-0.2902850806713104,nan,nan,,
2,424,0.0,0,-0.9109072089195251,0.9722890853881836,nan,nan,,
2,425,0.0,0,-0.9513492584228516,0.859663188457489,nan,nan,,
2,426,0.0,0,-0.9888730645179749,0.2076161950826645,nan,nan,,
2,427,0.0,0,-0.8955753445625305,0.9670267701148987,nan,nan,,
2,428,0.0,0,-0.9691175222396851,0.8294063210487366,nan,nan,,
2,429,0.0,0,-0.9718549251556396,0.344855934381485,nan,nan,,
2,430,0.0,0,-0.9200977683067322,0.975982129573822,nan,nan,,
2,431,0.0,0,-0.9544726014137268,0.816469669342041,nan,nan,,
2,432,0.0,0,-0.9126050472259521,0.9463897347450256,nan,nan,,
2,433,0.0,0,-0.9586188197135925,0.9082534313201904,nan,nan,,
2,434,0.0,0,-0.9508422613143921,0.9164190292358398,nan,nan,,
2,435,0.0,0,-0.9553976058959961,0.9601370692253113,nan,nan,,
2,436,0.0,0,-0.9368323087692261,0.9918716549873352,nan,nan,,
2,437,0.0,0,-0.925469696521759,0.9901081919670105,nan,nan,,
2,438,0.0,0,-0.8647364377975464,0.989770770072937,nan,nan,,
2,439,0.0,0,-0.7758685350418091,0.9912490844726562,nan,nan,,
2,440,0.0,0,-0.5121639370918274,0.9821839928627014,nan,nan,,
2,441,0.0,0,-0.43703487515449524,0.945296585559845,nan,nan,,
2,442,0.0,0,-0.5353472232818604,0.8952091336250305,nan,nan,,
2,443,0.0,0,-0.8272325992584229,0.9569076895713806,nan,nan,,
2,444,0.0,0,-0.885710597038269,0.8623974323272705,nan,nan,,
2,445,0.0,0,-0.9189311265945435,0.9360195994377136,nan,nan,,
2,446,0.0,0,-0.9246019721031189,0.8847255110740662,nan,nan,,
2,447,0.0,0,-0.9448639750480652,0.9319683313369751,nan,nan,,
2,448,0.0,0,-0.9614119529724121,0.9097092747688293,nan,nan,,
2,449,0.0,0,-0.9731504321098328,0.9429369568824768,nan,nan,,
2,450,0.0,0,-0.9730852842330933,0.9573244452476501,nan,nan,,
2,451,0.0,0,-0.9704050421714783,0.9794094562530518,nan,nan,,
2,452,0.0,0,-0.9653324484825134,0.9904345870018005,nan,nan,,
2,453,0.0,0,-0.9461173415184021,0.9949860572814941,nan,nan,,
2,454,0.0,0,-0.8789393305778503,0.9978780150413513,nan,nan,,
2,455,0.0,0,-0.7038171291351318,0.9993148446083069,nan,nan,,
2,456,0.0,0,-0.4573439061641693,0.9997579455375671,nan,nan,,
2,457,0.0,0,-0.14115366339683533,0.9998959302902222,nan,nan,,
2,458,0.0,0,0.16195513308048248,0.9999501705169678,nan,nan,,
2,459,0.0,0,0.7995225191116333,0.9999445080757141,nan,nan,,
2,460,0.0,0,0.9033001661300659,0.9999530911445618,nan,nan,,
2,461,0.0,0,0.9315065145492554,0.9999428391456604,nan,nan,,
2,462,0.0,0,0.9556534886360168,0.9998772740364075,nan,nan,,
2,463,0.0,0,0.9443796277046204,0.9997667670249939,nan,nan,,
2,464,0.0,0,0.8976792097091675,0.9995124936103821,nan,nan,,
2,465,0.0,0,0.7516134977340698,0.9995095133781433,nan,nan,,
2,466,0.0,0,-0.10423494130373001,0.9996541738510132,nan,nan,,
2,467,0.0,0,-0.8604549169540405,0.9900674223899841,nan,nan,,
2,468,0.0,0,-0.8550771474838257,0.9736067652702332,nan,nan,,
2,469,0.0,0,-0.8764362931251526,0.8830825090408325,nan,nan,,
2,470,0.0,0,-0.8728766441345215,0.7721716165542603,nan,nan,,
2,471,0.0,0,-0.7761451005935669,0.849134087562561,nan,nan,,
2,472,0.0,0,-0.8567904829978943,0.7158704400062561,nan,nan,,
2,473,0.0,0,-0.8363886475563049,0.7689802646636963,nan,nan,,
2,474,0.0,0,-0.8901620507240295,0.7073349952697754,nan,nan,,
2,475,0.0,0,-0.5918434262275696,-0.8991354703903198,nan,nan,,
2,476,0.0,0,-0.04911617189645767,0.9992908835411072,nan,nan,,
2,477,0.0,0,-0.9806495904922485,0.24461869895458221,nan,nan,,
2,478,0.0,0,-0.7668097615242004,0.9980592131614685,nan,nan,,
2,479,0.0,0,-0.9855746030807495,-0.5008299946784973,nan,nan,,
2,480,0.0,0,0.6385033130645752,0.6634063720703125,nan,nan,,
2,481,0.0,0,-0.7484880685806274,0.9583756923675537,nan,nan,,
2,482,0.0,0,-0.9838050603866577,-0.7659991383552551,nan,nan,,
2,483,0.0,0,-0.03276502341032028,0.9775882363319397,nan,nan,,
2,484,0.0,0,-0.9868696928024292,-0.20337918400764465,nan,nan,,
2,485,0.0,0,0.8777015805244446,-0.9295942187309265,nan,nan,,
2,486,0.0,0,0.8806377053260803,0.999671220779419,nan,nan,,
2,487,0.0,0,-0.8725146651268005,0.9953292608261108,nan,nan,,
2,488,0.0,0,-0.9770631790161133,-0.2797304093837738,nan,nan,,
2,489,0.0,0,-0.7257255911827087,0.9966925978660583,nan,nan,,
2,490,0.0,0,-0.9792457222938538,-0.21351255476474762,nan,nan,,
2,491,0.0,0,0.9125635623931885,-0.9481425881385803,nan,nan,,
2,492,0.0,0,0.8903023600578308,0.9983004331588745,nan,nan,,
2,493,0.0,0,-0.8504576086997986,0.9849407076835632,nan,nan,,
2,494,0.0,0,-0.9767221212387085,0.169163778424263,nan,nan,,
2,495,0.0,0,-0.42451998591423035,0.9858269095420837,nan,nan,,
2,496,0.0,0,-0.9863067865371704,-0.3199334442615509,nan,nan,,
2,497,0.0,0,-0.721920371055603,0.9951028823852539,nan,nan,,
2,498,0.0,0,-0.9891663789749146,-0.22128280997276306,nan,nan,,
2,499,0.0,0,0.8747285604476929,-0.9778965711593628,nan,nan,,
2,500,0.0,0,0.7018341422080994,0.9007623195648193,nan,nan,,
2,501,0.0,0,-0.8593486547470093,0.8488141298294067,nan,nan,,
2,502,0.0,0,-0.9719864726066589,0.29205477237701416,nan,nan,,
2,503,0.0,0,-0.5171076655387878,0.9744102358818054,nan,nan,,
2,504,0.0,0,-0.9969369769096375,0.41603776812553406,nan,nan,,
2,505,0.0,0,-0.7966614365577698,0.7136186361312866,nan,nan,,
2,506,0.0,0,-0.9520121216773987,-0.5492774248123169,nan,nan,,
2,507,0.0,0,-0.5221039056777954,0.9972106218338013,nan,nan,,
2,508,0.0,0,-0.9907571077346802,0.2998470067977905,nan,nan,,
2,509,0.0,0,0.7935792207717896,-0.9307335019111633,nan,nan,,
2,510,0.0,0,0.5504812002182007,-0.00325530837289989,nan,nan,,
2,511,0.0,0,0.9363583922386169,0.9998071789741516,nan,nan,,
2,512,0.0,0,-0.6251588463783264,0.2730870544910431,nan,nan,,
2,513,0.0,0,0.6190690994262695,0.9990907907485962,nan,nan,,
2,514,0.0,0,-0.7332156300544739,0.14125113189220428,nan,nan,,
2,515,0.0,0,0.5100634694099426,0.9992570281028748,nan,nan,,
2,516,0.0,0,-0.8103770017623901,0.30431804060935974,nan,nan,,
2,517,0.0,0,0.8713433146476746,0.36552560329437256,nan,nan,,
2,518,0.0,0,0.7599470615386963,0.983592689037323,nan,nan,,
2,519,0.0,0,-0.9041975736618042,0.5753739476203918,nan,nan,,
2,520,0.0,0,0.3861692249774933,0.999512255191803,nan,nan,,
2,521,0.0,0,-0.9689175486564636,0.29744449257850647,nan,nan,,
2,522,0.0,0,-0.17247740924358368,0.9993988871574402,nan,nan,,
2,523,0.0,0,-0.9570592045783997,0.9813330769538879,nan,nan,,
2,524,0.0,0,-0.9859828352928162,0.8845574855804443,nan,nan,,
2,525,0.0,0,-0.9974115490913391,0.7664937973022461,nan,nan,,
2,526,0.0,0,-0.9800457954406738,0.5848026275634766,nan,nan,,
2,527,0.0,0,-0.9657605886459351,0.9168040156364441,nan,nan,,
2,528,0.0,0,-0.9957159757614136,-0.1471351832151413,nan,nan,,
2,529,0.0,0,-0.25350281596183777,0.3156597912311554,nan,nan,,
2,530,0.0,0,-0.930356502532959,0.9918477535247803,nan,nan,,
2,531,0.0,0,-0.9959823489189148,-0.3640379309654236,nan,nan,,
2,532,0.0,0,-0.8517784476280212,0.9999215602874756,nan,nan,,
2,533,0.0,0,-0.9295969605445862,0.7375998497009277,nan,nan,,
2,534,0.0,0,-0.9150110483169556,0.9330134987831116,nan,nan,,
2,535,0.0,0,-0.9152659177780151,0.792534589767456,nan,nan,,
2,536,0.0,0,-0.9612431526184082,0.9773682355880737,nan,nan,,
2,537,0.0,0,-0.9212779998779297,0.9272959232330322,nan,nan,,
2,538,0.0,0,-0.6831561923027039,0.9257084727287292,nan,nan,,
2,539,0.0,0,-0.6905649304389954,0.9669036865234375,nan,nan,,
2,540,0.0,0,-0.6975443363189697,0.9857957363128662,nan,nan,,
2,541,0.0,0,-0.8309932947158813,0.9527115225791931,nan,nan,,
2,542,0.0,0,-0.97501540184021,0.9326105713844299,nan,nan,,
2,543,0.0,0,-0.9992959499359131,0.9414577484130859,nan,nan,,
2,544,0.0,0,-0.9998531341552734,0.13163228332996368,nan,nan,,
2,545,0.0,0,-0.9999262094497681,0.9980325102806091,nan,nan,,
2,546,0.0,0,-0.9993160367012024,-0.8165712952613831,nan,nan,,
2,547,0.0,0,-0.9857404828071594,0.8840466141700745,nan,nan,,
2,548,0.0,0,-0.9989725947380066,-0.8984944820404053,nan,nan,,
2,549,0.0,0,-0.974490225315094,0.8789246082305908,nan,nan,,
2,550,0.0,0,-0.998484194278717,-0.9027217626571655,nan,nan,,
2,551,0.0,0,-0.9140849113464355,0.6681047081947327,nan,nan,,
2,552,0.0,0,-0.9630264639854431,-0.847396194934845,nan,nan,,
2,553,0.0,0,-0.6064141988754272,0.055097028613090515,nan,nan,,
2,554,0.0,0,-0.9993757009506226,0.9987529516220093,nan,nan,,
2,555,0.0,0,-0.9894661903381348,-0.8732501268386841,nan,nan,,
2,556,0.0,0,-0.21700753271579742,-0.20050327479839325,nan,nan,,
2,557,0.0,0,0.7821661829948425,0.7503021359443665,nan,nan,,
2,558,0.0,0,-0.8961858153343201,0.5302627086639404,nan,nan,,
2,559,0.0,0,0.6342688798904419,0.8003419637680054,nan,nan,,
2,560,0.0,0,-0.9510976076126099,0.21606184542179108,nan,nan,,
2,561,0.0,0,-0.9997243881225586,0.9938379526138306,nan,nan,,
2,562,0.0,0,-0.9866413474082947,-0.9888110756874084,nan,nan,,
2,563,0.0,0,-0.8304969072341919,0.47794750332832336,nan,nan,,
2,564,0.0,0,-0.9992148876190186,-0.11859885603189468,nan,nan,,
2,565,0.0,0,-0.9996950030326843,0.9942400455474854,nan,nan,,
2,566,0.0,0,-0.979339063167572,-0.9942727088928223,nan,nan,,
2,567,0.0,0,-0.8103429675102234,0.5273269414901733,nan,nan,,
2,568,0.0,0,-0.998786985874176,-0.7360936999320984,nan,nan,,
2,569,0.0,0,-0.5237703919410706,0.01730351708829403,nan,nan,,
2,570,0.0,0,0.7294334173202515,0.8128412365913391,nan,nan,,
2,571,0.0,0,-0.9604211449623108,-0.6116834878921509,nan,nan,,
2,572,0.0,0,-0.996106743812561,0.9768196940422058,nan,nan,,
2,573,0.0,0,-0.9753029346466064,-0.9982177019119263,nan,nan,,
2,574,0.0,0,-0.8096886277198792,0.49537909030914307,nan,nan,,
2,575,0.0,0,-0.9141725897789001,-0.9947672486305237,nan,nan,,
2,576,0.0,0,-0.6693762540817261,0.19574615359306335,nan,nan,,
2,577,0.0,0,-0.9994239211082458,-0.7737680077552795,nan,nan,,
2,578,0.0,0,-0.6049008965492249,0.322041392326355,nan,nan,,
2,579,0.0,0,-0.9991939067840576,-0.48253437876701355,nan,nan,,
2,580,0.0,0,0.6988915801048279,0.2899725139141083,nan,nan,,
2,581,0.0,0,0.2888692319393158,0.9597948789596558,nan,nan,,
2,582,0.0,0,-0.9874501824378967,-0.6883132457733154,nan,nan,,
2,583,0.0,0,-0.7698969841003418,-0.46924740076065063,nan,nan,,
2,584,0.0,0,0.9319145679473877,0.1659030318260193,nan,nan,,
2,585,0.0,0,-0.3529936373233795,0.9618116617202759,nan,nan,,
2,586,0.0,0,-0.9339261054992676,-0.9995085000991821,nan,nan,,
2,587,0.0,0,-0.8945266008377075,-0.44175034761428833,nan,nan,,
2,588,0.0,0,0.899467408657074,-0.41620227694511414,nan,nan,,
2,589,0.0,0,-0.9993321299552917,0.5909280776977539,nan,nan,,
2,590,0.0,0,0.8728808760643005,-0.9577064514160156,nan,nan,,
2,591,0.0,0,-0.0008519086986780167,-0.9217897057533264,nan,nan,,
2,592,0.0,0,-0.7349557876586914,-0.9675322771072388,nan,nan,,
2,593,0.0,0,-0.9003946185112,-0.890383243560791,nan,nan,,
2,594,0.0,0,-0.9686894416809082,-0.8436160087585449,nan,nan,,
2,595,0.0,0,-0.6185791492462158,-0.9796112179756165,nan,nan,,
2,596,0.0,0,-0.8646627068519592,-0.977592408657074,nan,nan,,
2,597,0.0,0,-0.8645710945129395,-0.9847512245178223,nan,nan,,
2,598,0.0,0,-0.8392593264579773,-0.985310971736908,nan,nan,,
2,599,0.0,0,-0.8947768211364746,-0.9831534624099731,nan,nan,,
2,600,0.0,0,-0.944828987121582,-0.9864107966423035,nan,nan,,
2,601,0.0,0,-0.9772501587867737,-0.9898252487182617,nan,nan,,
2,602,0.0,0,-0.9923961758613586,-0.990780770778656,nan,nan,,
2,603,0.0,0,-0.9967787265777588,-0.990189254283905,nan,nan,,
2,604,0.0,0,-0.9910634160041809,-0.9904868602752686,nan,nan,,
2,605,0.0,0,-0.9880021810531616,-0.9974146485328674,nan,nan,,
2,606,0.0,0,-0.9850646257400513,-0.9994836449623108,nan,nan,,
2,607,0.0,0,-0.9801774621009827,-0.9985379576683044,nan,nan,,
2,608,0.0,0,-0.9215601682662964,-0.9961485862731934,nan,nan,,
2,609,0.0,0,0.22292061150074005,-0.9938492178916931,nan,nan,,
2,610,0.0,0,-0.07466782629489899,-0.9836085438728333,nan,nan,,
2,611,0.0,0,0.4651941657066345,-0.8977385759353638,nan,nan,,
2,612,0.0,0,0.8317594528198242,-0.968087911605835,nan,nan,,
2,613,0.0,0,0.8574223518371582,-0.9552021026611328,nan,nan,,
2,614,0.0,0,0.8779810667037964,-0.945525050163269,nan,nan,,
2,615,0.0,0,0.9053885340690613,-0.9212401509284973,nan,nan,,
2,616,0.0,0,0.8933125138282776,-0.8643764853477478,nan,nan,,
2,617,0.0,0,0.8637561798095703,-0.8053640127182007,nan,nan,,
2,618,0.0,0,0.8127581477165222,-0.6275296807289124,nan,nan,,
2,619,0.0,0,0.7073811888694763,-0.5166068077087402,nan,nan,,
2,620,0.0,0,0.5741763710975647,-0.5253965854644775,nan,nan,,
2,621,0.0,0,0.3423991799354553,-0.659943163394928,nan,nan,,
2,622,0.0,0,0.8539839386940002,-0.9398783445358276,nan,nan,,
2,623,0.0,0,0.6334210634231567,-0.9810433387756348,nan,nan,,
2,624,0.0,0,0.2478344887495041,-0.9740540981292725,nan,nan,,
2,625,0.0,0,0.29333895444869995,-0.9752886295318604,nan,nan,,
2,626,0.0,0,0.2554800510406494,-0.9813395738601685,nan,nan,,
2,627,0.0,0,0.2908956706523895,-0.985053539276123,nan,nan,,
2,628,0.0,0,0.41183143854141235,-0.9894676804542542,nan,nan,,
2,629,0.0,0,0.4466819167137146,-0.9876522421836853,nan,nan,,
2,630,0.0,0,0.6639032959938049,-0.9872853755950928,nan,nan,,
2,631,0.0,0,0.8204084038734436,-0.9902804493904114,nan,nan,,
2,632,0.0,0,0.8880941271781921,-0.9936421513557434,nan,nan,,
2,633,0.0,0,0.9013941287994385,-0.9942994713783264,nan,nan,,
2,634,0.0,0,0.964448869228363,-0.9937669038772583,nan,nan,,
2,635,0.0,0,0.9876955151557922,-0.9896695613861084,nan,nan,,
2,636,0.0,0,0.9950100779533386,-0.9895889163017273,nan,nan,,
2,637,0.0,0,0.9982514381408691,-0.9907793402671814,nan,nan,,
2,638,0.0,0,0.9986389875411987,-0.9910889863967896,nan,nan,,
2,639,0.0,0,0.997704803943634,-0.9897294044494629,nan,nan,,
2,640,0.0,0,0.995468258857727,-0.9860302805900574,nan,nan,,
2,641,0.0,0,0.9940332770347595,-0.9756411910057068,nan,nan,,
2,642,0.0,0,0.9926251173019409,-0.9625787138938904,nan,nan,,
2,643,0.0,0,0.9951421618461609,-0.9276996850967407,nan,nan,,
2,644,0.0,0,0.994717538356781,-0.8923749327659607,nan,nan,,
2,645,0.0,0,0.9944483041763306,-0.8070520758628845,nan,nan,,
2,646,0.0,0,0.9931902289390564,-0.44549623131752014,nan,nan,,
2,647,0.0,0,0.9546870589256287,-0.6586397290229797,nan,nan,,
2,648,0.0,0,0.9690005779266357,-0.48085343837738037,nan,nan,,
2,649,0.0,0,0.8898594379425049,0.13283571600914001,nan,nan,,
2,650,0.0,0,0.7904537320137024,0.5791211128234863,nan,nan,,
2,651,0.0,0,0.9136266112327576,-0.8105220198631287,nan,nan,,
2,652,0.0,0,0.9863632321357727,-0.7051030993461609,nan,nan,,
2,653,0.0,0,0.9752615094184875,-0.6007979512214661,nan,nan,,
2,654,0.0,0,0.9756370782852173,-0.48978614807128906,nan,nan,,
2,655,0.0,0,0.813325047492981,0.7782912254333496,nan,nan,,
2,656,0.0,0,0.80707848072052,0.19547362625598907,nan,nan,,
2,657,0.0,0,0.9615471959114075,-0.6954523324966431,nan,nan,,
2,658,0.0,0,0.9509131908416748,0.094397634267807,nan,nan,,
2,659,0.0,0,0.7156996130943298,0.9078952670097351,nan,nan,,
2,660,0.0,0,0.7159852981567383,-0.6152000427246094,nan,nan,,
2,661,0.0,0,0.9699923992156982,0.19815734028816223,nan,nan,,
2,662,0.0,0,0.9596169590950012,-0.7788706421852112,nan,nan,,
2,663,0.0,0,0.9626059532165527,-0.12272600829601288,nan,nan,,
2,664,0.0,0,0.7844005823135376,0.7438015341758728,nan,nan,,
2,665,0.0,0,0.9114506244659424,-0.2432856261730194,nan,nan,,
2,666,0.0,0,0.9657086133956909,0.41521763801574707,nan,nan,,
2,667,0.0,0,0.9439306855201721,-0.748465895652771,nan,nan,,
2,668,0.0,0,0.8008002638816833,-0.8393628001213074,nan,nan,,
2,669,0.0,0,0.10523296147584915,-0.7292762994766235,nan,nan,,
2,670,0.0,0,-0.7490505576133728,-0.7991544604301453,nan,nan,,
2,671,0.0,0,-0.9575662016868591,-0.8997347950935364,nan,nan,,
2,672,0.0,0,-0.9812003970146179,-0.7875645756721497,nan,nan,,
2,673,0.0,0,-0.9955599904060364,-0.6337100267410278,nan,nan,,
2,674,0.0,0,-0.9278236627578735,-0.7354163527488708,nan,nan,,
2,675,0.0,0,-0.9991828799247742,-0.3961006999015808,nan,nan,,
2,676,0.0,0,-0.9361414909362793,-0.2248319834470749,nan,nan,,
2,677,0.0,0,-0.9762285351753235,-0.1309729665517807,nan,nan,,
2,678,0.0,0,-0.9770099520683289,0.024913866072893143,nan,nan,,
2,679,0.0,0,-0.9713869094848633,0.14325372874736786,nan,nan,,
2,680,0.0,0,-0.9866198301315308,-0.0270188357681036,nan,nan,,
2,681,0.0,0,-0.999789834022522,0.4535561203956604,nan,nan,,
2,682,0.0,0,-0.9990466237068176,0.4904603660106659,nan,nan,,
2,683,0.0,0,-0.9994134306907654,0.5448360443115234,nan,nan,,
2,684,0.0,0,-0.9999514222145081,0.49737584590911865,nan,nan,,
2,685,0.0,0,-0.9992223978042603,0.6193264722824097,nan,nan,,
2,686,0.0,0,-0.9998854398727417,0.6862954497337341,nan,nan,,
2,687,0.0,0,-0.9999950528144836,0.5021729469299316,nan,nan,,
2,688,0.0,0,-0.9999265074729919,0.3158361613750458,nan,nan,,
2,689,0.0,0,-0.9998956918716431,0.2050795704126358,nan,nan,,
2,690,0.0,0,-0.9998595714569092,0.05800861120223999,nan,nan,,
2,691,0.0,0,-0.9997891783714294,-0.015529170632362366,nan,nan,,
2,692,0.0,0,-0.999732255935669,-0.049304720014333725,nan,nan,,
2,693,0.0,0,-0.9996475577354431,-0.03221655264496803,nan,nan,,
2,694,0.0,0,-0.9995678663253784,-0.06090182811021805,nan,nan,,
2,695,0.0,0,-0.9994763135910034,-0.12013178318738937,nan,nan,,
2,696,0.0,0,-0.9992799758911133,-0.09933678805828094,nan,nan,,
2,697,0.0,0,-0.9992195963859558,-0.030918942764401436,nan,nan,,
2,698,0.0,0,-0.9992272257804871,0.008149013854563236,nan,nan,,
2,699,0.0,0,-0.999218761920929,0.09222232550382614,nan,nan,,
3,0,0.0,0,-0.7091113924980164,-0.9140034317970276,nan,nan,,
3,1,0.0,0,0.09728427976369858,-0.9815555810928345,nan,nan,,
3,2,0.0,0,-0.47004327178001404,-0.9947001934051514,nan,nan,,
3,3,0.0,0,0.3528529703617096,-0.9591994881629944,nan,nan,,
3,4,0.0,0,-0.08220238238573074,-0.9860029816627502,nan,nan,,
3,5,0.0,0,0.4645891785621643,-0.9312615394592285,nan,nan,,
3,6,0.0,0,0.30986273288726807,-0.9519261121749878,nan,nan,,
3,7,0.0,0,0.5840554237365723,-0.9407564401626587,nan,nan,,
3,8,0.0,0,0.7453639507293701,-0.9387744069099426,nan,nan,,
3,9,0.0,0,0.8321371674537659,-0.881816565990448,nan,nan,,
3,10,0.0,0,0.7760685086250305,-0.8037299513816833,nan,nan,,
3,11,0.0,0,0.8737543821334839,-0.41030794382095337,nan,nan,,
3,12,0.0,0,0.2679319381713867,-0.9149410724639893,nan,nan,,
3,13,0.0,0,0.8412158489227295,-0.26987290382385254,nan,nan,,
3,14,0.0,0,-0.6174553036689758,-0.9728584885597229,nan,nan,,
3,15,0.0,0,0.2306041121482849,0.18631406128406525,nan,nan,,
3,16,0.0,0,0.990720272064209,0.6360481381416321,nan,nan,,
3,17,0.0,0,-0.7101313471794128,-0.8041411638259888,nan,nan,,
3,18,0.0,0,-0.1960594207048416,-0.5452902913093567,nan,nan,,
3,19,0.0,0,-0.7400699853897095,-0.9825724959373474,nan,nan,,
3,20,0.0,0,-0.6579281091690063,0.12087004631757736,nan,nan,,
3,21,0.0,0,0.19888900220394135,-0.9077672958374023,nan,nan,,
3,22,0.0,0,-0.7383460402488708,0.06879661232233047,nan,nan,,
3,23,0.0,0,-0.21909841895103455,-0.8751984238624573,nan,nan,,
3,24,0.0,0,-0.9592021107673645,-0.5612775683403015,nan,nan,,
3,25,0.0,0,-0.961462140083313,-0.9610503315925598,nan,nan,,
3,26,0.0,0,-0.9828630089759827,-0.4541516602039337,nan,nan,,
3,27,0.0,0,-0.9769166707992554,-0.9740901589393616,nan,nan,,
3,28,0.0,0,-0.9897780418395996,-0.6744239330291748,nan,nan,,
3,29,0.0,0,-0.9931248426437378,0.8538426756858826,nan,nan,,
3,30,0.0,0,-0.9988598823547363,-0.8843134045600891,nan,nan,,
3,31,0.0,0,-0.9935514330863953,-0.803167462348938,nan,nan,,
3,32,0.0,0,-0.9942808151245117,-0.92364501953125,nan,nan,,
3,33,0.0,0,-0.997373104095459,-0.826190173625946,nan,nan,,
3,34,0.0,0,-0.9966320991516113,-0.9770135283470154,nan,nan,,
3,35,0.0,0,-0.9978247880935669,-0.9422674179077148,nan,nan,,
3,36,0.0,0,-0.9968982338905334,-0.9585285782814026,nan,nan,,
3,37,0.0,0,-0.9956247806549072,-0.9616727828979492,nan,nan,,
3,38,0.0,0,-0.9922125339508057,-0.9688778519630432,nan,nan,,
3,39,0.0,0,-0.9836298227310181,-0.9735618233680725,nan,nan,,
3,40,0.0,0,-0.9618371725082397,-0.9817116260528564,nan,nan,,
3,41,0.0,0,-0.9333840012550354,-0.9821051359176636,nan,nan,,
3,42,0.0,0,-0.9079594016075134,-0.9847678542137146,nan,nan,,
3,43,0.0,0,-0.8613012433052063,-0.986850917339325,nan,nan,,
3,44,0.0,0,-0.8008403182029724,-0.9828478097915649,nan,nan,,
3,45,0.0,0,-0.7677188515663147,-0.9347878694534302,nan,nan,,
3,46,0.0,0,-0.7305173277854919,-0.6897671222686768,nan,nan,,
3,47,0.0,0,-0.6039738655090332,-0.7953513264656067,nan,nan,,
3,48,0.0,0,-0.4412434697151184,-0.7425984144210815,nan,nan,,
3,49,0.0,0,-0.20328085124492645,-0.6840786337852478,nan,nan,,
3,50,0.0,0,-0.03257874771952629,-0.5300355553627014,nan,nan,,
3,51,0.0,0,0.021533966064453125,-0.5343827605247498,nan,nan,,
3,52,0.0,0,-0.35471880435943604,-0.08306118100881577,nan,nan,,
3,53,0.0,0,0.30103036761283875,0.012808653526008129,nan,nan,,
3,54,0.0,0,-0.0689295157790184,-0.7938679456710815,nan,nan,,
3,55,0.0,0,-0.18042850494384766,0.6501879692077637,nan,nan,,
3,56,0.0,0,-0.3360816240310669,-0.7963424921035767,nan,nan,,
3,57,0.0,0,0.008168268017470837,0.4093547761440277,nan,nan,,
3,58,0.0,0,0.5077113509178162,0.03823423013091087,nan,nan,,
3,59,0.0,0,0.7217819690704346,-0.03206619247794151,nan,nan,,
3,60,0.0,0,0.787827730178833,0.2968937158584595,nan,nan,,
3,61,0.0,0,0.33667463064193726,0.027346991002559662,nan,nan,,
3,62,0.0,0,0.4811948835849762,-0.36683887243270874,nan,nan,,
3,63,0.0,0,0.8946800827980042,0.6793763637542725,nan,nan,,
3,64,0.0,0,0.2122156322002411,0.761681079864502,nan,nan,,
3,65,0.0,0,0.20338058471679688,0.6727468967437744,nan,nan,,
3,66,0.0,0,-0.5621772408485413,0.8756833672523499,nan,nan,,
3,67,0.0,0,0.7545871138572693,-0.5674667954444885,nan,nan,,
3,68,0.0,0,0.7597570419311523,-0.8169374465942383,nan,nan,,
3,69,0.0,0,-0.5080965161323547,-0.49779772758483887,nan,nan,,
3,70,0.0,0,-0.8022580742835999,0.9151288866996765,nan,nan,,
3,71,0.0,0,0.873598575592041,-0.8939926028251648,nan,nan,,
3,72,0.0,0,-0.38192498683929443,-0.5750631093978882,nan,nan,,
3,73,0.0,0,-0.8053677678108215,0.8575974702835083,nan,nan,,
3,74,0.0,0,0.8111876249313354,-0.9424141645431519,nan,nan,,
3,75,0.0,0,-0.24221022427082062,-0.5524402856826782,nan,nan,,
3,76,0.0,0,-0.4903605282306671,-0.6174766421318054,nan,nan,,
3,77,0.0,0,-0.765977144241333,0.9379984736442566,nan,nan,,
3,78,0.0,0,0.742680013179779,-0.9139869809150696,nan,nan,,
3,79,0.0,0,0.13418813049793243,-0.6336685419082642,nan,nan,,
3,80,0.0,0,0.4823223948478699,-0.7307767271995544,nan,nan,,
3,81,0.0,0,0.6900895833969116,-0.77376788854599,nan,nan,,
3,82,0.0,0,0.8743427395820618,0.9729033708572388,nan,nan,,
3,83,0.0,0,0.9699066877365112,0.2085646688938141,nan,nan,,
3,84,0.0,0,0.986398458480835,0.15787409245967865,nan,nan,,
3,85,0.0,0,0.9874191880226135,0.1481923609972,nan,nan,,
3,86,0.0,0,0.9881861805915833,0.14179524779319763,nan,nan,,
3,87,0.0,0,0.989382266998291,0.10110672563314438,nan,nan,,
3,88,0.0,0,0.9901450872421265,0.05295330286026001,nan,nan,,
3,89,0.0,0,0.9905984401702881,-0.018580306321382523,nan,nan,,
3,90,0.0,0,0.9909880757331848,-0.09040526300668716,nan,nan,,
3,91,0.0,0,0.9912306666374207,-0.1560988575220108,nan,nan,,
3,92,0.0,0,0.769951343536377,0.7080584168434143,nan,nan,,
3,93,0.0,0,0.9912355542182922,0.3233393728733063,nan,nan,,
3,94,0.0,0,0.9899564981460571,-0.16277100145816803,nan,nan,,
3,95,0.0,0,0.9913968443870544,-0.5742671489715576,nan,nan,,
3,96,0.0,0,0.9868777394294739,0.6324559450149536,nan,nan,,
3,97,0.0,0,0.842602550983429,0.8522823452949524,nan,nan,,
3,98,0.0,0,0.8271995186805725,0.7475464940071106,nan,nan,,
3,99,0.0,0,0.5066303014755249,0.8812029957771301,nan,nan,,
3,100,0.0,0,0.6743665337562561,0.9335034489631653,nan,nan,,
3,101,0.0,0,0.20384450256824493,0.9196761846542358,nan,nan,,
3,102,0.0,0,0.06279800087213516,0.9090678095817566,nan,nan,,
3,103,0.0,0,-0.14366619288921356,0.8796480298042297,nan,nan,,
3,104,0.0,0,-0.7291650176048279,0.12779153883457184,nan,nan,,
3,105,0.0,0,0.9249098300933838,-0.9991962313652039,nan,nan,,
3,106,0.0,0,-0.6512479186058044,0.9882985949516296,nan,nan,,
3,107,0.0,0,-0.6512513160705566,0.022855611518025398,nan,nan,,
3,108,0.0,0,0.8948684930801392,-0.9988150596618652,nan,nan,,
3,109,0.0,0,-0.700873613357544,0.9798925518989563,nan,nan,,
3,110,0.0,0,-0.5113400816917419,-0.055522188544273376,nan,nan,,
3,111,0.0,0,-0.8334853649139404,0.9841187000274658,nan,nan,,
3,112,0.0,0,-0.5805467963218689,-0.22000752389431,nan,nan,,
3,113,0.0,0,-0.891717255115509,0.979963481426239,nan,nan,,
3,114,0.0,0,-0.6751864552497864,-0.5660789608955383,nan,nan,,
3,115,0.0,0,-0.8633273839950562,-0.5592418909072876,nan,nan,,
3,116,0.0,0,-0.6092361807823181,-0.8668286204338074,nan,nan,,
3,117,0.0,0,-0.8763826489448547,0.3074394464492798,nan,nan,,
3,118,0.0,0,-0.7050954103469849,0.9901801347732544,nan,nan,,
3,119,0.0,0,0.16167756915092468,-0.639655351638794,nan,nan,,
3,120,0.0,0,-0.8459771275520325,0.6094805002212524,nan,nan,,
3,121,0.0,0,-0.31233230233192444,-0.9543242454528809,nan,nan,,
3,122,0.0,0,-0.8118295669555664,0.2061302661895752,nan,nan,,
3,123,0.0,0,0.18161292374134064,-0.9902516603469849,nan,nan,,
3,124,0.0,0,-0.7390896081924438,0.018233517184853554,nan,nan,,
3,125,0.0,0,0.22615651786327362,-0.9845514297485352,nan,nan,,
3,126,0.0,0,-0.6841788291931152,-0.21343472599983215,nan,nan,,
3,127,0.0,0,-0.729798436164856,0.9773950576782227,nan,nan,,
3,128,0.0,0,0.8060173988342285,-0.8392919898033142,nan,nan,,
3,129,0.0,0,-0.6655867695808411,-0.14381274580955505,nan,nan,,
3,130,0.0,0,-0.7005862593650818,0.9823057055473328,nan,nan,,
3,131,0.0,0,0.7794455885887146,-0.8257789611816406,nan,nan,,
3,132,0.0,0,-0.653667688369751,-0.07330481708049774,nan,nan,,
3,133,0.0,0,-0.591050922870636,0.9833869934082031,nan,nan,,
3,134,0.0,0,0.7277953028678894,-0.794209897518158,nan,nan,,
3,135,0.0,0,-0.5432454347610474,-0.5166689157485962,nan,nan,,
3,136,0.0,0,-0.33950018882751465,-0.8172609210014343,nan,nan,,
3,137,0.0,0,-0.45493078231811523,-0.3931117653846741,nan,nan,,
3,138,0.0,0,-0.669480562210083,0.7924035787582397,nan,nan,,
3,139,0.0,0,0.8898526430130005,0.018720902502536774,nan,nan,,
3,140,0.0,0,0.7977349758148193,-0.4517388641834259,nan,nan,,
3,141,0.0,0,-0.6342355012893677,0.13370470702648163,nan,nan,,
3,142,0.0,0,-0.425959974527359,0.9509459137916565,nan,nan,,
3,143,0.0,0,0.8835909962654114,-0.923231840133667,nan,nan,,
3,144,0.0,0,-0.42466676235198975,-0.7619732022285461,nan,nan,,
3,145,0.0,0,-0.411760151386261,-0.5919749736785889,nan,nan,,
3,146,0.0,0,-0.5551695823669434,-0.02740270271897316,nan,nan,,
3,147,0.0,0,0.10705558210611343,-0.8831350803375244,nan,nan,,
3,148,0.0,0,-0.24411998689174652,-0.8683395981788635,nan,nan,,
3,149,0.0,0,-0.45273256301879883,-0.7194386720657349,nan,nan,,
3,150,0.0,0,-0.6128544807434082,-0.4683435261249542,nan,nan,,
3,151,0.0,0,-0.2645924687385559,-0.09263120591640472,nan,nan,,
3,152,0.0,0,-0.440340131521225,-0.5428000092506409,nan,nan,,
3,153,0.0,0,-0.2665247619152069,0.009628403931856155,nan,nan,,
3,154,0.0,0,-0.36931073665618896,0.4009421169757843,nan,nan,,
3,155,0.0,0,0.10016699880361557,-0.7065644860267639,nan,nan,,
3,156,0.0,0,0.4178793728351593,-0.5652529001235962,nan,nan,,
3,157,0.0,0,0.5893316268920898,-0.7321754693984985,nan,nan,,
3,158,0.0,0,0.6730802655220032,-0.6370533108711243,nan,nan,,
3,159,0.0,0,0.7459774017333984,-0.9516293406486511,nan,nan,,
3,160,0.0,0,0.8234040141105652,-0.19076289236545563,nan,nan,,
3,161,0.0,0,0.9554009437561035,-0.8228858709335327,nan,nan,,
3,162,0.0,0,0.9925644397735596,0.7726452946662903,nan,nan,,
3,163,0.0,0,0.9970136880874634,-0.4876325726509094,nan,nan,,
3,164,0.0,0,0.9808793663978577,-0.8086654543876648,nan,nan,,
3,165,0.0,0,0.9935092329978943,0.8371601104736328,nan,nan,,
3,166,0.0,0,0.9983308911323547,-0.47491899132728577,nan,nan,,
3,167,0.0,0,0.9985798001289368,-0.5351051688194275,nan,nan,,
3,168,0.0,0,0.9988542795181274,-0.36641958355903625,nan,nan,,
3,169,0.0,0,0.9986627697944641,-0.5247153043746948,nan,nan,,
3,170,0.0,0,0.9990273118019104,0.06669292598962784,nan,nan,,
3,171,0.0,0,0.9979090690612793,-0.8009674549102783,nan,nan,,
3,172,0.0,0,0.99940025806427,0.930587649345398,nan,nan,,
3,173,0.0,0,0.999112069606781,-0.2943114936351776,nan,nan,,
3,174,0.0,0,0.9995962381362915,0.8328437805175781,nan,nan,,
3,175,0.0,0,0.9994007349014282,-0.3481629192829132,nan,nan,,
3,176,0.0,0,0.9993224740028381,-0.448148638010025,nan,nan,,
3,177,0.0,0,0.9995006918907166,0.0006462362362071872,nan,nan,,
3,178,0.0,0,0.9989281296730042,-0.8381491899490356,nan,nan,,
3,179,0.0,0,0.9996875524520874,0.9189533591270447,nan,nan,,
3,180,0.0,0,0.9994177222251892,-0.4021536409854889,nan,nan,,
3,181,0.0,0,0.9995259642601013,-0.3594375252723694,nan,nan,,
3,182,0.0,0,0.9998067617416382,0.28876498341560364,nan,nan,,
3,183,0.0,0,0.9997113347053528,-0.583045482635498,nan,nan,,
3,184,0.0,0,0.9996981620788574,-0.016842586919665337,nan,nan,,
3,185,0.0,0,0.9993826150894165,-0.8823049664497375,nan,nan,,
3,186,0.0,0,0.9998213052749634,0.9704201817512512,nan,nan,,
3,187,0.0,0,0.9997007846832275,-0.1261880099773407,nan,nan,,
3,188,0.0,0,0.9994459748268127,-0.8899112939834595,nan,nan,,
3,189,0.0,0,0.9997996687889099,0.9809728264808655,nan,nan,,
3,190,0.0,0,0.9997082948684692,-0.03778054565191269,nan,nan,,
3,191,0.0,0,0.9995100498199463,-0.9254688024520874,nan,nan,,
3,192,0.0,0,0.9997605085372925,0.9763266444206238,nan,nan,,
3,193,0.0,0,0.9996720552444458,0.03902992606163025,nan,nan,,
3,194,0.0,0,0.9999244213104248,0.25787654519081116,nan,nan,,
3,195,0.0,0,0.9994428753852844,-0.9645244479179382,nan,nan,,
3,196,0.0,0,0.999671995639801,0.9605113863945007,nan,nan,,
3,197,0.0,0,0.9995918273925781,0.01743919588625431,nan,nan,,
3,198,0.0,0,0.9999374151229858,0.014607093296945095,nan,nan,,
3,199,0.0,0,0.9999412298202515,-0.03371283411979675,nan,nan,,
3,200,0.0,0,0.9999430179595947,-0.07009567320346832,nan,nan,,
3,201,0.0,0,0.9999417662620544,-0.07611382752656937,nan,nan,,
3,202,0.0,0,0.9999407529830933,-0.066832534968853,nan,nan,,
3,203,0.0,0,0.9999396204948425,-0.054034195840358734,nan,nan,,
3,204,0.0,0,0.9999383091926575,-0.021358858793973923,nan,nan,,
3,205,0.0,0,0.9999374747276306,0.025915589183568954,nan,nan,,
3,206,0.0,0,0.9999359846115112,0.07737250626087189,nan,nan,,
3,207,0.0,0,0.9999329447746277,0.14646770060062408,nan,nan,,
3,208,0.0,0,0.999909520149231,0.2732512354850769,nan,nan,,
3,209,0.0,0,0.9994401335716248,-0.9241705536842346,nan,nan,,
3,210,0.0,0,0.9969692230224609,0.940419614315033,nan,nan,,
3,211,0.0,0,0.9993799924850464,0.7158021926879883,nan,nan,,
3,212,0.0,0,0.9994162321090698,0.6808152198791504,nan,nan,,
3,213,0.0,0,0.9993947148323059,0.5491012930870056,nan,nan,,
3,214,0.0,0,0.9998140931129456,0.33978351950645447,nan,nan,,
3,215,0.0,0,0.9989279508590698,-0.7895746827125549,nan,nan,,
3,216,0.0,0,0.9956240057945251,0.9552042484283447,nan,nan,,
3,217,0.0,0,0.999462902545929,0.5693550705909729,nan,nan,,
3,218,0.0,0,0.9997457265853882,0.47341129183769226,nan,nan,,
3,219,0.0,0,0.9981428384780884,-0.23053571581840515,nan,nan,,
3,220,0.0,0,0.9968146681785583,0.9298025369644165,nan,nan,,
3,221,0.0,0,0.999687135219574,-0.08986354619264603,nan,nan,,
3,222,0.0,0,0.998593270778656,0.2146224081516266,nan,nan,,
3,223,0.0,0,0.9999605417251587,-0.2618938088417053,nan,nan,,
3,224,0.0,0,0.9999882578849792,0.14068101346492767,nan,nan,,
3,225,0.0,0,0.9993380308151245,0.658818781375885,nan,nan,,
3,226,0.0,0,0.999919593334198,0.25618189573287964,nan,nan,,
3,227,0.0,0,0.9992660880088806,0.39038923382759094,nan,nan,,
3,228,0.0,0,0.999260663986206,0.0020153075456619263,nan,nan,,
3,229,0.0,0,0.999984860420227,-0.20630808174610138,nan,nan,,
3,230,0.0,0,0.9993917942047119,0.8837548494338989,nan,nan,,
3,231,0.0,0,0.9997880458831787,-0.09223396331071854,nan,nan,,
3,232,0.0,0,0.999253511428833,0.8251189589500427,nan,nan,,
3,233,0.0,0,0.9998515248298645,0.19940824806690216,nan,nan,,
3,234,0.0,0,0.9999599456787109,0.4313499629497528,nan,nan,,
3,235,0.0,0,0.9999179840087891,0.7508916854858398,nan,nan,,
3,236,0.0,0,0.9971176385879517,-0.023535683751106262,nan,nan,,
3,237,0.0,0,0.999915361404419,0.5665366649627686,nan,nan,,
3,238,0.0,0,0.9997599720954895,0.8833045959472656,nan,nan,,
3,239,0.0,0,0.9987629652023315,0.2566641569137573,nan,nan,,
3,240,0.0,0,0.9997891187667847,0.8208497762680054,nan,nan,,
3,241,0.0,0,0.9990103244781494,0.6997051239013672,nan,nan,,
3,242,0.0,0,0.9992800951004028,0.9274182319641113,nan,nan,,
3,243,0.0,0,0.9973821640014648,0.5822389721870422,nan,nan,,
3,244,0.0,0,0.9988107681274414,0.9242063164710999,nan,nan,,
3,245,0.0,0,0.9929677248001099,0.6834132075309753,nan,nan,,
3,246,0.0,0,0.9924004673957825,0.9129407405853271,nan,nan,,
3,247,0.0,0,0.8828190565109253,0.2783626616001129,nan,nan,,
3,248,0.0,0,0.9895929098129272,0.05097472295165062,nan,nan,,
3,249,0.0,0,-0.7311481833457947,-0.6687559485435486,nan,nan,,
3,250,0.0,0,-0.7388860583305359,-0.9335909485816956,nan,nan,,
3,251,0.0,0,0.3705628514289856,-0.8730570673942566,nan,nan,,
3,252,0.0,0,-0.9580370187759399,0.8633961081504822,nan,nan,,
3,253,0.0,0,-0.9997338056564331,-0.9918462038040161,nan,nan,,
3,254,0.0,0,-0.8453754186630249,-0.7595144510269165,nan,nan,,
3,255,0.0,0,-0.9803920984268188,-0.9483622908592224,nan,nan,,
3,256,0.0,0,-0.9919440746307373,-0.9580873250961304,nan,nan,,
3,257,0.0,0,-0.9969847202301025,-0.9887539148330688,nan,nan,,
3,258,0.0,0,-0.9962871670722961,-0.9964359998703003,nan,nan,,
3,259,0.0,0,-0.9950315952301025,-0.9986512064933777,nan,nan,,
3,260,0.0,0,-0.9766746163368225,-0.9995949268341064,nan,nan,,
3,261,0.0,0,-0.9034654498100281,-0.9998849034309387,nan,nan,,
3,262,0.0,0,-0.7309359312057495,-0.999934732913971,nan,nan,,
3,263,0.0,0,-0.4063752591609955,-0.9998383522033691,nan,nan,,
3,264,0.0,0,-0.09833168238401413,-0.9988471865653992,nan,nan,,
3,265,0.0,0,0.001273621805012226,-0.9869113564491272,nan,nan,,
3,266,0.0,0,0.635501503944397,-0.7204059362411499,nan,nan,,
3,267,0.0,0,0.5459768176078796,-0.6810609698295593,nan,nan,,
3,268,0.0,0,-0.836896538734436,-0.6383382678031921,nan,nan,,
3,269,0.0,0,0.0028433031402528286,0.6026442646980286,nan,nan,,
3,270,0.0,0,-0.9976675510406494,0.8477436900138855,nan,nan,,
3,271,0.0,0,-0.8687973022460938,-0.9968057870864868,nan,nan,,
3,272,0.0,0,0.4394114315509796,-0.8744199275970459,nan,nan,,
3,273,0.0,0,-0.6194725036621094,-0.9694992899894714,nan,nan,,
3,274,0.0,0,0.651175856590271,-0.8300459980964661,nan,nan,,
3,275,0.0,0,-0.6093302965164185,-0.9466233253479004,nan,nan,,
3,276,0.0,0,0.9205703735351562,-0.945730984210968,nan,nan,,
3,277,0.0,0,0.13888134062290192,-0.9382259845733643,nan,nan,,
3,278,0.0,0,0.40704435110092163,-0.6996094584465027,nan,nan,,
3,279,0.0,0,-0.4965050220489502,0.48401132225990295,nan,nan,,
3,280,0.0,0,0.9749674201011658,0.9495629668235779,nan,nan,,
3,281,0.0,0,-0.7324014902114868,0.9732242226600647,nan,nan,,
3,282,0.0,0,-0.16486312448978424,-0.5355022549629211,nan,nan,,
3,283,0.0,0,-0.7219753265380859,-0.8087713122367859,nan,nan,,
3,284,0.0,0,0.9456808567047119,0.19140565395355225,nan,nan,,
3,285,0.0,0,0.9272103309631348,0.976260781288147,nan,nan,,
3,286,0.0,0,-0.9033241271972656,0.9623748660087585,nan,nan,,
3,287,0.0,0,-0.7140424251556396,-0.850823700428009,nan,nan,,
3,288,0.0,0,0.9028639793395996,-0.012834034860134125,nan,nan,,
3,289,0.0,0,-0.9904773235321045,0.5758063197135925,nan,nan,,
3,290,0.0,0,-0.997520387172699,-0.4712736904621124,nan,nan,,
3,291,0.0,0,-0.7684497833251953,-0.8894236087799072,nan,nan,,
3,292,0.0,0,0.7901197075843811,-0.9565511345863342,nan,nan,,
3,293,0.0,0,-0.26469993591308594,-0.8675330281257629,nan,nan,,
3,294,0.0,0,0.7827898263931274,-0.7783113718032837,nan,nan,,
3,295,0.0,0,-0.764427125453949,0.5388335585594177,nan,nan,,
3,296,0.0,0,-0.9847878813743591,0.052104976028203964,nan,nan,,
3,297,0.0,0,0.8857519030570984,0.9934021830558777,nan,nan,,
3,298,0.0,0,-0.9580102562904358,0.9596566557884216,nan,nan,,
3,299,0.0,0,-0.507145881652832,-0.3771388530731201,nan,nan,,
3,300,0.0,0,-0.8003151416778564,-0.8761057257652283,nan,nan,,
3,301,0.0,0,0.6124798655509949,-0.8354527354240417,nan,nan,,
3,302,0.0,0,0.06484135240316391,0.2683473527431488,nan,nan,,
3,303,0.0,0,-0.9907128810882568,0.909492015838623,nan,nan,,
3,304,0.0,0,0.421087384223938,0.7087243795394897,nan,nan,,
3,305,0.0,0,-0.9495447278022766,0.8881731033325195,nan,nan,,
3,306,0.0,0,-0.7783787250518799,-0.8087623119354248,nan,nan,,
3,307,0.0,0,0.7112178206443787,-0.9608173370361328,nan,nan,,
3,308,0.0,0,-0.5236226916313171,-0.778078019618988,nan,nan,,
3,309,0.0,0,0.6706832051277161,-0.9226056337356567,nan,nan,,
3,310,0.0,0,-0.3062971830368042,0.4815180003643036,nan,nan,,
3,311,0.0,0,0.9605497717857361,0.9893632531166077,nan,nan,,
3,312,0.0,0,-0.9658898711204529,0.9660063982009888,nan,nan,,
3,313,0.0,0,-0.24721845984458923,0.18613788485527039,nan,nan,,
3,314,0.0,0,0.8495028018951416,0.9559386372566223,nan,nan,,
3,315,0.0,0,-0.9938735365867615,0.911345362663269,nan,nan,,
3,316,0.0,0,-0.7819169163703918,-0.902616024017334,nan,nan,,
3,317,0.0,0,0.6580519080162048,-0.9609503149986267,nan,nan,,
3,318,0.0,0,-0.5880100727081299,-0.9300162196159363,nan,nan,,
3,319,0.0,0,0.6138632893562317,-0.9438658356666565,nan,nan,,
3,320,0.0,0,-0.4649280905723572,0.0286676287651062,nan,nan,,
3,321,0.0,0,0.8576480746269226,0.9906318187713623,nan,nan,,
3,322,0.0,0,-0.969616711139679,0.9621592164039612,nan,nan,,
3,323,0.0,0,-0.16744855046272278,0.3491194546222687,nan,nan,,
3,324,0.0,0,-0.9942162036895752,-0.80569988489151,nan,nan,,
3,325,0.0,0,0.5446537733078003,-0.9695457220077515,nan,nan,,
3,326,0.0,0,-0.7098363041877747,-0.33942702412605286,nan,nan,,
3,327,0.0,0,0.6924803256988525,0.9908246397972107,nan,nan,,
3,328,0.0,0,-0.9846137762069702,0.954953134059906,nan,nan,,
3,329,0.0,0,-0.033583711832761765,0.5224891304969788,nan,nan,,
3,330,0.0,0,-0.9935833811759949,-0.1548871397972107,nan,nan,,
3,331,0.0,0,-0.9846664071083069,-0.8859042525291443,nan,nan,,
3,332,0.0,0,0.37512028217315674,-0.9646103382110596,nan,nan,,
3,333,0.0,0,-0.8520444631576538,-0.1730840504169464,nan,nan,,
3,334,0.0,0,-0.96904057264328,-0.5050492286682129,nan,nan,,
3,335,0.0,0,-0.7717379927635193,-0.5371615886688232,nan,nan,,
3,336,0.0,0,0.7538323402404785,0.9836886525154114,nan,nan,,
3,337,0.0,0,-0.9946231842041016,0.977088451385498,nan,nan,,
3,338,0.0,0,-0.3545804023742676,0.8981486558914185,nan,nan,,
3,339,0.0,0,-0.13003501296043396,0.9135271310806274,nan,nan,,
3,340,0.0,0,-0.8002797961235046,0.46637770533561707,nan,nan,,
3,341,0.0,0,0.14001138508319855,0.9340903759002686,nan,nan,,
3,342,0.0,0,-0.9981369376182556,0.611143171787262,nan,nan,,
3,343,0.0,0,-0.045904491096735,0.8835642337799072,nan,nan,,
3,344,0.0,0,-0.9118061065673828,0.33963048458099365,nan,nan,,
3,345,0.0,0,-0.7992819547653198,0.7603421211242676,nan,nan,,
3,346,0.0,0,-0.9842191338539124,-0.16548465192317963,nan,nan,,
3,347,0.0,0,-0.9707850217819214,-0.5428624153137207,nan,nan,,
3,348,0.0,0,-0.9939077496528625,-0.3366261422634125,nan,nan,,
3,349,0.0,0,-0.9921291470527649,0.6096487045288086,nan,nan,,
3,350,0.0,0,-0.9981524348258972,0.9326280355453491,nan,nan,,
3,351,0.0,0,-0.9999150633811951,0.7532442212104797,nan,nan,,
3,352,0.0,0,-0.9997382760047913,0.7464282512664795,nan,nan,,
3,353,0.0,0,-0.9973726868629456,0.5865170955657959,nan,nan,,
3,354,0.0,0,-0.9938257932662964,0.8644786477088928,nan,nan,,
3,355,0.0,0,-0.9987199902534485,0.1977410763502121,nan,nan,,
3,356,0.0,0,-0.9828914999961853,0.8976619839668274,nan,nan,,
3,357,0.0,0,-0.9379656314849854,-0.5368421673774719,nan,nan,,
3,358,0.0,0,-0.9730046391487122,-0.5662410855293274,nan,nan,,
3,359,0.0,0,-0.896438717842102,-0.42598670721054077,nan,nan,,
3,360,0.0,0,-0.40916159749031067,-0.9967342019081116,nan,nan,,
3,361,0.0,0,-0.7569745182991028,-0.9989588260650635,nan,nan,,
3,362,0.0,0,-0.5842339396476746,-0.9994000196456909,nan,nan,,
3,363,0.0,0,-0.3804769814014435,-0.9992492198944092,nan,nan,,
3,364,0.0,0,-0.10762239247560501,-0.9991321563720703,nan,nan,,
3,365,0.0,0,-0.5509637594223022,-0.9979333281517029,nan,nan,,
3,366,0.0,0,-0.6443185210227966,-0.9963073134422302,nan,nan,,
3,367,0.0,0,-0.1799369901418686,-0.9905315041542053,nan,nan,,
3,368,0.0,0,0.3740707039833069,-0.9739234447479248,nan,nan,,
3,369,0.0,0,-0.9491584300994873,-0.5552315711975098,nan,nan,,
3,370,0.0,0,-0.15858235955238342,-0.6004143357276917,nan,nan,,
3,371,0.0,0,-0.9015002846717834,-0.8150782585144043,nan,nan,,
3,372,0.0,0,0.7126110196113586,0.9524310231208801,nan,nan,,
3,373,0.0,0,0.12116030603647232,0.5959615111351013,nan,nan,,
3,374,0.0,0,0.88047194480896,0.9386186003684998,nan,nan,,
3,375,0.0,0,0.8701525330543518,0.28655755519866943,nan,nan,,
3,376,0.0,0,0.9946281909942627,0.989880383014679,nan,nan,,
3,377,0.0,0,0.9641939401626587,0.38024646043777466,nan,nan,,
3,378,0.0,0,0.9943088889122009,0.967106282711029,nan,nan,,
3,379,0.0,0,0.9768567681312561,0.4888598322868347,nan,nan,,
3,380,0.0,0,0.9898133277893066,0.561160683631897,nan,nan,,
3,381,0.0,0,0.997683584690094,0.5330661535263062,nan,nan,,
3,382,0.0,0,0.996806263923645,0.24598892033100128,nan,nan,,
3,383,0.0,0,-0.6471447348594666,0.27578258514404297,nan,nan,,
3,384,0.0,0,0.12836144864559174,-0.2505583167076111,nan,nan,,
3,385,0.0,0,-0.4208260476589203,-0.6544203162193298,nan,nan,,
3,386,0.0,0,0.7463086843490601,-0.6490958333015442,nan,nan,,
3,387,0.0,0,0.8451592326164246,-0.16467338800430298,nan,nan,,
3,388,0.0,0,0.5410181283950806,-0.2346188873052597,nan,nan,,
3,389,0.0,0,0.9998230338096619,0.9822536706924438,nan,nan,,
3,390,0.0,0,0.9952883720397949,0.9038803577423096,nan,nan,,
3,391,0.0,0,0.989442765712738,0.8192657232284546,nan,nan,,
3,392,0.0,0,0.9746219515800476,0.8119553327560425,nan,nan,,
3,393,0.0,0,0.9837546348571777,-0.2896685004234314,nan,nan,,
3,394,0.0,0,0.5916349291801453,-0.39686599373817444,nan,nan,,
3,395,0.0,0,0.9999714493751526,0.38625866174697876,nan,nan,,
3,396,0.0,0,0.9994324445724487,-0.5922977924346924,nan,nan,,
3,397,0.0,0,0.8984764218330383,-0.3489503860473633,nan,nan,,
3,398,0.0,0,0.9999871253967285,0.6961528062820435,nan,nan,,
3,399,0.0,0,0.9958428144454956,0.060602255165576935,nan,nan,,
3,400,0.0,0,0.9999874830245972,-0.1410246342420578,nan,nan,,
3,401,0.0,0,0.9999877214431763,0.07047727704048157,nan,nan,,
3,402,0.0,0,0.999990701675415,0.004272527061402798,nan,nan,,
3,403,0.0,0,0.9999920725822449,0.0352703332901001,nan,nan,,
3,404,0.0,0,0.9999926686286926,0.057980332523584366,nan,nan,,
3,405,0.0,0,0.9999932050704956,0.08256090432405472,nan,nan,,
3,406,0.0,0,0.9999936819076538,0.10949438065290451,nan,nan,,
3,407,0.0,0,0.999993085861206,0.0034460315946489573,nan,nan,,
3,408,0.0,0,0.9999945759773254,0.11278758198022842,nan,nan,,
3,409,0.0,0,0.9999942183494568,0.02558189071714878,nan,nan,,
3,410,0.0,0,0.9999952912330627,0.1340777426958084,nan,nan,,
3,411,0.0,0,0.999993622303009,-0.1224704310297966,nan,nan,,
3,412,0.0,0,0.9502083659172058,0.7573087811470032,nan,nan,,
3,413,0.0,0,0.99857497215271,-0.08411532640457153,nan,nan,,
3,414,0.0,0,0.9210096597671509,0.7978736758232117,nan,nan,,
3,415,0.0,0,0.9781511425971985,0.7146345973014832,nan,nan,,
3,416,0.0,0,0.9283493757247925,0.9003743529319763,nan,nan,,
3,417,0.0,0,0.9321267604827881,0.09015213698148727,nan,nan,,
3,418,0.0,0,0.9999949932098389,-0.9856817126274109,nan,nan,,
3,419,0.0,0,0.9966132640838623,0.7581766843795776,nan,nan,,
3,420,0.0,0,0.998032808303833,-0.5058448314666748,nan,nan,,
3,421,0.0,0,0.9980716109275818,0.5123550891876221,nan,nan,,
3,422,0.0,0,0.9288222789764404,0.8106892108917236,nan,nan,,
3,423,0.0,0,0.9962624907493591,-0.47182413935661316,nan,nan,,
3,424,0.0,0,0.9975144863128662,0.43014711141586304,nan,nan,,
3,425,0.0,0,0.9999853372573853,-0.7653570771217346,nan,nan,,
3,426,0.0,0,0.9992147088050842,0.9997636079788208,nan,nan,,
3,427,0.0,0,-0.9014753699302673,0.7434654235839844,nan,nan,,
3,428,0.0,0,-0.9991083741188049,-0.9972196817398071,nan,nan,,
3,429,0.0,0,-0.6444664597511292,-0.9996548295021057,nan,nan,,
3,430,0.0,0,0.7153488397598267,-0.9951287508010864,nan,nan,,
3,431,0.0,0,0.9203349351882935,-0.3613553047180176,nan,nan,,
3,432,0.0,0,0.9691343903541565,-0.687641441822052,nan,nan,,
3,433,0.0,0,0.6519951820373535,-0.425832062959671,nan,nan,,
3,434,0.0,0,-0.5063301920890808,0.6826027035713196,nan,nan,,
3,435,0.0,0,-0.19199800491333008,-0.9897659420967102,nan,nan,,
3,436,0.0,0,0.9824647903442383,-0.8917176723480225,nan,nan,,
3,437,0.0,0,0.9092983603477478,-0.8892412185668945,nan,nan,,
3,438,0.0,0,0.9418321847915649,-0.8905041813850403,nan,nan,,
3,439,0.0,0,0.9834160804748535,-0.8538398146629333,nan,nan,,
3,440,0.0,0,0.9922868013381958,-0.45338210463523865,nan,nan,,
3,441,0.0,0,0.6705032587051392,0.7907917499542236,nan,nan,,
3,442,0.0,0,-0.34297171235084534,0.9900087714195251,nan,nan,,
3,443,0.0,0,0.7124473452568054,-0.4955816864967346,nan,nan,,
3,444,0.0,0,0.58155357837677,-0.18616153299808502,nan,nan,,
3,445,0.0,0,0.9961693286895752,0.968030571937561,nan,nan,,
3,446,0.0,0,0.5234212875366211,0.7350865006446838,nan,nan,,
3,447,0.0,0,0.9445565342903137,0.49599188566207886,nan,nan,,
3,448,0.0,0,0.9808241724967957,0.27314576506614685,nan,nan,,
3,449,0.0,0,-0.17684312164783478,0.3951726257801056,nan,nan,,
3,450,0.0,0,-0.5853625535964966,0.08706007152795792,nan,nan,,
3,451,0.0,0,0.6506344676017761,-0.6962450742721558,nan,nan,,
3,452,0.0,0,0.7985605001449585,-0.6724945306777954,nan,nan,,
3,453,0.0,0,0.5594614744186401,-0.42640846967697144,nan,nan,,
3,454,0.0,0,-0.5697252750396729,0.6128710508346558,nan,nan,,
3,455,0.0,0,0.10251513123512268,-0.9115470051765442,nan,nan,,
3,456,0.0,0,0.9157699942588806,-0.8678953647613525,nan,nan,,
3,457,0.0,0,0.9459658265113831,-0.8530831933021545,nan,nan,,
3,458,0.0,0,0.9233448505401611,-0.5687490105628967,nan,nan,,
3,459,0.0,0,0.6704764366149902,0.7123296856880188,nan,nan,,
3,460,0.0,0,0.9922713041305542,0.9448356032371521,nan,nan,,
3,461,0.0,0,0.7667122483253479,0.9095145463943481,nan,nan,,
3,462,0.0,0,0.5774281620979309,0.8469276428222656,nan,nan,,
3,463,0.0,0,-0.4573991596698761,0.9257060289382935,nan,nan,,
3,464,0.0,0,0.14621546864509583,-0.9901600480079651,nan,nan,,
3,465,0.0,0,0.8722182512283325,-0.543066680431366,nan,nan,,
3,466,0.0,0,0.19199642539024353,0.10165290534496307,nan,nan,,
3,467,0.0,0,-0.9584780335426331,0.8535628914833069,nan,nan,,
3,468,0.0,0,-0.2892957925796509,-0.9836400747299194,nan,nan,,
3,469,0.0,0,0.9324305653572083,-0.9164636135101318,nan,nan,,
3,470,0.0,0,0.8817476630210876,-0.7836593389511108,nan,nan,,
3,471,0.0,0,0.9937494993209839,-0.25085046887397766,nan,nan,,
3,472,0.0,0,-0.688477635383606,0.8514065146446228,nan,nan,,
3,473,0.0,0,0.7659144997596741,-0.8986294269561768,nan,nan,,
3,474,0.0,0,0.8736980557441711,-0.7938969731330872,nan,nan,,
3,475,0.0,0,0.7979992628097534,-0.6240339279174805,nan,nan,,
3,476,0.0,0,-0.12567324936389923,0.7685579657554626,nan,nan,,
3,477,0.0,0,-0.14266528189182281,-0.6837307214736938,nan,nan,,
3,478,0.0,0,0.8637492060661316,-0.8955405950546265,nan,nan,,
3,479,0.0,0,0.7472471594810486,-0.229734405875206,nan,nan,,
3,480,0.0,0,-0.8616640567779541,0.9851936101913452,nan,nan,,
3,481,0.0,0,0.8733369708061218,-0.02281622588634491,nan,nan,,
3,482,0.0,0,-0.9311661720275879,0.9714927077293396,nan,nan,,
3,483,0.0,0,0.6720056533813477,-0.6058216691017151,nan,nan,,
3,484,0.0,0,-0.3065507113933563,-0.22852574288845062,nan,nan,,
3,485,0.0,0,0.9338409900665283,0.7469758987426758,nan,nan,,
3,486,0.0,0,0.9626442193984985,0.933565080165863,nan,nan,,
3,487,0.0,0,-0.0012069434160366654,0.9694617986679077,nan,nan,,
3,488,0.0,0,-0.4777073562145233,-0.4394635856151581,nan,nan,,
3,489,0.0,0,-0.719274640083313,-0.772543728351593,nan,nan,,
3,490,0.0,0,0.16509687900543213,-0.8569896221160889,nan,nan,,
3,491,0.0,0,-0.31802859902381897,-0.770160973072052,nan,nan,,
3,492,0.0,0,0.5871773362159729,-0.7459193468093872,nan,nan,,
3,493,0.0,0,-0.3136594593524933,-0.022829510271549225,nan,nan,,
3,494,0.0,0,-0.9392330646514893,-0.26946932077407837,nan,nan,,
3,495,0.0,0,-0.8476887941360474,-0.29410967230796814,nan,nan,,
3,496,0.0,0,-0.9089155793190002,-0.04981516674160957,nan,nan,,
3,497,0.0,0,0.6067129969596863,0.9518558979034424,nan,nan,,
3,498,0.0,0,-0.7819839119911194,0.9677032232284546,nan,nan,,
3,499,0.0,0,-0.738793134689331,-0.531783938407898,nan,nan,,
3,500,0.0,0,-0.969064474105835,-0.45529863238334656,nan,nan,,
3,501,0.0,0,-0.9457679986953735,-0.607284426689148,nan,nan,,
3,502,0.0,0,0.3166874945163727,0.8803810477256775,nan,nan,,
3,503,0.0,0,-0.9939186573028564,0.8228920102119446,nan,nan,,
3,504,0.0,0,-0.8573375940322876,-0.6091283559799194,nan,nan,,
3,505,0.0,0,-0.964357316493988,-0.758929431438446,nan,nan,,
3,506,0.0,0,-0.6391462087631226,-0.5431591272354126,nan,nan,,
3,507,0.0,0,-0.9634842872619629,-0.5948567390441895,nan,nan,,
3,508,0.0,0,-0.8088741898536682,-0.5620777606964111,nan,nan,,
3,509,0.0,0,-0.8899887204170227,-0.3743665814399719,nan,nan,,
3,510,0.0,0,-0.9551613330841064,0.3461938202381134,nan,nan,,
3,511,0.0,0,-0.4968389570713043,0.9536700248718262,nan,nan,,
3,512,0.0,0,-0.9641448259353638,-0.1803015172481537,nan,nan,,
3,513,0.0,0,-0.9863032698631287,-0.4725903570652008,nan,nan,,
3,514,0.0,0,-0.9456870555877686,-0.7664421796798706,nan,nan,,
3,515,0.0,0,-0.9023849964141846,-0.6977407336235046,nan,nan,,
3,516,0.0,0,-0.8141735196113586,0.8757554292678833,nan,nan,,
3,517,0.0,0,-0.9906209707260132,0.4547867476940155,nan,nan,,
3,518,0.0,0,-0.7469863295555115,0.9309340715408325,nan,nan,,
3,519,0.0,0,-0.9958186745643616,-0.08902949094772339,nan,nan,,
3,520,0.0,0,-0.988440215587616,-0.6814335584640503,nan,nan,,
3,521,0.0,0,-0.9639108180999756,-0.2540261149406433,nan,nan,,
3,522,0.0,0,-0.9335233569145203,0.9675253629684448,nan,nan,,
3,523,0.0,0,-0.9951552748680115,0.07332781702280045,nan,nan,,
3,524,0.0,0,-0.950175940990448,0.9308417439460754,nan,nan,,
3,525,0.0,0,-0.9973859786987305,-0.343019038438797,nan,nan,,
3,526,0.0,0,-0.9674262404441833,0.940638542175293,nan,nan,,
3,527,0.0,0,-0.9977925419807434,-0.5085282325744629,nan,nan,,
3,528,0.0,0,-0.9234397411346436,-0.9770659804344177,nan,nan,,
3,529,0.0,0,-0.9117555022239685,-0.9601396918296814,nan,nan,,
3,530,0.0,0,-0.9211610555648804,-0.9427065849304199,nan,nan,,
3,531,0.0,0,-0.924612283706665,-0.9186045527458191,nan,nan,,
3,532,0.0,0,-0.9488163590431213,-0.842200756072998,nan,nan,,
3,533,0.0,0,-0.9687960147857666,-0.758086621761322,nan,nan,,
3,534,0.0,0,-0.9241915941238403,0.8329893946647644,nan,nan,,
3,535,0.0,0,-0.991334080696106,0.904141902923584,nan,nan,,
3,536,0.0,0,-0.9973414540290833,0.9012179374694824,nan,nan,,
3,537,0.0,0,-0.9987004995346069,0.775364339351654,nan,nan,,
3,538,0.0,0,-0.9872174859046936,0.8965127468109131,nan,nan,,
3,539,0.0,0,-0.9973791837692261,0.6756670475006104,nan,nan,,
3,540,0.0,0,-0.9810656905174255,0.8724409341812134,nan,nan,,
3,541,0.0,0,-0.9991743564605713,-0.16675089299678802,nan,nan,,
3,542,0.0,0,-0.9879032373428345,-0.9091659188270569,nan,nan,,
3,543,0.0,0,-0.9672560691833496,-0.9759985208511353,nan,nan,,
3,544,0.0,0,-0.9723193645477295,-0.9570966958999634,nan,nan,,
3,545,0.0,0,-0.9712841510772705,-0.9230161905288696,nan,nan,,
3,546,0.0,0,-0.9771360158920288,-0.7884252071380615,nan,nan,,
3,547,0.0,0,-0.9858226776123047,-0.7753221392631531,nan,nan,,
3,548,0.0,0,-0.9821247458457947,-0.2435840517282486,nan,nan,,
3,549,0.0,0,-0.9851269721984863,0.09546532481908798,nan,nan,,
3,550,0.0,0,-0.6433559656143188,0.9966610670089722,nan,nan,,
3,551,0.0,0,-0.9869646430015564,0.9844946265220642,nan,nan,,
3,552,0.0,0,-0.9951009750366211,0.9756974577903748,nan,nan,,
3,553,0.0,0,-0.9963361620903015,0.9559563994407654,nan,nan,,
3,554,0.0,0,-0.9985233545303345,0.9294592142105103,nan,nan,,
3,555,0.0,0,-0.9996434450149536,0.8594686985015869,nan,nan,,
3,556,0.0,0,-0.9984681010246277,0.9492471218109131,nan,nan,,
3,557,0.0,0,-0.9998103976249695,0.8365362882614136,nan,nan,,
3,558,0.0,0,-0.9999711513519287,0.624626636505127,nan,nan,,
3,559,0.0,0,-0.9975175261497498,0.9719792008399963,nan,nan,,
3,560,0.0,0,-0.999976634979248,0.7602628469467163,nan,nan,,
3,561,0.0,0,-0.9998911023139954,0.8152035474777222,nan,nan,,
3,562,0.0,0,-0.9999925494194031,0.6614105701446533,nan,nan,,
3,563,0.0,0,-0.999565839767456,0.7414138913154602,nan,nan,,
3,564,0.0,0,-0.9999091625213623,0.5183199644088745,nan,nan,,
3,565,0.0,0,-0.9993259310722351,0.8608337044715881,nan,nan,,
3,566,0.0,0,-0.9999954700469971,0.04763088747859001,nan,nan,,
3,567,0.0,0,-0.9669954776763916,0.9983729124069214,nan,nan,,
3,568,0.0,0,-0.9999972581863403,-0.20924103260040283,nan,nan,,
3,569,0.0,0,-0.9979292750358582,0.28154826164245605,nan,nan,,
3,570,0.0,0,-0.9959806203842163,0.9923751354217529,nan,nan,,
3,571,0.0,0,-0.9999967217445374,-0.41495466232299805,nan,nan,,
3,572,0.0,0,-0.9973016977310181,0.4083476960659027,nan,nan,,
3,573,0.0,0,-0.9977842569351196,0.9937338829040527,nan,nan,,
3,574,0.0,0,-0.9999948740005493,-0.551250159740448,nan,nan,,
3,575,0.0,0,-0.9985348582267761,0.9975597858428955,nan,nan,,
3,576,0.0,0,-0.999994158744812,-0.5449107885360718,nan,nan,,
3,577,0.0,0,-0.9968067407608032,-0.8110769987106323,nan,nan,,
3,578,0.0,0,-0.9948991537094116,-0.6945981979370117,nan,nan,,
3,579,0.0,0,-0.9978575110435486,-0.85310959815979,nan,nan,,
3,580,0.0,0,-0.9968174695968628,-0.8429303765296936,nan,nan,,
3,581,0.0,0,-0.9989122748374939,-0.9669921398162842,nan,nan,,
3,582,0.0,0,-0.9991214275360107,-0.9764770865440369,nan,nan,,
3,583,0.0,0,-0.9994409680366516,-0.9928123950958252,nan,nan,,
3,584,0.0,0,-0.9992578029632568,-0.9967010021209717,nan,nan,,
3,585,0.0,0,-0.9972993731498718,-0.9975257515907288,nan,nan,,
3,586,0.0,0,-0.9961948990821838,-0.9982824325561523,nan,nan,,
3,587,0.0,0,-0.9956253170967102,-0.9988206624984741,nan,nan,,
3,588,0.0,0,-0.9905461668968201,-0.9991788864135742,nan,nan,,
3,589,0.0,0,-0.9715546369552612,-0.9986997246742249,nan,nan,,
3,590,0.0,0,-0.9473372101783752,-0.9983135461807251,nan,nan,,
3,591,0.0,0,-0.8571637272834778,-0.9950332045555115,nan,nan,,
3,592,0.0,0,-0.7192100286483765,-0.9916271567344666,nan,nan,,
3,593,0.0,0,-0.7676777243614197,-0.9873539805412292,nan,nan,,
3,594,0.0,0,-0.8402725458145142,-0.944054126739502,nan,nan,,
3,595,0.0,0,-0.8659496307373047,-0.7171903252601624,nan,nan,,
3,596,0.0,0,0.852345883846283,0.7554280161857605,nan,nan,,
3,597,0.0,0,-0.9447950720787048,-0.6308349967002869,nan,nan,,
3,598,0.0,0,0.882719874382019,0.8838715553283691,nan,nan,,
3,599,0.0,0,-0.9832557439804077,-0.6843630075454712,nan,nan,,
3,600,0.0,0,-0.9575642943382263,-0.058129459619522095,nan,nan,,
3,601,0.0,0,-0.9167712330818176,-0.7055512070655823,nan,nan,,
3,602,0.0,0,-0.9344621300697327,0.21613621711730957,nan,nan,,
3,603,0.0,0,0.7574723958969116,0.8833208680152893,nan,nan,,
3,604,0.0,0,-0.9943225383758545,-0.0605013333261013,nan,nan,,
3,605,0.0,0,-0.8720400333404541,-0.3717804253101349,nan,nan,,
3,606,0.0,0,0.9911612272262573,0.9926436543464661,nan,nan,,
3,607,0.0,0,-0.9917705655097961,0.4491146504878998,nan,nan,,
3,608,0.0,0,0.7339820861816406,0.9845951199531555,nan,nan,,
3,609,0.0,0,-0.7696880102157593,0.5399908423423767,nan,nan,,
3,610,0.0,0,-0.12718163430690765,-0.09678319841623306,nan,nan,,
3,611,0.0,0,0.996553361415863,0.9991089701652527,nan,nan,,
3,612,0.0,0,0.7560563683509827,0.4581855833530426,nan,nan,,
3,613,0.0,0,0.9838371872901917,0.9801816344261169,nan,nan,,
3,614,0.0,0,0.9388272762298584,0.6048263907432556,nan,nan,,
3,615,0.0,0,0.9912174344062805,0.9124890565872192,nan,nan,,
3,616,0.0,0,0.9889658093452454,0.3666349947452545,nan,nan,,
3,617,0.0,0,0.9981014728546143,0.9901900887489319,nan,nan,,
3,618,0.0,0,0.9909514784812927,0.0450257770717144,nan,nan,,
3,619,0.0,0,0.9987624287605286,0.9918236136436462,nan,nan,,
3,620,0.0,0,0.9911043047904968,-0.11774318665266037,nan,nan,,
3,621,0.0,0,0.874565601348877,-0.6683564186096191,nan,nan,,
3,622,0.0,0,0.8621492385864258,-0.7961090803146362,nan,nan,,
3,623,0.0,0,0.8356521129608154,-0.6161307692527771,nan,nan,,
3,624,0.0,0,0.8682169914245605,-0.539706289768219,nan,nan,,
3,625,0.0,0,0.8838487267494202,-0.5680199861526489,nan,nan,,
3,626,0.0,0,0.9996922612190247,0.9955576658248901,nan,nan,,
3,627,0.0,0,0.9941758513450623,0.7916442155838013,nan,nan,,
3,628,0.0,0,0.9943709969520569,0.11574161797761917,nan,nan,,
3,629,0.0,0,0.9993225336074829,0.9890337586402893,nan,nan,,
3,630,0.0,0,0.9962823390960693,0.1815841645002365,nan,nan,,
3,631,0.0,0,0.9994102716445923,0.9757601618766785,nan,nan,,
3,632,0.0,0,0.9942658543586731,-0.06855915486812592,nan,nan,,
3,633,0.0,0,0.9774184226989746,-0.8881915807723999,nan,nan,,
3,634,0.0,0,0.9814351797103882,-0.6564183235168457,nan,nan,,
3,635,0.0,0,0.963242769241333,-0.46321621537208557,nan,nan,,
3,636,0.0,0,0.9610618352890015,-0.8588626980781555,nan,nan,,
3,637,0.0,0,0.9972867965698242,0.9475901126861572,nan,nan,,
3,638,0.0,0,0.993619441986084,0.6776700615882874,nan,nan,,
3,639,0.0,0,0.9991965293884277,0.9312294721603394,nan,nan,,
3,640,0.0,0,0.9801235795021057,0.4672510027885437,nan,nan,,
3,641,0.0,0,0.9992772340774536,0.6638171076774597,nan,nan,,
3,642,0.0,0,0.9978435039520264,0.06128966063261032,nan,nan,,
3,643,0.0,0,0.999817430973053,0.8178750276565552,nan,nan,,
3,644,0.0,0,0.9749507904052734,0.5935845375061035,nan,nan,,
3,645,0.0,0,0.967533528804779,0.14861631393432617,nan,nan,,
3,646,0.0,0,0.9999398589134216,-0.26703572273254395,nan,nan,,
3,647,0.0,0,0.9999496340751648,0.25312891602516174,nan,nan,,
3,648,0.0,0,0.8482762575149536,0.05454777181148529,nan,nan,,
3,649,0.0,0,0.7003849744796753,0.24556060135364532,nan,nan,,
3,650,0.0,0,0.9999602437019348,-0.6112064719200134,nan,nan,,
3,651,0.0,0,0.907525897026062,-0.5517318248748779,nan,nan,,
3,652,0.0,0,0.8823155760765076,-0.33546721935272217,nan,nan,,
3,653,0.0,0,0.9999651312828064,0.575739860534668,nan,nan,,
3,654,0.0,0,0.8437075614929199,0.45920315384864807,nan,nan,,
3,655,0.0,0,0.9998921751976013,-0.7768931984901428,nan,nan,,
3,656,0.0,0,0.9998590350151062,-0.6022239923477173,nan,nan,,
3,657,0.0,0,0.8228284120559692,0.5905579924583435,nan,nan,,
3,658,0.0,0,0.24568229913711548,0.8258212804794312,nan,nan,,
3,659,0.0,0,0.8328632712364197,0.5690805912017822,nan,nan,,
3,660,0.0,0,-0.2641519606113434,0.8694853186607361,nan,nan,,
3,661,0.0,0,-0.23768000304698944,0.08365893363952637,nan,nan,,
3,662,0.0,0,0.9997832775115967,-0.9216741323471069,nan,nan,,
3,663,0.0,0,-0.1986638903617859,-0.42857101559638977,nan,nan,,
3,664,0.0,0,-0.840518057346344,0.32252272963523865,nan,nan,,
3,665,0.0,0,-0.9355128407478333,0.955400288105011,nan,nan,,
3,666,0.0,0,-0.725368082523346,0.3108687102794647,nan,nan,,
3,667,0.0,0,-0.9896054267883301,0.9680472016334534,nan,nan,,
3,668,0.0,0,-0.7966301441192627,0.3545058071613312,nan,nan,,
3,669,0.0,0,-0.989016056060791,0.9601780772209167,nan,nan,,
3,670,0.0,0,-0.7230799794197083,0.8186733722686768,nan,nan,,
3,671,0.0,0,0.15889272093772888,0.6199703216552734,nan,nan,,
3,672,0.0,0,0.9286667108535767,-0.27221134305000305,nan,nan,,
3,673,0.0,0,-0.1550607830286026,-0.29604363441467285,nan,nan,,
3,674,0.0,0,0.8884637951850891,-0.7549318671226501,nan,nan,,
3,675,0.0,0,-0.8926131129264832,-0.08596201241016388,nan,nan,,
3,676,0.0,0,-0.960571825504303,0.9364120364189148,nan,nan,,
3,677,0.0,0,-0.3946671783924103,0.8528458476066589,nan,nan,,
3,678,0.0,0,0.4065958857536316,0.8057911396026611,nan,nan,,
3,679,0.0,0,0.775253415107727,-0.2606598734855652,nan,nan,,
3,680,0.0,0,-0.7692928910255432,0.6924822330474854,nan,nan,,
3,681,0.0,0,-0.6923343539237976,0.9502295851707458,nan,nan,,
3,682,0.0,0,0.32029759883880615,0.7375691533088684,nan,nan,,
3,683,0.0,0,0.564541757106781,-0.6785877346992493,nan,nan,,
3,684,0.0,0,-0.4003763496875763,-0.2550921142101288,nan,nan,,
3,685,0.0,0,0.9955849647521973,-0.9835037589073181,nan,nan,,
3,686,0.0,0,-0.7785387635231018,-0.2369159758090973,nan,nan,,
3,687,0.0,0,-0.625062882900238,0.6416900753974915,nan,nan,,
3,688,0.0,0,-0.4564652740955353,0.8968227505683899,nan,nan,,
3,689,0.0,0,0.39071547985076904,0.5301720499992371,nan,nan,,
3,690,0.0,0,0.9314470291137695,-0.9063146710395813,nan,nan,,
3,691,0.0,0,-0.6716310381889343,-0.3188547194004059,nan,nan,,
3,692,0.0,0,-0.816569447517395,0.8566031455993652,nan,nan,,
3,693,0.0,0,0.4390031397342682,0.3237003684043884,nan,nan,,
3,694,0.0,0,0.9385834336280823,-0.9180458188056946,nan,nan,,
3,695,0.0,0,-0.7000107169151306,-0.3386792540550232,nan,nan,,
3,696,0.0,0,-0.8104204535484314,0.8417105674743652,nan,nan,,
3,697,0.0,0,0.4646255373954773,0.274757981300354,nan,nan,,
3,698,0.0,0,0.9774981141090393,-0.9590250849723816,nan,nan,,
3,699,0.0,0,-0.7519030570983887,-0.3563685715198517,nan,nan,,
4,0,0.0,0,-0.8854410648345947,0.3434811532497406,nan,nan,,
4,1,0.0,0,-0.6114620566368103,0.8307837247848511,nan,nan,,
4,2,0.0,0,-0.7160220742225647,0.20158985257148743,nan,nan,,
4,3,0.0,0,-0.47887861728668213,0.9582237601280212,nan,nan,,
4,4,0.0,0,-0.7225870490074158,0.2824200391769409,nan,nan,,
4,5,0.0,0,-0.1677236109972,0.9573516845703125,nan,nan,,
4,6,0.0,0,-0.686285674571991,0.23523776233196259,nan,nan,,
4,7,0.0,0,-0.03217004984617233,0.9723563194274902,nan,nan,,
4,8,0.0,0,-0.9017515778541565,-0.13471472263336182,nan,nan,,
4,9,0.0,0,-0.9284499883651733,0.2439357042312622,nan,nan,,
4,10,0.0,0,-0.8035873770713806,0.8040319085121155,nan,nan,,
4,11,0.0,0,-0.9916314482688904,0.29923999309539795,nan,nan,,
4,12,0.0,0,-0.9265692234039307,0.1811157464981079,nan,nan,,
4,13,0.0,0,-0.9298198819160461,-0.1206602156162262,nan,nan,,
4,14,0.0,0,0.08470593392848969,0.9986119270324707,nan,nan,,
4,15,0.0,0,-0.9960421919822693,0.6205942630767822,nan,nan,,
4,16,0.0,0,-0.9947885274887085,-0.12487126886844635,nan,nan,,
4,17,0.0,0,-0.9055314064025879,-0.5786677598953247,nan,nan,,
4,18,0.0,0,-0.8300403952598572,-0.8559660911560059,nan,nan,,
4,19,0.0,0,0.7389312386512756,-0.46151670813560486,nan,nan,,
4,20,0.0,0,-0.9865822196006775,-0.8094578385353088,nan,nan,,
4,21,0.0,0,0.739069402217865,0.11579379439353943,nan,nan,,
4,22,0.0,0,-0.8850967288017273,0.9721469283103943,nan,nan,,
4,23,0.0,0,-0.9409435987472534,-0.6653717756271362,nan,nan,,
4,24,0.0,0,-0.5890575647354126,-0.1970345824956894,nan,nan,,
4,25,0.0,0,0.6781949996948242,0.8974223732948303,nan,nan,,
4,26,0.0,0,-0.9966322779655457,0.05954216420650482,nan,nan,,
4,27,0.0,0,-0.2331002801656723,0.9883298873901367,nan,nan,,
4,28,0.0,0,-0.9529603123664856,-0.5848274827003479,nan,nan,,
4,29,0.0,0,-0.8331267833709717,-0.5430238246917725,nan,nan,,
4,30,0.0,0,-0.6965920925140381,-0.4232311546802521,nan,nan,,
4,31,0.0,0,-0.7265833616256714,-0.2515520751476288,nan,nan,,
4,32,0.0,0,-0.6695390939712524,0.9918239116668701,nan,nan,,
4,33,0.0,0,-0.9327298998832703,-0.6858392357826233,nan,nan,,
4,34,0.0,0,0.6725743412971497,0.9295912384986877,nan,nan,,
4,35,0.0,0,-0.9955729246139526,-0.4549713730812073,nan,nan,,
4,36,0.0,0,-0.6841791868209839,-0.3747379183769226,nan,nan,,
4,37,0.0,0,-0.7460324168205261,-0.24490752816200256,nan,nan,,
4,38,0.0,0,-0.811826765537262,-0.22633157670497894,nan,nan,,
4,39,0.0,0,-0.8042795062065125,-0.24454250931739807,nan,nan,,
4,40,0.0,0,-0.7240489721298218,-0.33368510007858276,nan,nan,,
4,41,0.0,0,-0.9628381729125977,0.989863395690918,nan,nan,,
4,42,0.0,0,-0.9663891792297363,-0.5903373956680298,nan,nan,,
4,43,0.0,0,-0.7114186882972717,-0.507289707660675,nan,nan,,
4,44,0.0,0,-0.9114424586296082,0.9935024976730347,nan,nan,,
4,45,0.0,0,-0.9740164875984192,-0.3852468729019165,nan,nan,,
4,46,0.0,0,-0.40440496802330017,-0.4550786316394806,nan,nan,,
4,47,0.0,0,-0.8802435994148254,0.9871655702590942,nan,nan,,
4,48,0.0,0,-0.978879988193512,-0.19169434905052185,nan,nan,,
4,49,0.0,0,-0.7251770496368408,-0.5148705244064331,nan,nan,,
4,50,0.0,0,-0.6217437386512756,-0.551148533821106,nan,nan,,
4,51,0.0,0,-0.7299743294715881,-0.4215297996997833,nan,nan,,
4,52,0.0,0,-0.7664870023727417,-0.28913483023643494,nan,nan,,
4,53,0.0,0,-0.9342516660690308,0.9869920015335083,nan,nan,,
4,54,0.0,0,-0.9910066723823547,0.19628840684890747,nan,nan,,
4,55,0.0,0,-0.9381008744239807,0.9470551609992981,nan,nan,,
4,56,0.0,0,-0.9894202351570129,0.09034174680709839,nan,nan,,
4,57,0.0,0,-0.9247785210609436,0.9386879801750183,nan,nan,,
4,58,0.0,0,-0.9855945706367493,0.019138431176543236,nan,nan,,
4,59,0.0,0,-0.37664660811424255,-0.5816735625267029,nan,nan,,
4,60,0.0,0,-0.9134235978126526,0.9885095953941345,nan,nan,,
4,61,0.0,0,-0.9819080233573914,0.06437119096517563,nan,nan,,
4,62,0.0,0,-0.8953392505645752,0.859204113483429,nan,nan,,
4,63,0.0,0,-0.9663493633270264,0.036854542791843414,nan,nan,,
4,64,0.0,0,-0.9238370656967163,0.8459651470184326,nan,nan,,
4,65,0.0,0,-0.9512894153594971,-0.047845352441072464,nan,nan,,
4,66,0.0,0,-0.17328767478466034,-0.7052358388900757,nan,nan,,
4,67,0.0,0,0.09061838686466217,-0.7976207733154297,nan,nan,,
4,68,0.0,0,-0.2277476191520691,-0.7418926954269409,nan,nan,,
4,69,0.0,0,-0.03146972134709358,-0.330150306224823,nan,nan,,
4,70,0.0,0,-0.2431671917438507,-0.42802944779396057,nan,nan,,
4,71,0.0,0,-0.8733832836151123,0.9680410623550415,nan,nan,,
4,72,0.0,0,-0.9785251617431641,0.20853205025196075,nan,nan,,
4,73,0.0,0,-0.8869520425796509,0.7819716930389404,nan,nan,,
4,74,0.0,0,-0.9501736164093018,0.263895720243454,nan,nan,,
4,75,0.0,0,-0.858335554599762,0.7290157675743103,nan,nan,,
4,76,0.0,0,-0.6451218724250793,-0.32758039236068726,nan,nan,,
4,77,0.0,0,0.24435880780220032,-0.5320780277252197,nan,nan,,
4,78,0.0,0,-0.6256288886070251,-0.8507755398750305,nan,nan,,
4,79,0.0,0,0.04802224785089493,-0.8684329986572266,nan,nan,,
4,80,0.0,0,-0.7938353419303894,-0.9234997630119324,nan,nan,,
4,81,0.0,0,-0.6864451169967651,-0.7917360067367554,nan,nan,,
4,82,0.0,0,-0.8105994462966919,-0.778128445148468,nan,nan,,
4,83,0.0,0,-0.9624581336975098,-0.3360516428947449,nan,nan,,
4,84,0.0,0,-0.9958783984184265,0.44144076108932495,nan,nan,,
4,85,0.0,0,0.01570148393511772,0.9054091572761536,nan,nan,,
4,86,0.0,0,-0.9989463090896606,-0.48176708817481995,nan,nan,,
4,87,0.0,0,-0.9285371899604797,-0.9676934480667114,nan,nan,,
4,88,0.0,0,-0.7939004898071289,-0.8339981436729431,nan,nan,,
4,89,0.0,0,-0.8611462712287903,-0.9602659940719604,nan,nan,,
4,90,0.0,0,-0.8410603404045105,-0.9560238718986511,nan,nan,,
4,91,0.0,0,-0.8642439842224121,-0.9810115098953247,nan,nan,,
4,92,0.0,0,-0.8191878199577332,-0.9963065981864929,nan,nan,,
4,93,0.0,0,-0.6102240681648254,-0.999097466468811,nan,nan,,
4,94,0.0,0,-0.11147486418485641,-0.9992967844009399,nan,nan,,
4,95,0.0,0,0.3029244542121887,-0.999265730381012,nan,nan,,
4,96,0.0,0,-0.024714689701795578,-0.9972587823867798,nan,nan,,
4,97,0.0,0,0.9290277361869812,-0.9980596899986267,nan,nan,,
4,98,0.0,0,0.9137630462646484,-0.9982140064239502,nan,nan,,
4,99,0.0,0,0.9771772623062134,-0.9978882074356079,nan,nan,,
4,100,0.0,0,0.9908492565155029,-0.9964900016784668,nan,nan,,
4,101,0.0,0,0.9959264397621155,-0.995437502861023,nan,nan,,
4,102,0.0,0,0.9984084963798523,-0.9912041425704956,nan,nan,,
4,103,0.0,0,0.9991732239723206,-0.9863141775131226,nan,nan,,
4,104,0.0,0,0.9994938373565674,-0.9850270748138428,nan,nan,,
4,105,0.0,0,0.999656617641449,-0.970596432685852,nan,nan,,
4,106,0.0,0,0.9996649026870728,-0.9234086275100708,nan,nan,,
4,107,0.0,0,0.9995597004890442,-0.8576741814613342,nan,nan,,
4,108,0.0,0,0.9994601607322693,-0.8705030083656311,nan,nan,,
4,109,0.0,0,0.9999856352806091,0.0874415934085846,nan,nan,,
4,110,0.0,0,0.9999944567680359,-0.6824382543563843,nan,nan,,
4,111,0.0,0,0.9987417459487915,-0.7657099962234497,nan,nan,,
4,112,0.0,0,0.9984830021858215,-0.6148104667663574,nan,nan,,
4,113,0.0,0,0.9971293807029724,-0.6200817227363586,nan,nan,,
4,114,0.0,0,0.9972712397575378,-0.4088623821735382,nan,nan,,
4,115,0.0,0,0.9654773473739624,-0.9491533637046814,nan,nan,,
4,116,0.0,0,0.9998738169670105,0.5324746966362,nan,nan,,
4,117,0.0,0,0.8950470089912415,-0.9907309412956238,nan,nan,,
4,118,0.0,0,0.9998751878738403,0.3896712064743042,nan,nan,,
4,119,0.0,0,0.9999677538871765,-0.6411639451980591,nan,nan,,
4,120,0.0,0,0.9993642568588257,-0.7183301448822021,nan,nan,,
4,121,0.0,0,0.9995858669281006,-0.6067937612533569,nan,nan,,
4,122,0.0,0,0.9986565709114075,-0.8946380615234375,nan,nan,,
4,123,0.0,0,0.9998872876167297,-0.22615312039852142,nan,nan,,
4,124,0.0,0,0.9714731574058533,-0.9903277158737183,nan,nan,,
4,125,0.0,0,0.9999018311500549,-0.7556408643722534,nan,nan,,
4,126,0.0,0,0.9998330473899841,-0.9426748752593994,nan,nan,,
4,127,0.0,0,0.9999678730964661,-0.9120429158210754,nan,nan,,
4,128,0.0,0,0.9999772310256958,-0.9300723075866699,nan,nan,,
4,129,0.0,0,0.9999588131904602,-0.9713733196258545,nan,nan,,
4,130,0.0,0,0.9999274015426636,-0.9878246784210205,nan,nan,,
4,131,0.0,0,0.999907374382019,-0.9918147325515747,nan,nan,,
4,132,0.0,0,0.9998763203620911,-0.9912204146385193,nan,nan,,
4,133,0.0,0,0.9997339248657227,-0.9767069220542908,nan,nan,,
4,134,0.0,0,0.9993627667427063,-0.9054462313652039,nan,nan,,
4,135,0.0,0,0.9983988404273987,-0.815179169178009,nan,nan,,
4,136,0.0,0,0.9983857274055481,-0.7065282464027405,nan,nan,,
4,137,0.0,0,0.9981282353401184,-0.4313637912273407,nan,nan,,
4,138,0.0,0,0.9967995285987854,0.06969773769378662,nan,nan,,
4,139,0.0,0,0.9662699699401855,-0.7872734665870667,nan,nan,,
4,140,0.0,0,0.9936590790748596,-0.6431944370269775,nan,nan,,
4,141,0.0,0,0.8951416015625,-0.9397725462913513,nan,nan,,
4,142,0.0,0,0.8757386803627014,-0.8975024223327637,nan,nan,,
4,143,0.0,0,0.7407773733139038,-0.8987152576446533,nan,nan,,
4,144,0.0,0,0.5739750266075134,-0.9156457185745239,nan,nan,,
4,145,0.0,0,0.7497866153717041,-0.8324084281921387,nan,nan,,
4,146,0.0,0,0.8774303793907166,-0.6485901474952698,nan,nan,,
4,147,0.0,0,0.994968593120575,0.2949729859828949,nan,nan,,
4,148,0.0,0,0.9978897571563721,0.47742366790771484,nan,nan,,
4,149,0.0,0,-0.7721459269523621,-0.05152112990617752,nan,nan,,
4,150,0.0,0,0.9928671717643738,0.26994502544403076,nan,nan,,
4,151,0.0,0,-0.4328228831291199,-0.4320365786552429,nan,nan,,
4,152,0.0,0,-0.05379611253738403,-0.648938775062561,nan,nan,,
4,153,0.0,0,0.9583019614219666,0.8004391193389893,nan,nan,,
4,154,0.0,0,0.967619001865387,-0.14880318939685822,nan,nan,,
4,155,0.0,0,-0.09841715544462204,0.1328117549419403,nan,nan,,
4,156,0.0,0,0.985535740852356,0.3378071188926697,nan,nan,,
4,157,0.0,0,0.9994781613349915,0.6255232095718384,nan,nan,,
4,158,0.0,0,0.9453869462013245,-0.5426619648933411,nan,nan,,
4,159,0.0,0,0.9998871088027954,0.591357946395874,nan,nan,,
4,160,0.0,0,0.9976865649223328,0.08071324974298477,nan,nan,,
4,161,0.0,0,-0.3813980519771576,0.10413721203804016,nan,nan,,
4,162,0.0,0,-0.7085897326469421,-0.7972218990325928,nan,nan,,
4,163,0.0,0,0.8697848320007324,-0.39071428775787354,nan,nan,,
4,164,0.0,0,0.848014771938324,-0.6840935349464417,nan,nan,,
4,165,0.0,0,0.9837730526924133,-0.5722662210464478,nan,nan,,
4,166,0.0,0,0.9182080626487732,-0.555517315864563,nan,nan,,
4,167,0.0,0,0.9995676875114441,0.6653701663017273,nan,nan,,
4,168,0.0,0,0.9958087801933289,-0.6872413754463196,nan,nan,,
4,169,0.0,0,0.9433267712593079,-0.48112183809280396,nan,nan,,
4,170,0.0,0,0.9994726777076721,0.2691883146762848,nan,nan,,
4,171,0.0,0,0.9985170960426331,-0.7559798359870911,nan,nan,,
4,172,0.0,0,0.987686276435852,-0.48594796657562256,nan,nan,,
4,173,0.0,0,0.9813029170036316,-0.06136519834399223,nan,nan,,
4,174,0.0,0,0.9994702339172363,0.3751267194747925,nan,nan,,
4,175,0.0,0,-0.5316810607910156,-0.34215137362480164,nan,nan,,
4,176,0.0,0,0.40766283869743347,-0.9647992253303528,nan,nan,,
4,177,0.0,0,0.9920037984848022,-0.1315842568874359,nan,nan,,
4,178,0.0,0,-0.30431628227233887,0.12306272238492966,nan,nan,,
4,179,0.0,0,0.9481949210166931,-0.931403636932373,nan,nan,,
4,180,0.0,0,0.9534990787506104,0.5948113799095154,nan,nan,,
4,181,0.0,0,0.9968105554580688,-0.26873183250427246,nan,nan,,
4,182,0.0,0,0.9943603873252869,0.30635714530944824,nan,nan,,
4,183,0.0,0,0.9985011219978333,-0.22114653885364532,nan,nan,,
4,184,0.0,0,0.9997894167900085,0.21043863892555237,nan,nan,,
4,185,0.0,0,-0.5442942976951599,-0.06130746752023697,nan,nan,,
4,186,0.0,0,-0.544501781463623,-0.8755941390991211,nan,nan,,
4,187,0.0,0,0.5887065529823303,-0.9893459677696228,nan,nan,,
4,188,0.0,0,0.7022145986557007,0.6931650638580322,nan,nan,,
4,189,0.0,0,0.7545411586761475,0.3972148299217224,nan,nan,,
4,190,0.0,0,0.3059290647506714,0.5103245377540588,nan,nan,,
4,191,0.0,0,-0.9589540958404541,-0.7435619831085205,nan,nan,,
4,192,0.0,0,0.3130851089954376,-0.9967123866081238,nan,nan,,
4,193,0.0,0,0.5344470739364624,0.6675354242324829,nan,nan,,
4,194,0.0,0,0.9781854152679443,0.17094847559928894,nan,nan,,
4,195,0.0,0,-0.9654165506362915,-0.4691658318042755,nan,nan,,
4,196,0.0,0,-0.9965974688529968,-0.9322407841682434,nan,nan,,
4,197,0.0,0,-0.9847060441970825,-0.9826432466506958,nan,nan,,
4,198,0.0,0,-0.9971218109130859,-0.9761145710945129,nan,nan,,
4,199,0.0,0,-0.9990095496177673,-0.9374076724052429,nan,nan,,
4,200,0.0,0,-0.9997379183769226,-0.8467612266540527,nan,nan,,
4,201,0.0,0,-0.9998932480812073,-0.9288139343261719,nan,nan,,
4,202,0.0,0,-0.9997435808181763,-0.9670237898826599,nan,nan,,
4,203,0.0,0,-0.9996242523193359,-0.9759648442268372,nan,nan,,
4,204,0.0,0,-0.9994297623634338,-0.9706228971481323,nan,nan,,
4,205,0.0,0,-0.9991951584815979,-0.9437271356582642,nan,nan,,
4,206,0.0,0,-0.9990367889404297,-0.8804361820220947,nan,nan,,
4,207,0.0,0,-0.9990411996841431,-0.8528558015823364,nan,nan,,
4,208,0.0,0,-0.9980688095092773,-0.7508156895637512,nan,nan,,
4,209,0.0,0,-0.9970006942749023,-0.8416919112205505,nan,nan,,
4,210,0.0,0,-0.9505345225334167,-0.9594947695732117,nan,nan,,
4,211,0.0,0,-0.8104854822158813,-0.9646658301353455,nan,nan,,
4,212,0.0,0,-0.4601115584373474,-0.9294551014900208,nan,nan,,
4,213,0.0,0,-0.01965520903468132,-0.8193075656890869,nan,nan,,
4,214,0.0,0,0.3941566050052643,-0.9204786419868469,nan,nan,,
4,215,0.0,0,-0.40936824679374695,-0.34623628854751587,nan,nan,,
4,216,0.0,0,0.2695298492908478,0.9998822808265686,nan,nan,,
4,217,0.0,0,-0.9507688879966736,0.9122632145881653,nan,nan,,
4,218,0.0,0,-0.8413769602775574,0.9142807126045227,nan,nan,,
4,219,0.0,0,-0.9856351613998413,0.791517436504364,nan,nan,,
4,220,0.0,0,-0.9958542585372925,0.08534343540668488,nan,nan,,
4,221,0.0,0,0.0004505121323745698,0.9702000021934509,nan,nan,,
4,222,0.0,0,-0.9988982677459717,0.33498212695121765,nan,nan,,
4,223,0.0,0,-0.9337216019630432,-0.19822879135608673,nan,nan,,
4,224,0.0,0,-0.719953179359436,-0.18990974128246307,nan,nan,,
4,225,0.0,0,-0.5383460521697998,0.9881699085235596,nan,nan,,
4,226,0.0,0,-0.9981467723846436,-0.2116273045539856,nan,nan,,
4,227,0.0,0,-0.13238511979579926,-0.7374730706214905,nan,nan,,
4,228,0.0,0,0.6909053921699524,-0.8892930150032043,nan,nan,,
4,229,0.0,0,0.12570075690746307,-0.91876220703125,nan,nan,,
4,230,0.0,0,-0.02527194283902645,-0.8771617412567139,nan,nan,,
4,231,0.0,0,0.3253835141658783,-0.046219367533922195,nan,nan,,
4,232,0.0,0,-0.9275624752044678,0.8965929746627808,nan,nan,,
4,233,0.0,0,-0.7189072966575623,0.8034067153930664,nan,nan,,
4,234,0.0,0,-0.98711758852005,0.6691151261329651,nan,nan,,
4,235,0.0,0,-0.7145895957946777,0.898271381855011,nan,nan,,
4,236,0.0,0,-0.9822576642036438,0.6390087604522705,nan,nan,,
4,237,0.0,0,0.050443701446056366,0.4339759647846222,nan,nan,,
4,238,0.0,0,-0.9175431132316589,0.8804146647453308,nan,nan,,
4,239,0.0,0,-0.985298216342926,0.6284021139144897,nan,nan,,
4,240,0.0,0,-0.25024306774139404,0.16364197432994843,nan,nan,,
4,241,0.0,0,-0.5273328423500061,0.5083184242248535,nan,nan,,
4,242,0.0,0,-0.9624773263931274,0.04760674014687538,nan,nan,,
4,243,0.0,0,0.5386801362037659,0.9706383943557739,nan,nan,,
4,244,0.0,0,-0.9991843700408936,0.9566311836242676,nan,nan,,
4,245,0.0,0,-0.988178551197052,0.5257360339164734,nan,nan,,
4,246,0.0,0,-0.9800049662590027,0.5575204491615295,nan,nan,,
4,247,0.0,0,-0.9823774695396423,-0.09385225921869278,nan,nan,,
4,248,0.0,0,-0.7937861680984497,0.9506046772003174,nan,nan,,
4,249,0.0,0,-0.9893122315406799,0.37406301498413086,nan,nan,,
4,250,0.0,0,-0.9635841846466064,0.7069226503372192,nan,nan,,
4,251,0.0,0,-0.9535948038101196,-0.07351755350828171,nan,nan,,
4,252,0.0,0,-0.9732579588890076,0.9164919853210449,nan,nan,,
4,253,0.0,0,-0.9970516562461853,0.46129336953163147,nan,nan,,
4,254,0.0,0,-0.9613110423088074,0.7232339382171631,nan,nan,,
4,255,0.0,0,-0.994469404220581,0.3284965455532074,nan,nan,,
4,256,0.0,0,-0.9801785945892334,0.4055946469306946,nan,nan,,
4,257,0.0,0,-0.9719557762145996,0.4115849435329437,nan,nan,,
4,258,0.0,0,-0.7163145542144775,0.8671417236328125,nan,nan,,
4,259,0.0,0,-0.994779646396637,0.6196051239967346,nan,nan,,
4,260,0.0,0,-0.9718860387802124,0.2717811167240143,nan,nan,,
4,261,0.0,0,-0.928548276424408,0.3737630844116211,nan,nan,,
4,262,0.0,0,-0.8498461246490479,0.5568897128105164,nan,nan,,
4,263,0.0,0,-0.9933348894119263,0.684660017490387,nan,nan,,
4,264,0.0,0,-0.9119845628738403,-0.041599344462156296,nan,nan,,
4,265,0.0,0,-0.9084529876708984,0.9293035864830017,nan,nan,,
4,266,0.0,0,-0.9738984107971191,0.01843474991619587,nan,nan,,
4,267,0.0,0,-0.6692785620689392,0.386045902967453,nan,nan,,
4,268,0.0,0,-0.8395949006080627,0.4635883867740631,nan,nan,,
4,269,0.0,0,-0.9833588600158691,-0.0008830546867102385,nan,nan,,
4,270,0.0,0,-0.9936476349830627,0.8006427884101868,nan,nan,,
4,271,0.0,0,-0.9867541790008545,-0.4252529740333557,nan,nan,,
4,272,0.0,0,-0.9952953457832336,0.9593151211738586,nan,nan,,
4,273,0.0,0,-0.9860770106315613,-0.4216509461402893,nan,nan,,
4,274,0.0,0,-0.20563052594661713,0.595360279083252,nan,nan,,
4,275,0.0,0,-0.9979290962219238,-0.2281368225812912,nan,nan,,
4,276,0.0,0,-0.6302767992019653,0.1928032636642456,nan,nan,,
4,277,0.0,0,-0.4575609266757965,0.3075796663761139,nan,nan,,
4,278,0.0,0,-0.9982011914253235,0.516403317451477,nan,nan,,
4,279,0.0,0,-0.999112606048584,0.38878217339515686,nan,nan,,
4,280,0.0,0,-0.9993026256561279,0.5593132376670837,nan,nan,,
4,281,0.0,0,-0.9996048808097839,0.6378715634346008,nan,nan,,
4,282,0.0,0,-0.9996331930160522,0.6013837456703186,nan,nan,,
4,283,0.0,0,-0.9995344877243042,0.7943511009216309,nan,nan,,
4,284,0.0,0,-0.9997620582580566,0.6516568660736084,nan,nan,,
4,285,0.0,0,-0.9460521936416626,0.2759116590023041,nan,nan,,
4,286,0.0,0,-0.9999264478683472,0.9752590656280518,nan,nan,,
4,287,0.0,0,-0.9998700618743896,0.6217682361602783,nan,nan,,
4,288,0.0,0,-0.9999862909317017,0.9688877463340759,nan,nan,,
4,289,0.0,0,-0.9999675154685974,0.7582619190216064,nan,nan,,
4,290,0.0,0,-0.9999861121177673,0.9402520060539246,nan,nan,,
4,291,0.0,0,-0.9999804496765137,0.39242711663246155,nan,nan,,
4,292,0.0,0,-0.9999954104423523,0.974972128868103,nan,nan,,
4,293,0.0,0,-0.9999929666519165,-0.36995241045951843,nan,nan,,
4,294,0.0,0,-0.9986574649810791,0.8723388314247131,nan,nan,,
4,295,0.0,0,-0.9999867081642151,-0.4714832007884979,nan,nan,,
4,296,0.0,0,-0.9997031092643738,0.9875355362892151,nan,nan,,
4,297,0.0,0,-0.999997615814209,-0.7936497926712036,nan,nan,,
4,298,0.0,0,-0.999991238117218,0.99923175573349,nan,nan,,
4,299,0.0,0,-0.9999985694885254,-0.8770532608032227,nan,nan,,
4,300,0.0,0,-0.9999451041221619,0.9990936517715454,nan,nan,,
4,301,0.0,0,-0.9999990463256836,-0.9364639520645142,nan,nan,,
4,302,0.0,0,-0.9999504089355469,0.9991995692253113,nan,nan,,
4,303,0.0,0,-0.9999989867210388,-0.9632633328437805,nan,nan,,
4,304,0.0,0,-0.9999528527259827,0.9990202784538269,nan,nan,,
4,305,0.0,0,-0.9999980926513672,-0.9748010635375977,nan,nan,,
4,306,0.0,0,-0.9999472498893738,0.9982526302337646,nan,nan,,
4,307,0.0,0,-0.9999968409538269,-0.9801648259162903,nan,nan,,
4,308,0.0,0,-0.9999434947967529,0.9966333508491516,nan,nan,,
4,309,0.0,0,-0.999994695186615,-0.9839877486228943,nan,nan,,
4,310,0.0,0,-0.9999426007270813,0.9930674433708191,nan,nan,,
4,311,0.0,0,-0.9999912977218628,-0.9872384667396545,nan,nan,,
4,312,0.0,0,-0.9999473690986633,0.9866225719451904,nan,nan,,
4,313,0.0,0,-0.9999852180480957,-0.9894505143165588,nan,nan,,
4,314,0.0,0,-0.9999561905860901,0.974281907081604,nan,nan,,
4,315,0.0,0,-0.9999729990959167,-0.9909289479255676,nan,nan,,
4,316,0.0,0,-0.9999616146087646,0.9618240594863892,nan,nan,,
4,317,0.0,0,-0.9999498724937439,-0.9925587177276611,nan,nan,,
4,318,0.0,0,-0.9999673962593079,0.9459999799728394,nan,nan,,
4,319,0.0,0,-0.9999262690544128,-0.994741678237915,nan,nan,,
4,320,0.0,0,-0.9999708533287048,0.9323641657829285,nan,nan,,
4,321,0.0,0,-0.9999122023582458,-0.9957932233810425,nan,nan,,
4,322,0.0,0,-0.9999735355377197,0.9200246930122375,nan,nan,,
4,323,0.0,0,-0.9999145269393921,-0.9969034194946289,nan,nan,,
4,324,0.0,0,-0.999976396560669,0.9073815941810608,nan,nan,,
4,325,0.0,0,-0.9999107718467712,-0.9977507591247559,nan,nan,,
4,326,0.0,0,-0.9999793767929077,0.8914248943328857,nan,nan,,
4,327,0.0,0,-0.9999028444290161,-0.9980891942977905,nan,nan,,
4,328,0.0,0,-0.9999814629554749,0.8708087801933289,nan,nan,,
4,329,0.0,0,-0.9998499751091003,-0.9977594614028931,nan,nan,,
4,330,0.0,0,-0.999980092048645,0.8425295352935791,nan,nan,,
4,331,0.0,0,-0.9999205470085144,-0.9973540306091309,nan,nan,,
4,332,0.0,0,-0.9999766945838928,0.8047051429748535,nan,nan,,
4,333,0.0,0,-0.9997085928916931,-0.9945520162582397,nan,nan,,
4,334,0.0,0,-0.9999819397926331,0.7846977710723877,nan,nan,,
4,335,0.0,0,-0.9999086260795593,-0.9949960708618164,nan,nan,,
4,336,0.0,0,-0.9999762177467346,0.8619149923324585,nan,nan,,
4,337,0.0,0,-0.9997105002403259,-0.9938927292823792,nan,nan,,
4,338,0.0,0,-0.9999704957008362,0.9318084716796875,nan,nan,,
4,339,0.0,0,-0.9998748898506165,-0.9900667667388916,nan,nan,,
4,340,0.0,0,-0.9999568462371826,0.9825413227081299,nan,nan,,
4,341,0.0,0,-0.9998680949211121,-0.9798746705055237,nan,nan,,
4,342,0.0,0,-0.9999117255210876,0.9930784106254578,nan,nan,,
4,343,0.0,0,-0.9996635317802429,-0.9708424806594849,nan,nan,,
4,344,0.0,0,-0.9998681545257568,0.9936426281929016,nan,nan,,
4,345,0.0,0,-0.998984158039093,-0.951919436454773,nan,nan,,
4,346,0.0,0,-0.999698281288147,0.9957926273345947,nan,nan,,
4,347,0.0,0,-0.9978346824645996,-0.7796825170516968,nan,nan,,
4,348,0.0,0,-0.9978700280189514,0.9966962337493896,nan,nan,,
4,349,0.0,0,-0.9960463643074036,-0.5122095346450806,nan,nan,,
4,350,0.0,0,-0.9503507614135742,0.9573765993118286,nan,nan,,
4,351,0.0,0,-0.9909521341323853,0.6705604195594788,nan,nan,,
4,352,0.0,0,-0.9755035042762756,0.9653303623199463,nan,nan,,
4,353,0.0,0,-0.9296715259552002,0.962861180305481,nan,nan,,
4,354,0.0,0,-0.9359698295593262,0.9678305387496948,nan,nan,,
4,355,0.0,0,-0.9032458066940308,0.9740169644355774,nan,nan,,
4,356,0.0,0,-0.44686639308929443,0.9961374998092651,nan,nan,,
4,357,0.0,0,0.4581897258758545,0.9986485838890076,nan,nan,,
4,358,0.0,0,0.8006095290184021,0.999308168888092,nan,nan,,
4,359,0.0,0,0.7995538711547852,0.999302089214325,nan,nan,,
4,360,0.0,0,0.8552750945091248,0.9984297752380371,nan,nan,,
4,361,0.0,0,0.937889814376831,0.9938221573829651,nan,nan,,
4,362,0.0,0,0.9437803030014038,0.9613857865333557,nan,nan,,
4,363,0.0,0,0.9644811749458313,0.6011602878570557,nan,nan,,
4,364,0.0,0,0.6896681189537048,-0.5572991371154785,nan,nan,,
4,365,0.0,0,0.894502580165863,0.867938220500946,nan,nan,,
4,366,0.0,0,0.9959183931350708,-0.747742235660553,nan,nan,,
4,367,0.0,0,0.9117240309715271,0.3678494989871979,nan,nan,,
4,368,0.0,0,0.9994852542877197,0.8804161548614502,nan,nan,,
4,369,0.0,0,0.9964344501495361,-0.9568416476249695,nan,nan,,
4,370,0.0,0,0.980362057685852,0.48420071601867676,nan,nan,,
4,371,0.0,0,0.9996434450149536,-0.9138718843460083,nan,nan,,
4,372,0.0,0,0.9913690090179443,0.5025122165679932,nan,nan,,
4,373,0.0,0,0.9942274689674377,-0.8619706630706787,nan,nan,,
4,374,0.0,0,0.9960970878601074,0.6467735767364502,nan,nan,,
4,375,0.0,0,0.9998998045921326,-0.8817666172981262,nan,nan,,
4,376,0.0,0,0.998778223991394,0.6814526319503784,nan,nan,,
4,377,0.0,0,0.99989253282547,-0.9176235795021057,nan,nan,,
4,378,0.0,0,0.9973175525665283,0.6566599011421204,nan,nan,,
4,379,0.0,0,0.9999307990074158,-0.9080552458763123,nan,nan,,
4,380,0.0,0,0.9980030059814453,0.653532862663269,nan,nan,,
4,381,0.0,0,0.9999628067016602,-0.8222828507423401,nan,nan,,
4,382,0.0,0,0.996734619140625,0.6777940392494202,nan,nan,,
4,383,0.0,0,0.8978305459022522,-0.2281990796327591,nan,nan,,
4,384,0.0,0,0.8050364851951599,0.7568769454956055,nan,nan,,
4,385,0.0,0,0.9999278783798218,-0.8349164128303528,nan,nan,,
4,386,0.0,0,0.9961864948272705,0.7185811400413513,nan,nan,,
4,387,0.0,0,0.9998730421066284,-0.6916633248329163,nan,nan,,
4,388,0.0,0,0.9913527369499207,0.7936446666717529,nan,nan,,
4,389,0.0,0,0.9999276995658875,-0.7824289798736572,nan,nan,,
4,390,0.0,0,0.9935370087623596,0.7851473689079285,nan,nan,,
4,391,0.0,0,0.9999240636825562,-0.7761663794517517,nan,nan,,
4,392,0.0,0,0.9931292533874512,0.7947399616241455,nan,nan,,
4,393,0.0,0,0.9998980164527893,-0.7981128096580505,nan,nan,,
4,394,0.0,0,0.994564950466156,0.7640100717544556,nan,nan,,
4,395,0.0,0,0.9999589920043945,-0.7893662452697754,nan,nan,,
4,396,0.0,0,0.9961905479431152,0.6434394717216492,nan,nan,,
4,397,0.0,0,0.9999555349349976,-0.6288888454437256,nan,nan,,
4,398,0.0,0,0.9999409914016724,0.9934319853782654,nan,nan,,
4,399,0.0,0,0.9996927976608276,-0.4680337905883789,nan,nan,,
4,400,0.0,0,0.9934642314910889,0.12941648066043854,nan,nan,,
4,401,0.0,0,0.9234973192214966,-0.7763617634773254,nan,nan,,
4,402,0.0,0,0.9972015619277954,0.444679319858551,nan,nan,,
4,403,0.0,0,0.9996486306190491,0.9637230038642883,nan,nan,,
4,404,0.0,0,0.9989654421806335,0.13824786245822906,nan,nan,,
4,405,0.0,0,0.999871551990509,0.9931822419166565,nan,nan,,
4,406,0.0,0,0.9987828731536865,-0.17198093235492706,nan,nan,,
4,407,0.0,0,0.9886671304702759,-0.7931475043296814,nan,nan,,
4,408,0.0,0,0.9997392296791077,0.6954824328422546,nan,nan,,
4,409,0.0,0,0.9998893737792969,0.35390767455101013,nan,nan,,
4,410,0.0,0,0.9999744296073914,0.9424331188201904,nan,nan,,
4,411,0.0,0,0.9950674176216125,-0.5653140544891357,nan,nan,,
4,412,0.0,0,0.9998298287391663,0.9354545474052429,nan,nan,,
4,413,0.0,0,0.9960434436798096,-0.21907086670398712,nan,nan,,
4,414,0.0,0,0.9756937623023987,0.46823710203170776,nan,nan,,
4,415,0.0,0,0.9481096863746643,0.2269367277622223,nan,nan,,
4,416,0.0,0,0.85127854347229,0.043002936989068985,nan,nan,,
4,417,0.0,0,0.7118690013885498,0.41101619601249695,nan,nan,,
4,418,0.0,0,0.999357283115387,0.9762747287750244,nan,nan,,
4,419,0.0,0,0.9565914869308472,0.9113777279853821,nan,nan,,
4,420,0.0,0,0.8631591796875,0.9863882660865784,nan,nan,,
4,421,0.0,0,0.7950654625892639,0.9900254011154175,nan,nan,,
4,422,0.0,0,0.8119773268699646,0.9889580607414246,nan,nan,,
4,423,0.0,0,0.8063100576400757,0.9837861657142639,nan,nan,,
4,424,0.0,0,0.8215737342834473,0.971519410610199,nan,nan,,
4,425,0.0,0,0.7018027305603027,0.901729166507721,nan,nan,,
4,426,0.0,0,0.627457857131958,0.662344753742218,nan,nan,,
4,427,0.0,0,-0.5115414261817932,0.7240394949913025,nan,nan,,
4,428,0.0,0,-0.8235903978347778,-0.955456554889679,nan,nan,,
4,429,0.0,0,0.8918517827987671,0.9880720973014832,nan,nan,,
4,430,0.0,0,0.4626006782054901,0.5134581923484802,nan,nan,,
4,431,0.0,0,0.9847793579101562,0.8817804455757141,nan,nan,,
4,432,0.0,0,0.5727614164352417,0.23889854550361633,nan,nan,,
4,433,0.0,0,0.9959084987640381,0.9198212623596191,nan,nan,,
4,434,0.0,0,-0.48208627104759216,-0.6036712527275085,nan,nan,,
4,435,0.0,0,0.9663599133491516,-0.476649671792984,nan,nan,,
4,436,0.0,0,-0.8201367259025574,0.7720737457275391,nan,nan,,
4,437,0.0,0,-0.79361492395401,-0.9943161606788635,nan,nan,,
4,438,0.0,0,0.5435231328010559,0.5339667201042175,nan,nan,,
4,439,0.0,0,0.42777499556541443,-0.1313936859369278,nan,nan,,
4,440,0.0,0,0.9781309962272644,0.8461840152740479,nan,nan,,
4,441,0.0,0,-0.9645886421203613,-0.4411866068840027,nan,nan,,
4,442,0.0,0,-0.712167501449585,-0.9364479184150696,nan,nan,,
4,443,0.0,0,0.2146044373512268,0.7845751047134399,nan,nan,,
4,444,0.0,0,-0.9583603143692017,0.06866052746772766,nan,nan,,
4,445,0.0,0,-0.2626839876174927,-0.8828167915344238,nan,nan,,
4,446,0.0,0,0.03864818438887596,0.8033975958824158,nan,nan,,
4,447,0.0,0,-0.9970807433128357,0.5168609023094177,nan,nan,,
4,448,0.0,0,-0.952777624130249,-0.9619126319885254,nan,nan,,
4,449,0.0,0,-0.40456917881965637,0.7030174136161804,nan,nan,,
4,450,0.0,0,-0.9841001629829407,-0.9833069443702698,nan,nan,,
4,451,0.0,0,-0.42784300446510315,0.6992229223251343,nan,nan,,
4,452,0.0,0,-0.9841286540031433,-0.9859735369682312,nan,nan,,
4,453,0.0,0,-0.42747360467910767,0.679516613483429,nan,nan,,
4,454,0.0,0,-0.9695640206336975,-0.9877080321311951,nan,nan,,
4,455,0.0,0,-0.45441511273384094,0.6373491287231445,nan,nan,,
4,456,0.0,0,-0.9707090854644775,-0.9836403131484985,nan,nan,,
4,457,0.0,0,-0.5404307246208191,0.5875928997993469,nan,nan,,
4,458,0.0,0,-0.9645164012908936,-0.9766050577163696,nan,nan,,
4,459,0.0,0,-0.580062747001648,0.5658757090568542,nan,nan,,
4,460,0.0,0,-0.9837700724601746,-0.9716838002204895,nan,nan,,
4,461,0.0,0,-0.6128107309341431,0.48672670125961304,nan,nan,,
4,462,0.0,0,-0.9810439944267273,-0.9809964299201965,nan,nan,,
4,463,0.0,0,-0.641369640827179,0.37612271308898926,nan,nan,,
4,464,0.0,0,-0.8222885727882385,-0.9509300589561462,nan,nan,,
4,465,0.0,0,-0.6586734652519226,0.24298736453056335,nan,nan,,
4,466,0.0,0,-0.9363216161727905,-0.38450169563293457,nan,nan,,
4,467,0.0,0,-0.9831444621086121,0.9415662884712219,nan,nan,,
4,468,0.0,0,-0.9956279397010803,-0.9868105053901672,nan,nan,,
4,469,0.0,0,-0.7217325568199158,0.01989402063190937,nan,nan,,
4,470,0.0,0,-0.9873600602149963,0.5865145325660706,nan,nan,,
4,471,0.0,0,-0.8641527891159058,-0.9730343818664551,nan,nan,,
4,472,0.0,0,-0.7165402173995972,0.1516284942626953,nan,nan,,
4,473,0.0,0,-0.9885317087173462,-0.010142825543880463,nan,nan,,
4,474,0.0,0,-0.571455180644989,-0.9455480575561523,nan,nan,,
4,475,0.0,0,-0.7584229707717896,0.4880533814430237,nan,nan,,
4,476,0.0,0,-0.9456312656402588,-0.9616869688034058,nan,nan,,
4,477,0.0,0,-0.7808060646057129,0.5857447981834412,nan,nan,,
4,478,0.0,0,-0.9659627676010132,-0.7391698360443115,nan,nan,,
4,479,0.0,0,-0.6828899383544922,0.3417905867099762,nan,nan,,
4,480,0.0,0,-0.6513428092002869,-0.8780962824821472,nan,nan,,
4,481,0.0,0,-0.7086942195892334,0.8972368836402893,nan,nan,,
4,482,0.0,0,-0.9725040793418884,-0.9824721217155457,nan,nan,,
4,483,0.0,0,-0.8004376888275146,0.7019645571708679,nan,nan,,
4,484,0.0,0,-0.9633077383041382,-0.9598000049591064,nan,nan,,
4,485,0.0,0,-0.8080498576164246,0.7203952074050903,nan,nan,,
4,486,0.0,0,-0.8916365504264832,-0.9445213079452515,nan,nan,,
4,487,0.0,0,-0.8256457448005676,0.7250303626060486,nan,nan,,
4,488,0.0,0,-0.9082510471343994,-0.9553711414337158,nan,nan,,
4,489,0.0,0,-0.8472603559494019,0.7663171887397766,nan,nan,,
4,490,0.0,0,-0.9896290302276611,-0.9825707674026489,nan,nan,,
4,491,0.0,0,-0.8624390959739685,0.8082267045974731,nan,nan,,
4,492,0.0,0,-0.993454098701477,-0.9908741116523743,nan,nan,,
4,493,0.0,0,-0.890360951423645,0.8603684902191162,nan,nan,,
4,494,0.0,0,-0.9927497506141663,-0.993983805179596,nan,nan,,
4,495,0.0,0,-0.9377380609512329,0.8745556473731995,nan,nan,,
4,496,0.0,0,-0.998315691947937,-0.997844398021698,nan,nan,,
4,497,0.0,0,-0.9710648059844971,0.8064525127410889,nan,nan,,
4,498,0.0,0,-0.9973334670066833,-0.999423623085022,nan,nan,,
4,499,0.0,0,-0.9918130040168762,0.6021687984466553,nan,nan,,
4,500,0.0,0,-0.9883871078491211,-0.99950110912323,nan,nan,,
4,501,0.0,0,-0.998368501663208,0.23650884628295898,nan,nan,,
4,502,0.0,0,-0.9999856948852539,-0.9796082973480225,nan,nan,,
4,503,0.0,0,-0.9989660382270813,0.2595038414001465,nan,nan,,
4,504,0.0,0,-0.9999917149543762,-0.984438955783844,nan,nan,,
4,505,0.0,0,-0.9994550943374634,-0.006543197203427553,nan,nan,,
4,506,0.0,0,-0.9999955892562866,-0.9588527083396912,nan,nan,,
4,507,0.0,0,-0.9996817111968994,-0.41671326756477356,nan,nan,,
4,508,0.0,0,-0.9999493360519409,-0.9735730290412903,nan,nan,,
4,509,0.0,0,-0.9998248219490051,-0.7600612044334412,nan,nan,,
4,510,0.0,0,-0.9988591074943542,-0.9929589629173279,nan,nan,,
4,511,0.0,0,-0.9999179840087891,-0.916652262210846,nan,nan,,
4,512,0.0,0,-0.9997416734695435,-0.9519245624542236,nan,nan,,
4,513,0.0,0,-0.9995047450065613,-0.9232040643692017,nan,nan,,
4,514,0.0,0,-0.9974288940429688,-0.9550669193267822,nan,nan,,
4,515,0.0,0,-0.9860481023788452,-0.9598591327667236,nan,nan,,
4,516,0.0,0,-0.9478538036346436,-0.9781185984611511,nan,nan,,
4,517,0.0,0,-0.7720202803611755,-0.9889169335365295,nan,nan,,
4,518,0.0,0,-0.46250998973846436,-0.9864703416824341,nan,nan,,
4,519,0.0,0,-0.19909359514713287,-0.9774028658866882,nan,nan,,
4,520,0.0,0,0.032509658485651016,-0.9653909206390381,nan,nan,,
4,521,0.0,0,0.22690343856811523,-0.9739444255828857,nan,nan,,
4,522,0.0,0,0.4496932327747345,-0.9725549817085266,nan,nan,,
4,523,0.0,0,0.6678563952445984,-0.968421459197998,nan,nan,,
4,524,0.0,0,0.7835765480995178,-0.9686034321784973,nan,nan,,
4,525,0.0,0,0.8086118102073669,-0.9753433465957642,nan,nan,,
4,526,0.0,0,0.8936715126037598,-0.9800031185150146,nan,nan,,
4,527,0.0,0,0.9500046968460083,-0.98311448097229,nan,nan,,
4,528,0.0,0,0.9711657762527466,-0.9821643233299255,nan,nan,,
4,529,0.0,0,0.9812241792678833,-0.9781652092933655,nan,nan,,
4,530,0.0,0,0.9841863512992859,-0.971822202205658,nan,nan,,
4,531,0.0,0,0.9799747467041016,-0.971025824546814,nan,nan,,
4,532,0.0,0,0.9828628897666931,-0.973517894744873,nan,nan,,
4,533,0.0,0,0.9908812046051025,-0.9837244749069214,nan,nan,,
4,534,0.0,0,0.9942736625671387,-0.9859428405761719,nan,nan,,
4,535,0.0,0,0.9934423565864563,-0.9847228527069092,nan,nan,,
4,536,0.0,0,0.9906338453292847,-0.9846762418746948,nan,nan,,
4,537,0.0,0,0.9814547300338745,-0.9883902072906494,nan,nan,,
4,538,0.0,0,0.9775668382644653,-0.9897077679634094,nan,nan,,
4,539,0.0,0,0.9708284139633179,-0.9872347116470337,nan,nan,,
4,540,0.0,0,0.948474109172821,-0.9788081049919128,nan,nan,,
4,541,0.0,0,0.9073911309242249,-0.9670298099517822,nan,nan,,
4,542,0.0,0,0.8136810660362244,-0.9551095366477966,nan,nan,,
4,543,0.0,0,0.7123894691467285,-0.9421899318695068,nan,nan,,
4,544,0.0,0,0.8287539482116699,-0.9442593455314636,nan,nan,,
4,545,0.0,0,0.90997314453125,-0.943873941898346,nan,nan,,
4,546,0.0,0,0.8944540023803711,-0.9571491479873657,nan,nan,,
4,547,0.0,0,0.8711465001106262,-0.9761263728141785,nan,nan,,
4,548,0.0,0,0.8295133113861084,-0.9827497601509094,nan,nan,,
4,549,0.0,0,0.7419354319572449,-0.9853345155715942,nan,nan,,
4,550,0.0,0,0.5544191598892212,-0.9826157689094543,nan,nan,,
4,551,0.0,0,0.2184101790189743,-0.9685940742492676,nan,nan,,
4,552,0.0,0,-0.2196643352508545,-0.9495104551315308,nan,nan,,
4,553,0.0,0,-0.4238623380661011,-0.9036622643470764,nan,nan,,
4,554,0.0,0,-0.444075345993042,-0.8527318239212036,nan,nan,,
4,555,0.0,0,-0.6780524849891663,-0.8123109340667725,nan,nan,,
4,556,0.0,0,-0.7945264577865601,-0.6791063547134399,nan,nan,,
4,557,0.0,0,-0.9221621155738831,-0.5118075609207153,nan,nan,,
4,558,0.0,0,0.9236998558044434,0.26727670431137085,nan,nan,,
4,559,0.0,0,-0.8539169430732727,0.8180771470069885,nan,nan,,
4,560,0.0,0,-0.9521889090538025,0.09883644431829453,nan,nan,,
4,561,0.0,0,0.5105255246162415,-0.09873339533805847,nan,nan,,
4,562,0.0,0,0.9532558917999268,0.27854958176612854,nan,nan,,
4,563,0.0,0,0.7696093320846558,0.4155482351779938,nan,nan,,
4,564,0.0,0,0.5649212002754211,0.5109465718269348,nan,nan,,
4,565,0.0,0,0.5784001350402832,0.45437178015708923,nan,nan,,
4,566,0.0,0,-0.9723875522613525,0.6460985541343689,nan,nan,,
4,567,0.0,0,-0.7430735230445862,-0.5898070335388184,nan,nan,,
4,568,0.0,0,-0.9726012349128723,-0.7865297794342041,nan,nan,,
4,569,0.0,0,-0.9610425233840942,-0.4852352440357208,nan,nan,,
4,570,0.0,0,-0.9855890870094299,-0.48989400267601013,nan,nan,,
4,571,0.0,0,0.6939941048622131,-0.14442549645900726,nan,nan,,
4,572,0.0,0,-0.9907733201980591,0.8993121981620789,nan,nan,,
4,573,0.0,0,-0.9873339533805847,-0.5626590251922607,nan,nan,,
4,574,0.0,0,-0.11885558813810349,-0.09006862342357635,nan,nan,,
4,575,0.0,0,-0.981522262096405,-0.050724755972623825,nan,nan,,
4,576,0.0,0,-0.9834602475166321,0.15824605524539948,nan,nan,,
4,577,0.0,0,-0.7099658250808716,-0.303520530462265,nan,nan,,
4,578,0.0,0,-0.4860151410102844,0.1012502908706665,nan,nan,,
4,579,0.0,0,-0.9885073900222778,0.3554752767086029,nan,nan,,
4,580,0.0,0,-0.9511369466781616,-0.43802696466445923,nan,nan,,
4,581,0.0,0,-0.9901174306869507,0.6306782364845276,nan,nan,,
4,582,0.0,0,-0.9879749417304993,-0.6802129149436951,nan,nan,,
4,583,0.0,0,-0.9884112477302551,0.7906204462051392,nan,nan,,
4,584,0.0,0,-0.996708869934082,-0.8927478194236755,nan,nan,,
4,585,0.0,0,-0.9604830741882324,0.29385319352149963,nan,nan,,
4,586,0.0,0,-0.994651198387146,-0.04327847808599472,nan,nan,,
4,587,0.0,0,-0.9659140706062317,-0.203059121966362,nan,nan,,
4,588,0.0,0,-0.9867497086524963,0.15945746004581451,nan,nan,,
4,589,0.0,0,-0.9787117838859558,-0.43289241194725037,nan,nan,,
4,590,0.0,0,-0.937391996383667,0.14762751758098602,nan,nan,,
4,591,0.0,0,-0.9864611029624939,-0.4984455406665802,nan,nan,,
4,592,0.0,0,-0.9575355052947998,0.1307089626789093,nan,nan,,
4,593,0.0,0,-0.9804463386535645,-0.3964080810546875,nan,nan,,
4,594,0.0,0,-0.9719259738922119,0.4313279688358307,nan,nan,,
4,595,0.0,0,-0.9857367873191833,-0.40764424204826355,nan,nan,,
4,596,0.0,0,-0.9613688588142395,0.48900431394577026,nan,nan,,
4,597,0.0,0,-0.9922038912773132,-0.47672396898269653,nan,nan,,
4,598,0.0,0,-0.9514104723930359,0.6528564691543579,nan,nan,,
4,599,0.0,0,-0.9980146884918213,-0.5893976092338562,nan,nan,,
4,600,0.0,0,-0.9654542803764343,0.9479875564575195,nan,nan,,
4,601,0.0,0,-0.999014139175415,-0.6967582106590271,nan,nan,,
4,602,0.0,0,-0.9556792378425598,0.9400122761726379,nan,nan,,
4,603,0.0,0,-0.99903404712677,-0.7078753709793091,nan,nan,,
4,604,0.0,0,-0.9515445828437805,0.8270195126533508,nan,nan,,
4,605,0.0,0,-0.9986932277679443,-0.6508557796478271,nan,nan,,
4,606,0.0,0,-0.9558179378509521,0.9398219585418701,nan,nan,,
4,607,0.0,0,-0.9991022944450378,-0.7528467178344727,nan,nan,,
4,608,0.0,0,-0.9570110440254211,0.9470691680908203,nan,nan,,
4,609,0.0,0,-0.9991327524185181,-0.7728129029273987,nan,nan,,
4,610,0.0,0,-0.9405105113983154,0.9316160082817078,nan,nan,,
4,611,0.0,0,-0.9992426633834839,-0.7889448404312134,nan,nan,,
4,612,0.0,0,-0.9170610904693604,0.9118825793266296,nan,nan,,
4,613,0.0,0,-0.9993398189544678,-0.8021466732025146,nan,nan,,
4,614,0.0,0,-0.9128568768501282,0.7800579071044922,nan,nan,,
4,615,0.0,0,-0.9989184141159058,-0.7313225269317627,nan,nan,,
4,616,0.0,0,-0.9040016531944275,0.8078799843788147,nan,nan,,
4,617,0.0,0,-0.9983729124069214,-0.6905368566513062,nan,nan,,
4,618,0.0,0,-0.9076943397521973,0.490567684173584,nan,nan,,
4,619,0.0,0,-0.8637701869010925,-0.3837816119194031,nan,nan,,
4,620,0.0,0,-0.9833346009254456,-0.002157637383788824,nan,nan,,
4,621,0.0,0,-0.7605092525482178,-0.4508854150772095,nan,nan,,
4,622,0.0,0,-0.7876390814781189,-0.528702974319458,nan,nan,,
4,623,0.0,0,-0.8107625842094421,-0.3757181763648987,nan,nan,,
4,624,0.0,0,-0.8349531292915344,-0.7799435257911682,nan,nan,,
4,625,0.0,0,-0.7938769459724426,-0.14688442647457123,nan,nan,,
4,626,0.0,0,-0.8390622138977051,-0.8670753836631775,nan,nan,,
4,627,0.0,0,-0.8823860287666321,-0.0682760700583458,nan,nan,,
4,628,0.0,0,-0.8305097222328186,-0.8758568167686462,nan,nan,,
4,629,0.0,0,-0.7851921319961548,0.1393211930990219,nan,nan,,
4,630,0.0,0,-0.9945539832115173,-0.6674194931983948,nan,nan,,
4,631,0.0,0,-0.9664716720581055,0.5913732647895813,nan,nan,,
4,632,0.0,0,-0.8015880584716797,-0.9207403659820557,nan,nan,,
4,633,0.0,0,-0.6182475686073303,0.020091857761144638,nan,nan,,
4,634,0.0,0,-0.9873119592666626,-0.5168022513389587,nan,nan,,
4,635,0.0,0,-0.8957221508026123,-0.8273309469223022,nan,nan,,
4,636,0.0,0,-0.6666842699050903,-0.19649426639080048,nan,nan,,
4,637,0.0,0,-0.9110121726989746,-0.8082672357559204,nan,nan,,
4,638,0.0,0,-0.7694738507270813,0.16679933667182922,nan,nan,,
4,639,0.0,0,-0.9773582816123962,-0.620025098323822,nan,nan,,
4,640,0.0,0,-0.93787682056427,-0.42561182379722595,nan,nan,,
4,641,0.0,0,-0.9894320964813232,0.6057150959968567,nan,nan,,
4,642,0.0,0,-0.9406571984291077,-0.884226381778717,nan,nan,,
4,643,0.0,0,-0.748672366142273,-0.1936977058649063,nan,nan,,
4,644,0.0,0,-0.8359203338623047,-0.3371436595916748,nan,nan,,
4,645,0.0,0,-0.8214333653450012,-0.5736892819404602,nan,nan,,
4,646,0.0,0,-0.7472187876701355,-0.6863728165626526,nan,nan,,
4,647,0.0,0,-0.7317183613777161,-0.6123242378234863,nan,nan,,
4,648,0.0,0,-0.9511867761611938,0.8131638765335083,nan,nan,,
4,649,0.0,0,-0.8796984553337097,-0.7679581046104431,nan,nan,,
4,650,0.0,0,-0.4803366959095001,-0.38134798407554626,nan,nan,,
4,651,0.0,0,-0.4518726170063019,-0.5682156682014465,nan,nan,,
4,652,0.0,0,-0.3367970585823059,-0.5140480399131775,nan,nan,,
4,653,0.0,0,-0.21244747936725616,-0.41529127955436707,nan,nan,,
4,654,0.0,0,-0.059686511754989624,-0.19686654210090637,nan,nan,,
4,655,0.0,0,-0.27126848697662354,0.981097936630249,nan,nan,,
4,656,0.0,0,-0.910354733467102,0.10375403612852097,nan,nan,,
4,657,0.0,0,-0.3071229159832001,0.9838210344314575,nan,nan,,
4,658,0.0,0,-0.5163073539733887,0.5308442711830139,nan,nan,,
4,659,0.0,0,0.4740307033061981,0.8912588953971863,nan,nan,,
4,660,0.0,0,-0.5367416143417358,-0.4076061546802521,nan,nan,,
4,661,0.0,0,0.9814416170120239,0.8723904490470886,nan,nan,,
4,662,0.0,0,-0.535772979259491,-0.16352255642414093,nan,nan,,
4,663,0.0,0,0.9745162725448608,0.7475187182426453,nan,nan,,
4,664,0.0,0,-0.32509514689445496,0.036430370062589645,nan,nan,,
4,665,0.0,0,0.5440528988838196,0.9329913258552551,nan,nan,,
4,666,0.0,0,-0.891137957572937,-0.7200577855110168,nan,nan,,
4,667,0.0,0,0.6950976848602295,0.9784136414527893,nan,nan,,
4,668,0.0,0,-0.9793282151222229,-0.6704840660095215,nan,nan,,
4,669,0.0,0,0.6220409274101257,0.12995599210262299,nan,nan,,
4,670,0.0,0,-0.9282042980194092,0.9486792087554932,nan,nan,,
4,671,0.0,0,-0.9752122759819031,-0.1123095452785492,nan,nan,,
4,672,0.0,0,0.7236966490745544,-0.3720698654651642,nan,nan,,
4,673,0.0,0,-0.8101896643638611,0.9921147227287292,nan,nan,,
4,674,0.0,0,-0.9645225405693054,-0.6076664328575134,nan,nan,,
4,675,0.0,0,-0.7387272715568542,0.7976089119911194,nan,nan,,
4,676,0.0,0,-0.9090746641159058,-0.6649028062820435,nan,nan,,
4,677,0.0,0,0.16211265325546265,-0.607061505317688,nan,nan,,
4,678,0.0,0,0.9752357602119446,0.9037762880325317,nan,nan,,
4,679,0.0,0,0.8801614046096802,-0.3301176130771637,nan,nan,,
4,680,0.0,0,0.992333710193634,0.7157463431358337,nan,nan,,
4,681,0.0,0,0.9947318434715271,-0.11913421005010605,nan,nan,,
4,682,0.0,0,0.9975957870483398,0.4465188682079315,nan,nan,,
4,683,0.0,0,0.9987388253211975,0.030621306970715523,nan,nan,,
4,684,0.0,0,0.9727133512496948,-0.912132203578949,nan,nan,,
4,685,0.0,0,0.9997063279151917,0.7651198506355286,nan,nan,,
4,686,0.0,0,0.9995223879814148,-0.7066828608512878,nan,nan,,
4,687,0.0,0,0.9995868802070618,-0.21787410974502563,nan,nan,,
4,688,0.0,0,0.9999319911003113,0.6378446817398071,nan,nan,,
4,689,0.0,0,0.9996697902679443,-0.9185267686843872,nan,nan,,
4,690,0.0,0,0.999951958656311,0.651370644569397,nan,nan,,
4,691,0.0,0,0.9999163746833801,-0.7158465385437012,nan,nan,,
4,692,0.0,0,0.9999175071716309,-0.3738235533237457,nan,nan,,
4,693,0.0,0,0.999981164932251,0.7648593783378601,nan,nan,,
4,694,0.0,0,0.9988340735435486,-0.9315083622932434,nan,nan,,
4,695,0.0,0,0.999988317489624,0.4954405725002289,nan,nan,,
4,696,0.0,0,0.9998552203178406,-0.962705671787262,nan,nan,,
4,697,0.0,0,0.9999935030937195,0.5598773956298828,nan,nan,,
4,698,0.0,0,0.9745977520942688,-0.8313847184181213,nan,nan,,
4,699,0.0,0,0.9999914169311523,-0.0816238671541214,nan,nan,,
