target,variant,action,auroc,delta,test_bases
"cell(0,0)_ch4",base,all,0.5290556900726391,0.0,50;51;81;117;123;132;159;191;217;248;254;257;293;317;325;350;391;412;418;464;484;489;551;572;593;613;692;717;719;737
"cell(0,0)_ch4",plus,all,0.5750605326876513,0.046004842615012254,50;51;81;117;123;132;159;191;217;248;254;257;293;317;325;350;391;412;418;464;484;489;551;572;593;613;692;717;719;737
"cell(0,0)_ch4",action_only,all,0.49394673123486676,-0.03510895883777232,50;51;81;117;123;132;159;191;217;248;254;257;293;317;325;350;391;412;418;464;484;489;551;572;593;613;692;717;719;737
"cell(0,0)_ch4",base,0,0.7894736842105263,0.0,50;51;81;117;123;132;159;191;217;248;254;257;293;317;325;350;391;412;418;464;484;489;551;572;593;613;692;717;719;737
"cell(0,0)_ch4",plus,0,0.7894736842105263,0.0,50;51;81;117;123;132;159;191;217;248;254;257;293;317;325;350;391;412;418;464;484;489;551;572;593;613;692;717;719;737
"cell(0,0)_ch4",action_only,0,0.5,-0.2894736842105263,50;51;81;117;123;132;159;191;217;248;254;257;293;317;325;350;391;412;418;464;484;489;551;572;593;613;692;717;719;737
"cell(0,0)_ch4",base,1,0.5681818181818182,0.0,50;51;81;117;123;132;159;191;217;248;254;257;293;317;325;350;391;412;418;464;484;489;551;572;593;613;692;717;719;737
"cell(0,0)_ch4",plus,1,0.5681818181818182,0.0,50;51;81;117;123;132;159;191;217;248;254;257;293;317;325;350;391;412;418;464;484;489;551;572;593;613;692;717;719;737
"cell(0,0)_ch4",action_only,1,0.5,-0.06818181818181823,50;51;81;117;123;132;159;191;217;248;254;257;293;317;325;350;391;412;418;464;484;489;551;572;593;613;692;717;719;737
"cell(0,0)_ch4",base,2,0.2962962962962963,0.0,50;51;81;117;123;132;159;191;217;248;254;257;293;317;325;350;391;412;418;464;484;489;551;572;593;613;692;717;719;737
"cell(0,0)_ch4",plus,2,0.37037037037037035,0.07407407407407407,50;51;81;117;123;132;159;191;217;248;254;257;293;317;325;350;391;412;418;464;484;489;551;572;593;613;692;717;719;737
"cell(0,0)_ch4",action_only,2,0.5,0.20370370370370372,50;51;81;117;123;132;159;191;217;248;254;257;293;317;325;350;391;412;418;464;484;489;551;572;593;613;692;717;719;737
"cell(0,0)_ch4",base,3,0.5454545454545454,0.0,50;51;81;117;123;132;159;191;217;248;254;257;293;317;325;350;391;412;418;464;484;489;551;572;593;613;692;717;719;737
"cell(0,0)_ch4",plus,3,0.5454545454545454,0.0,50;51;81;117;123;132;159;191;217;248;254;257;293;317;325;350;391;412;418;464;484;489;551;572;593;613;692;717;719;737
"cell(0,0)_ch4",action_only,3,0.5,-0.045454545454545414,50;51;81;117;123;132;159;191;217;248;254;257;293;317;325;350;391;412;418;464;484;489;551;572;593;613;692;717;719;737
"cell(0,0)_ch7",base,all,0.6163934426229508,0.0,50;51;81;117;123;132;159;191;217;248;254;257;293;317;325;350;391;412;418;464;484;489;551;572;593;613;692;717;719;737
"cell(0,0)_ch7",plus,all,0.6114754098360655,-0.004918032786885296,50;51;81;117;123;132;159;191;217;248;254;257;293;317;325;350;391;412;418;464;484;489;551;572;593;613;692;717;719;737
"cell(0,0)_ch7",action_only,all,0.5704918032786885,-0.04590163934426228,50;51;81;117;123;132;159;191;217;248;254;257;293;317;325;350;391;412;418;464;484;489;551;572;593;613;692;717;719;737
"cell(0,0)_ch7",base,0,0.42105263157894735,0.0,50;51;81;117;123;132;159;191;217;248;254;257;293;317;325;350;391;412;418;464;484;489;551;572;593;613;692;717;719;737
"cell(0,0)_ch7",plus,0,0.368421052631579,-0.05263157894736836,50;51;81;117;123;132;159;191;217;248;254;257;293;317;325;350;391;412;418;464;484;489;551;572;593;613;692;717;719;737
"cell(0,0)_ch7",action_only,0,0.5,0.07894736842105265,50;51;81;117;123;132;159;191;217;248;254;257;293;317;325;350;391;412;418;464;484;489;551;572;593;613;692;717;719;737
"cell(0,0)_ch7",base,1,0.9166666666666666,0.0,50;51;81;117;123;132;159;191;217;248;254;257;293;317;325;350;391;412;418;464;484;489;551;572;593;613;692;717;719;737
"cell(0,0)_ch7",plus,1,1.0,0.08333333333333337,50;51;81;117;123;132;159;191;217;248;254;257;293;317;325;350;391;412;418;464;484;489;551;572;593;613;692;717;719;737
"cell(0,0)_ch7",action_only,1,0.5,-0.41666666666666663,50;51;81;117;123;132;159;191;217;248;254;257;293;317;325;350;391;412;418;464;484;489;551;572;593;613;692;717;719;737
"cell(0,0)_ch7",base,2,0.4868421052631579,0.0,50;51;81;117;123;132;159;191;217;248;254;257;293;317;325;350;391;412;418;464;484;489;551;572;593;613;692;717;719;737
"cell(0,0)_ch7",plus,2,0.4868421052631579,0.0,50;51;81;117;123;132;159;191;217;248;254;257;293;317;325;350;391;412;418;464;484;489;551;572;593;613;692;717;719;737
"cell(0,0)_ch7",action_only,2,0.5,0.01315789473684209,50;51;81;117;123;132;159;191;217;248;254;257;293;317;325;350;391;412;418;464;484;489;551;572;593;613;692;717;719;737
"cell(0,0)_ch7",base,3,0.8181818181818181,0.0,50;51;81;117;123;132;159;191;217;248;254;257;293;317;325;350;391;412;418;464;484;489;551;572;593;613;692;717;719;737
"cell(0,0)_ch7",plus,3,0.7272727272727273,-0.09090909090909083,50;51;81;117;123;132;159;191;217;248;254;257;293;317;325;350;391;412;418;464;484;489;551;572;593;613;692;717;719;737
"cell(0,0)_ch7",action_only,3,0.5,-0.3181818181818181,50;51;81;117;123;132;159;191;217;248;254;257;293;317;325;350;391;412;418;464;484;489;551;572;593;613;692;717;719;737
"cell(0,1)_ch7",base,all,0.6114754098360656,0.0,50;51;81;117;123;132;159;191;217;248;254;257;293;317;325;350;391;412;418;464;484;489;551;572;593;613;692;717;719;737
"cell(0,1)_ch7",plus,all,0.5475409836065575,-0.06393442622950818,50;51;81;117;123;132;159;191;217;248;254;257;293;317;325;350;391;412;418;464;484;489;551;572;593;613;692;717;719;737
"cell(0,1)_ch7",action_only,all,0.45245901639344266,-0.15901639344262297,50;51;81;117;123;132;159;191;217;248;254;257;293;317;325;350;391;412;418;464;484;489;551;572;593;613;692;717;719;737
"cell(0,1)_ch7",base,0,0.6568627450980392,0.0,50;51;81;117;123;132;159;191;217;248;254;257;293;317;325;350;391;412;418;464;484;489;551;572;593;613;692;717;719;737
"cell(0,1)_ch7",plus,0,0.6764705882352942,0.019607843137254943,50;51;81;117;123;132;159;191;217;248;254;257;293;317;325;350;391;412;418;464;484;489;551;572;593;613;692;717;719;737
"cell(0,1)_ch7",action_only,0,0.5,-0.1568627450980392,50;51;81;117;123;132;159;191;217;248;254;257;293;317;325;350;391;412;418;464;484;489;551;572;593;613;692;717;719;737
"cell(0,1)_ch7",base,2,0.125,0.0,50;51;81;117;123;132;159;191;217;248;254;257;293;317;325;350;391;412;418;464;484;489;551;572;593;613;692;717;719;737
"cell(0,1)_ch7",plus,2,0.125,0.0,50;51;81;117;123;132;159;191;217;248;254;257;293;317;325;350;391;412;418;464;484;489;551;572;593;613;692;717;719;737
"cell(0,1)_ch7",action_only,2,0.5,0.375,50;51;81;117;123;132;159;191;217;248;254;257;293;317;325;350;391;412;418;464;484;489;551;572;593;613;692;717;719;737
"cell(0,1)_ch7",base,3,0.7272727272727273,0.0,50;51;81;117;123;132;159;191;217;248;254;257;293;317;325;350;391;412;418;464;484;489;551;572;593;613;692;717;719;737
"cell(0,1)_ch7",plus,3,0.8181818181818181,0.09090909090909083,50;51;81;117;123;132;159;191;217;248;254;257;293;317;325;350;391;412;418;464;484;489;551;572;593;613;692;717;719;737
"cell(0,1)_ch7",action_only,3,0.5,-0.2272727272727273,50;51;81;117;123;132;159;191;217;248;254;257;293;317;325;350;391;412;418;464;484;489;551;572;593;613;692;717;719;737
"cell(0,2)_ch4",base,all,0.7295081967213116,0.0,50;51;81;117;123;132;159;191;217;248;254;257;293;317;325;350;391;412;418;464;484;489;551;572;593;613;692;717;719;737
"cell(0,2)_ch4",plus,all,0.7032786885245902,-0.02622950819672143,50;51;81;117;123;132;159;191;217;248;254;257;293;317;325;350;391;412;418;464;484;489;551;572;593;613;692;717;719;737
"cell(0,2)_ch4",action_only,all,0.5737704918032788,-0.15573770491803285,50;51;81;117;123;132;159;191;217;248;254;257;293;317;325;350;391;412;418;464;484;489;551;572;593;613;692;717;719;737
"cell(0,2)_ch4",base,0,0.8611111111111112,0.0,50;51;81;117;123;132;159;191;217;248;254;257;293;317;325;350;391;412;418;464;484;489;551;572;593;613;692;717;719;737
"cell(0,2)_ch4",plus,0,0.8611111111111112,0.0,50;51;81;117;123;132;159;191;217;248;254;257;293;317;325;350;391;412;418;464;484;489;551;572;593;613;692;717;719;737
"cell(0,2)_ch4",action_only,0,0.5,-0.36111111111111116,50;51;81;117;123;132;159;191;217;248;254;257;293;317;325;350;391;412;418;464;484;489;551;572;593;613;692;717;719;737
"cell(0,2)_ch4",base,1,0.25,0.0,50;51;81;117;123;132;159;191;217;248;254;257;293;317;325;350;391;412;418;464;484;489;551;572;593;613;692;717;719;737
"cell(0,2)_ch4",plus,1,0.25,0.0,50;51;81;117;123;132;159;191;217;248;254;257;293;317;325;350;391;412;418;464;484;489;551;572;593;613;692;717;719;737
"cell(0,2)_ch4",action_only,1,0.5,0.25,50;51;81;117;123;132;159;191;217;248;254;257;293;317;325;350;391;412;418;464;484;489;551;572;593;613;692;717;719;737
"cell(0,2)_ch4",base,2,0.7763157894736843,0.0,50;51;81;117;123;132;159;191;217;248;254;257;293;317;325;350;391;412;418;464;484;489;551;572;593;613;692;717;719;737
"cell(0,2)_ch4",plus,2,0.7763157894736843,0.0,50;51;81;117;123;132;159;191;217;248;254;257;293;317;325;350;391;412;418;464;484;489;551;572;593;613;692;717;719;737
"cell(0,2)_ch4",action_only,2,0.5,-0.2763157894736843,50;51;81;117;123;132;159;191;217;248;254;257;293;317;325;350;391;412;418;464;484;489;551;572;593;613;692;717;719;737
"cell(0,2)_ch7",base,all,0.5819672131147541,0.0,50;51;81;117;123;132;159;191;217;248;254;257;293;317;325;350;391;412;418;464;484;489;551;572;593;613;692;717;719;737
"cell(0,2)_ch7",plus,all,0.521311475409836,-0.060655737704918056,50;51;81;117;123;132;159;191;217;248;254;257;293;317;325;350;391;412;418;464;484;489;551;572;593;613;692;717;719;737
"cell(0,2)_ch7",action_only,all,0.45901639344262296,-0.12295081967213112,50;51;81;117;123;132;159;191;217;248;254;257;293;317;325;350;391;412;418;464;484;489;551;572;593;613;692;717;719;737
"cell(0,2)_ch7",base,0,0.7894736842105263,0.0,50;51;81;117;123;132;159;191;217;248;254;257;293;317;325;350;391;412;418;464;484;489;551;572;593;613;692;717;719;737
"cell(0,2)_ch7",plus,0,0.7894736842105263,0.0,50;51;81;117;123;132;159;191;217;248;254;257;293;317;325;350;391;412;418;464;484;489;551;572;593;613;692;717;719;737
"cell(0,2)_ch7",action_only,0,0.5,-0.2894736842105263,50;51;81;117;123;132;159;191;217;248;254;257;293;317;325;350;391;412;418;464;484;489;551;572;593;613;692;717;719;737
"cell(0,2)_ch7",base,1,0.75,0.0,50;51;81;117;123;132;159;191;217;248;254;257;293;317;325;350;391;412;418;464;484;489;551;572;593;613;692;717;719;737
"cell(0,2)_ch7",plus,1,0.8333333333333334,0.08333333333333337,50;51;81;117;123;132;159;191;217;248;254;257;293;317;325;350;391;412;418;464;484;489;551;572;593;613;692;717;719;737
"cell(0,2)_ch7",action_only,1,0.5,-0.25,50;51;81;117;123;132;159;191;217;248;254;257;293;317;325;350;391;412;418;464;484;489;551;572;593;613;692;717;719;737
"cell(0,2)_ch7",base,2,0.39473684210526316,0.0,50;51;81;117;123;132;159;191;217;248;254;257;293;317;325;350;391;412;418;464;484;489;551;572;593;613;692;717;719;737
"cell(0,2)_ch7",plus,2,0.39473684210526316,0.0,50;51;81;117;123;132;159;191;217;248;254;257;293;317;325;350;391;412;418;464;484;489;551;572;593;613;692;717;719;737
"cell(0,2)_ch7",action_only,2,0.5,0.10526315789473684,50;51;81;117;123;132;159;191;217;248;254;257;293;317;325;350;391;412;418;464;484;489;551;572;593;613;692;717;719;737
"cell(0,2)_ch7",base,3,0.4545454545454546,0.0,50;51;81;117;123;132;159;191;217;248;254;257;293;317;325;350;391;412;418;464;484;489;551;572;593;613;692;717;719;737
"cell(0,2)_ch7",plus,3,0.5454545454545454,0.09090909090909083,50;51;81;117;123;132;159;191;217;248;254;257;293;317;325;350;391;412;418;464;484;489;551;572;593;613;692;717;719;737
"cell(0,2)_ch7",action_only,3,0.5,0.045454545454545414,50;51;81;117;123;132;159;191;217;248;254;257;293;317;325;350;391;412;418;464;484;489;551;572;593;613;692;717;719;737
"cell(0,2)_ch8",base,all,0.30000000000000004,0.0,50;51;81;117;123;132;159;191;217;248;254;257;293;317;325;350;391;412;418;464;484;489;551;572;593;613;692;717;719;737
"cell(0,2)_ch8",plus,all,0.2163934426229508,-0.08360655737704925,50;51;81;117;123;132;159;191;217;248;254;257;293;317;325;350;391;412;418;464;484;489;551;572;593;613;692;717;719;737
"cell(0,2)_ch8",action_only,all,0.2885245901639344,-0.011475409836065653,50;51;81;117;123;132;159;191;217;248;254;257;293;317;325;350;391;412;418;464;484;489;551;572;593;613;692;717;719;737
"cell(0,2)_ch8",base,0,0.45833333333333337,0.0,50;51;81;117;123;132;159;191;217;248;254;257;293;317;325;350;391;412;418;464;484;489;551;572;593;613;692;717;719;737
"cell(0,2)_ch8",plus,0,0.45833333333333337,0.0,50;51;81;117;123;132;159;191;217;248;254;257;293;317;325;350;391;412;418;464;484;489;551;572;593;613;692;717;719;737
"cell(0,2)_ch8",action_only,0,0.5,0.04166666666666663,50;51;81;117;123;132;159;191;217;248;254;257;293;317;325;350;391;412;418;464;484;489;551;572;593;613;692;717;719;737
"cell(0,2)_ch8",base,1,0.125,0.0,50;51;81;117;123;132;159;191;217;248;254;257;293;317;325;350;391;412;418;464;484;489;551;572;593;613;692;717;719;737
"cell(0,2)_ch8",plus,1,0.125,0.0,50;51;81;117;123;132;159;191;217;248;254;257;293;317;325;350;391;412;418;464;484;489;551;572;593;613;692;717;719;737
"cell(0,2)_ch8",action_only,1,0.5,0.375,50;51;81;117;123;132;159;191;217;248;254;257;293;317;325;350;391;412;418;464;484;489;551;572;593;613;692;717;719;737
"cell(0,2)_ch8",base,3,0.15000000000000002,0.0,50;51;81;117;123;132;159;191;217;248;254;257;293;317;325;350;391;412;418;464;484;489;551;572;593;613;692;717;719;737
"cell(0,2)_ch8",plus,3,0.2,0.04999999999999999,50;51;81;117;123;132;159;191;217;248;254;257;293;317;325;350;391;412;418;464;484;489;551;572;593;613;692;717;719;737
"cell(0,2)_ch8",action_only,3,0.5,0.35,50;51;81;117;123;132;159;191;217;248;254;257;293;317;325;350;391;412;418;464;484;489;551;572;593;613;692;717;719;737
"cell(0,2)_ch9",base,all,0.5347222222222222,0.0,50;51;81;117;123;132;159;191;217;248;254;257;293;317;325;350;391;412;418;464;484;489;551;572;593;613;692;717;719;737
"cell(0,2)_ch9",plus,all,0.3763888888888889,-0.15833333333333333,50;51;81;117;123;132;159;191;217;248;254;257;293;317;325;350;391;412;418;464;484;489;551;572;593;613;692;717;719;737
"cell(0,2)_ch9",action_only,all,0.3138888888888889,-0.22083333333333333,50;51;81;117;123;132;159;191;217;248;254;257;293;317;325;350;391;412;418;464;484;489;551;572;593;613;692;717;719;737
"cell(0,2)_ch9",base,0,0.75,0.0,50;51;81;117;123;132;159;191;217;248;254;257;293;317;325;350;391;412;418;464;484;489;551;572;593;613;692;717;719;737
"cell(0,2)_ch9",plus,0,0.75,0.0,50;51;81;117;123;132;159;191;217;248;254;257;293;317;325;350;391;412;418;464;484;489;551;572;593;613;692;717;719;737
"cell(0,2)_ch9",action_only,0,0.5,-0.25,50;51;81;117;123;132;159;191;217;248;254;257;293;317;325;350;391;412;418;464;484;489;551;572;593;613;692;717;719;737
"cell(0,2)_ch9",base,1,0.48333333333333334,0.0,50;51;81;117;123;132;159;191;217;248;254;257;293;317;325;350;391;412;418;464;484;489;551;572;593;613;692;717;719;737
"cell(0,2)_ch9",plus,1,0.44999999999999996,-0.03333333333333338,50;51;81;117;123;132;159;191;217;248;254;257;293;317;325;350;391;412;418;464;484;489;551;572;593;613;692;717;719;737
"cell(0,2)_ch9",action_only,1,0.5,0.016666666666666663,50;51;81;117;123;132;159;191;217;248;254;257;293;317;325;350;391;412;418;464;484;489;551;572;593;613;692;717;719;737
"cell(0,2)_ch9",base,2,0.050000000000000044,0.0,50;51;81;117;123;132;159;191;217;248;254;257;293;317;325;350;391;412;418;464;484;489;551;572;593;613;692;717;719;737
"cell(0,2)_ch9",plus,2,0.050000000000000044,0.0,50;51;81;117;123;132;159;191;217;248;254;257;293;317;325;350;391;412;418;464;484;489;551;572;593;613;692;717;719;737
"cell(0,2)_ch9",action_only,2,0.5,0.44999999999999996,50;51;81;117;123;132;159;191;217;248;254;257;293;317;325;350;391;412;418;464;484;489;551;572;593;613;692;717;719;737
"cell(0,3)_ch3",base,all,0.5497076023391813,0.0,50;51;81;117;123;132;159;191;217;248;254;257;293;317;325;350;391;412;418;464;484;489;551;572;593;613;692;717;719;737
"cell(0,3)_ch3",plus,all,0.5740740740740741,0.024366471734892814,50;51;81;117;123;132;159;191;217;248;254;257;293;317;325;350;391;412;418;464;484;489;551;572;593;613;692;717;719;737
"cell(0,3)_ch3",action_only,all,0.6189083820662769,0.0692007797270956,50;51;81;117;123;132;159;191;217;248;254;257;293;317;325;350;391;412;418;464;484;489;551;572;593;613;692;717;719;737
"cell(0,3)_ch3",base,0,0.7083333333333334,0.0,50;51;81;117;123;132;159;191;217;248;254;257;293;317;325;350;391;412;418;464;484;489;551;572;593;613;692;717;719;737
"cell(0,3)_ch3",plus,0,0.7083333333333334,0.0,50;51;81;117;123;132;159;191;217;248;254;257;293;317;325;350;391;412;418;464;484;489;551;572;593;613;692;717;719;737
"cell(0,3)_ch3",action_only,0,0.5,-0.20833333333333337,50;51;81;117;123;132;159;191;217;248;254;257;293;317;325;350;391;412;418;464;484;489;551;572;593;613;692;717;719;737
"cell(0,3)_ch3",base,1,0.8863636363636364,0.0,50;51;81;117;123;132;159;191;217;248;254;257;293;317;325;350;391;412;418;464;484;489;551;572;593;613;692;717;719;737
"cell(0,3)_ch3",plus,1,0.8863636363636364,0.0,50;51;81;117;123;132;159;191;217;248;254;257;293;317;325;350;391;412;418;464;484;489;551;572;593;613;692;717;719;737
"cell(0,3)_ch3",action_only,1,0.5,-0.38636363636363635,50;51;81;117;123;132;159;191;217;248;254;257;293;317;325;350;391;412;418;464;484;489;551;572;593;613;692;717;719;737
"cell(0,3)_ch3",base,2,0.17105263157894737,0.0,50;51;81;117;123;132;159;191;217;248;254;257;293;317;325;350;391;412;418;464;484;489;551;572;593;613;692;717;719;737
"cell(0,3)_ch3",plus,2,0.17105263157894737,0.0,50;51;81;117;123;132;159;191;217;248;254;257;293;317;325;350;391;412;418;464;484;489;551;572;593;613;692;717;719;737
"cell(0,3)_ch3",action_only,2,0.5,0.32894736842105265,50;51;81;117;123;132;159;191;217;248;254;257;293;317;325;350;391;412;418;464;484;489;551;572;593;613;692;717;719;737
"cell(0,3)_ch3",base,3,0.5555555555555556,0.0,50;51;81;117;123;132;159;191;217;248;254;257;293;317;325;350;391;412;418;464;484;489;551;572;593;613;692;717;719;737
"cell(0,3)_ch3",plus,3,0.5555555555555556,0.0,50;51;81;117;123;132;159;191;217;248;254;257;293;317;325;350;391;412;418;464;484;489;551;572;593;613;692;717;719;737
"cell(0,3)_ch3",action_only,3,0.5,-0.05555555555555558,50;51;81;117;123;132;159;191;217;248;254;257;293;317;325;350;391;412;418;464;484;489;551;572;593;613;692;717;719;737
"cell(0,3)_ch4",base,all,0.2397094430992736,0.0,50;51;81;117;123;132;159;191;217;248;254;257;293;317;325;350;391;412;418;464;484;489;551;572;593;613;692;717;719;737
"cell(0,3)_ch4",plus,all,0.20823244552058112,-0.03147699757869249,50;51;81;117;123;132;159;191;217;248;254;257;293;317;325;350;391;412;418;464;484;489;551;572;593;613;692;717;719;737
"cell(0,3)_ch4",action_only,all,0.3329297820823245,0.09322033898305088,50;51;81;117;123;132;159;191;217;248;254;257;293;317;325;350;391;412;418;464;484;489;551;572;593;613;692;717;719;737
"cell(0,3)_ch4",base,0,0.4444444444444445,0.0,50;51;81;117;123;132;159;191;217;248;254;257;293;317;325;350;391;412;418;464;484;489;551;572;593;613;692;717;719;737
"cell(0,3)_ch4",plus,0,0.4166666666666667,-0.02777777777777779,50;51;81;117;123;132;159;191;217;248;254;257;293;317;325;350;391;412;418;464;484;489;551;572;593;613;692;717;719;737
"cell(0,3)_ch4",action_only,0,0.5,0.055555555555555525,50;51;81;117;123;132;159;191;217;248;254;257;293;317;325;350;391;412;418;464;484;489;551;572;593;613;692;717;719;737
"cell(0,3)_ch4",base,1,0.25,0.0,50;51;81;117;123;132;159;191;217;248;254;257;293;317;325;350;391;412;418;464;484;489;551;572;593;613;692;717;719;737
"cell(0,3)_ch4",plus,1,0.25,0.0,50;51;81;117;123;132;159;191;217;248;254;257;293;317;325;350;391;412;418;464;484;489;551;572;593;613;692;717;719;737
"cell(0,3)_ch4",action_only,1,0.5,0.25,50;51;81;117;123;132;159;191;217;248;254;257;293;317;325;350;391;412;418;464;484;489;551;572;593;613;692;717;719;737
"cell(0,3)_ch4",base,2,0.30000000000000004,0.0,50;51;81;117;123;132;159;191;217;248;254;257;293;317;325;350;391;412;418;464;484;489;551;572;593;613;692;717;719;737
"cell(0,3)_ch4",plus,2,0.30000000000000004,0.0,50;51;81;117;123;132;159;191;217;248;254;257;293;317;325;350;391;412;418;464;484;489;551;572;593;613;692;717;719;737
"cell(0,3)_ch4",action_only,2,0.5,0.19999999999999996,50;51;81;117;123;132;159;191;217;248;254;257;293;317;325;350;391;412;418;464;484;489;551;572;593;613;692;717;719;737
"cell(0,3)_ch4",base,3,0.03703703703703705,0.0,50;51;81;117;123;132;159;191;217;248;254;257;293;317;325;350;391;412;418;464;484;489;551;572;593;613;692;717;719;737
"cell(0,3)_ch4",plus,3,0.03703703703703705,0.0,50;51;81;117;123;132;159;191;217;248;254;257;293;317;325;350;391;412;418;464;484;489;551;572;593;613;692;717;719;737
"cell(0,3)_ch4",action_only,3,0.5,0.46296296296296297,50;51;81;117;123;132;159;191;217;248;254;257;293;317;325;350;391;412;418;464;484;489;551;572;593;613;692;717;719;737
"cell(0,4)_ch0",base,all,0.47377049180327874,0.0,50;51;81;117;123;132;159;191;217;248;254;257;293;317;325;350;391;412;418;464;484;489;551;572;593;613;692;717;719;737
"cell(0,4)_ch0",plus,all,0.4721311475409836,-0.001639344262295117,50;51;81;117;123;132;159;191;217;248;254;257;293;317;325;350;391;412;418;464;484;489;551;572;593;613;692;717;719;737
"cell(0,4)_ch0",action_only,all,0.6081967213114755,0.13442622950819677,50;51;81;117;123;132;159;191;217;248;254;257;293;317;325;350;391;412;418;464;484;489;551;572;593;613;692;717;719;737
"cell(0,4)_ch0",base,0,0.21052631578947367,0.0,50;51;81;117;123;132;159;191;217;248;254;257;293;317;325;350;391;412;418;464;484;489;551;572;593;613;692;717;719;737
"cell(0,4)_ch0",plus,0,0.21052631578947367,0.0,50;51;81;117;123;132;159;191;217;248;254;257;293;317;325;350;391;412;418;464;484;489;551;572;593;613;692;717;719;737
"cell(0,4)_ch0",action_only,0,0.5,0.2894736842105263,50;51;81;117;123;132;159;191;217;248;254;257;293;317;325;350;391;412;418;464;484;489;551;572;593;613;692;717;719;737
"cell(0,4)_ch0",base,1,0.5833333333333333,0.0,50;51;81;117;123;132;159;191;217;248;254;257;293;317;325;350;391;412;418;464;484;489;551;572;593;613;692;717;719;737
"cell(0,4)_ch0",plus,1,0.5,-0.08333333333333326,50;51;81;117;123;132;159;191;217;248;254;257;293;317;325;350;391;412;418;464;484;489;551;572;593;613;692;717;719;737
"cell(0,4)_ch0",action_only,1,0.5,-0.08333333333333326,50;51;81;117;123;132;159;191;217;248;254;257;293;317;325;350;391;412;418;464;484;489;551;572;593;613;692;717;719;737
"cell(0,4)_ch0",base,2,0.75,0.0,50;51;81;117;123;132;159;191;217;248;254;257;293;317;325;350;391;412;418;464;484;489;551;572;593;613;692;717;719;737
"cell(0,4)_ch0",plus,2,0.75,0.0,50;51;81;117;123;132;159;191;217;248;254;257;293;317;325;350;391;412;418;464;484;489;551;572;593;613;692;717;719;737
"cell(0,4)_ch0",action_only,2,0.5,-0.25,50;51;81;117;123;132;159;191;217;248;254;257;293;317;325;350;391;412;418;464;484;489;551;572;593;613;692;717;719;737
"cell(0,4)_ch0",base,3,0.5,0.0,50;51;81;117;123;132;159;191;217;248;254;257;293;317;325;350;391;412;418;464;484;489;551;572;593;613;692;717;719;737
"cell(0,4)_ch0",plus,3,0.5,0.0,50;51;81;117;123;132;159;191;217;248;254;257;293;317;325;350;391;412;418;464;484;489;551;572;593;613;692;717;719;737
"cell(0,4)_ch0",action_only,3,0.5,0.0,50;51;81;117;123;132;159;191;217;248;254;257;293;317;325;350;391;412;418;464;484;489;551;572;593;613;692;717;719;737
"cell(0,5)_ch11",base,all,0.898360655737705,0.0,50;51;81;117;123;132;159;191;217;248;254;257;293;317;325;350;391;412;418;464;484;489;551;572;593;613;692;717;719;737
"cell(0,5)_ch11",plus,all,0.8508196721311476,-0.04754098360655734,50;51;81;117;123;132;159;191;217;248;254;257;293;317;325;350;391;412;418;464;484;489;551;572;593;613;692;717;719;737
"cell(0,5)_ch11",action_only,all,0.5491803278688524,-0.34918032786885256,50;51;81;117;123;132;159;191;217;248;254;257;293;317;325;350;391;412;418;464;484;489;551;572;593;613;692;717;719;737
"cell(0,5)_ch11",base,0,0.9861111111111112,0.0,50;51;81;117;123;132;159;191;217;248;254;257;293;317;325;350;391;412;418;464;484;489;551;572;593;613;692;717;719;737
"cell(0,5)_ch11",plus,0,0.9861111111111112,0.0,50;51;81;117;123;132;159;191;217;248;254;257;293;317;325;350;391;412;418;464;484;489;551;572;593;613;692;717;719;737
"cell(0,5)_ch11",action_only,0,0.5,-0.48611111111111116,50;51;81;117;123;132;159;191;217;248;254;257;293;317;325;350;391;412;418;464;484;489;551;572;593;613;692;717;719;737
"cell(0,5)_ch11",base,1,0.9166666666666667,0.0,50;51;81;117;123;132;159;191;217;248;254;257;293;317;325;350;391;412;418;464;484;489;551;572;593;613;692;717;719;737
"cell(0,5)_ch11",plus,1,0.9166666666666666,-1.1102230246251565e-16,50;51;81;117;123;132;159;191;217;248;254;257;293;317;325;350;391;412;418;464;484;489;551;572;593;613;692;717;719;737
"cell(0,5)_ch11",action_only,1,0.5,-0.41666666666666674,50;51;81;117;123;132;159;191;217;248;254;257;293;317;325;350;391;412;418;464;484;489;551;572;593;613;692;717;719;737
"cell(0,5)_ch11",base,2,0.75,0.0,50;51;81;117;123;132;159;191;217;248;254;257;293;317;325;350;391;412;418;464;484;489;551;572;593;613;692;717;719;737
"cell(0,5)_ch11",plus,2,0.65,-0.09999999999999998,50;51;81;117;123;132;159;191;217;248;254;257;293;317;325;350;391;412;418;464;484;489;551;572;593;613;692;717;719;737
"cell(0,5)_ch11",action_only,2,0.5,-0.25,50;51;81;117;123;132;159;191;217;248;254;257;293;317;325;350;391;412;418;464;484;489;551;572;593;613;692;717;719;737
"cell(0,5)_ch11",base,3,1.0,0.0,50;51;81;117;123;132;159;191;217;248;254;257;293;317;325;350;391;412;418;464;484;489;551;572;593;613;692;717;719;737
"cell(0,5)_ch11",plus,3,1.0,0.0,50;51;81;117;123;132;159;191;217;248;254;257;293;317;325;350;391;412;418;464;484;489;551;572;593;613;692;717;719;737
"cell(0,5)_ch11",action_only,3,0.5,-0.5,50;51;81;117;123;132;159;191;217;248;254;257;293;317;325;350;391;412;418;464;484;489;551;572;593;613;692;717;719;737
"cell(0,6)_ch6",base,all,0.3590163934426229,0.0,50;51;81;117;123;132;159;191;217;248;254;257;293;317;325;350;391;412;418;464;484;489;551;572;593;613;692;717;719;737
"cell(0,6)_ch6",plus,all,0.30491803278688523,-0.0540983606557377,50;51;81;117;123;132;159;191;217;248;254;257;293;317;325;350;391;412;418;464;484;489;551;572;593;613;692;717;719;737
"cell(0,6)_ch6",action_only,all,0.24262295081967214,-0.11639344262295079,50;51;81;117;123;132;159;191;217;248;254;257;293;317;325;350;391;412;418;464;484;489;551;572;593;613;692;717;719;737
"cell(0,6)_ch6",base,1,0.04545454545454547,0.0,50;51;81;117;123;132;159;191;217;248;254;257;293;317;325;350;391;412;418;464;484;489;551;572;593;613;692;717;719;737
"cell(0,6)_ch6",plus,1,0.04545454545454547,0.0,50;51;81;117;123;132;159;191;217;248;254;257;293;317;325;350;391;412;418;464;484;489;551;572;593;613;692;717;719;737
"cell(0,6)_ch6",action_only,1,0.5,0.45454545454545453,50;51;81;117;123;132;159;191;217;248;254;257;293;317;325;350;391;412;418;464;484;489;551;572;593;613;692;717;719;737
"cell(0,6)_ch6",base,2,0.6,0.0,50;51;81;117;123;132;159;191;217;248;254;257;293;317;325;350;391;412;418;464;484;489;551;572;593;613;692;717;719;737
"cell(0,6)_ch6",plus,2,0.55,-0.04999999999999993,50;51;81;117;123;132;159;191;217;248;254;257;293;317;325;350;391;412;418;464;484;489;551;572;593;613;692;717;719;737
"cell(0,6)_ch6",action_only,2,0.5,-0.09999999999999998,50;51;81;117;123;132;159;191;217;248;254;257;293;317;325;350;391;412;418;464;484;489;551;572;593;613;692;717;719;737
"cell(0,6)_ch6",base,3,0.4,0.0,50;51;81;117;123;132;159;191;217;248;254;257;293;317;325;350;391;412;418;464;484;489;551;572;593;613;692;717;719;737
"cell(0,6)_ch6",plus,3,0.4,0.0,50;51;81;117;123;132;159;191;217;248;254;257;293;317;325;350;391;412;418;464;484;489;551;572;593;613;692;717;719;737
"cell(0,6)_ch6",action_only,3,0.5,0.09999999999999998,50;51;81;117;123;132;159;191;217;248;254;257;293;317;325;350;391;412;418;464;484;489;551;572;593;613;692;717;719;737
"cell(1,0)_ch2",base,all,0.6967213114754098,0.0,50;51;81;117;123;132;159;191;217;248;254;257;293;317;325;350;391;412;418;464;484;489;551;572;593;613;692;717;719;737
"cell(1,0)_ch2",plus,all,0.6622950819672131,-0.03442622950819674,50;51;81;117;123;132;159;191;217;248;254;257;293;317;325;350;391;412;418;464;484;489;551;572;593;613;692;717;719;737
"cell(1,0)_ch2",action_only,all,0.45081967213114754,-0.2459016393442623,50;51;81;117;123;132;159;191;217;248;254;257;293;317;325;350;391;412;418;464;484;489;551;572;593;613;692;717;719;737
"cell(1,0)_ch2",base,0,0.7222222222222222,0.0,50;51;81;117;123;132;159;191;217;248;254;257;293;317;325;350;391;412;418;464;484;489;551;572;593;613;692;717;719;737
"cell(1,0)_ch2",plus,0,0.7222222222222222,0.0,50;51;81;117;123;132;159;191;217;248;254;257;293;317;325;350;391;412;418;464;484;489;551;572;593;613;692;717;719;737
"cell(1,0)_ch2",action_only,0,0.5,-0.2222222222222222,50;51;81;117;123;132;159;191;217;248;254;257;293;317;325;350;391;412;418;464;484;489;551;572;593;613;692;717;719;737
"cell(1,0)_ch2",base,1,0.8333333333333334,0.0,50;51;81;117;123;132;159;191;217;248;254;257;293;317;325;350;391;412;418;464;484;489;551;572;593;613;692;717;719;737
"cell(1,0)_ch2",plus,1,0.8333333333333334,0.0,50;51;81;117;123;132;159;191;217;248;254;257;293;317;325;350;391;412;418;464;484;489;551;572;593;613;692;717;719;737
"cell(1,0)_ch2",action_only,1,0.5,-0.33333333333333337,50;51;81;117;123;132;159;191;217;248;254;257;293;317;325;350;391;412;418;464;484;489;551;572;593;613;692;717;719;737
"cell(1,0)_ch2",base,2,0.6,0.0,50;51;81;117;123;132;159;191;217;248;254;257;293;317;325;350;391;412;418;464;484;489;551;572;593;613;692;717;719;737
"cell(1,0)_ch2",plus,2,0.6,0.0,50;51;81;117;123;132;159;191;217;248;254;257;293;317;325;350;391;412;418;464;484;489;551;572;593;613;692;717;719;737
"cell(1,0)_ch2",action_only,2,0.5,-0.09999999999999998,50;51;81;117;123;132;159;191;217;248;254;257;293;317;325;350;391;412;418;464;484;489;551;572;593;613;692;717;719;737
"cell(1,0)_ch2",base,3,0.7272727272727273,0.0,50;51;81;117;123;132;159;191;217;248;254;257;293;317;325;350;391;412;418;464;484;489;551;572;593;613;692;717;719;737
"cell(1,0)_ch2",plus,3,0.7272727272727273,0.0,50;51;81;117;123;132;159;191;217;248;254;257;293;317;325;350;391;412;418;464;484;489;551;572;593;613;692;717;719;737
"cell(1,0)_ch2",action_only,3,0.5,-0.2272727272727273,50;51;81;117;123;132;159;191;217;248;254;257;293;317;325;350;391;412;418;464;484;489;551;572;593;613;692;717;719;737
"cell(1,1)_ch7",base,all,0.4180555555555555,0.0,50;51;81;117;123;132;159;191;217;248;254;257;293;317;325;350;391;412;418;464;484;489;551;572;593;613;692;717;719;737
"cell(1,1)_ch7",plus,all,0.5125,0.09444444444444444,50;51;81;117;123;132;159;191;217;248;254;257;293;317;325;350;391;412;418;464;484;489;551;572;593;613;692;717;719;737
"cell(1,1)_ch7",action_only,all,0.5847222222222223,0.16666666666666674,50;51;81;117;123;132;159;191;217;248;254;257;293;317;325;350;391;412;418;464;484;489;551;572;593;613;692;717;719;737
"cell(1,1)_ch7",base,0,0.7083333333333334,0.0,50;51;81;117;123;132;159;191;217;248;254;257;293;317;325;350;391;412;418;464;484;489;551;572;593;613;692;717;719;737
"cell(1,1)_ch7",plus,0,0.7361111111111112,0.02777777777777779,50;51;81;117;123;132;159;191;217;248;254;257;293;317;325;350;391;412;418;464;484;489;551;572;593;613;692;717;719;737
"cell(1,1)_ch7",action_only,0,0.5,-0.20833333333333337,50;51;81;117;123;132;159;191;217;248;254;257;293;317;325;350;391;412;418;464;484;489;551;572;593;613;692;717;719;737
"cell(1,1)_ch7",base,1,0.3181818181818182,0.0,50;51;81;117;123;132;159;191;217;248;254;257;293;317;325;350;391;412;418;464;484;489;551;572;593;613;692;717;719;737
"cell(1,1)_ch7",plus,1,0.3181818181818182,0.0,50;51;81;117;123;132;159;191;217;248;254;257;293;317;325;350;391;412;418;464;484;489;551;572;593;613;692;717;719;737
"cell(1,1)_ch7",action_only,1,0.5,0.18181818181818182,50;51;81;117;123;132;159;191;217;248;254;257;293;317;325;350;391;412;418;464;484;489;551;572;593;613;692;717;719;737
"cell(1,1)_ch7",base,2,0.4,0.0,50;51;81;117;123;132;159;191;217;248;254;257;293;317;325;350;391;412;418;464;484;489;551;572;593;613;692;717;719;737
"cell(1,1)_ch7",plus,2,0.35,-0.050000000000000044,50;51;81;117;123;132;159;191;217;248;254;257;293;317;325;350;391;412;418;464;484;489;551;572;593;613;692;717;719;737
"cell(1,1)_ch7",action_only,2,0.5,0.09999999999999998,50;51;81;117;123;132;159;191;217;248;254;257;293;317;325;350;391;412;418;464;484;489;551;572;593;613;692;717;719;737
"cell(1,1)_ch7",base,3,0.18181818181818177,0.0,50;51;81;117;123;132;159;191;217;248;254;257;293;317;325;350;391;412;418;464;484;489;551;572;593;613;692;717;719;737
"cell(1,1)_ch7",plus,3,0.18181818181818177,0.0,50;51;81;117;123;132;159;191;217;248;254;257;293;317;325;350;391;412;418;464;484;489;551;572;593;613;692;717;719;737
"cell(1,1)_ch7",action_only,3,0.5,0.31818181818181823,50;51;81;117;123;132;159;191;217;248;254;257;293;317;325;350;391;412;418;464;484;489;551;572;593;613;692;717;719;737
"cell(1,1)_ch10",base,all,0.6557377049180327,0.0,50;51;81;117;123;132;159;191;217;248;254;257;293;317;325;350;391;412;418;464;484;489;551;572;593;613;692;717;719;737
"cell(1,1)_ch10",plus,all,0.6360655737704918,-0.01967213114754096,50;51;81;117;123;132;159;191;217;248;254;257;293;317;325;350;391;412;418;464;484;489;551;572;593;613;692;717;719;737
"cell(1,1)_ch10",action_only,all,0.5262295081967213,-0.12950819672131142,50;51;81;117;123;132;159;191;217;248;254;257;293;317;325;350;391;412;418;464;484;489;551;572;593;613;692;717;719;737
"cell(1,1)_ch10",base,0,0.5555555555555556,0.0,50;51;81;117;123;132;159;191;217;248;254;257;293;317;325;350;391;412;418;464;484;489;551;572;593;613;692;717;719;737
"cell(1,1)_ch10",plus,0,0.5555555555555556,0.0,50;51;81;117;123;132;159;191;217;248;254;257;293;317;325;350;391;412;418;464;484;489;551;572;593;613;692;717;719;737
"cell(1,1)_ch10",action_only,0,0.5,-0.05555555555555558,50;51;81;117;123;132;159;191;217;248;254;257;293;317;325;350;391;412;418;464;484;489;551;572;593;613;692;717;719;737
"cell(1,1)_ch10",base,1,0.33333333333333337,0.0,50;51;81;117;123;132;159;191;217;248;254;257;293;317;325;350;391;412;418;464;484;489;551;572;593;613;692;717;719;737
"cell(1,1)_ch10",plus,1,0.33333333333333337,0.0,50;51;81;117;123;132;159;191;217;248;254;257;293;317;325;350;391;412;418;464;484;489;551;572;593;613;692;717;719;737
"cell(1,1)_ch10",action_only,1,0.5,0.16666666666666663,50;51;81;117;123;132;159;191;217;248;254;257;293;317;325;350;391;412;418;464;484;489;551;572;593;613;692;717;719;737
"cell(1,1)_ch10",base,2,0.9,0.0,50;51;81;117;123;132;159;191;217;248;254;257;293;317;325;350;391;412;418;464;484;489;551;572;593;613;692;717;719;737
"cell(1,1)_ch10",plus,2,0.9,0.0,50;51;81;117;123;132;159;191;217;248;254;257;293;317;325;350;391;412;418;464;484;489;551;572;593;613;692;717;719;737
"cell(1,1)_ch10",action_only,2,0.5,-0.4,50;51;81;117;123;132;159;191;217;248;254;257;293;317;325;350;391;412;418;464;484;489;551;572;593;613;692;717;719;737
"cell(1,1)_ch10",base,3,0.9090909090909091,0.0,50;51;81;117;123;132;159;191;217;248;254;257;293;317;325;350;391;412;418;464;484;489;551;572;593;613;692;717;719;737
"cell(1,1)_ch10",plus,3,0.9090909090909091,0.0,50;51;81;117;123;132;159;191;217;248;254;257;293;317;325;350;391;412;418;464;484;489;551;572;593;613;692;717;719;737
"cell(1,1)_ch10",action_only,3,0.5,-0.40909090909090906,50;51;81;117;123;132;159;191;217;248;254;257;293;317;325;350;391;412;418;464;484;489;551;572;593;613;692;717;719;737
"cell(1,2)_ch5",base,all,0.5541666666666667,0.0,50;51;81;117;123;132;159;191;217;248;254;257;293;317;325;350;391;412;418;464;484;489;551;572;593;613;692;717;719;737
"cell(1,2)_ch5",plus,all,0.5527777777777777,-0.001388888888888995,50;51;81;117;123;132;159;191;217;248;254;257;293;317;325;350;391;412;418;464;484;489;551;572;593;613;692;717;719;737
"cell(1,2)_ch5",action_only,all,0.5638888888888889,0.009722222222222188,50;51;81;117;123;132;159;191;217;248;254;257;293;317;325;350;391;412;418;464;484;489;551;572;593;613;692;717;719;737
"cell(1,2)_ch5",base,0,0.8333333333333334,0.0,50;51;81;117;123;132;159;191;217;248;254;257;293;317;325;350;391;412;418;464;484;489;551;572;593;613;692;717;719;737
"cell(1,2)_ch5",plus,0,0.8333333333333334,0.0,50;51;81;117;123;132;159;191;217;248;254;257;293;317;325;350;391;412;418;464;484;489;551;572;593;613;692;717;719;737
"cell(1,2)_ch5",action_only,0,0.5,-0.33333333333333337,50;51;81;117;123;132;159;191;217;248;254;257;293;317;325;350;391;412;418;464;484;489;551;572;593;613;692;717;719;737
"cell(1,2)_ch5",base,2,0.10526315789473684,0.0,50;51;81;117;123;132;159;191;217;248;254;257;293;317;325;350;391;412;418;464;484;489;551;572;593;613;692;717;719;737
"cell(1,2)_ch5",plus,2,0.10526315789473684,0.0,50;51;81;117;123;132;159;191;217;248;254;257;293;317;325;350;391;412;418;464;484;489;551;572;593;613;692;717;719;737
"cell(1,2)_ch5",action_only,2,0.5,0.39473684210526316,50;51;81;117;123;132;159;191;217;248;254;257;293;317;325;350;391;412;418;464;484;489;551;572;593;613;692;717;719;737
"cell(1,2)_ch5",base,3,0.7,0.0,50;51;81;117;123;132;159;191;217;248;254;257;293;317;325;350;391;412;418;464;484;489;551;572;593;613;692;717;719;737
"cell(1,2)_ch5",plus,3,0.7,0.0,50;51;81;117;123;132;159;191;217;248;254;257;293;317;325;350;391;412;418;464;484;489;551;572;593;613;692;717;719;737
"cell(1,2)_ch5",action_only,3,0.5,-0.19999999999999996,50;51;81;117;123;132;159;191;217;248;254;257;293;317;325;350;391;412;418;464;484;489;551;572;593;613;692;717;719;737
"cell(1,2)_ch7",base,all,0.618032786885246,0.0,50;51;81;117;123;132;159;191;217;248;254;257;293;317;325;350;391;412;418;464;484;489;551;572;593;613;692;717;719;737
"cell(1,2)_ch7",plus,all,0.5770491803278689,-0.040983606557377095,50;51;81;117;123;132;159;191;217;248;254;257;293;317;325;350;391;412;418;464;484;489;551;572;593;613;692;717;719;737
"cell(1,2)_ch7",action_only,all,0.4508196721311476,-0.1672131147540984,50;51;81;117;123;132;159;191;217;248;254;257;293;317;325;350;391;412;418;464;484;489;551;572;593;613;692;717;719;737
"cell(1,2)_ch7",base,0,0.375,0.0,50;51;81;117;123;132;159;191;217;248;254;257;293;317;325;350;391;412;418;464;484;489;551;572;593;613;692;717;719;737
"cell(1,2)_ch7",plus,0,0.4027777777777778,0.02777777777777779,50;51;81;117;123;132;159;191;217;248;254;257;293;317;325;350;391;412;418;464;484;489;551;572;593;613;692;717;719;737
"cell(1,2)_ch7",action_only,0,0.5,0.125,50;51;81;117;123;132;159;191;217;248;254;257;293;317;325;350;391;412;418;464;484;489;551;572;593;613;692;717;719;737
"cell(1,2)_ch7",base,1,0.9166666666666666,0.0,50;51;81;117;123;132;159;191;217;248;254;257;293;317;325;350;391;412;418;464;484;489;551;572;593;613;692;717;719;737
"cell(1,2)_ch7",plus,1,0.9166666666666666,0.0,50;51;81;117;123;132;159;191;217;248;254;257;293;317;325;350;391;412;418;464;484;489;551;572;593;613;692;717;719;737
"cell(1,2)_ch7",action_only,1,0.5,-0.41666666666666663,50;51;81;117;123;132;159;191;217;248;254;257;293;317;325;350;391;412;418;464;484;489;551;572;593;613;692;717;719;737
"cell(1,2)_ch7",base,2,0.525,0.0,50;51;81;117;123;132;159;191;217;248;254;257;293;317;325;350;391;412;418;464;484;489;551;572;593;613;692;717;719;737
"cell(1,2)_ch7",plus,2,0.525,0.0,50;51;81;117;123;132;159;191;217;248;254;257;293;317;325;350;391;412;418;464;484;489;551;572;593;613;692;717;719;737
"cell(1,2)_ch7",action_only,2,0.5,-0.025000000000000022,50;51;81;117;123;132;159;191;217;248;254;257;293;317;325;350;391;412;418;464;484;489;551;572;593;613;692;717;719;737
"cell(1,2)_ch7",base,3,0.8181818181818181,0.0,50;51;81;117;123;132;159;191;217;248;254;257;293;317;325;350;391;412;418;464;484;489;551;572;593;613;692;717;719;737
"cell(1,2)_ch7",plus,3,0.8181818181818181,0.0,50;51;81;117;123;132;159;191;217;248;254;257;293;317;325;350;391;412;418;464;484;489;551;572;593;613;692;717;719;737
"cell(1,2)_ch7",action_only,3,0.5,-0.3181818181818181,50;51;81;117;123;132;159;191;217;248;254;257;293;317;325;350;391;412;418;464;484;489;551;572;593;613;692;717;719;737
"cell(1,4)_ch4",base,all,0.5180327868852459,0.0,50;51;81;117;123;132;159;191;217;248;254;257;293;317;325;350;391;412;418;464;484;489;551;572;593;613;692;717;719;737
"cell(1,4)_ch4",plus,all,0.5590163934426229,0.040983606557376984,50;51;81;117;123;132;159;191;217;248;254;257;293;317;325;350;391;412;418;464;484;489;551;572;593;613;692;717;719;737
"cell(1,4)_ch4",action_only,all,0.5409836065573771,0.022950819672131195,50;51;81;117;123;132;159;191;217;248;254;257;293;317;325;350;391;412;418;464;484;489;551;572;593;613;692;717;719;737
"cell(1,4)_ch4",base,0,0.368421052631579,0.0,50;51;81;117;123;132;159;191;217;248;254;257;293;317;325;350;391;412;418;464;484;489;551;572;593;613;692;717;719;737
"cell(1,4)_ch4",plus,0,0.368421052631579,0.0,50;51;81;117;123;132;159;191;217;248;254;257;293;317;325;350;391;412;418;464;484;489;551;572;593;613;692;717;719;737
"cell(1,4)_ch4",action_only,0,0.5,0.13157894736842102,50;51;81;117;123;132;159;191;217;248;254;257;293;317;325;350;391;412;418;464;484;489;551;572;593;613;692;717;719;737
"cell(1,4)_ch4",base,1,0.08333333333333337,0.0,50;51;81;117;123;132;159;191;217;248;254;257;293;317;325;350;391;412;418;464;484;489;551;572;593;613;692;717;719;737
"cell(1,4)_ch4",plus,1,0.08333333333333337,0.0,50;51;81;117;123;132;159;191;217;248;254;257;293;317;325;350;391;412;418;464;484;489;551;572;593;613;692;717;719;737
"cell(1,4)_ch4",action_only,1,0.5,0.41666666666666663,50;51;81;117;123;132;159;191;217;248;254;257;293;317;325;350;391;412;418;464;484;489;551;572;593;613;692;717;719;737
"cell(1,4)_ch4",base,2,0.6973684210526316,0.0,50;51;81;117;123;132;159;191;217;248;254;257;293;317;325;350;391;412;418;464;484;489;551;572;593;613;692;717;719;737
"cell(1,4)_ch4",plus,2,0.6973684210526316,0.0,50;51;81;117;123;132;159;191;217;248;254;257;293;317;325;350;391;412;418;464;484;489;551;572;593;613;692;717;719;737
"cell(1,4)_ch4",action_only,2,0.5,-0.19736842105263164,50;51;81;117;123;132;159;191;217;248;254;257;293;317;325;350;391;412;418;464;484;489;551;572;593;613;692;717;719;737
"cell(1,4)_ch4",base,3,1.0,0.0,50;51;81;117;123;132;159;191;217;248;254;257;293;317;325;350;391;412;418;464;484;489;551;572;593;613;692;717;719;737
"cell(1,4)_ch4",plus,3,1.0,0.0,50;51;81;117;123;132;159;191;217;248;254;257;293;317;325;350;391;412;418;464;484;489;551;572;593;613;692;717;719;737
"cell(1,4)_ch4",action_only,3,0.5,-0.5,50;51;81;117;123;132;159;191;217;248;254;257;293;317;325;350;391;412;418;464;484;489;551;572;593;613;692;717;719;737
"cell(1,4)_ch8",base,all,0.5163934426229508,0.0,50;51;81;117;123;132;159;191;217;248;254;257;293;317;325;350;391;412;418;464;484;489;551;572;593;613;692;717;719;737
"cell(1,4)_ch8",plus,all,0.680327868852459,0.16393442622950816,50;51;81;117;123;132;159;191;217;248;254;257;293;317;325;350;391;412;418;464;484;489;551;572;593;613;692;717;719;737
"cell(1,4)_ch8",action_only,all,0.6163934426229508,0.09999999999999998,50;51;81;117;123;132;159;191;217;248;254;257;293;317;325;350;391;412;418;464;484;489;551;572;593;613;692;717;719;737
"cell(1,4)_ch8",base,1,0.5833333333333333,0.0,50;51;81;117;123;132;159;191;217;248;254;257;293;317;325;350;391;412;418;464;484;489;551;572;593;613;692;717;719;737
"cell(1,4)_ch8",plus,1,0.5833333333333333,0.0,50;51;81;117;123;132;159;191;217;248;254;257;293;317;325;350;391;412;418;464;484;489;551;572;593;613;692;717;719;737
"cell(1,4)_ch8",action_only,1,0.5,-0.08333333333333326,50;51;81;117;123;132;159;191;217;248;254;257;293;317;325;350;391;412;418;464;484;489;551;572;593;613;692;717;719;737
"cell(1,4)_ch8",base,2,0.5220588235294118,0.0,50;51;81;117;123;132;159;191;217;248;254;257;293;317;325;350;391;412;418;464;484;489;551;572;593;613;692;717;719;737
"cell(1,4)_ch8",plus,2,0.536764705882353,0.014705882352941235,50;51;81;117;123;132;159;191;217;248;254;257;293;317;325;350;391;412;418;464;484;489;551;572;593;613;692;717;719;737
"cell(1,4)_ch8",action_only,2,0.5,-0.022058823529411797,50;51;81;117;123;132;159;191;217;248;254;257;293;317;325;350;391;412;418;464;484;489;551;572;593;613;692;717;719;737
"cell(1,5)_ch2",base,all,0.4111111111111111,0.0,50;51;81;117;123;132;159;191;217;248;254;257;293;317;325;350;391;412;418;464;484;489;551;572;593;613;692;717;719;737
"cell(1,5)_ch2",plus,all,0.4277777777777778,0.01666666666666672,50;51;81;117;123;132;159;191;217;248;254;257;293;317;325;350;391;412;418;464;484;489;551;572;593;613;692;717;719;737
"cell(1,5)_ch2",action_only,all,0.4083333333333333,-0.002777777777777768,50;51;81;117;123;132;159;191;217;248;254;257;293;317;325;350;391;412;418;464;484;489;551;572;593;613;692;717;719;737
"cell(1,5)_ch2",base,0,0.5833333333333333,0.0,50;51;81;117;123;132;159;191;217;248;254;257;293;317;325;350;391;412;418;464;484;489;551;572;593;613;692;717;719;737
"cell(1,5)_ch2",plus,0,0.5555555555555556,-0.02777777777777768,50;51;81;117;123;132;159;191;217;248;254;257;293;317;325;350;391;412;418;464;484;489;551;572;593;613;692;717;719;737
"cell(1,5)_ch2",action_only,0,0.5,-0.08333333333333326,50;51;81;117;123;132;159;191;217;248;254;257;293;317;325;350;391;412;418;464;484;489;551;572;593;613;692;717;719;737
"cell(1,5)_ch2",base,1,0.41666666666666663,0.0,50;51;81;117;123;132;159;191;217;248;254;257;293;317;325;350;391;412;418;464;484;489;551;572;593;613;692;717;719;737
"cell(1,5)_ch2",plus,1,0.5,0.08333333333333337,50;51;81;117;123;132;159;191;217;248;254;257;293;317;325;350;391;412;418;464;484;489;551;572;593;613;692;717;719;737
"cell(1,5)_ch2",action_only,1,0.5,0.08333333333333337,50;51;81;117;123;132;159;191;217;248;254;257;293;317;325;350;391;412;418;464;484;489;551;572;593;613;692;717;719;737
"cell(1,5)_ch2",base,2,0.22222222222222218,0.0,50;51;81;117;123;132;159;191;217;248;254;257;293;317;325;350;391;412;418;464;484;489;551;572;593;613;692;717;719;737
"cell(1,5)_ch2",plus,2,0.20370370370370366,-0.018518518518518517,50;51;81;117;123;132;159;191;217;248;254;257;293;317;325;350;391;412;418;464;484;489;551;572;593;613;692;717;719;737
"cell(1,5)_ch2",action_only,2,0.5,0.2777777777777778,50;51;81;117;123;132;159;191;217;248;254;257;293;317;325;350;391;412;418;464;484;489;551;572;593;613;692;717;719;737
"cell(1,5)_ch6",base,all,0.675,0.0,50;51;81;117;123;132;159;191;217;248;254;257;293;317;325;350;391;412;418;464;484;489;551;572;593;613;692;717;719;737
"cell(1,5)_ch6",plus,all,0.42777777777777776,-0.2472222222222223,50;51;81;117;123;132;159;191;217;248;254;257;293;317;325;350;391;412;418;464;484;489;551;572;593;613;692;717;719;737
"cell(1,5)_ch6",action_only,all,0.4666666666666667,-0.20833333333333337,50;51;81;117;123;132;159;191;217;248;254;257;293;317;325;350;391;412;418;464;484;489;551;572;593;613;692;717;719;737
"cell(1,5)_ch6",base,0,0.42156862745098034,0.0,50;51;81;117;123;132;159;191;217;248;254;257;293;317;325;350;391;412;418;464;484;489;551;572;593;613;692;717;719;737
"cell(1,5)_ch6",plus,0,0.40196078431372545,-0.019607843137254888,50;51;81;117;123;132;159;191;217;248;254;257;293;317;325;350;391;412;418;464;484;489;551;572;593;613;692;717;719;737
"cell(1,5)_ch6",action_only,0,0.5,0.07843137254901966,50;51;81;117;123;132;159;191;217;248;254;257;293;317;325;350;391;412;418;464;484;489;551;572;593;613;692;717;719;737
"cell(1,5)_ch6",base,1,0.9166666666666666,0.0,50;51;81;117;123;132;159;191;217;248;254;257;293;317;325;350;391;412;418;464;484;489;551;572;593;613;692;717;719;737
"cell(1,5)_ch6",plus,1,0.9166666666666666,0.0,50;51;81;117;123;132;159;191;217;248;254;257;293;317;325;350;391;412;418;464;484;489;551;572;593;613;692;717;719;737
"cell(1,5)_ch6",action_only,1,0.5,-0.41666666666666663,50;51;81;117;123;132;159;191;217;248;254;257;293;317;325;350;391;412;418;464;484;489;551;572;593;613;692;717;719;737
"cell(1,5)_ch6",base,2,0.975,0.0,50;51;81;117;123;132;159;191;217;248;254;257;293;317;325;350;391;412;418;464;484;489;551;572;593;613;692;717;719;737
"cell(1,5)_ch6",plus,2,0.975,0.0,50;51;81;117;123;132;159;191;217;248;254;257;293;317;325;350;391;412;418;464;484;489;551;572;593;613;692;717;719;737
"cell(1,5)_ch6",action_only,2,0.5,-0.475,50;51;81;117;123;132;159;191;217;248;254;257;293;317;325;350;391;412;418;464;484;489;551;572;593;613;692;717;719;737
"cell(1,5)_ch6",base,3,0.8181818181818181,0.0,50;51;81;117;123;132;159;191;217;248;254;257;293;317;325;350;391;412;418;464;484;489;551;572;593;613;692;717;719;737
"cell(1,5)_ch6",plus,3,0.8181818181818181,0.0,50;51;81;117;123;132;159;191;217;248;254;257;293;317;325;350;391;412;418;464;484;489;551;572;593;613;692;717;719;737
"cell(1,5)_ch6",action_only,3,0.5,-0.3181818181818181,50;51;81;117;123;132;159;191;217;248;254;257;293;317;325;350;391;412;418;464;484;489;551;572;593;613;692;717;719;737
"cell(1,5)_ch11",base,all,0.4930555555555556,0.0,50;51;81;117;123;132;159;191;217;248;254;257;293;317;325;350;391;412;418;464;484;489;551;572;593;613;692;717;719;737
"cell(1,5)_ch11",plus,all,0.41805555555555557,-0.07500000000000001,50;51;81;117;123;132;159;191;217;248;254;257;293;317;325;350;391;412;418;464;484;489;551;572;593;613;692;717;719;737
"cell(1,5)_ch11",action_only,all,0.4013888888888889,-0.09166666666666667,50;51;81;117;123;132;159;191;217;248;254;257;293;317;325;350;391;412;418;464;484;489;551;572;593;613;692;717;719;737
"cell(1,5)_ch11",base,0,0.37254901960784315,0.0,50;51;81;117;123;132;159;191;217;248;254;257;293;317;325;350;391;412;418;464;484;489;551;572;593;613;692;717;719;737
"cell(1,5)_ch11",plus,0,0.39215686274509803,0.019607843137254888,50;51;81;117;123;132;159;191;217;248;254;257;293;317;325;350;391;412;418;464;484;489;551;572;593;613;692;717;719;737
"cell(1,5)_ch11",action_only,0,0.5,0.12745098039215685,50;51;81;117;123;132;159;191;217;248;254;257;293;317;325;350;391;412;418;464;484;489;551;572;593;613;692;717;719;737
"cell(1,5)_ch11",base,1,0.5,0.0,50;51;81;117;123;132;159;191;217;248;254;257;293;317;325;350;391;412;418;464;484;489;551;572;593;613;692;717;719;737
"cell(1,5)_ch11",plus,1,0.5,0.0,50;51;81;117;123;132;159;191;217;248;254;257;293;317;325;350;391;412;418;464;484;489;551;572;593;613;692;717;719;737
"cell(1,5)_ch11",action_only,1,0.5,0.0,50;51;81;117;123;132;159;191;217;248;254;257;293;317;325;350;391;412;418;464;484;489;551;572;593;613;692;717;719;737
"cell(1,5)_ch11",base,2,0.5131578947368421,0.0,50;51;81;117;123;132;159;191;217;248;254;257;293;317;325;350;391;412;418;464;484;489;551;572;593;613;692;717;719;737
"cell(1,5)_ch11",plus,2,0.513157894736842,-1.1102230246251565e-16,50;51;81;117;123;132;159;191;217;248;254;257;293;317;325;350;391;412;418;464;484;489;551;572;593;613;692;717;719;737
"cell(1,5)_ch11",action_only,2,0.5,-0.013157894736842146,50;51;81;117;123;132;159;191;217;248;254;257;293;317;325;350;391;412;418;464;484;489;551;572;593;613;692;717;719;737
"cell(1,6)_ch7",base,all,0.5819444444444445,0.0,50;51;81;117;123;132;159;191;217;248;254;257;293;317;325;350;391;412;418;464;484;489;551;572;593;613;692;717;719;737
"cell(1,6)_ch7",plus,all,0.5375000000000001,-0.0444444444444444,50;51;81;117;123;132;159;191;217;248;254;257;293;317;325;350;391;412;418;464;484;489;551;572;593;613;692;717;719;737
"cell(1,6)_ch7",action_only,all,0.5583333333333333,-0.023611111111111138,50;51;81;117;123;132;159;191;217;248;254;257;293;317;325;350;391;412;418;464;484;489;551;572;593;613;692;717;719;737
"cell(1,6)_ch7",base,0,0.696078431372549,0.0,50;51;81;117;123;132;159;191;217;248;254;257;293;317;325;350;391;412;418;464;484;489;551;572;593;613;692;717;719;737
"cell(1,6)_ch7",plus,0,0.6764705882352942,-0.019607843137254832,50;51;81;117;123;132;159;191;217;248;254;257;293;317;325;350;391;412;418;464;484;489;551;572;593;613;692;717;719;737
"cell(1,6)_ch7",action_only,0,0.5,-0.196078431372549,50;51;81;117;123;132;159;191;217;248;254;257;293;317;325;350;391;412;418;464;484;489;551;572;593;613;692;717;719;737
"cell(1,6)_ch7",base,1,0.16666666666666663,0.0,50;51;81;117;123;132;159;191;217;248;254;257;293;317;325;350;391;412;418;464;484;489;551;572;593;613;692;717;719;737
"cell(1,6)_ch7",plus,1,0.16666666666666663,0.0,50;51;81;117;123;132;159;191;217;248;254;257;293;317;325;350;391;412;418;464;484;489;551;572;593;613;692;717;719;737
"cell(1,6)_ch7",action_only,1,0.5,0.33333333333333337,50;51;81;117;123;132;159;191;217;248;254;257;293;317;325;350;391;412;418;464;484;489;551;572;593;613;692;717;719;737
"cell(1,6)_ch7",base,2,0.5526315789473685,0.0,50;51;81;117;123;132;159;191;217;248;254;257;293;317;325;350;391;412;418;464;484;489;551;572;593;613;692;717;719;737
"cell(1,6)_ch7",plus,2,0.5526315789473685,0.0,50;51;81;117;123;132;159;191;217;248;254;257;293;317;325;350;391;412;418;464;484;489;551;572;593;613;692;717;719;737
"cell(1,6)_ch7",action_only,2,0.5,-0.052631578947368474,50;51;81;117;123;132;159;191;217;248;254;257;293;317;325;350;391;412;418;464;484;489;551;572;593;613;692;717;719;737
"cell(2,0)_ch10",base,all,0.6442622950819672,0.0,50;51;81;117;123;132;159;191;217;248;254;257;293;317;325;350;391;412;418;464;484;489;551;572;593;613;692;717;719;737
"cell(2,0)_ch10",plus,all,0.6540983606557377,0.00983606557377048,50;51;81;117;123;132;159;191;217;248;254;257;293;317;325;350;391;412;418;464;484;489;551;572;593;613;692;717;719;737
"cell(2,0)_ch10",action_only,all,0.1983606557377049,-0.4459016393442623,50;51;81;117;123;132;159;191;217;248;254;257;293;317;325;350;391;412;418;464;484;489;551;572;593;613;692;717;719;737
"cell(2,0)_ch10",base,0,0.1578947368421053,0.0,50;51;81;117;123;132;159;191;217;248;254;257;293;317;325;350;391;412;418;464;484;489;551;572;593;613;692;717;719;737
"cell(2,0)_ch10",plus,0,0.26315789473684215,0.10526315789473684,50;51;81;117;123;132;159;191;217;248;254;257;293;317;325;350;391;412;418;464;484;489;551;572;593;613;692;717;719;737
"cell(2,0)_ch10",action_only,0,0.5,0.3421052631578947,50;51;81;117;123;132;159;191;217;248;254;257;293;317;325;350;391;412;418;464;484;489;551;572;593;613;692;717;719;737
"cell(2,0)_ch10",base,2,0.7573529411764706,0.0,50;51;81;117;123;132;159;191;217;248;254;257;293;317;325;350;391;412;418;464;484;489;551;572;593;613;692;717;719;737
"cell(2,0)_ch10",plus,2,0.7573529411764706,0.0,50;51;81;117;123;132;159;191;217;248;254;257;293;317;325;350;391;412;418;464;484;489;551;572;593;613;692;717;719;737
"cell(2,0)_ch10",action_only,2,0.5,-0.25735294117647056,50;51;81;117;123;132;159;191;217;248;254;257;293;317;325;350;391;412;418;464;484;489;551;572;593;613;692;717;719;737
"cell(2,2)_ch0",base,all,0.6704918032786886,0.0,50;51;81;117;123;132;159;191;217;248;254;257;293;317;325;350;391;412;418;464;484;489;551;572;593;613;692;717;719;737
"cell(2,2)_ch0",plus,all,0.7524590163934426,0.08196721311475397,50;51;81;117;123;132;159;191;217;248;254;257;293;317;325;350;391;412;418;464;484;489;551;572;593;613;692;717;719;737
"cell(2,2)_ch0",action_only,all,0.7180327868852459,0.04754098360655723,50;51;81;117;123;132;159;191;217;248;254;257;293;317;325;350;391;412;418;464;484;489;551;572;593;613;692;717;719;737
"cell(2,2)_ch0",base,0,0.8333333333333333,0.0,50;51;81;117;123;132;159;191;217;248;254;257;293;317;325;350;391;412;418;464;484;489;551;572;593;613;692;717;719;737
"cell(2,2)_ch0",plus,0,0.8333333333333333,0.0,50;51;81;117;123;132;159;191;217;248;254;257;293;317;325;350;391;412;418;464;484;489;551;572;593;613;692;717;719;737
"cell(2,2)_ch0",action_only,0,0.5,-0.33333333333333326,50;51;81;117;123;132;159;191;217;248;254;257;293;317;325;350;391;412;418;464;484;489;551;572;593;613;692;717;719;737
"cell(2,2)_ch0",base,2,0.09999999999999998,0.0,50;51;81;117;123;132;159;191;217;248;254;257;293;317;325;350;391;412;418;464;484;489;551;572;593;613;692;717;719;737
"cell(2,2)_ch0",plus,2,0.09999999999999998,0.0,50;51;81;117;123;132;159;191;217;248;254;257;293;317;325;350;391;412;418;464;484;489;551;572;593;613;692;717;719;737
"cell(2,2)_ch0",action_only,2,0.5,0.4,50;51;81;117;123;132;159;191;217;248;254;257;293;317;325;350;391;412;418;464;484;489;551;572;593;613;692;717;719;737
"cell(2,2)_ch0",base,3,0.7272727272727273,0.0,50;51;81;117;123;132;159;191;217;248;254;257;293;317;325;350;391;412;418;464;484;489;551;572;593;613;692;717;719;737
"cell(2,2)_ch0",plus,3,0.7272727272727273,0.0,50;51;81;117;123;132;159;191;217;248;254;257;293;317;325;350;391;412;418;464;484;489;551;572;593;613;692;717;719;737
"cell(2,2)_ch0",action_only,3,0.5,-0.2272727272727273,50;51;81;117;123;132;159;191;217;248;254;257;293;317;325;350;391;412;418;464;484;489;551;572;593;613;692;717;719;737
"cell(2,2)_ch5",base,all,0.4555555555555556,0.0,50;51;81;117;123;132;159;191;217;248;254;257;293;317;325;350;391;412;418;464;484;489;551;572;593;613;692;717;719;737
"cell(2,2)_ch5",plus,all,0.5583333333333333,0.10277777777777775,50;51;81;117;123;132;159;191;217;248;254;257;293;317;325;350;391;412;418;464;484;489;551;572;593;613;692;717;719;737
"cell(2,2)_ch5",action_only,all,0.6333333333333334,0.1777777777777778,50;51;81;117;123;132;159;191;217;248;254;257;293;317;325;350;391;412;418;464;484;489;551;572;593;613;692;717;719;737
"cell(2,2)_ch5",base,0,0.4444444444444444,0.0,50;51;81;117;123;132;159;191;217;248;254;257;293;317;325;350;391;412;418;464;484;489;551;572;593;613;692;717;719;737
"cell(2,2)_ch5",plus,0,0.41666666666666663,-0.02777777777777779,50;51;81;117;123;132;159;191;217;248;254;257;293;317;325;350;391;412;418;464;484;489;551;572;593;613;692;717;719;737
"cell(2,2)_ch5",action_only,0,0.5,0.05555555555555558,50;51;81;117;123;132;159;191;217;248;254;257;293;317;325;350;391;412;418;464;484;489;551;572;593;613;692;717;719;737
"cell(2,2)_ch5",base,1,0.41666666666666663,0.0,50;51;81;117;123;132;159;191;217;248;254;257;293;317;325;350;391;412;418;464;484;489;551;572;593;613;692;717;719;737
"cell(2,2)_ch5",plus,1,0.5,0.08333333333333337,50;51;81;117;123;132;159;191;217;248;254;257;293;317;325;350;391;412;418;464;484;489;551;572;593;613;692;717;719;737
"cell(2,2)_ch5",action_only,1,0.5,0.08333333333333337,50;51;81;117;123;132;159;191;217;248;254;257;293;317;325;350;391;412;418;464;484;489;551;572;593;613;692;717;719;737
"cell(2,2)_ch5",base,2,0.6,0.0,50;51;81;117;123;132;159;191;217;248;254;257;293;317;325;350;391;412;418;464;484;489;551;572;593;613;692;717;719;737
"cell(2,2)_ch5",plus,2,0.65,0.050000000000000044,50;51;81;117;123;132;159;191;217;248;254;257;293;317;325;350;391;412;418;464;484;489;551;572;593;613;692;717;719;737
"cell(2,2)_ch5",action_only,2,0.5,-0.09999999999999998,50;51;81;117;123;132;159;191;217;248;254;257;293;317;325;350;391;412;418;464;484;489;551;572;593;613;692;717;719;737
"cell(2,2)_ch5",base,3,0.5,0.0,50;51;81;117;123;132;159;191;217;248;254;257;293;317;325;350;391;412;418;464;484;489;551;572;593;613;692;717;719;737
"cell(2,2)_ch5",plus,3,0.44999999999999996,-0.050000000000000044,50;51;81;117;123;132;159;191;217;248;254;257;293;317;325;350;391;412;418;464;484;489;551;572;593;613;692;717;719;737
"cell(2,2)_ch5",action_only,3,0.5,0.0,50;51;81;117;123;132;159;191;217;248;254;257;293;317;325;350;391;412;418;464;484;489;551;572;593;613;692;717;719;737
"cell(2,2)_ch7",base,all,0.4555555555555555,0.0,50;51;81;117;123;132;159;191;217;248;254;257;293;317;325;350;391;412;418;464;484;489;551;572;593;613;692;717;719;737
"cell(2,2)_ch7",plus,all,0.45833333333333337,0.002777777777777879,50;51;81;117;123;132;159;191;217;248;254;257;293;317;325;350;391;412;418;464;484;489;551;572;593;613;692;717;719;737
"cell(2,2)_ch7",action_only,all,0.6597222222222223,0.20416666666666683,50;51;81;117;123;132;159;191;217;248;254;257;293;317;325;350;391;412;418;464;484;489;551;572;593;613;692;717;719;737
"cell(2,2)_ch7",base,0,0.33333333333333337,0.0,50;51;81;117;123;132;159;191;217;248;254;257;293;317;325;350;391;412;418;464;484;489;551;572;593;613;692;717;719;737
"cell(2,2)_ch7",plus,0,0.33333333333333337,0.0,50;51;81;117;123;132;159;191;217;248;254;257;293;317;325;350;391;412;418;464;484;489;551;572;593;613;692;717;719;737
"cell(2,2)_ch7",action_only,0,0.5,0.16666666666666663,50;51;81;117;123;132;159;191;217;248;254;257;293;317;325;350;391;412;418;464;484;489;551;572;593;613;692;717;719;737
"cell(2,2)_ch7",base,2,0.5,0.0,50;51;81;117;123;132;159;191;217;248;254;257;293;317;325;350;391;412;418;464;484;489;551;572;593;613;692;717;719;737
"cell(2,2)_ch7",plus,2,0.5,0.0,50;51;81;117;123;132;159;191;217;248;254;257;293;317;325;350;391;412;418;464;484;489;551;572;593;613;692;717;719;737
"cell(2,2)_ch7",action_only,2,0.5,0.0,50;51;81;117;123;132;159;191;217;248;254;257;293;317;325;350;391;412;418;464;484;489;551;572;593;613;692;717;719;737
"cell(2,2)_ch7",base,3,1.0,0.0,50;51;81;117;123;132;159;191;217;248;254;257;293;317;325;350;391;412;418;464;484;489;551;572;593;613;692;717;719;737
"cell(2,2)_ch7",plus,3,1.0,0.0,50;51;81;117;123;132;159;191;217;248;254;257;293;317;325;350;391;412;418;464;484;489;551;572;593;613;692;717;719;737
"cell(2,2)_ch7",action_only,3,0.5,-0.5,50;51;81;117;123;132;159;191;217;248;254;257;293;317;325;350;391;412;418;464;484;489;551;572;593;613;692;717;719;737
"cell(2,3)_ch11",base,all,0.4426229508196722,0.0,50;51;81;117;123;132;159;191;217;248;254;257;293;317;325;350;391;412;418;464;484;489;551;572;593;613;692;717;719;737
"cell(2,3)_ch11",plus,all,0.4967213114754099,0.0540983606557377,50;51;81;117;123;132;159;191;217;248;254;257;293;317;325;350;391;412;418;464;484;489;551;572;593;613;692;717;719;737
"cell(2,3)_ch11",action_only,all,0.5180327868852459,0.07540983606557372,50;51;81;117;123;132;159;191;217;248;254;257;293;317;325;350;391;412;418;464;484;489;551;572;593;613;692;717;719;737
"cell(2,3)_ch11",base,0,0.5789473684210527,0.0,50;51;81;117;123;132;159;191;217;248;254;257;293;317;325;350;391;412;418;464;484;489;551;572;593;613;692;717;719;737
"cell(2,3)_ch11",plus,0,0.5263157894736843,-0.05263157894736836,50;51;81;117;123;132;159;191;217;248;254;257;293;317;325;350;391;412;418;464;484;489;551;572;593;613;692;717;719;737
"cell(2,3)_ch11",action_only,0,0.5,-0.07894736842105265,50;51;81;117;123;132;159;191;217;248;254;257;293;317;325;350;391;412;418;464;484;489;551;572;593;613;692;717;719;737
"cell(2,3)_ch11",base,1,0.33333333333333337,0.0,50;51;81;117;123;132;159;191;217;248;254;257;293;317;325;350;391;412;418;464;484;489;551;572;593;613;692;717;719;737
"cell(2,3)_ch11",plus,1,0.41666666666666663,0.08333333333333326,50;51;81;117;123;132;159;191;217;248;254;257;293;317;325;350;391;412;418;464;484;489;551;572;593;613;692;717;719;737
"cell(2,3)_ch11",action_only,1,0.5,0.16666666666666663,50;51;81;117;123;132;159;191;217;248;254;257;293;317;325;350;391;412;418;464;484;489;551;572;593;613;692;717;719;737
"cell(2,3)_ch11",base,2,0.7763157894736843,0.0,50;51;81;117;123;132;159;191;217;248;254;257;293;317;325;350;391;412;418;464;484;489;551;572;593;613;692;717;719;737
"cell(2,3)_ch11",plus,2,0.7763157894736843,0.0,50;51;81;117;123;132;159;191;217;248;254;257;293;317;325;350;391;412;418;464;484;489;551;572;593;613;692;717;719;737
"cell(2,3)_ch11",action_only,2,0.5,-0.2763157894736843,50;51;81;117;123;132;159;191;217;248;254;257;293;317;325;350;391;412;418;464;484;489;551;572;593;613;692;717;719;737
"cell(2,3)_ch11",base,3,0.0,0.0,50;51;81;117;123;132;159;191;217;248;254;257;293;317;325;350;391;412;418;464;484;489;551;572;593;613;692;717;719;737
"cell(2,3)_ch11",plus,3,0.0,0.0,50;51;81;117;123;132;159;191;217;248;254;257;293;317;325;350;391;412;418;464;484;489;551;572;593;613;692;717;719;737
"cell(2,3)_ch11",action_only,3,0.5,0.5,50;51;81;117;123;132;159;191;217;248;254;257;293;317;325;350;391;412;418;464;484;489;551;572;593;613;692;717;719;737
"cell(2,4)_ch6",base,all,0.359016393442623,0.0,50;51;81;117;123;132;159;191;217;248;254;257;293;317;325;350;391;412;418;464;484;489;551;572;593;613;692;717;719;737
"cell(2,4)_ch6",plus,all,0.4213114754098361,0.06229508196721312,50;51;81;117;123;132;159;191;217;248;254;257;293;317;325;350;391;412;418;464;484;489;551;572;593;613;692;717;719;737
"cell(2,4)_ch6",action_only,all,0.46557377049180326,0.10655737704918028,50;51;81;117;123;132;159;191;217;248;254;257;293;317;325;350;391;412;418;464;484;489;551;572;593;613;692;717;719;737
"cell(2,4)_ch6",base,0,0.02777777777777779,0.0,50;51;81;117;123;132;159;191;217;248;254;257;293;317;325;350;391;412;418;464;484;489;551;572;593;613;692;717;719;737
"cell(2,4)_ch6",plus,0,0.02777777777777779,0.0,50;51;81;117;123;132;159;191;217;248;254;257;293;317;325;350;391;412;418;464;484;489;551;572;593;613;692;717;719;737
"cell(2,4)_ch6",action_only,0,0.5,0.4722222222222222,50;51;81;117;123;132;159;191;217;248;254;257;293;317;325;350;391;412;418;464;484;489;551;572;593;613;692;717;719;737
"cell(2,4)_ch6",base,1,0.8333333333333334,0.0,50;51;81;117;123;132;159;191;217;248;254;257;293;317;325;350;391;412;418;464;484;489;551;572;593;613;692;717;719;737
"cell(2,4)_ch6",plus,1,0.8333333333333334,0.0,50;51;81;117;123;132;159;191;217;248;254;257;293;317;325;350;391;412;418;464;484;489;551;572;593;613;692;717;719;737
"cell(2,4)_ch6",action_only,1,0.5,-0.33333333333333337,50;51;81;117;123;132;159;191;217;248;254;257;293;317;325;350;391;412;418;464;484;489;551;572;593;613;692;717;719;737
"cell(2,4)_ch6",base,2,0.4605263157894737,0.0,50;51;81;117;123;132;159;191;217;248;254;257;293;317;325;350;391;412;418;464;484;489;551;572;593;613;692;717;719;737
"cell(2,4)_ch6",plus,2,0.4342105263157895,-0.02631578947368418,50;51;81;117;123;132;159;191;217;248;254;257;293;317;325;350;391;412;418;464;484;489;551;572;593;613;692;717;719;737
"cell(2,4)_ch6",action_only,2,0.5,0.03947368421052633,50;51;81;117;123;132;159;191;217;248;254;257;293;317;325;350;391;412;418;464;484;489;551;572;593;613;692;717;719;737
"cell(2,4)_ch10",base,all,0.5819444444444445,0.0,50;51;81;117;123;132;159;191;217;248;254;257;293;317;325;350;391;412;418;464;484;489;551;572;593;613;692;717;719;737
"cell(2,4)_ch10",plus,all,0.6291666666666668,0.047222222222222276,50;51;81;117;123;132;159;191;217;248;254;257;293;317;325;350;391;412;418;464;484;489;551;572;593;613;692;717;719;737
"cell(2,4)_ch10",action_only,all,0.6708333333333334,0.0888888888888889,50;51;81;117;123;132;159;191;217;248;254;257;293;317;325;350;391;412;418;464;484;489;551;572;593;613;692;717;719;737
"cell(2,4)_ch10",base,0,0.4609375,0.0,50;51;81;117;123;132;159;191;217;248;254;257;293;317;325;350;391;412;418;464;484;489;551;572;593;613;692;717;719;737
"cell(2,4)_ch10",plus,0,0.4609375,0.0,50;51;81;117;123;132;159;191;217;248;254;257;293;317;325;350;391;412;418;464;484;489;551;572;593;613;692;717;719;737
"cell(2,4)_ch10",action_only,0,0.5,0.0390625,50;51;81;117;123;132;159;191;217;248;254;257;293;317;325;350;391;412;418;464;484;489;551;572;593;613;692;717;719;737
"cell(2,4)_ch10",base,2,0.9,0.0,50;51;81;117;123;132;159;191;217;248;254;257;293;317;325;350;391;412;418;464;484;489;551;572;593;613;692;717;719;737
"cell(2,4)_ch10",plus,2,0.9,0.0,50;51;81;117;123;132;159;191;217;248;254;257;293;317;325;350;391;412;418;464;484;489;551;572;593;613;692;717;719;737
"cell(2,4)_ch10",action_only,2,0.5,-0.4,50;51;81;117;123;132;159;191;217;248;254;257;293;317;325;350;391;412;418;464;484;489;551;572;593;613;692;717;719;737
"cell(2,4)_ch10",base,3,0.5454545454545454,0.0,50;51;81;117;123;132;159;191;217;248;254;257;293;317;325;350;391;412;418;464;484;489;551;572;593;613;692;717;719;737
"cell(2,4)_ch10",plus,3,0.36363636363636365,-0.18181818181818177,50;51;81;117;123;132;159;191;217;248;254;257;293;317;325;350;391;412;418;464;484;489;551;572;593;613;692;717;719;737
"cell(2,4)_ch10",action_only,3,0.5,-0.045454545454545414,50;51;81;117;123;132;159;191;217;248;254;257;293;317;325;350;391;412;418;464;484;489;551;572;593;613;692;717;719;737
"cell(2,5)_ch5",base,all,0.6361111111111112,0.0,50;51;81;117;123;132;159;191;217;248;254;257;293;317;325;350;391;412;418;464;484;489;551;572;593;613;692;717;719;737
"cell(2,5)_ch5",plus,all,0.6291666666666667,-0.006944444444444531,50;51;81;117;123;132;159;191;217;248;254;257;293;317;325;350;391;412;418;464;484;489;551;572;593;613;692;717;719;737
"cell(2,5)_ch5",action_only,all,0.43333333333333324,-0.20277777777777795,50;51;81;117;123;132;159;191;217;248;254;257;293;317;325;350;391;412;418;464;484;489;551;572;593;613;692;717;719;737
"cell(2,5)_ch5",base,0,0.2352941176470588,0.0,50;51;81;117;123;132;159;191;217;248;254;257;293;317;325;350;391;412;418;464;484;489;551;572;593;613;692;717;719;737
"cell(2,5)_ch5",plus,0,0.2352941176470588,0.0,50;51;81;117;123;132;159;191;217;248;254;257;293;317;325;350;391;412;418;464;484;489;551;572;593;613;692;717;719;737
"cell(2,5)_ch5",action_only,0,0.5,0.26470588235294124,50;51;81;117;123;132;159;191;217;248;254;257;293;317;325;350;391;412;418;464;484;489;551;572;593;613;692;717;719;737
"cell(2,5)_ch5",base,2,0.9342105263157895,0.0,50;51;81;117;123;132;159;191;217;248;254;257;293;317;325;350;391;412;418;464;484;489;551;572;593;613;692;717;719;737
"cell(2,5)_ch5",plus,2,0.9342105263157895,0.0,50;51;81;117;123;132;159;191;217;248;254;257;293;317;325;350;391;412;418;464;484;489;551;572;593;613;692;717;719;737
"cell(2,5)_ch5",action_only,2,0.5,-0.4342105263157895,50;51;81;117;123;132;159;191;217;248;254;257;293;317;325;350;391;412;418;464;484;489;551;572;593;613;692;717;719;737
"cell(2,5)_ch5",base,3,1.0,0.0,50;51;81;117;123;132;159;191;217;248;254;257;293;317;325;350;391;412;418;464;484;489;551;572;593;613;692;717;719;737
"cell(2,5)_ch5",plus,3,1.0,0.0,50;51;81;117;123;132;159;191;217;248;254;257;293;317;325;350;391;412;418;464;484;489;551;572;593;613;692;717;719;737
"cell(2,5)_ch5",action_only,3,0.5,-0.5,50;51;81;117;123;132;159;191;217;248;254;257;293;317;325;350;391;412;418;464;484;489;551;572;593;613;692;717;719;737
"cell(2,5)_ch8",base,all,0.23442622950819675,0.0,50;51;81;117;123;132;159;191;217;248;254;257;293;317;325;350;391;412;418;464;484;489;551;572;593;613;692;717;719;737
"cell(2,5)_ch8",plus,all,0.2721311475409836,0.03770491803278686,50;51;81;117;123;132;159;191;217;248;254;257;293;317;325;350;391;412;418;464;484;489;551;572;593;613;692;717;719;737
"cell(2,5)_ch8",action_only,all,0.48688524590163934,0.2524590163934426,50;51;81;117;123;132;159;191;217;248;254;257;293;317;325;350;391;412;418;464;484;489;551;572;593;613;692;717;719;737
"cell(2,5)_ch8",base,0,0.4444444444444444,0.0,50;51;81;117;123;132;159;191;217;248;254;257;293;317;325;350;391;412;418;464;484;489;551;572;593;613;692;717;719;737
"cell(2,5)_ch8",plus,0,0.4444444444444444,0.0,50;51;81;117;123;132;159;191;217;248;254;257;293;317;325;350;391;412;418;464;484;489;551;572;593;613;692;717;719;737
"cell(2,5)_ch8",action_only,0,0.5,0.05555555555555558,50;51;81;117;123;132;159;191;217;248;254;257;293;317;325;350;391;412;418;464;484;489;551;572;593;613;692;717;719;737
"cell(2,5)_ch8",base,1,0.04545454545454547,0.0,50;51;81;117;123;132;159;191;217;248;254;257;293;317;325;350;391;412;418;464;484;489;551;572;593;613;692;717;719;737
"cell(2,5)_ch8",plus,1,0.04545454545454547,0.0,50;51;81;117;123;132;159;191;217;248;254;257;293;317;325;350;391;412;418;464;484;489;551;572;593;613;692;717;719;737
"cell(2,5)_ch8",action_only,1,0.5,0.45454545454545453,50;51;81;117;123;132;159;191;217;248;254;257;293;317;325;350;391;412;418;464;484;489;551;572;593;613;692;717;719;737
"cell(2,5)_ch8",base,3,0.0,0.0,50;51;81;117;123;132;159;191;217;248;254;257;293;317;325;350;391;412;418;464;484;489;551;572;593;613;692;717;719;737
"cell(2,5)_ch8",plus,3,0.0,0.0,50;51;81;117;123;132;159;191;217;248;254;257;293;317;325;350;391;412;418;464;484;489;551;572;593;613;692;717;719;737
"cell(2,5)_ch8",action_only,3,0.5,0.5,50;51;81;117;123;132;159;191;217;248;254;257;293;317;325;350;391;412;418;464;484;489;551;572;593;613;692;717;719;737
"cell(2,6)_ch9",base,all,0.4016393442622951,0.0,50;51;81;117;123;132;159;191;217;248;254;257;293;317;325;350;391;412;418;464;484;489;551;572;593;613;692;717;719;737
"cell(2,6)_ch9",plus,all,0.4540983606557378,0.05245901639344269,50;51;81;117;123;132;159;191;217;248;254;257;293;317;325;350;391;412;418;464;484;489;551;572;593;613;692;717;719;737
"cell(2,6)_ch9",action_only,all,0.5983606557377049,0.19672131147540983,50;51;81;117;123;132;159;191;217;248;254;257;293;317;325;350;391;412;418;464;484;489;551;572;593;613;692;717;719;737
"cell(2,6)_ch9",base,0,0.3888888888888889,0.0,50;51;81;117;123;132;159;191;217;248;254;257;293;317;325;350;391;412;418;464;484;489;551;572;593;613;692;717;719;737
"cell(2,6)_ch9",plus,0,0.4166666666666667,0.02777777777777779,50;51;81;117;123;132;159;191;217;248;254;257;293;317;325;350;391;412;418;464;484;489;551;572;593;613;692;717;719;737
"cell(2,6)_ch9",action_only,0,0.5,0.1111111111111111,50;51;81;117;123;132;159;191;217;248;254;257;293;317;325;350;391;412;418;464;484;489;551;572;593;613;692;717;719;737
"cell(2,6)_ch9",base,2,0.09210526315789477,0.0,50;51;81;117;123;132;159;191;217;248;254;257;293;317;325;350;391;412;418;464;484;489;551;572;593;613;692;717;719;737
"cell(2,6)_ch9",plus,2,0.09210526315789477,0.0,50;51;81;117;123;132;159;191;217;248;254;257;293;317;325;350;391;412;418;464;484;489;551;572;593;613;692;717;719;737
"cell(2,6)_ch9",action_only,2,0.5,0.4078947368421052,50;51;81;117;123;132;159;191;217;248;254;257;293;317;325;350;391;412;418;464;484;489;551;572;593;613;692;717;719;737
"cell(2,6)_ch9",base,3,1.0,0.0,50;51;81;117;123;132;159;191;217;248;254;257;293;317;325;350;391;412;418;464;484;489;551;572;593;613;692;717;719;737
"cell(2,6)_ch9",plus,3,1.0,0.0,50;51;81;117;123;132;159;191;217;248;254;257;293;317;325;350;391;412;418;464;484;489;551;572;593;613;692;717;719;737
"cell(2,6)_ch9",action_only,3,0.5,-0.5,50;51;81;117;123;132;159;191;217;248;254;257;293;317;325;350;391;412;418;464;484;489;551;572;593;613;692;717;719;737
"cell(3,0)_ch9",base,all,0.5868852459016394,0.0,50;51;81;117;123;132;159;191;217;248;254;257;293;317;325;350;391;412;418;464;484;489;551;572;593;613;692;717;719;737
"cell(3,0)_ch9",plus,all,0.5901639344262295,0.003278688524590123,50;51;81;117;123;132;159;191;217;248;254;257;293;317;325;350;391;412;418;464;484;489;551;572;593;613;692;717;719;737
"cell(3,0)_ch9",action_only,all,0.4852459016393443,-0.1016393442622951,50;51;81;117;123;132;159;191;217;248;254;257;293;317;325;350;391;412;418;464;484;489;551;572;593;613;692;717;719;737
"cell(3,0)_ch9",base,0,0.7916666666666666,0.0,50;51;81;117;123;132;159;191;217;248;254;257;293;317;325;350;391;412;418;464;484;489;551;572;593;613;692;717;719;737
"cell(3,0)_ch9",plus,0,0.763888888888889,-0.02777777777777768,50;51;81;117;123;132;159;191;217;248;254;257;293;317;325;350;391;412;418;464;484;489;551;572;593;613;692;717;719;737
"cell(3,0)_ch9",action_only,0,0.5,-0.29166666666666663,50;51;81;117;123;132;159;191;217;248;254;257;293;317;325;350;391;412;418;464;484;489;551;572;593;613;692;717;719;737
"cell(3,0)_ch9",base,1,1.0,0.0,50;51;81;117;123;132;159;191;217;248;254;257;293;317;325;350;391;412;418;464;484;489;551;572;593;613;692;717;719;737
"cell(3,0)_ch9",plus,1,1.0,0.0,50;51;81;117;123;132;159;191;217;248;254;257;293;317;325;350;391;412;418;464;484;489;551;572;593;613;692;717;719;737
"cell(3,0)_ch9",action_only,1,0.5,-0.5,50;51;81;117;123;132;159;191;217;248;254;257;293;317;325;350;391;412;418;464;484;489;551;572;593;613;692;717;719;737
"cell(3,0)_ch9",base,2,0.19736842105263158,0.0,50;51;81;117;123;132;159;191;217;248;254;257;293;317;325;350;391;412;418;464;484;489;551;572;593;613;692;717;719;737
"cell(3,0)_ch9",plus,2,0.19736842105263158,0.0,50;51;81;117;123;132;159;191;217;248;254;257;293;317;325;350;391;412;418;464;484;489;551;572;593;613;692;717;719;737
"cell(3,0)_ch9",action_only,2,0.5,0.3026315789473684,50;51;81;117;123;132;159;191;217;248;254;257;293;317;325;350;391;412;418;464;484;489;551;572;593;613;692;717;719;737
"cell(3,0)_ch11",base,all,0.3680555555555556,0.0,50;51;81;117;123;132;159;191;217;248;254;257;293;317;325;350;391;412;418;464;484;489;551;572;593;613;692;717;719;737
"cell(3,0)_ch11",plus,all,0.4916666666666667,0.12361111111111112,50;51;81;117;123;132;159;191;217;248;254;257;293;317;325;350;391;412;418;464;484;489;551;572;593;613;692;717;719;737
"cell(3,0)_ch11",action_only,all,0.6361111111111111,0.2680555555555555,50;51;81;117;123;132;159;191;217;248;254;257;293;317;325;350;391;412;418;464;484;489;551;572;593;613;692;717;719;737
"cell(3,0)_ch11",base,0,0.1388888888888889,0.0,50;51;81;117;123;132;159;191;217;248;254;257;293;317;325;350;391;412;418;464;484;489;551;572;593;613;692;717;719;737
"cell(3,0)_ch11",plus,0,0.1388888888888889,0.0,50;51;81;117;123;132;159;191;217;248;254;257;293;317;325;350;391;412;418;464;484;489;551;572;593;613;692;717;719;737
"cell(3,0)_ch11",action_only,0,0.5,0.3611111111111111,50;51;81;117;123;132;159;191;217;248;254;257;293;317;325;350;391;412;418;464;484;489;551;572;593;613;692;717;719;737
"cell(3,0)_ch11",base,2,0.31578947368421056,0.0,50;51;81;117;123;132;159;191;217;248;254;257;293;317;325;350;391;412;418;464;484;489;551;572;593;613;692;717;719;737
"cell(3,0)_ch11",plus,2,0.2894736842105263,-0.026315789473684237,50;51;81;117;123;132;159;191;217;248;254;257;293;317;325;350;391;412;418;464;484;489;551;572;593;613;692;717;719;737
"cell(3,0)_ch11",action_only,2,0.5,0.18421052631578944,50;51;81;117;123;132;159;191;217;248;254;257;293;317;325;350;391;412;418;464;484;489;551;572;593;613;692;717;719;737
"cell(3,0)_ch11",base,3,0.8,0.0,50;51;81;117;123;132;159;191;217;248;254;257;293;317;325;350;391;412;418;464;484;489;551;572;593;613;692;717;719;737
"cell(3,0)_ch11",plus,3,0.75,-0.050000000000000044,50;51;81;117;123;132;159;191;217;248;254;257;293;317;325;350;391;412;418;464;484;489;551;572;593;613;692;717;719;737
"cell(3,0)_ch11",action_only,3,0.5,-0.30000000000000004,50;51;81;117;123;132;159;191;217;248;254;257;293;317;325;350;391;412;418;464;484;489;551;572;593;613;692;717;719;737
"cell(3,1)_ch6",base,all,0.7049180327868853,0.0,50;51;81;117;123;132;159;191;217;248;254;257;293;317;325;350;391;412;418;464;484;489;551;572;593;613;692;717;719;737
"cell(3,1)_ch6",plus,all,0.6737704918032786,-0.031147540983606614,50;51;81;117;123;132;159;191;217;248;254;257;293;317;325;350;391;412;418;464;484;489;551;572;593;613;692;717;719;737
"cell(3,1)_ch6",action_only,all,0.5983606557377049,-0.10655737704918034,50;51;81;117;123;132;159;191;217;248;254;257;293;317;325;350;391;412;418;464;484;489;551;572;593;613;692;717;719;737
"cell(3,1)_ch6",base,0,0.8055555555555556,0.0,50;51;81;117;123;132;159;191;217;248;254;257;293;317;325;350;391;412;418;464;484;489;551;572;593;613;692;717;719;737
"cell(3,1)_ch6",plus,0,0.8055555555555556,0.0,50;51;81;117;123;132;159;191;217;248;254;257;293;317;325;350;391;412;418;464;484;489;551;572;593;613;692;717;719;737
"cell(3,1)_ch6",action_only,0,0.5,-0.3055555555555556,50;51;81;117;123;132;159;191;217;248;254;257;293;317;325;350;391;412;418;464;484;489;551;572;593;613;692;717;719;737
"cell(3,1)_ch6",base,2,0.3552631578947369,0.0,50;51;81;117;123;132;159;191;217;248;254;257;293;317;325;350;391;412;418;464;484;489;551;572;593;613;692;717;719;737
"cell(3,1)_ch6",plus,2,0.32894736842105265,-0.026315789473684237,50;51;81;117;123;132;159;191;217;248;254;257;293;317;325;350;391;412;418;464;484;489;551;572;593;613;692;717;719;737
"cell(3,1)_ch6",action_only,2,0.5,0.1447368421052631,50;51;81;117;123;132;159;191;217;248;254;257;293;317;325;350;391;412;418;464;484;489;551;572;593;613;692;717;719;737
"cell(3,1)_ch6",base,3,1.0,0.0,50;51;81;117;123;132;159;191;217;248;254;257;293;317;325;350;391;412;418;464;484;489;551;572;593;613;692;717;719;737
"cell(3,1)_ch6",plus,3,1.0,0.0,50;51;81;117;123;132;159;191;217;248;254;257;293;317;325;350;391;412;418;464;484;489;551;572;593;613;692;717;719;737
"cell(3,1)_ch6",action_only,3,0.5,-0.5,50;51;81;117;123;132;159;191;217;248;254;257;293;317;325;350;391;412;418;464;484;489;551;572;593;613;692;717;719;737
"cell(3,2)_ch4",base,all,0.6098360655737705,0.0,50;51;81;117;123;132;159;191;217;248;254;257;293;317;325;350;391;412;418;464;484;489;551;572;593;613;692;717;719;737
"cell(3,2)_ch4",plus,all,0.7327868852459016,0.12295081967213117,50;51;81;117;123;132;159;191;217;248;254;257;293;317;325;350;391;412;418;464;484;489;551;572;593;613;692;717;719;737
"cell(3,2)_ch4",action_only,all,0.760655737704918,0.15081967213114755,50;51;81;117;123;132;159;191;217;248;254;257;293;317;325;350;391;412;418;464;484;489;551;572;593;613;692;717;719;737
"cell(3,2)_ch4",base,2,0.5092592592592593,0.0,50;51;81;117;123;132;159;191;217;248;254;257;293;317;325;350;391;412;418;464;484;489;551;572;593;613;692;717;719;737
"cell(3,2)_ch4",plus,2,0.5092592592592593,0.0,50;51;81;117;123;132;159;191;217;248;254;257;293;317;325;350;391;412;418;464;484;489;551;572;593;613;692;717;719;737
"cell(3,2)_ch4",action_only,2,0.5,-0.0092592592592593,50;51;81;117;123;132;159;191;217;248;254;257;293;317;325;350;391;412;418;464;484;489;551;572;593;613;692;717;719;737
"cell(3,2)_ch4",base,3,0.7,0.0,50;51;81;117;123;132;159;191;217;248;254;257;293;317;325;350;391;412;418;464;484;489;551;572;593;613;692;717;719;737
"cell(3,2)_ch4",plus,3,0.7,0.0,50;51;81;117;123;132;159;191;217;248;254;257;293;317;325;350;391;412;418;464;484;489;551;572;593;613;692;717;719;737
"cell(3,2)_ch4",action_only,3,0.5,-0.19999999999999996,50;51;81;117;123;132;159;191;217;248;254;257;293;317;325;350;391;412;418;464;484;489;551;572;593;613;692;717;719;737
"cell(3,2)_ch8",base,all,0.47941888619854717,0.0,50;51;81;117;123;132;159;191;217;248;254;257;293;317;325;350;391;412;418;464;484;489;551;572;593;613;692;717;719;737
"cell(3,2)_ch8",plus,all,0.4782082324455206,-0.0012106537530265915,50;51;81;117;123;132;159;191;217;248;254;257;293;317;325;350;391;412;418;464;484;489;551;572;593;613;692;717;719;737
"cell(3,2)_ch8",action_only,all,0.4745762711864407,-0.004842615012106477,50;51;81;117;123;132;159;191;217;248;254;257;293;317;325;350;391;412;418;464;484;489;551;572;593;613;692;717;719;737
"cell(3,2)_ch8",base,0,0.4215686274509804,0.0,50;51;81;117;123;132;159;191;217;248;254;257;293;317;325;350;391;412;418;464;484;489;551;572;593;613;692;717;719;737
"cell(3,2)_ch8",plus,0,0.4215686274509804,0.0,50;51;81;117;123;132;159;191;217;248;254;257;293;317;325;350;391;412;418;464;484;489;551;572;593;613;692;717;719;737
"cell(3,2)_ch8",action_only,0,0.5,0.0784313725490196,50;51;81;117;123;132;159;191;217;248;254;257;293;317;325;350;391;412;418;464;484;489;551;572;593;613;692;717;719;737
"cell(3,2)_ch8",base,1,0.75,0.0,50;51;81;117;123;132;159;191;217;248;254;257;293;317;325;350;391;412;418;464;484;489;551;572;593;613;692;717;719;737
"cell(3,2)_ch8",plus,1,0.75,0.0,50;51;81;117;123;132;159;191;217;248;254;257;293;317;325;350;391;412;418;464;484;489;551;572;593;613;692;717;719;737
"cell(3,2)_ch8",action_only,1,0.5,-0.25,50;51;81;117;123;132;159;191;217;248;254;257;293;317;325;350;391;412;418;464;484;489;551;572;593;613;692;717;719;737
"cell(3,2)_ch8",base,2,0.21052631578947373,0.0,50;51;81;117;123;132;159;191;217;248;254;257;293;317;325;350;391;412;418;464;484;489;551;572;593;613;692;717;719;737
"cell(3,2)_ch8",plus,2,0.21052631578947373,0.0,50;51;81;117;123;132;159;191;217;248;254;257;293;317;325;350;391;412;418;464;484;489;551;572;593;613;692;717;719;737
"cell(3,2)_ch8",action_only,2,0.5,0.28947368421052627,50;51;81;117;123;132;159;191;217;248;254;257;293;317;325;350;391;412;418;464;484;489;551;572;593;613;692;717;719;737
"cell(3,2)_ch8",base,3,0.9090909090909091,0.0,50;51;81;117;123;132;159;191;217;248;254;257;293;317;325;350;391;412;418;464;484;489;551;572;593;613;692;717;719;737
"cell(3,2)_ch8",plus,3,0.9090909090909091,0.0,50;51;81;117;123;132;159;191;217;248;254;257;293;317;325;350;391;412;418;464;484;489;551;572;593;613;692;717;719;737
"cell(3,2)_ch8",action_only,3,0.5,-0.40909090909090906,50;51;81;117;123;132;159;191;217;248;254;257;293;317;325;350;391;412;418;464;484;489;551;572;593;613;692;717;719;737
"cell(3,4)_ch0",base,all,0.5517241379310345,0.0,50;51;81;117;123;132;159;191;217;248;254;257;293;317;325;350;391;412;418;464;484;489;551;572;593;613;692;717;719;737
"cell(3,4)_ch0",plus,all,0.4762931034482759,-0.07543103448275856,50;51;81;117;123;132;159;191;217;248;254;257;293;317;325;350;391;412;418;464;484;489;551;572;593;613;692;717;719;737
"cell(3,4)_ch0",action_only,all,0.4040948275862069,-0.14762931034482757,50;51;81;117;123;132;159;191;217;248;254;257;293;317;325;350;391;412;418;464;484;489;551;572;593;613;692;717;719;737
"cell(3,4)_ch0",base,0,0.7916666666666667,0.0,50;51;81;117;123;132;159;191;217;248;254;257;293;317;325;350;391;412;418;464;484;489;551;572;593;613;692;717;719;737
"cell(3,4)_ch0",plus,0,0.7916666666666667,0.0,50;51;81;117;123;132;159;191;217;248;254;257;293;317;325;350;391;412;418;464;484;489;551;572;593;613;692;717;719;737
"cell(3,4)_ch0",action_only,0,0.5,-0.29166666666666674,50;51;81;117;123;132;159;191;217;248;254;257;293;317;325;350;391;412;418;464;484;489;551;572;593;613;692;717;719;737
"cell(3,4)_ch0",base,1,0.25,0.0,50;51;81;117;123;132;159;191;217;248;254;257;293;317;325;350;391;412;418;464;484;489;551;572;593;613;692;717;719;737
"cell(3,4)_ch0",plus,1,0.41666666666666663,0.16666666666666663,50;51;81;117;123;132;159;191;217;248;254;257;293;317;325;350;391;412;418;464;484;489;551;572;593;613;692;717;719;737
"cell(3,4)_ch0",action_only,1,0.5,0.25,50;51;81;117;123;132;159;191;217;248;254;257;293;317;325;350;391;412;418;464;484;489;551;572;593;613;692;717;719;737
"cell(3,4)_ch0",base,2,0.49264705882352944,0.0,50;51;81;117;123;132;159;191;217;248;254;257;293;317;325;350;391;412;418;464;484;489;551;572;593;613;692;717;719;737
"cell(3,4)_ch0",plus,2,0.49264705882352944,0.0,50;51;81;117;123;132;159;191;217;248;254;257;293;317;325;350;391;412;418;464;484;489;551;572;593;613;692;717;719;737
"cell(3,4)_ch0",action_only,2,0.5,0.007352941176470562,50;51;81;117;123;132;159;191;217;248;254;257;293;317;325;350;391;412;418;464;484;489;551;572;593;613;692;717;719;737
"cell(3,4)_ch0",base,3,0.8181818181818181,0.0,50;51;81;117;123;132;159;191;217;248;254;257;293;317;325;350;391;412;418;464;484;489;551;572;593;613;692;717;719;737
"cell(3,4)_ch0",plus,3,0.8181818181818181,0.0,50;51;81;117;123;132;159;191;217;248;254;257;293;317;325;350;391;412;418;464;484;489;551;572;593;613;692;717;719;737
"cell(3,4)_ch0",action_only,3,0.5,-0.3181818181818181,50;51;81;117;123;132;159;191;217;248;254;257;293;317;325;350;391;412;418;464;484;489;551;572;593;613;692;717;719;737
"cell(3,4)_ch2",base,all,0.36885245901639346,0.0,50;51;81;117;123;132;159;191;217;248;254;257;293;317;325;350;391;412;418;464;484;489;551;572;593;613;692;717;719;737
"cell(3,4)_ch2",plus,all,0.36885245901639346,0.0,50;51;81;117;123;132;159;191;217;248;254;257;293;317;325;350;391;412;418;464;484;489;551;572;593;613;692;717;719;737
"cell(3,4)_ch2",action_only,all,0.419672131147541,0.05081967213114752,50;51;81;117;123;132;159;191;217;248;254;257;293;317;325;350;391;412;418;464;484;489;551;572;593;613;692;717;719;737
"cell(3,4)_ch2",base,0,0.39473684210526316,0.0,50;51;81;117;123;132;159;191;217;248;254;257;293;317;325;350;391;412;418;464;484;489;551;572;593;613;692;717;719;737
"cell(3,4)_ch2",plus,0,0.39473684210526316,0.0,50;51;81;117;123;132;159;191;217;248;254;257;293;317;325;350;391;412;418;464;484;489;551;572;593;613;692;717;719;737
"cell(3,4)_ch2",action_only,0,0.5,0.10526315789473684,50;51;81;117;123;132;159;191;217;248;254;257;293;317;325;350;391;412;418;464;484;489;551;572;593;613;692;717;719;737
"cell(3,4)_ch2",base,1,0.13636363636363635,0.0,50;51;81;117;123;132;159;191;217;248;254;257;293;317;325;350;391;412;418;464;484;489;551;572;593;613;692;717;719;737
"cell(3,4)_ch2",plus,1,0.13636363636363635,0.0,50;51;81;117;123;132;159;191;217;248;254;257;293;317;325;350;391;412;418;464;484;489;551;572;593;613;692;717;719;737
"cell(3,4)_ch2",action_only,1,0.5,0.36363636363636365,50;51;81;117;123;132;159;191;217;248;254;257;293;317;325;350;391;412;418;464;484;489;551;572;593;613;692;717;719;737
"cell(3,4)_ch2",base,2,0.44999999999999996,0.0,50;51;81;117;123;132;159;191;217;248;254;257;293;317;325;350;391;412;418;464;484;489;551;572;593;613;692;717;719;737
"cell(3,4)_ch2",plus,2,0.44999999999999996,0.0,50;51;81;117;123;132;159;191;217;248;254;257;293;317;325;350;391;412;418;464;484;489;551;572;593;613;692;717;719;737
"cell(3,4)_ch2",action_only,2,0.5,0.050000000000000044,50;51;81;117;123;132;159;191;217;248;254;257;293;317;325;350;391;412;418;464;484;489;551;572;593;613;692;717;719;737
"cell(3,4)_ch2",base,3,0.5454545454545454,0.0,50;51;81;117;123;132;159;191;217;248;254;257;293;317;325;350;391;412;418;464;484;489;551;572;593;613;692;717;719;737
"cell(3,4)_ch2",plus,3,0.6363636363636364,0.09090909090909094,50;51;81;117;123;132;159;191;217;248;254;257;293;317;325;350;391;412;418;464;484;489;551;572;593;613;692;717;719;737
"cell(3,4)_ch2",action_only,3,0.5,-0.045454545454545414,50;51;81;117;123;132;159;191;217;248;254;257;293;317;325;350;391;412;418;464;484;489;551;572;593;613;692;717;719;737
"cell(3,4)_ch5",base,all,0.5508196721311476,0.0,50;51;81;117;123;132;159;191;217;248;254;257;293;317;325;350;391;412;418;464;484;489;551;572;593;613;692;717;719;737
"cell(3,4)_ch5",plus,all,0.5737704918032787,0.022950819672131084,50;51;81;117;123;132;159;191;217;248;254;257;293;317;325;350;391;412;418;464;484;489;551;572;593;613;692;717;719;737
"cell(3,4)_ch5",action_only,all,0.560655737704918,0.00983606557377037,50;51;81;117;123;132;159;191;217;248;254;257;293;317;325;350;391;412;418;464;484;489;551;572;593;613;692;717;719;737
"cell(3,4)_ch5",base,0,0.8421052631578947,0.0,50;51;81;117;123;132;159;191;217;248;254;257;293;317;325;350;391;412;418;464;484;489;551;572;593;613;692;717;719;737
"cell(3,4)_ch5",plus,0,0.8947368421052632,0.052631578947368474,50;51;81;117;123;132;159;191;217;248;254;257;293;317;325;350;391;412;418;464;484;489;551;572;593;613;692;717;719;737
"cell(3,4)_ch5",action_only,0,0.5,-0.3421052631578947,50;51;81;117;123;132;159;191;217;248;254;257;293;317;325;350;391;412;418;464;484;489;551;572;593;613;692;717;719;737
"cell(3,4)_ch5",base,1,0.41666666666666663,0.0,50;51;81;117;123;132;159;191;217;248;254;257;293;317;325;350;391;412;418;464;484;489;551;572;593;613;692;717;719;737
"cell(3,4)_ch5",plus,1,0.33333333333333337,-0.08333333333333326,50;51;81;117;123;132;159;191;217;248;254;257;293;317;325;350;391;412;418;464;484;489;551;572;593;613;692;717;719;737
"cell(3,4)_ch5",action_only,1,0.5,0.08333333333333337,50;51;81;117;123;132;159;191;217;248;254;257;293;317;325;350;391;412;418;464;484;489;551;572;593;613;692;717;719;737
"cell(3,4)_ch5",base,2,0.5263157894736843,0.0,50;51;81;117;123;132;159;191;217;248;254;257;293;317;325;350;391;412;418;464;484;489;551;572;593;613;692;717;719;737
"cell(3,4)_ch5",plus,2,0.5526315789473685,0.02631578947368418,50;51;81;117;123;132;159;191;217;248;254;257;293;317;325;350;391;412;418;464;484;489;551;572;593;613;692;717;719;737
"cell(3,4)_ch5",action_only,2,0.5,-0.026315789473684292,50;51;81;117;123;132;159;191;217;248;254;257;293;317;325;350;391;412;418;464;484;489;551;572;593;613;692;717;719;737
"cell(3,4)_ch5",base,3,0.36363636363636365,0.0,50;51;81;117;123;132;159;191;217;248;254;257;293;317;325;350;391;412;418;464;484;489;551;572;593;613;692;717;719;737
"cell(3,4)_ch5",plus,3,0.2727272727272727,-0.09090909090909094,50;51;81;117;123;132;159;191;217;248;254;257;293;317;325;350;391;412;418;464;484;489;551;572;593;613;692;717;719;737
"cell(3,4)_ch5",action_only,3,0.5,0.13636363636363635,50;51;81;117;123;132;159;191;217;248;254;257;293;317;325;350;391;412;418;464;484;489;551;572;593;613;692;717;719;737
"cell(3,4)_ch8",base,all,0.4277777777777778,0.0,50;51;81;117;123;132;159;191;217;248;254;257;293;317;325;350;391;412;418;464;484;489;551;572;593;613;692;717;719;737
"cell(3,4)_ch8",plus,all,0.46805555555555556,0.040277777777777746,50;51;81;117;123;132;159;191;217;248;254;257;293;317;325;350;391;412;418;464;484;489;551;572;593;613;692;717;719;737
"cell(3,4)_ch8",action_only,all,0.5125000000000001,0.08472222222222225,50;51;81;117;123;132;159;191;217;248;254;257;293;317;325;350;391;412;418;464;484;489;551;572;593;613;692;717;719;737
"cell(3,4)_ch8",base,0,0.1388888888888889,0.0,50;51;81;117;123;132;159;191;217;248;254;257;293;317;325;350;391;412;418;464;484;489;551;572;593;613;692;717;719;737
"cell(3,4)_ch8",plus,0,0.16666666666666669,0.02777777777777779,50;51;81;117;123;132;159;191;217;248;254;257;293;317;325;350;391;412;418;464;484;489;551;572;593;613;692;717;719;737
"cell(3,4)_ch8",action_only,0,0.5,0.3611111111111111,50;51;81;117;123;132;159;191;217;248;254;257;293;317;325;350;391;412;418;464;484;489;551;572;593;613;692;717;719;737
"cell(3,4)_ch8",base,1,0.9166666666666666,0.0,50;51;81;117;123;132;159;191;217;248;254;257;293;317;325;350;391;412;418;464;484;489;551;572;593;613;692;717;719;737
"cell(3,4)_ch8",plus,1,0.8333333333333334,-0.08333333333333326,50;51;81;117;123;132;159;191;217;248;254;257;293;317;325;350;391;412;418;464;484;489;551;572;593;613;692;717;719;737
"cell(3,4)_ch8",action_only,1,0.5,-0.41666666666666663,50;51;81;117;123;132;159;191;217;248;254;257;293;317;325;350;391;412;418;464;484;489;551;572;593;613;692;717;719;737
"cell(3,4)_ch8",base,2,0.4605263157894737,0.0,50;51;81;117;123;132;159;191;217;248;254;257;293;317;325;350;391;412;418;464;484;489;551;572;593;613;692;717;719;737
"cell(3,4)_ch8",plus,2,0.4605263157894737,0.0,50;51;81;117;123;132;159;191;217;248;254;257;293;317;325;350;391;412;418;464;484;489;551;572;593;613;692;717;719;737
"cell(3,4)_ch8",action_only,2,0.5,0.03947368421052633,50;51;81;117;123;132;159;191;217;248;254;257;293;317;325;350;391;412;418;464;484;489;551;572;593;613;692;717;719;737
"cell(3,4)_ch8",base,3,0.36363636363636365,0.0,50;51;81;117;123;132;159;191;217;248;254;257;293;317;325;350;391;412;418;464;484;489;551;572;593;613;692;717;719;737
"cell(3,4)_ch8",plus,3,0.36363636363636365,0.0,50;51;81;117;123;132;159;191;217;248;254;257;293;317;325;350;391;412;418;464;484;489;551;572;593;613;692;717;719;737
"cell(3,4)_ch8",action_only,3,0.5,0.13636363636363635,50;51;81;117;123;132;159;191;217;248;254;257;293;317;325;350;391;412;418;464;484;489;551;572;593;613;692;717;719;737
"cell(3,5)_ch3",base,all,0.3016393442622951,0.0,50;51;81;117;123;132;159;191;217;248;254;257;293;317;325;350;391;412;418;464;484;489;551;572;593;613;692;717;719;737
"cell(3,5)_ch3",plus,all,0.38688524590163936,0.08524590163934426,50;51;81;117;123;132;159;191;217;248;254;257;293;317;325;350;391;412;418;464;484;489;551;572;593;613;692;717;719;737
"cell(3,5)_ch3",action_only,all,0.5049180327868853,0.2032786885245902,50;51;81;117;123;132;159;191;217;248;254;257;293;317;325;350;391;412;418;464;484;489;551;572;593;613;692;717;719;737
"cell(3,5)_ch3",base,0,0.2745098039215686,0.0,50;51;81;117;123;132;159;191;217;248;254;257;293;317;325;350;391;412;418;464;484;489;551;572;593;613;692;717;719;737
"cell(3,5)_ch3",plus,0,0.2745098039215686,0.0,50;51;81;117;123;132;159;191;217;248;254;257;293;317;325;350;391;412;418;464;484;489;551;572;593;613;692;717;719;737
"cell(3,5)_ch3",action_only,0,0.5,0.2254901960784314,50;51;81;117;123;132;159;191;217;248;254;257;293;317;325;350;391;412;418;464;484;489;551;572;593;613;692;717;719;737
"cell(3,5)_ch3",base,2,0.55,0.0,50;51;81;117;123;132;159;191;217;248;254;257;293;317;325;350;391;412;418;464;484;489;551;572;593;613;692;717;719;737
"cell(3,5)_ch3",plus,2,0.55,0.0,50;51;81;117;123;132;159;191;217;248;254;257;293;317;325;350;391;412;418;464;484;489;551;572;593;613;692;717;719;737
"cell(3,5)_ch3",action_only,2,0.5,-0.050000000000000044,50;51;81;117;123;132;159;191;217;248;254;257;293;317;325;350;391;412;418;464;484;489;551;572;593;613;692;717;719;737
"cell(3,5)_ch3",base,3,0.18181818181818177,0.0,50;51;81;117;123;132;159;191;217;248;254;257;293;317;325;350;391;412;418;464;484;489;551;572;593;613;692;717;719;737
"cell(3,5)_ch3",plus,3,0.09090909090909094,-0.09090909090909083,50;51;81;117;123;132;159;191;217;248;254;257;293;317;325;350;391;412;418;464;484;489;551;572;593;613;692;717;719;737
"cell(3,5)_ch3",action_only,3,0.5,0.31818181818181823,50;51;81;117;123;132;159;191;217;248;254;257;293;317;325;350;391;412;418;464;484;489;551;572;593;613;692;717;719;737
"cell(3,5)_ch10",base,all,0.5180555555555555,0.0,50;51;81;117;123;132;159;191;217;248;254;257;293;317;325;350;391;412;418;464;484;489;551;572;593;613;692;717;719;737
"cell(3,5)_ch10",plus,all,0.4694444444444444,-0.048611111111111105,50;51;81;117;123;132;159;191;217;248;254;257;293;317;325;350;391;412;418;464;484;489;551;572;593;613;692;717;719;737
"cell(3,5)_ch10",action_only,all,0.4027777777777778,-0.1152777777777777,50;51;81;117;123;132;159;191;217;248;254;257;293;317;325;350;391;412;418;464;484;489;551;572;593;613;692;717;719;737
"cell(3,5)_ch10",base,0,0.8421052631578947,0.0,50;51;81;117;123;132;159;191;217;248;254;257;293;317;325;350;391;412;418;464;484;489;551;572;593;613;692;717;719;737
"cell(3,5)_ch10",plus,0,0.8421052631578947,0.0,50;51;81;117;123;132;159;191;217;248;254;257;293;317;325;350;391;412;418;464;484;489;551;572;593;613;692;717;719;737
"cell(3,5)_ch10",action_only,0,0.5,-0.3421052631578947,50;51;81;117;123;132;159;191;217;248;254;257;293;317;325;350;391;412;418;464;484;489;551;572;593;613;692;717;719;737
"cell(3,5)_ch10",base,1,0.75,0.0,50;51;81;117;123;132;159;191;217;248;254;257;293;317;325;350;391;412;418;464;484;489;551;572;593;613;692;717;719;737
"cell(3,5)_ch10",plus,1,0.75,0.0,50;51;81;117;123;132;159;191;217;248;254;257;293;317;325;350;391;412;418;464;484;489;551;572;593;613;692;717;719;737
"cell(3,5)_ch10",action_only,1,0.5,-0.25,50;51;81;117;123;132;159;191;217;248;254;257;293;317;325;350;391;412;418;464;484;489;551;572;593;613;692;717;719;737
"cell(3,5)_ch10",base,2,0.14814814814814817,0.0,50;51;81;117;123;132;159;191;217;248;254;257;293;317;325;350;391;412;418;464;484;489;551;572;593;613;692;717;719;737
"cell(3,5)_ch10",plus,2,0.11111111111111112,-0.03703703703703705,50;51;81;117;123;132;159;191;217;248;254;257;293;317;325;350;391;412;418;464;484;489;551;572;593;613;692;717;719;737
"cell(3,5)_ch10",action_only,2,0.5,0.35185185185185186,50;51;81;117;123;132;159;191;217;248;254;257;293;317;325;350;391;412;418;464;484;489;551;572;593;613;692;717;719;737
"cell(3,5)_ch10",base,3,1.0,0.0,50;51;81;117;123;132;159;191;217;248;254;257;293;317;325;350;391;412;418;464;484;489;551;572;593;613;692;717;719;737
"cell(3,5)_ch10",plus,3,1.0,0.0,50;51;81;117;123;132;159;191;217;248;254;257;293;317;325;350;391;412;418;464;484;489;551;572;593;613;692;717;719;737
"cell(3,5)_ch10",action_only,3,0.5,-0.5,50;51;81;117;123;132;159;191;217;248;254;257;293;317;325;350;391;412;418;464;484;489;551;572;593;613;692;717;719;737
"cell(3,6)_ch4",base,all,0.6868852459016395,0.0,50;51;81;117;123;132;159;191;217;248;254;257;293;317;325;350;391;412;418;464;484;489;551;572;593;613;692;717;719;737
"cell(3,6)_ch4",plus,all,0.7278688524590164,0.040983606557376984,50;51;81;117;123;132;159;191;217;248;254;257;293;317;325;350;391;412;418;464;484;489;551;572;593;613;692;717;719;737
"cell(3,6)_ch4",action_only,all,0.559016393442623,-0.12786885245901647,50;51;81;117;123;132;159;191;217;248;254;257;293;317;325;350;391;412;418;464;484;489;551;572;593;613;692;717;719;737
"cell(3,6)_ch4",base,0,0.7894736842105263,0.0,50;51;81;117;123;132;159;191;217;248;254;257;293;317;325;350;391;412;418;464;484;489;551;572;593;613;692;717;719;737
"cell(3,6)_ch4",plus,0,0.7894736842105263,0.0,50;51;81;117;123;132;159;191;217;248;254;257;293;317;325;350;391;412;418;464;484;489;551;572;593;613;692;717;719;737
"cell(3,6)_ch4",action_only,0,0.5,-0.2894736842105263,50;51;81;117;123;132;159;191;217;248;254;257;293;317;325;350;391;412;418;464;484;489;551;572;593;613;692;717;719;737
"cell(3,6)_ch4",base,2,0.736842105263158,0.0,50;51;81;117;123;132;159;191;217;248;254;257;293;317;325;350;391;412;418;464;484;489;551;572;593;613;692;717;719;737
"cell(3,6)_ch4",plus,2,0.736842105263158,0.0,50;51;81;117;123;132;159;191;217;248;254;257;293;317;325;350;391;412;418;464;484;489;551;572;593;613;692;717;719;737
"cell(3,6)_ch4",action_only,2,0.5,-0.23684210526315796,50;51;81;117;123;132;159;191;217;248;254;257;293;317;325;350;391;412;418;464;484;489;551;572;593;613;692;717;719;737
"cell(3,6)_ch4",base,3,0.7,0.0,50;51;81;117;123;132;159;191;217;248;254;257;293;317;325;350;391;412;418;464;484;489;551;572;593;613;692;717;719;737
"cell(3,6)_ch4",plus,3,0.7,0.0,50;51;81;117;123;132;159;191;217;248;254;257;293;317;325;350;391;412;418;464;484;489;551;572;593;613;692;717;719;737
"cell(3,6)_ch4",action_only,3,0.5,-0.19999999999999996,50;51;81;117;123;132;159;191;217;248;254;257;293;317;325;350;391;412;418;464;484;489;551;572;593;613;692;717;719;737
"cell(4,0)_ch8",base,all,0.5311475409836066,0.0,50;51;81;117;123;132;159;191;217;248;254;257;293;317;325;350;391;412;418;464;484;489;551;572;593;613;692;717;719;737
"cell(4,0)_ch8",plus,all,0.5426229508196722,0.011475409836065542,50;51;81;117;123;132;159;191;217;248;254;257;293;317;325;350;391;412;418;464;484;489;551;572;593;613;692;717;719;737
"cell(4,0)_ch8",action_only,all,0.460655737704918,-0.07049180327868859,50;51;81;117;123;132;159;191;217;248;254;257;293;317;325;350;391;412;418;464;484;489;551;572;593;613;692;717;719;737
"cell(4,0)_ch8",base,0,0.5,0.0,50;51;81;117;123;132;159;191;217;248;254;257;293;317;325;350;391;412;418;464;484;489;551;572;593;613;692;717;719;737
"cell(4,0)_ch8",plus,0,0.48039215686274506,-0.019607843137254943,50;51;81;117;123;132;159;191;217;248;254;257;293;317;325;350;391;412;418;464;484;489;551;572;593;613;692;717;719;737
"cell(4,0)_ch8",action_only,0,0.5,0.0,50;51;81;117;123;132;159;191;217;248;254;257;293;317;325;350;391;412;418;464;484;489;551;572;593;613;692;717;719;737
"cell(4,0)_ch8",base,2,0.6578947368421053,0.0,50;51;81;117;123;132;159;191;217;248;254;257;293;317;325;350;391;412;418;464;484;489;551;572;593;613;692;717;719;737
"cell(4,0)_ch8",plus,2,0.5789473684210527,-0.07894736842105265,50;51;81;117;123;132;159;191;217;248;254;257;293;317;325;350;391;412;418;464;484;489;551;572;593;613;692;717;719;737
"cell(4,0)_ch8",action_only,2,0.5,-0.1578947368421053,50;51;81;117;123;132;159;191;217;248;254;257;293;317;325;350;391;412;418;464;484;489;551;572;593;613;692;717;719;737
"cell(4,0)_ch9",base,all,0.4754098360655738,0.0,50;51;81;117;123;132;159;191;217;248;254;257;293;317;325;350;391;412;418;464;484;489;551;572;593;613;692;717;719;737
"cell(4,0)_ch9",plus,all,0.5098360655737705,0.03442622950819668,50;51;81;117;123;132;159;191;217;248;254;257;293;317;325;350;391;412;418;464;484;489;551;572;593;613;692;717;719;737
"cell(4,0)_ch9",action_only,all,0.8016393442622951,0.3262295081967213,50;51;81;117;123;132;159;191;217;248;254;257;293;317;325;350;391;412;418;464;484;489;551;572;593;613;692;717;719;737
"cell(4,0)_ch9",base,0,0.0,0.0,50;51;81;117;123;132;159;191;217;248;254;257;293;317;325;350;391;412;418;464;484;489;551;572;593;613;692;717;719;737
"cell(4,0)_ch9",plus,0,0.0,0.0,50;51;81;117;123;132;159;191;217;248;254;257;293;317;325;350;391;412;418;464;484;489;551;572;593;613;692;717;719;737
"cell(4,0)_ch9",action_only,0,0.5,0.5,50;51;81;117;123;132;159;191;217;248;254;257;293;317;325;350;391;412;418;464;484;489;551;572;593;613;692;717;719;737
"cell(4,0)_ch9",base,2,0.49264705882352944,0.0,50;51;81;117;123;132;159;191;217;248;254;257;293;317;325;350;391;412;418;464;484;489;551;572;593;613;692;717;719;737
"cell(4,0)_ch9",plus,2,0.49264705882352944,0.0,50;51;81;117;123;132;159;191;217;248;254;257;293;317;325;350;391;412;418;464;484;489;551;572;593;613;692;717;719;737
"cell(4,0)_ch9",action_only,2,0.5,0.007352941176470562,50;51;81;117;123;132;159;191;217;248;254;257;293;317;325;350;391;412;418;464;484;489;551;572;593;613;692;717;719;737
"cell(4,1)_ch0",base,all,0.49508196721311476,0.0,50;51;81;117;123;132;159;191;217;248;254;257;293;317;325;350;391;412;418;464;484;489;551;572;593;613;692;717;719;737
"cell(4,1)_ch0",plus,all,0.5770491803278688,0.08196721311475402,50;51;81;117;123;132;159;191;217;248;254;257;293;317;325;350;391;412;418;464;484;489;551;572;593;613;692;717;719;737
"cell(4,1)_ch0",action_only,all,0.5049180327868852,0.009836065573770425,50;51;81;117;123;132;159;191;217;248;254;257;293;317;325;350;391;412;418;464;484;489;551;572;593;613;692;717;719;737
"cell(4,1)_ch0",base,0,0.638888888888889,0.0,50;51;81;117;123;132;159;191;217;248;254;257;293;317;325;350;391;412;418;464;484;489;551;572;593;613;692;717;719;737
"cell(4,1)_ch0",plus,0,0.638888888888889,0.0,50;51;81;117;123;132;159;191;217;248;254;257;293;317;325;350;391;412;418;464;484;489;551;572;593;613;692;717;719;737
"cell(4,1)_ch0",action_only,0,0.5,-0.13888888888888895,50;51;81;117;123;132;159;191;217;248;254;257;293;317;325;350;391;412;418;464;484;489;551;572;593;613;692;717;719;737
"cell(4,1)_ch0",base,1,0.41666666666666663,0.0,50;51;81;117;123;132;159;191;217;248;254;257;293;317;325;350;391;412;418;464;484;489;551;572;593;613;692;717;719;737
"cell(4,1)_ch0",plus,1,0.41666666666666663,0.0,50;51;81;117;123;132;159;191;217;248;254;257;293;317;325;350;391;412;418;464;484;489;551;572;593;613;692;717;719;737
"cell(4,1)_ch0",action_only,1,0.5,0.08333333333333337,50;51;81;117;123;132;159;191;217;248;254;257;293;317;325;350;391;412;418;464;484;489;551;572;593;613;692;717;719;737
"cell(4,1)_ch0",base,2,0.368421052631579,0.0,50;51;81;117;123;132;159;191;217;248;254;257;293;317;325;350;391;412;418;464;484;489;551;572;593;613;692;717;719;737
"cell(4,1)_ch0",plus,2,0.31578947368421056,-0.05263157894736842,50;51;81;117;123;132;159;191;217;248;254;257;293;317;325;350;391;412;418;464;484;489;551;572;593;613;692;717;719;737
"cell(4,1)_ch0",action_only,2,0.5,0.13157894736842102,50;51;81;117;123;132;159;191;217;248;254;257;293;317;325;350;391;412;418;464;484;489;551;572;593;613;692;717;719;737
"cell(4,2)_ch0",base,all,0.2622950819672132,0.0,50;51;81;117;123;132;159;191;217;248;254;257;293;317;325;350;391;412;418;464;484;489;551;572;593;613;692;717;719;737
"cell(4,2)_ch0",plus,all,0.29508196721311475,0.032786885245901565,50;51;81;117;123;132;159;191;217;248;254;257;293;317;325;350;391;412;418;464;484;489;551;572;593;613;692;717;719;737
"cell(4,2)_ch0",action_only,all,0.5901639344262295,0.3278688524590163,50;51;81;117;123;132;159;191;217;248;254;257;293;317;325;350;391;412;418;464;484;489;551;572;593;613;692;717;719;737
"cell(4,2)_ch0",base,0,0.3137254901960784,0.0,50;51;81;117;123;132;159;191;217;248;254;257;293;317;325;350;391;412;418;464;484;489;551;572;593;613;692;717;719;737
"cell(4,2)_ch0",plus,0,0.2941176470588235,-0.019607843137254943,50;51;81;117;123;132;159;191;217;248;254;257;293;317;325;350;391;412;418;464;484;489;551;572;593;613;692;717;719;737
"cell(4,2)_ch0",action_only,0,0.5,0.18627450980392157,50;51;81;117;123;132;159;191;217;248;254;257;293;317;325;350;391;412;418;464;484;489;551;572;593;613;692;717;719;737
"cell(4,2)_ch0",base,1,0.0,0.0,50;51;81;117;123;132;159;191;217;248;254;257;293;317;325;350;391;412;418;464;484;489;551;572;593;613;692;717;719;737
"cell(4,2)_ch0",plus,1,0.0,0.0,50;51;81;117;123;132;159;191;217;248;254;257;293;317;325;350;391;412;418;464;484;489;551;572;593;613;692;717;719;737
"cell(4,2)_ch0",action_only,1,0.5,0.5,50;51;81;117;123;132;159;191;217;248;254;257;293;317;325;350;391;412;418;464;484;489;551;572;593;613;692;717;719;737
"cell(4,2)_ch0",base,3,0.18181818181818177,0.0,50;51;81;117;123;132;159;191;217;248;254;257;293;317;325;350;391;412;418;464;484;489;551;572;593;613;692;717;719;737
"cell(4,2)_ch0",plus,3,0.18181818181818177,0.0,50;51;81;117;123;132;159;191;217;248;254;257;293;317;325;350;391;412;418;464;484;489;551;572;593;613;692;717;719;737
"cell(4,2)_ch0",action_only,3,0.5,0.31818181818181823,50;51;81;117;123;132;159;191;217;248;254;257;293;317;325;350;391;412;418;464;484;489;551;572;593;613;692;717;719;737
"cell(4,2)_ch2",base,all,0.4967213114754099,0.0,50;51;81;117;123;132;159;191;217;248;254;257;293;317;325;350;391;412;418;464;484;489;551;572;593;613;692;717;719;737
"cell(4,2)_ch2",plus,all,0.5311475409836066,0.03442622950819674,50;51;81;117;123;132;159;191;217;248;254;257;293;317;325;350;391;412;418;464;484;489;551;572;593;613;692;717;719;737
"cell(4,2)_ch2",action_only,all,0.5590163934426229,0.062295081967213006,50;51;81;117;123;132;159;191;217;248;254;257;293;317;325;350;391;412;418;464;484;489;551;572;593;613;692;717;719;737
"cell(4,2)_ch2",base,0,0.21052631578947367,0.0,50;51;81;117;123;132;159;191;217;248;254;257;293;317;325;350;391;412;418;464;484;489;551;572;593;613;692;717;719;737
"cell(4,2)_ch2",plus,0,0.21052631578947367,0.0,50;51;81;117;123;132;159;191;217;248;254;257;293;317;325;350;391;412;418;464;484;489;551;572;593;613;692;717;719;737
"cell(4,2)_ch2",action_only,0,0.5,0.2894736842105263,50;51;81;117;123;132;159;191;217;248;254;257;293;317;325;350;391;412;418;464;484;489;551;572;593;613;692;717;719;737
"cell(4,2)_ch2",base,1,0.40909090909090906,0.0,50;51;81;117;123;132;159;191;217;248;254;257;293;317;325;350;391;412;418;464;484;489;551;572;593;613;692;717;719;737
"cell(4,2)_ch2",plus,1,0.40909090909090906,0.0,50;51;81;117;123;132;159;191;217;248;254;257;293;317;325;350;391;412;418;464;484;489;551;572;593;613;692;717;719;737
"cell(4,2)_ch2",action_only,1,0.5,0.09090909090909094,50;51;81;117;123;132;159;191;217;248;254;257;293;317;325;350;391;412;418;464;484;489;551;572;593;613;692;717;719;737
"cell(4,2)_ch2",base,2,0.6315789473684211,0.0,50;51;81;117;123;132;159;191;217;248;254;257;293;317;325;350;391;412;418;464;484;489;551;572;593;613;692;717;719;737
"cell(4,2)_ch2",plus,2,0.6315789473684211,0.0,50;51;81;117;123;132;159;191;217;248;254;257;293;317;325;350;391;412;418;464;484;489;551;572;593;613;692;717;719;737
"cell(4,2)_ch2",action_only,2,0.5,-0.13157894736842113,50;51;81;117;123;132;159;191;217;248;254;257;293;317;325;350;391;412;418;464;484;489;551;572;593;613;692;717;719;737
"cell(4,2)_ch9",base,all,0.42857142857142855,0.0,50;51;81;117;123;132;159;191;217;248;254;257;293;317;325;350;391;412;418;464;484;489;551;572;593;613;692;717;719;737
"cell(4,2)_ch9",plus,all,0.5629539951573849,0.13438256658595632,50;51;81;117;123;132;159;191;217;248;254;257;293;317;325;350;391;412;418;464;484;489;551;572;593;613;692;717;719;737
"cell(4,2)_ch9",action_only,all,0.589588377723971,0.16101694915254244,50;51;81;117;123;132;159;191;217;248;254;257;293;317;325;350;391;412;418;464;484;489;551;572;593;613;692;717;719;737
"cell(4,2)_ch9",base,0,0.5,0.0,50;51;81;117;123;132;159;191;217;248;254;257;293;317;325;350;391;412;418;464;484;489;551;572;593;613;692;717;719;737
"cell(4,2)_ch9",plus,0,0.5,0.0,50;51;81;117;123;132;159;191;217;248;254;257;293;317;325;350;391;412;418;464;484;489;551;572;593;613;692;717;719;737
"cell(4,2)_ch9",action_only,0,0.5,0.0,50;51;81;117;123;132;159;191;217;248;254;257;293;317;325;350;391;412;418;464;484;489;551;572;593;613;692;717;719;737
"cell(4,2)_ch9",base,2,0.21323529411764705,0.0,50;51;81;117;123;132;159;191;217;248;254;257;293;317;325;350;391;412;418;464;484;489;551;572;593;613;692;717;719;737
"cell(4,2)_ch9",plus,2,0.2426470588235294,0.02941176470588236,50;51;81;117;123;132;159;191;217;248;254;257;293;317;325;350;391;412;418;464;484;489;551;572;593;613;692;717;719;737
"cell(4,2)_ch9",action_only,2,0.5,0.2867647058823529,50;51;81;117;123;132;159;191;217;248;254;257;293;317;325;350;391;412;418;464;484;489;551;572;593;613;692;717;719;737
"cell(4,2)_ch9",base,3,1.0,0.0,50;51;81;117;123;132;159;191;217;248;254;257;293;317;325;350;391;412;418;464;484;489;551;572;593;613;692;717;719;737
"cell(4,2)_ch9",plus,3,1.0,0.0,50;51;81;117;123;132;159;191;217;248;254;257;293;317;325;350;391;412;418;464;484;489;551;572;593;613;692;717;719;737
"cell(4,2)_ch9",action_only,3,0.5,-0.5,50;51;81;117;123;132;159;191;217;248;254;257;293;317;325;350;391;412;418;464;484;489;551;572;593;613;692;717;719;737
"cell(4,4)_ch3",base,all,0.7277777777777779,0.0,50;51;81;117;123;132;159;191;217;248;254;257;293;317;325;350;391;412;418;464;484;489;551;572;593;613;692;717;719;737
"cell(4,4)_ch3",plus,all,0.6361111111111112,-0.09166666666666667,50;51;81;117;123;132;159;191;217;248;254;257;293;317;325;350;391;412;418;464;484;489;551;572;593;613;692;717;719;737
"cell(4,4)_ch3",action_only,all,0.4986111111111111,-0.22916666666666674,50;51;81;117;123;132;159;191;217;248;254;257;293;317;325;350;391;412;418;464;484;489;551;572;593;613;692;717;719;737
"cell(4,4)_ch3",base,1,0.9090909090909091,0.0,50;51;81;117;123;132;159;191;217;248;254;257;293;317;325;350;391;412;418;464;484;489;551;572;593;613;692;717;719;737
"cell(4,4)_ch3",plus,1,0.9090909090909091,0.0,50;51;81;117;123;132;159;191;217;248;254;257;293;317;325;350;391;412;418;464;484;489;551;572;593;613;692;717;719;737
"cell(4,4)_ch3",action_only,1,0.5,-0.40909090909090906,50;51;81;117;123;132;159;191;217;248;254;257;293;317;325;350;391;412;418;464;484;489;551;572;593;613;692;717;719;737
"cell(4,4)_ch3",base,2,0.6851851851851852,0.0,50;51;81;117;123;132;159;191;217;248;254;257;293;317;325;350;391;412;418;464;484;489;551;572;593;613;692;717;719;737
"cell(4,4)_ch3",plus,2,0.6851851851851852,0.0,50;51;81;117;123;132;159;191;217;248;254;257;293;317;325;350;391;412;418;464;484;489;551;572;593;613;692;717;719;737
"cell(4,4)_ch3",action_only,2,0.5,-0.18518518518518523,50;51;81;117;123;132;159;191;217;248;254;257;293;317;325;350;391;412;418;464;484;489;551;572;593;613;692;717;719;737
"cell(4,4)_ch3",base,3,0.4545454545454546,0.0,50;51;81;117;123;132;159;191;217;248;254;257;293;317;325;350;391;412;418;464;484;489;551;572;593;613;692;717;719;737
"cell(4,4)_ch3",plus,3,0.4545454545454546,0.0,50;51;81;117;123;132;159;191;217;248;254;257;293;317;325;350;391;412;418;464;484;489;551;572;593;613;692;717;719;737
"cell(4,4)_ch3",action_only,3,0.5,0.045454545454545414,50;51;81;117;123;132;159;191;217;248;254;257;293;317;325;350;391;412;418;464;484;489;551;572;593;613;692;717;719;737
"cell(4,5)_ch3",base,all,0.6111111111111112,0.0,50;51;81;117;123;132;159;191;217;248;254;257;293;317;325;350;391;412;418;464;484;489;551;572;593;613;692;717;719;737
"cell(4,5)_ch3",plus,all,0.6125,0.001388888888888884,50;51;81;117;123;132;159;191;217;248;254;257;293;317;325;350;391;412;418;464;484;489;551;572;593;613;692;717;719;737
"cell(4,5)_ch3",action_only,all,0.3916666666666666,-0.21944444444444455,50;51;81;117;123;132;159;191;217;248;254;257;293;317;325;350;391;412;418;464;484;489;551;572;593;613;692;717;719;737
"cell(4,5)_ch3",base,0,0.9166666666666667,0.0,50;51;81;117;123;132;159;191;217;248;254;257;293;317;325;350;391;412;418;464;484;489;551;572;593;613;692;717;719;737
"cell(4,5)_ch3",plus,0,0.9166666666666667,0.0,50;51;81;117;123;132;159;191;217;248;254;257;293;317;325;350;391;412;418;464;484;489;551;572;593;613;692;717;719;737
"cell(4,5)_ch3",action_only,0,0.5,-0.41666666666666674,50;51;81;117;123;132;159;191;217;248;254;257;293;317;325;350;391;412;418;464;484;489;551;572;593;613;692;717;719;737
"cell(4,5)_ch3",base,1,0.16666666666666663,0.0,50;51;81;117;123;132;159;191;217;248;254;257;293;317;325;350;391;412;418;464;484;489;551;572;593;613;692;717;719;737
"cell(4,5)_ch3",plus,1,0.33333333333333337,0.16666666666666674,50;51;81;117;123;132;159;191;217;248;254;257;293;317;325;350;391;412;418;464;484;489;551;572;593;613;692;717;719;737
"cell(4,5)_ch3",action_only,1,0.5,0.33333333333333337,50;51;81;117;123;132;159;191;217;248;254;257;293;317;325;350;391;412;418;464;484;489;551;572;593;613;692;717;719;737
"cell(4,5)_ch3",base,2,0.5648148148148148,0.0,50;51;81;117;123;132;159;191;217;248;254;257;293;317;325;350;391;412;418;464;484;489;551;572;593;613;692;717;719;737
"cell(4,5)_ch3",plus,2,0.5833333333333333,0.01851851851851849,50;51;81;117;123;132;159;191;217;248;254;257;293;317;325;350;391;412;418;464;484;489;551;572;593;613;692;717;719;737
"cell(4,5)_ch3",action_only,2,0.5,-0.06481481481481477,50;51;81;117;123;132;159;191;217;248;254;257;293;317;325;350;391;412;418;464;484;489;551;572;593;613;692;717;719;737
"cell(5,0)_ch4",base,all,0.419672131147541,0.0,50;51;81;117;123;132;159;191;217;248;254;257;293;317;325;350;391;412;418;464;484;489;551;572;593;613;692;717;719;737
"cell(5,0)_ch4",plus,all,0.48360655737704916,0.06393442622950818,50;51;81;117;123;132;159;191;217;248;254;257;293;317;325;350;391;412;418;464;484;489;551;572;593;613;692;717;719;737
"cell(5,0)_ch4",action_only,all,0.7081967213114755,0.2885245901639345,50;51;81;117;123;132;159;191;217;248;254;257;293;317;325;350;391;412;418;464;484;489;551;572;593;613;692;717;719;737
"cell(5,0)_ch4",base,0,0.1842105263157895,0.0,50;51;81;117;123;132;159;191;217;248;254;257;293;317;325;350;391;412;418;464;484;489;551;572;593;613;692;717;719;737
"cell(5,0)_ch4",plus,0,0.2368421052631579,0.05263157894736842,50;51;81;117;123;132;159;191;217;248;254;257;293;317;325;350;391;412;418;464;484;489;551;572;593;613;692;717;719;737
"cell(5,0)_ch4",action_only,0,0.5,0.3157894736842105,50;51;81;117;123;132;159;191;217;248;254;257;293;317;325;350;391;412;418;464;484;489;551;572;593;613;692;717;719;737
"cell(5,0)_ch4",base,2,0.24074074074074076,0.0,50;51;81;117;123;132;159;191;217;248;254;257;293;317;325;350;391;412;418;464;484;489;551;572;593;613;692;717;719;737
"cell(5,0)_ch4",plus,2,0.24074074074074076,0.0,50;51;81;117;123;132;159;191;217;248;254;257;293;317;325;350;391;412;418;464;484;489;551;572;593;613;692;717;719;737
"cell(5,0)_ch4",action_only,2,0.5,0.25925925925925924,50;51;81;117;123;132;159;191;217;248;254;257;293;317;325;350;391;412;418;464;484;489;551;572;593;613;692;717;719;737
"cell(5,0)_ch4",base,3,0.7272727272727273,0.0,50;51;81;117;123;132;159;191;217;248;254;257;293;317;325;350;391;412;418;464;484;489;551;572;593;613;692;717;719;737
"cell(5,0)_ch4",plus,3,0.7272727272727273,0.0,50;51;81;117;123;132;159;191;217;248;254;257;293;317;325;350;391;412;418;464;484;489;551;572;593;613;692;717;719;737
"cell(5,0)_ch4",action_only,3,0.5,-0.2272727272727273,50;51;81;117;123;132;159;191;217;248;254;257;293;317;325;350;391;412;418;464;484;489;551;572;593;613;692;717;719;737
"cell(5,1)_ch5",base,all,0.6360655737704918,0.0,50;51;81;117;123;132;159;191;217;248;254;257;293;317;325;350;391;412;418;464;484;489;551;572;593;613;692;717;719;737
"cell(5,1)_ch5",plus,all,0.6704918032786885,0.03442622950819674,50;51;81;117;123;132;159;191;217;248;254;257;293;317;325;350;391;412;418;464;484;489;551;572;593;613;692;717;719;737
"cell(5,1)_ch5",action_only,all,0.440983606557377,-0.19508196721311477,50;51;81;117;123;132;159;191;217;248;254;257;293;317;325;350;391;412;418;464;484;489;551;572;593;613;692;717;719;737
"cell(5,1)_ch5",base,0,0.5789473684210527,0.0,50;51;81;117;123;132;159;191;217;248;254;257;293;317;325;350;391;412;418;464;484;489;551;572;593;613;692;717;719;737
"cell(5,1)_ch5",plus,0,0.5789473684210527,0.0,50;51;81;117;123;132;159;191;217;248;254;257;293;317;325;350;391;412;418;464;484;489;551;572;593;613;692;717;719;737
"cell(5,1)_ch5",action_only,0,0.5,-0.07894736842105265,50;51;81;117;123;132;159;191;217;248;254;257;293;317;325;350;391;412;418;464;484;489;551;572;593;613;692;717;719;737
"cell(5,1)_ch5",base,1,0.5166666666666666,0.0,50;51;81;117;123;132;159;191;217;248;254;257;293;317;325;350;391;412;418;464;484;489;551;572;593;613;692;717;719;737
"cell(5,1)_ch5",plus,1,0.5166666666666666,0.0,50;51;81;117;123;132;159;191;217;248;254;257;293;317;325;350;391;412;418;464;484;489;551;572;593;613;692;717;719;737
"cell(5,1)_ch5",action_only,1,0.5,-0.016666666666666607,50;51;81;117;123;132;159;191;217;248;254;257;293;317;325;350;391;412;418;464;484;489;551;572;593;613;692;717;719;737
"cell(5,1)_ch5",base,2,1.0,0.0,50;51;81;117;123;132;159;191;217;248;254;257;293;317;325;350;391;412;418;464;484;489;551;572;593;613;692;717;719;737
"cell(5,1)_ch5",plus,2,1.0,0.0,50;51;81;117;123;132;159;191;217;248;254;257;293;317;325;350;391;412;418;464;484;489;551;572;593;613;692;717;719;737
"cell(5,1)_ch5",action_only,2,0.5,-0.5,50;51;81;117;123;132;159;191;217;248;254;257;293;317;325;350;391;412;418;464;484;489;551;572;593;613;692;717;719;737
"cell(5,2)_ch0",base,all,0.5254237288135593,0.0,50;51;81;117;123;132;159;191;217;248;254;257;293;317;325;350;391;412;418;464;484;489;551;572;593;613;692;717;719;737
"cell(5,2)_ch0",plus,all,0.6283292978208233,0.102905569007264,50;51;81;117;123;132;159;191;217;248;254;257;293;317;325;350;391;412;418;464;484;489;551;572;593;613;692;717;719;737
"cell(5,2)_ch0",action_only,all,0.6501210653753026,0.12469733656174331,50;51;81;117;123;132;159;191;217;248;254;257;293;317;325;350;391;412;418;464;484;489;551;572;593;613;692;717;719;737
"cell(5,2)_ch0",base,0,0.5555555555555556,0.0,50;51;81;117;123;132;159;191;217;248;254;257;293;317;325;350;391;412;418;464;484;489;551;572;593;613;692;717;719;737
"cell(5,2)_ch0",plus,0,0.5833333333333333,0.02777777777777768,50;51;81;117;123;132;159;191;217;248;254;257;293;317;325;350;391;412;418;464;484;489;551;572;593;613;692;717;719;737
"cell(5,2)_ch0",action_only,0,0.5,-0.05555555555555558,50;51;81;117;123;132;159;191;217;248;254;257;293;317;325;350;391;412;418;464;484;489;551;572;593;613;692;717;719;737
"cell(5,2)_ch0",base,1,0.3333333333333333,0.0,50;51;81;117;123;132;159;191;217;248;254;257;293;317;325;350;391;412;418;464;484;489;551;572;593;613;692;717;719;737
"cell(5,2)_ch0",plus,1,0.36666666666666664,0.033333333333333326,50;51;81;117;123;132;159;191;217;248;254;257;293;317;325;350;391;412;418;464;484;489;551;572;593;613;692;717;719;737
"cell(5,2)_ch0",action_only,1,0.5,0.16666666666666669,50;51;81;117;123;132;159;191;217;248;254;257;293;317;325;350;391;412;418;464;484;489;551;572;593;613;692;717;719;737
"cell(5,2)_ch0",base,2,0.725,0.0,50;51;81;117;123;132;159;191;217;248;254;257;293;317;325;350;391;412;418;464;484;489;551;572;593;613;692;717;719;737
"cell(5,2)_ch0",plus,2,0.775,0.050000000000000044,50;51;81;117;123;132;159;191;217;248;254;257;293;317;325;350;391;412;418;464;484;489;551;572;593;613;692;717;719;737
"cell(5,2)_ch0",action_only,2,0.5,-0.22499999999999998,50;51;81;117;123;132;159;191;217;248;254;257;293;317;325;350;391;412;418;464;484;489;551;572;593;613;692;717;719;737
"cell(5,2)_ch0",base,3,0.5454545454545454,0.0,50;51;81;117;123;132;159;191;217;248;254;257;293;317;325;350;391;412;418;464;484;489;551;572;593;613;692;717;719;737
"cell(5,2)_ch0",plus,3,0.4545454545454546,-0.09090909090909083,50;51;81;117;123;132;159;191;217;248;254;257;293;317;325;350;391;412;418;464;484;489;551;572;593;613;692;717;719;737
"cell(5,2)_ch0",action_only,3,0.5,-0.045454545454545414,50;51;81;117;123;132;159;191;217;248;254;257;293;317;325;350;391;412;418;464;484;489;551;572;593;613;692;717;719;737
"cell(5,2)_ch5",base,all,0.7688524590163934,0.0,50;51;81;117;123;132;159;191;217;248;254;257;293;317;325;350;391;412;418;464;484;489;551;572;593;613;692;717;719;737
"cell(5,2)_ch5",plus,all,0.8754098360655738,0.10655737704918034,50;51;81;117;123;132;159;191;217;248;254;257;293;317;325;350;391;412;418;464;484;489;551;572;593;613;692;717;719;737
"cell(5,2)_ch5",action_only,all,0.780327868852459,0.011475409836065542,50;51;81;117;123;132;159;191;217;248;254;257;293;317;325;350;391;412;418;464;484;489;551;572;593;613;692;717;719;737
"cell(5,2)_ch5",base,2,0.7592592592592593,0.0,50;51;81;117;123;132;159;191;217;248;254;257;293;317;325;350;391;412;418;464;484;489;551;572;593;613;692;717;719;737
"cell(5,2)_ch5",plus,2,0.7222222222222222,-0.03703703703703709,50;51;81;117;123;132;159;191;217;248;254;257;293;317;325;350;391;412;418;464;484;489;551;572;593;613;692;717;719;737
"cell(5,2)_ch5",action_only,2,0.5,-0.2592592592592593,50;51;81;117;123;132;159;191;217;248;254;257;293;317;325;350;391;412;418;464;484;489;551;572;593;613;692;717;719;737
"cell(5,2)_ch5",base,3,0.85,0.0,50;51;81;117;123;132;159;191;217;248;254;257;293;317;325;350;391;412;418;464;484;489;551;572;593;613;692;717;719;737
"cell(5,2)_ch5",plus,3,0.85,0.0,50;51;81;117;123;132;159;191;217;248;254;257;293;317;325;350;391;412;418;464;484;489;551;572;593;613;692;717;719;737
"cell(5,2)_ch5",action_only,3,0.5,-0.35,50;51;81;117;123;132;159;191;217;248;254;257;293;317;325;350;391;412;418;464;484;489;551;572;593;613;692;717;719;737
"cell(5,3)_ch1",base,all,0.4213114754098361,0.0,50;51;81;117;123;132;159;191;217;248;254;257;293;317;325;350;391;412;418;464;484;489;551;572;593;613;692;717;719;737
"cell(5,3)_ch1",plus,all,0.4622950819672132,0.040983606557377095,50;51;81;117;123;132;159;191;217;248;254;257;293;317;325;350;391;412;418;464;484;489;551;572;593;613;692;717;719;737
"cell(5,3)_ch1",action_only,all,0.41147540983606556,-0.009836065573770536,50;51;81;117;123;132;159;191;217;248;254;257;293;317;325;350;391;412;418;464;484;489;551;572;593;613;692;717;719;737
"cell(5,3)_ch1",base,1,0.6666666666666667,0.0,50;51;81;117;123;132;159;191;217;248;254;257;293;317;325;350;391;412;418;464;484;489;551;572;593;613;692;717;719;737
"cell(5,3)_ch1",plus,1,0.6666666666666667,0.0,50;51;81;117;123;132;159;191;217;248;254;257;293;317;325;350;391;412;418;464;484;489;551;572;593;613;692;717;719;737
"cell(5,3)_ch1",action_only,1,0.5,-0.16666666666666674,50;51;81;117;123;132;159;191;217;248;254;257;293;317;325;350;391;412;418;464;484;489;551;572;593;613;692;717;719;737
"cell(5,3)_ch1",base,2,0.4629629629629629,0.0,50;51;81;117;123;132;159;191;217;248;254;257;293;317;325;350;391;412;418;464;484;489;551;572;593;613;692;717;719;737
"cell(5,3)_ch1",plus,2,0.4629629629629629,0.0,50;51;81;117;123;132;159;191;217;248;254;257;293;317;325;350;391;412;418;464;484;489;551;572;593;613;692;717;719;737
"cell(5,3)_ch1",action_only,2,0.5,0.03703703703703709,50;51;81;117;123;132;159;191;217;248;254;257;293;317;325;350;391;412;418;464;484;489;551;572;593;613;692;717;719;737
"cell(5,3)_ch1",base,3,0.0,0.0,50;51;81;117;123;132;159;191;217;248;254;257;293;317;325;350;391;412;418;464;484;489;551;572;593;613;692;717;719;737
"cell(5,3)_ch1",plus,3,0.0,0.0,50;51;81;117;123;132;159;191;217;248;254;257;293;317;325;350;391;412;418;464;484;489;551;572;593;613;692;717;719;737
"cell(5,3)_ch1",action_only,3,0.5,0.5,50;51;81;117;123;132;159;191;217;248;254;257;293;317;325;350;391;412;418;464;484;489;551;572;593;613;692;717;719;737
"cell(5,3)_ch6",base,all,0.4555555555555555,0.0,50;51;81;117;123;132;159;191;217;248;254;257;293;317;325;350;391;412;418;464;484;489;551;572;593;613;692;717;719;737
"cell(5,3)_ch6",plus,all,0.4444444444444444,-0.011111111111111072,50;51;81;117;123;132;159;191;217;248;254;257;293;317;325;350;391;412;418;464;484;489;551;572;593;613;692;717;719;737
"cell(5,3)_ch6",action_only,all,0.6472222222222221,0.19166666666666665,50;51;81;117;123;132;159;191;217;248;254;257;293;317;325;350;391;412;418;464;484;489;551;572;593;613;692;717;719;737
"cell(5,3)_ch6",base,0,0.46875,0.0,50;51;81;117;123;132;159;191;217;248;254;257;293;317;325;350;391;412;418;464;484;489;551;572;593;613;692;717;719;737
"cell(5,3)_ch6",plus,0,0.484375,0.015625,50;51;81;117;123;132;159;191;217;248;254;257;293;317;325;350;391;412;418;464;484;489;551;572;593;613;692;717;719;737
"cell(5,3)_ch6",action_only,0,0.5,0.03125,50;51;81;117;123;132;159;191;217;248;254;257;293;317;325;350;391;412;418;464;484;489;551;572;593;613;692;717;719;737
"cell(5,3)_ch6",base,2,0.5,0.0,50;51;81;117;123;132;159;191;217;248;254;257;293;317;325;350;391;412;418;464;484;489;551;572;593;613;692;717;719;737
"cell(5,3)_ch6",plus,2,0.5,0.0,50;51;81;117;123;132;159;191;217;248;254;257;293;317;325;350;391;412;418;464;484;489;551;572;593;613;692;717;719;737
"cell(5,3)_ch6",action_only,2,0.5,0.0,50;51;81;117;123;132;159;191;217;248;254;257;293;317;325;350;391;412;418;464;484;489;551;572;593;613;692;717;719;737
"cell(5,4)_ch7",base,all,0.5986111111111111,0.0,50;51;81;117;123;132;159;191;217;248;254;257;293;317;325;350;391;412;418;464;484;489;551;572;593;613;692;717;719;737
"cell(5,4)_ch7",plus,all,0.5013888888888889,-0.09722222222222221,50;51;81;117;123;132;159;191;217;248;254;257;293;317;325;350;391;412;418;464;484;489;551;572;593;613;692;717;719;737
"cell(5,4)_ch7",action_only,all,0.48611111111111105,-0.11250000000000004,50;51;81;117;123;132;159;191;217;248;254;257;293;317;325;350;391;412;418;464;484;489;551;572;593;613;692;717;719;737
"cell(5,4)_ch7",base,0,0.7916666666666666,0.0,50;51;81;117;123;132;159;191;217;248;254;257;293;317;325;350;391;412;418;464;484;489;551;572;593;613;692;717;719;737
"cell(5,4)_ch7",plus,0,0.7916666666666666,0.0,50;51;81;117;123;132;159;191;217;248;254;257;293;317;325;350;391;412;418;464;484;489;551;572;593;613;692;717;719;737
"cell(5,4)_ch7",action_only,0,0.5,-0.29166666666666663,50;51;81;117;123;132;159;191;217;248;254;257;293;317;325;350;391;412;418;464;484;489;551;572;593;613;692;717;719;737
"cell(5,4)_ch7",base,1,0.5333333333333333,0.0,50;51;81;117;123;132;159;191;217;248;254;257;293;317;325;350;391;412;418;464;484;489;551;572;593;613;692;717;719;737
"cell(5,4)_ch7",plus,1,0.5333333333333333,0.0,50;51;81;117;123;132;159;191;217;248;254;257;293;317;325;350;391;412;418;464;484;489;551;572;593;613;692;717;719;737
"cell(5,4)_ch7",action_only,1,0.5,-0.033333333333333326,50;51;81;117;123;132;159;191;217;248;254;257;293;317;325;350;391;412;418;464;484;489;551;572;593;613;692;717;719;737
"cell(5,4)_ch7",base,2,0.25,0.0,50;51;81;117;123;132;159;191;217;248;254;257;293;317;325;350;391;412;418;464;484;489;551;572;593;613;692;717;719;737
"cell(5,4)_ch7",plus,2,0.25,0.0,50;51;81;117;123;132;159;191;217;248;254;257;293;317;325;350;391;412;418;464;484;489;551;572;593;613;692;717;719;737
"cell(5,4)_ch7",action_only,2,0.5,0.25,50;51;81;117;123;132;159;191;217;248;254;257;293;317;325;350;391;412;418;464;484;489;551;572;593;613;692;717;719;737
"cell(5,4)_ch10",base,all,0.637704918032787,0.0,50;51;81;117;123;132;159;191;217;248;254;257;293;317;325;350;391;412;418;464;484;489;551;572;593;613;692;717;719;737
"cell(5,4)_ch10",plus,all,0.4901639344262295,-0.14754098360655743,50;51;81;117;123;132;159;191;217;248;254;257;293;317;325;350;391;412;418;464;484;489;551;572;593;613;692;717;719;737
"cell(5,4)_ch10",action_only,all,0.34590163934426227,-0.2918032786885247,50;51;81;117;123;132;159;191;217;248;254;257;293;317;325;350;391;412;418;464;484;489;551;572;593;613;692;717;719;737
"cell(5,4)_ch10",base,0,0.7450980392156862,0.0,50;51;81;117;123;132;159;191;217;248;254;257;293;317;325;350;391;412;418;464;484;489;551;572;593;613;692;717;719;737
"cell(5,4)_ch10",plus,0,0.7450980392156863,1.1102230246251565e-16,50;51;81;117;123;132;159;191;217;248;254;257;293;317;325;350;391;412;418;464;484;489;551;572;593;613;692;717;719;737
"cell(5,4)_ch10",action_only,0,0.5,-0.24509803921568618,50;51;81;117;123;132;159;191;217;248;254;257;293;317;325;350;391;412;418;464;484;489;551;572;593;613;692;717;719;737
"cell(5,4)_ch10",base,1,0.5227272727272727,0.0,50;51;81;117;123;132;159;191;217;248;254;257;293;317;325;350;391;412;418;464;484;489;551;572;593;613;692;717;719;737
"cell(5,4)_ch10",plus,1,0.5227272727272727,0.0,50;51;81;117;123;132;159;191;217;248;254;257;293;317;325;350;391;412;418;464;484;489;551;572;593;613;692;717;719;737
"cell(5,4)_ch10",action_only,1,0.5,-0.022727272727272707,50;51;81;117;123;132;159;191;217;248;254;257;293;317;325;350;391;412;418;464;484;489;551;572;593;613;692;717;719;737
"cell(5,6)_ch10",base,all,0.5652777777777778,0.0,50;51;81;117;123;132;159;191;217;248;254;257;293;317;325;350;391;412;418;464;484;489;551;572;593;613;692;717;719;737
"cell(5,6)_ch10",plus,all,0.5555555555555556,-0.009722222222222188,50;51;81;117;123;132;159;191;217;248;254;257;293;317;325;350;391;412;418;464;484;489;551;572;593;613;692;717;719;737
"cell(5,6)_ch10",action_only,all,0.44861111111111107,-0.1166666666666667,50;51;81;117;123;132;159;191;217;248;254;257;293;317;325;350;391;412;418;464;484;489;551;572;593;613;692;717;719;737
"cell(5,6)_ch10",base,0,0.3333333333333333,0.0,50;51;81;117;123;132;159;191;217;248;254;257;293;317;325;350;391;412;418;464;484;489;551;572;593;613;692;717;719;737
"cell(5,6)_ch10",plus,0,0.3611111111111111,0.02777777777777779,50;51;81;117;123;132;159;191;217;248;254;257;293;317;325;350;391;412;418;464;484;489;551;572;593;613;692;717;719;737
"cell(5,6)_ch10",action_only,0,0.5,0.16666666666666669,50;51;81;117;123;132;159;191;217;248;254;257;293;317;325;350;391;412;418;464;484;489;551;572;593;613;692;717;719;737
"cell(5,6)_ch10",base,1,0.6136363636363636,0.0,50;51;81;117;123;132;159;191;217;248;254;257;293;317;325;350;391;412;418;464;484;489;551;572;593;613;692;717;719;737
"cell(5,6)_ch10",plus,1,0.6136363636363636,0.0,50;51;81;117;123;132;159;191;217;248;254;257;293;317;325;350;391;412;418;464;484;489;551;572;593;613;692;717;719;737
"cell(5,6)_ch10",action_only,1,0.5,-0.11363636363636365,50;51;81;117;123;132;159;191;217;248;254;257;293;317;325;350;391;412;418;464;484;489;551;572;593;613;692;717;719;737
"cell(5,6)_ch10",base,2,0.925,0.0,50;51;81;117;123;132;159;191;217;248;254;257;293;317;325;350;391;412;418;464;484;489;551;572;593;613;692;717;719;737
"cell(5,6)_ch10",plus,2,0.925,0.0,50;51;81;117;123;132;159;191;217;248;254;257;293;317;325;350;391;412;418;464;484;489;551;572;593;613;692;717;719;737
"cell(5,6)_ch10",action_only,2,0.5,-0.42500000000000004,50;51;81;117;123;132;159;191;217;248;254;257;293;317;325;350;391;412;418;464;484;489;551;572;593;613;692;717;719;737
"cell(5,6)_ch10",base,3,0.5454545454545454,0.0,50;51;81;117;123;132;159;191;217;248;254;257;293;317;325;350;391;412;418;464;484;489;551;572;593;613;692;717;719;737
"cell(5,6)_ch10",plus,3,0.5454545454545454,0.0,50;51;81;117;123;132;159;191;217;248;254;257;293;317;325;350;391;412;418;464;484;489;551;572;593;613;692;717;719;737
"cell(5,6)_ch10",action_only,3,0.5,-0.045454545454545414,50;51;81;117;123;132;159;191;217;248;254;257;293;317;325;350;391;412;418;464;484;489;551;572;593;613;692;717;719;737
__summary__,base,all,0.5266939124933043,0.0,
__summary__,plus,all,0.5337958391490015,0.007101926655697199,
__summary__,action_only,all,0.5175609414493568,-0.009132971043947502,
__summary__,base,0,0.52832050446275,0.0,
__summary__,plus,0,0.5307710049480319,0.002450500485281837,
__summary__,action_only,0,0.5,-0.02832050446275003,
__summary__,base,1,0.5065010570824525,0.0,
__summary__,plus,1,0.5181289640591966,0.011627906976744096,
__summary__,action_only,1,0.5,-0.0065010570824525216,
__summary__,base,2,0.5045324602920418,0.0,
__summary__,plus,2,0.5003929278910596,-0.004139532400982193,
__summary__,action_only,2,0.5,-0.004532460292041796,
__summary__,base,3,0.6091291704928069,0.0,
__summary__,plus,3,0.6017944597490051,-0.0073347107438017645,
__summary__,action_only,3,0.5,-0.1091291704928069,
__summary__,n_targets,used,62.0,0.0,
