target,variant,action,auroc,delta,test_bases
"cell(0,0)_ch4",base,all,0.4588377723970944,0.0,50;51;81;117;123;132;159;191;217;248;254;257;293;317;325;350;391;412;418;464;484;489;551;572;593;613;692;717;719;737
"cell(0,0)_ch4",plus,all,0.4891041162227603,0.030266343825665898,50;51;81;117;123;132;159;191;217;248;254;257;293;317;325;350;391;412;418;464;484;489;551;572;593;613;692;717;719;737
"cell(0,0)_ch4",action_only,all,0.6016949152542372,0.14285714285714285,50;51;81;117;123;132;159;191;217;248;254;257;293;317;325;350;391;412;418;464;484;489;551;572;593;613;692;717;719;737
"cell(0,0)_ch4",base,0,0.2777777777777778,0.0,50;51;81;117;123;132;159;191;217;248;254;257;293;317;325;350;391;412;418;464;484;489;551;572;593;613;692;717;719;737
"cell(0,0)_ch4",plus,0,0.4444444444444444,0.16666666666666663,50;51;81;117;123;132;159;191;217;248;254;257;293;317;325;350;391;412;418;464;484;489;551;572;593;613;692;717;719;737
"cell(0,0)_ch4",action_only,0,0.5,0.2222222222222222,50;51;81;117;123;132;159;191;217;248;254;257;293;317;325;350;391;412;418;464;484;489;551;572;593;613;692;717;719;737
"cell(0,0)_ch4",base,1,0.08333333333333337,0.0,50;51;81;117;123;132;159;191;217;248;254;257;293;317;325;350;391;412;418;464;484;489;551;572;593;613;692;717;719;737
"cell(0,0)_ch4",plus,1,0.08333333333333337,0.0,50;51;81;117;123;132;159;191;217;248;254;257;293;317;325;350;391;412;418;464;484;489;551;572;593;613;692;717;719;737
"cell(0,0)_ch4",action_only,1,0.5,0.41666666666666663,50;51;81;117;123;132;159;191;217;248;254;257;293;317;325;350;391;412;418;464;484;489;551;572;593;613;692;717;719;737
"cell(0,0)_ch4",base,2,0.7,0.0,50;51;81;117;123;132;159;191;217;248;254;257;293;317;325;350;391;412;418;464;484;489;551;572;593;613;692;717;719;737
"cell(0,0)_ch4",plus,2,0.7000000000000001,1.1102230246251565e-16,50;51;81;117;123;132;159;191;217;248;254;257;293;317;325;350;391;412;418;464;484;489;551;572;593;613;692;717;719;737
"cell(0,0)_ch4",action_only,2,0.5,-0.19999999999999996,50;51;81;117;123;132;159;191;217;248;254;257;293;317;325;350;391;412;418;464;484;489;551;572;593;613;692;717;719;737
"cell(0,0)_ch4",base,3,0.48148148148148145,0.0,50;51;81;117;123;132;159;191;217;248;254;257;293;317;325;350;391;412;418;464;484;489;551;572;593;613;692;717;719;737
"cell(0,0)_ch4",plus,3,0.48148148148148145,0.0,50;51;81;117;123;132;159;191;217;248;254;257;293;317;325;350;391;412;418;464;484;489;551;572;593;613;692;717;719;737
"cell(0,0)_ch4",action_only,3,0.5,0.018518518518518545,50;51;81;117;123;132;159;191;217;248;254;257;293;317;325;350;391;412;418;464;484;489;551;572;593;613;692;717;719;737
"cell(0,0)_ch7",base,all,0.3754098360655739,0.0,50;51;81;117;123;132;159;191;217;248;254;257;293;317;325;350;391;412;418;464;484;489;551;572;593;613;692;717;719;737
"cell(0,0)_ch7",plus,all,0.6622950819672131,0.2868852459016392,50;51;81;117;123;132;159;191;217;248;254;257;293;317;325;350;391;412;418;464;484;489;551;572;593;613;692;717;719;737
"cell(0,0)_ch7",action_only,all,0.760655737704918,0.38524590163934413,50;51;81;117;123;132;159;191;217;248;254;257;293;317;325;350;391;412;418;464;484;489;551;572;593;613;692;717;719;737
"cell(0,0)_ch7",base,2,0.5,0.0,50;51;81;117;123;132;159;191;217;248;254;257;293;317;325;350;391;412;418;464;484;489;551;572;593;613;692;717;719;737
"cell(0,0)_ch7",plus,2,0.5,0.0,50;51;81;117;123;132;159;191;217;248;254;257;293;317;325;350;391;412;418;464;484;489;551;572;593;613;692;717;719;737
"cell(0,0)_ch7",action_only,2,0.5,0.0,50;51;81;117;123;132;159;191;217;248;254;257;293;317;325;350;391;412;418;464;484;489;551;572;593;613;692;717;719;737
"cell(0,0)_ch7",base,3,0.09999999999999998,0.0,50;51;81;117;123;132;159;191;217;248;254;257;293;317;325;350;391;412;418;464;484;489;551;572;593;613;692;717;719;737
"cell(0,0)_ch7",plus,3,0.09999999999999998,0.0,50;51;81;117;123;132;159;191;217;248;254;257;293;317;325;350;391;412;418;464;484;489;551;572;593;613;692;717;719;737
"cell(0,0)_ch7",action_only,3,0.5,0.4,50;51;81;117;123;132;159;191;217;248;254;257;293;317;325;350;391;412;418;464;484;489;551;572;593;613;692;717;719;737
"cell(0,1)_ch7",base,all,0.6688524590163935,0.0,50;51;81;117;123;132;159;191;217;248;254;257;293;317;325;350;391;412;418;464;484;489;551;572;593;613;692;717;719;737
"cell(0,1)_ch7",plus,all,0.6786885245901639,0.00983606557377048,50;51;81;117;123;132;159;191;217;248;254;257;293;317;325;350;391;412;418;464;484;489;551;572;593;613;692;717;719;737
"cell(0,1)_ch7",action_only,all,0.478688524590164,-0.19016393442622948,50;51;81;117;123;132;159;191;217;248;254;257;293;317;325;350;391;412;418;464;484;489;551;572;593;613;692;717;719;737
"cell(0,1)_ch7",base,0,1.0,0.0,50;51;81;117;123;132;159;191;217;248;254;257;293;317;325;350;391;412;418;464;484;489;551;572;593;613;692;717;719;737
"cell(0,1)_ch7",plus,0,1.0,0.0,50;51;81;117;123;132;159;191;217;248;254;257;293;317;325;350;391;412;418;464;484;489;551;572;593;613;692;717;719;737
"cell(0,1)_ch7",action_only,0,0.5,-0.5,50;51;81;117;123;132;159;191;217;248;254;257;293;317;325;350;391;412;418;464;484;489;551;572;593;613;692;717;719;737
"cell(0,1)_ch7",base,1,0.41666666666666663,0.0,50;51;81;117;123;132;159;191;217;248;254;257;293;317;325;350;391;412;418;464;484;489;551;572;593;613;692;717;719;737
"cell(0,1)_ch7",plus,1,0.41666666666666663,0.0,50;51;81;117;123;132;159;191;217;248;254;257;293;317;325;350;391;412;418;464;484;489;551;572;593;613;692;717;719;737
"cell(0,1)_ch7",action_only,1,0.5,0.08333333333333337,50;51;81;117;123;132;159;191;217;248;254;257;293;317;325;350;391;412;418;464;484;489;551;572;593;613;692;717;719;737
"cell(0,1)_ch7",base,2,0.736842105263158,0.0,50;51;81;117;123;132;159;191;217;248;254;257;293;317;325;350;391;412;418;464;484;489;551;572;593;613;692;717;719;737
"cell(0,1)_ch7",plus,2,0.736842105263158,0.0,50;51;81;117;123;132;159;191;217;248;254;257;293;317;325;350;391;412;418;464;484;489;551;572;593;613;692;717;719;737
"cell(0,1)_ch7",action_only,2,0.5,-0.23684210526315796,50;51;81;117;123;132;159;191;217;248;254;257;293;317;325;350;391;412;418;464;484;489;551;572;593;613;692;717;719;737
"cell(0,1)_ch7",base,3,0.5454545454545454,0.0,50;51;81;117;123;132;159;191;217;248;254;257;293;317;325;350;391;412;418;464;484;489;551;572;593;613;692;717;719;737
"cell(0,1)_ch7",plus,3,0.5454545454545454,0.0,50;51;81;117;123;132;159;191;217;248;254;257;293;317;325;350;391;412;418;464;484;489;551;572;593;613;692;717;719;737
"cell(0,1)_ch7",action_only,3,0.5,-0.045454545454545414,50;51;81;117;123;132;159;191;217;248;254;257;293;317;325;350;391;412;418;464;484;489;551;572;593;613;692;717;719;737
"cell(0,2)_ch4",base,all,0.4163934426229508,0.0,50;51;81;117;123;132;159;191;217;248;254;257;293;317;325;350;391;412;418;464;484;489;551;572;593;613;692;717;719;737
"cell(0,2)_ch4",plus,all,0.5,0.0836065573770492,50;51;81;117;123;132;159;191;217;248;254;257;293;317;325;350;391;412;418;464;484;489;551;572;593;613;692;717;719;737
"cell(0,2)_ch4",action_only,all,0.5885245901639344,0.17213114754098363,50;51;81;117;123;132;159;191;217;248;254;257;293;317;325;350;391;412;418;464;484;489;551;572;593;613;692;717;719;737
"cell(0,2)_ch4",base,1,1.0,0.0,50;51;81;117;123;132;159;191;217;248;254;257;293;317;325;350;391;412;418;464;484;489;551;572;593;613;692;717;719;737
"cell(0,2)_ch4",plus,1,1.0,0.0,50;51;81;117;123;132;159;191;217;248;254;257;293;317;325;350;391;412;418;464;484;489;551;572;593;613;692;717;719;737
"cell(0,2)_ch4",action_only,1,0.5,-0.5,50;51;81;117;123;132;159;191;217;248;254;257;293;317;325;350;391;412;418;464;484;489;551;572;593;613;692;717;719;737
"cell(0,2)_ch4",base,2,0.15740740740740744,0.0,50;51;81;117;123;132;159;191;217;248;254;257;293;317;325;350;391;412;418;464;484;489;551;572;593;613;692;717;719;737
"cell(0,2)_ch4",plus,2,0.15740740740740744,0.0,50;51;81;117;123;132;159;191;217;248;254;257;293;317;325;350;391;412;418;464;484;489;551;572;593;613;692;717;719;737
"cell(0,2)_ch4",action_only,2,0.5,0.34259259259259256,50;51;81;117;123;132;159;191;217;248;254;257;293;317;325;350;391;412;418;464;484;489;551;572;593;613;692;717;719;737
"cell(0,2)_ch4",base,3,0.6363636363636364,0.0,50;51;81;117;123;132;159;191;217;248;254;257;293;317;325;350;391;412;418;464;484;489;551;572;593;613;692;717;719;737
"cell(0,2)_ch4",plus,3,0.6363636363636364,0.0,50;51;81;117;123;132;159;191;217;248;254;257;293;317;325;350;391;412;418;464;484;489;551;572;593;613;692;717;719;737
"cell(0,2)_ch4",action_only,3,0.5,-0.13636363636363635,50;51;81;117;123;132;159;191;217;248;254;257;293;317;325;350;391;412;418;464;484;489;551;572;593;613;692;717;719;737
"cell(0,2)_ch7",base,all,0.6049180327868853,0.0,50;51;81;117;123;132;159;191;217;248;254;257;293;317;325;350;391;412;418;464;484;489;551;572;593;613;692;717;719;737
"cell(0,2)_ch7",plus,all,0.6721311475409837,0.06721311475409841,50;51;81;117;123;132;159;191;217;248;254;257;293;317;325;350;391;412;418;464;484;489;551;572;593;613;692;717;719;737
"cell(0,2)_ch7",action_only,all,0.5688524590163935,-0.0360655737704918,50;51;81;117;123;132;159;191;217;248;254;257;293;317;325;350;391;412;418;464;484;489;551;572;593;613;692;717;719;737
"cell(0,2)_ch7",base,0,0.5416666666666666,0.0,50;51;81;117;123;132;159;191;217;248;254;257;293;317;325;350;391;412;418;464;484;489;551;572;593;613;692;717;719;737
"cell(0,2)_ch7",plus,0,0.5416666666666666,0.0,50;51;81;117;123;132;159;191;217;248;254;257;293;317;325;350;391;412;418;464;484;489;551;572;593;613;692;717;719;737
"cell(0,2)_ch7",action_only,0,0.5,-0.04166666666666663,50;51;81;117;123;132;159;191;217;248;254;257;293;317;325;350;391;412;418;464;484;489;551;572;593;613;692;717;719;737
"cell(0,2)_ch7",base,1,1.0,0.0,50;51;81;117;123;132;159;191;217;248;254;257;293;317;325;350;391;412;418;464;484;489;551;572;593;613;692;717;719;737
"cell(0,2)_ch7",plus,1,1.0,0.0,50;51;81;117;123;132;159;191;217;248;254;257;293;317;325;350;391;412;418;464;484;489;551;572;593;613;692;717;719;737
"cell(0,2)_ch7",action_only,1,0.5,-0.5,50;51;81;117;123;132;159;191;217;248;254;257;293;317;325;350;391;412;418;464;484;489;551;572;593;613;692;717;719;737
"cell(0,2)_ch7",base,2,0.22499999999999998,0.0,50;51;81;117;123;132;159;191;217;248;254;257;293;317;325;350;391;412;418;464;484;489;551;572;593;613;692;717;719;737
"cell(0,2)_ch7",plus,2,0.275,0.050000000000000044,50;51;81;117;123;132;159;191;217;248;254;257;293;317;325;350;391;412;418;464;484;489;551;572;593;613;692;717;719;737
"cell(0,2)_ch7",action_only,2,0.5,0.275,50;51;81;117;123;132;159;191;217;248;254;257;293;317;325;350;391;412;418;464;484;489;551;572;593;613;692;717;719;737
"cell(0,2)_ch7",base,3,0.9090909090909091,0.0,50;51;81;117;123;132;159;191;217;248;254;257;293;317;325;350;391;412;418;464;484;489;551;572;593;613;692;717;719;737
"cell(0,2)_ch7",plus,3,0.9090909090909091,0.0,50;51;81;117;123;132;159;191;217;248;254;257;293;317;325;350;391;412;418;464;484;489;551;572;593;613;692;717;719;737
"cell(0,2)_ch7",action_only,3,0.5,-0.40909090909090906,50;51;81;117;123;132;159;191;217;248;254;257;293;317;325;350;391;412;418;464;484;489;551;572;593;613;692;717;719;737
"cell(0,2)_ch8",base,all,0.6393442622950819,0.0,50;51;81;117;123;132;159;191;217;248;254;257;293;317;325;350;391;412;418;464;484;489;551;572;593;613;692;717;719;737
"cell(0,2)_ch8",plus,all,0.6475409836065574,0.00819672131147553,50;51;81;117;123;132;159;191;217;248;254;257;293;317;325;350;391;412;418;464;484;489;551;572;593;613;692;717;719;737
"cell(0,2)_ch8",action_only,all,0.39672131147540984,-0.24262295081967206,50;51;81;117;123;132;159;191;217;248;254;257;293;317;325;350;391;412;418;464;484;489;551;572;593;613;692;717;719;737
"cell(0,2)_ch8",base,0,0.8157894736842105,0.0,50;51;81;117;123;132;159;191;217;248;254;257;293;317;325;350;391;412;418;464;484;489;551;572;593;613;692;717;719;737
"cell(0,2)_ch8",plus,0,0.8157894736842105,0.0,50;51;81;117;123;132;159;191;217;248;254;257;293;317;325;350;391;412;418;464;484;489;551;572;593;613;692;717;719;737
"cell(0,2)_ch8",action_only,0,0.5,-0.3157894736842105,50;51;81;117;123;132;159;191;217;248;254;257;293;317;325;350;391;412;418;464;484;489;551;572;593;613;692;717;719;737
"cell(0,2)_ch8",base,1,0.7272727272727273,0.0,50;51;81;117;123;132;159;191;217;248;254;257;293;317;325;350;391;412;418;464;484;489;551;572;593;613;692;717;719;737
"cell(0,2)_ch8",plus,1,0.7727272727272727,0.045454545454545414,50;51;81;117;123;132;159;191;217;248;254;257;293;317;325;350;391;412;418;464;484;489;551;572;593;613;692;717;719;737
"cell(0,2)_ch8",action_only,1,0.5,-0.2272727272727273,50;51;81;117;123;132;159;191;217;248;254;257;293;317;325;350;391;412;418;464;484;489;551;572;593;613;692;717;719;737
"cell(0,2)_ch8",base,2,0.7,0.0,50;51;81;117;123;132;159;191;217;248;254;257;293;317;325;350;391;412;418;464;484;489;551;572;593;613;692;717;719;737
"cell(0,2)_ch8",plus,2,0.7000000000000001,1.1102230246251565e-16,50;51;81;117;123;132;159;191;217;248;254;257;293;317;325;350;391;412;418;464;484;489;551;572;593;613;692;717;719;737
"cell(0,2)_ch8",action_only,2,0.5,-0.19999999999999996,50;51;81;117;123;132;159;191;217;248;254;257;293;317;325;350;391;412;418;464;484;489;551;572;593;613;692;717;719;737
"cell(0,2)_ch8",base,3,0.4545454545454546,0.0,50;51;81;117;123;132;159;191;217;248;254;257;293;317;325;350;391;412;418;464;484;489;551;572;593;613;692;717;719;737
"cell(0,2)_ch8",plus,3,0.36363636363636365,-0.09090909090909094,50;51;81;117;123;132;159;191;217;248;254;257;293;317;325;350;391;412;418;464;484;489;551;572;593;613;692;717;719;737
"cell(0,2)_ch8",action_only,3,0.5,0.045454545454545414,50;51;81;117;123;132;159;191;217;248;254;257;293;317;325;350;391;412;418;464;484;489;551;572;593;613;692;717;719;737
"cell(0,2)_ch9",base,all,0.4125,0.0,50;51;81;117;123;132;159;191;217;248;254;257;293;317;325;350;391;412;418;464;484;489;551;572;593;613;692;717;719;737
"cell(0,2)_ch9",plus,all,0.4833333333333333,0.0708333333333333,50;51;81;117;123;132;159;191;217;248;254;257;293;317;325;350;391;412;418;464;484;489;551;572;593;613;692;717;719;737
"cell(0,2)_ch9",action_only,all,0.5569444444444445,0.1444444444444445,50;51;81;117;123;132;159;191;217;248;254;257;293;317;325;350;391;412;418;464;484;489;551;572;593;613;692;717;719;737
"cell(0,2)_ch9",base,0,0.3194444444444445,0.0,50;51;81;117;123;132;159;191;217;248;254;257;293;317;325;350;391;412;418;464;484;489;551;572;593;613;692;717;719;737
"cell(0,2)_ch9",plus,0,0.3472222222222222,0.027777777777777735,50;51;81;117;123;132;159;191;217;248;254;257;293;317;325;350;391;412;418;464;484;489;551;572;593;613;692;717;719;737
"cell(0,2)_ch9",action_only,0,0.5,0.18055555555555552,50;51;81;117;123;132;159;191;217;248;254;257;293;317;325;350;391;412;418;464;484;489;551;572;593;613;692;717;719;737
"cell(0,2)_ch9",base,2,0.5092592592592593,0.0,50;51;81;117;123;132;159;191;217;248;254;257;293;317;325;350;391;412;418;464;484;489;551;572;593;613;692;717;719;737
"cell(0,2)_ch9",plus,2,0.4722222222222222,-0.03703703703703709,50;51;81;117;123;132;159;191;217;248;254;257;293;317;325;350;391;412;418;464;484;489;551;572;593;613;692;717;719;737
"cell(0,2)_ch9",action_only,2,0.5,-0.0092592592592593,50;51;81;117;123;132;159;191;217;248;254;257;293;317;325;350;391;412;418;464;484;489;551;572;593;613;692;717;719;737
"cell(0,2)_ch9",base,3,0.4545454545454546,0.0,50;51;81;117;123;132;159;191;217;248;254;257;293;317;325;350;391;412;418;464;484;489;551;572;593;613;692;717;719;737
"cell(0,2)_ch9",plus,3,0.4545454545454546,0.0,50;51;81;117;123;132;159;191;217;248;254;257;293;317;325;350;391;412;418;464;484;489;551;572;593;613;692;717;719;737
"cell(0,2)_ch9",action_only,3,0.5,0.045454545454545414,50;51;81;117;123;132;159;191;217;248;254;257;293;317;325;350;391;412;418;464;484;489;551;572;593;613;692;717;719;737
"cell(0,3)_ch3",base,all,0.45614035087719296,0.0,50;51;81;117;123;132;159;191;217;248;254;257;293;317;325;350;391;412;418;464;484;489;551;572;593;613;692;717;719;737
"cell(0,3)_ch3",plus,all,0.3966861598440546,-0.05945419103313837,50;51;81;117;123;132;159;191;217;248;254;257;293;317;325;350;391;412;418;464;484;489;551;572;593;613;692;717;719;737
"cell(0,3)_ch3",action_only,all,0.5224171539961013,0.06627680311890838,50;51;81;117;123;132;159;191;217;248;254;257;293;317;325;350;391;412;418;464;484;489;551;572;593;613;692;717;719;737
"cell(0,3)_ch3",base,0,0.18055555555555555,0.0,50;51;81;117;123;132;159;191;217;248;254;257;293;317;325;350;391;412;418;464;484;489;551;572;593;613;692;717;719;737
"cell(0,3)_ch3",plus,0,0.18055555555555555,0.0,50;51;81;117;123;132;159;191;217;248;254;257;293;317;325;350;391;412;418;464;484;489;551;572;593;613;692;717;719;737
"cell(0,3)_ch3",action_only,0,0.5,0.3194444444444444,50;51;81;117;123;132;159;191;217;248;254;257;293;317;325;350;391;412;418;464;484;489;551;572;593;613;692;717;719;737
"cell(0,3)_ch3",base,1,0.18181818181818177,0.0,50;51;81;117;123;132;159;191;217;248;254;257;293;317;325;350;391;412;418;464;484;489;551;572;593;613;692;717;719;737
"cell(0,3)_ch3",plus,1,0.09090909090909094,-0.09090909090909083,50;51;81;117;123;132;159;191;217;248;254;257;293;317;325;350;391;412;418;464;484;489;551;572;593;613;692;717;719;737
"cell(0,3)_ch3",action_only,1,0.5,0.31818181818181823,50;51;81;117;123;132;159;191;217;248;254;257;293;317;325;350;391;412;418;464;484;489;551;572;593;613;692;717;719;737
"cell(0,3)_ch3",base,2,0.9074074074074073,0.0,50;51;81;117;123;132;159;191;217;248;254;257;293;317;325;350;391;412;418;464;484;489;551;572;593;613;692;717;719;737
"cell(0,3)_ch3",plus,2,0.9074074074074073,0.0,50;51;81;117;123;132;159;191;217;248;254;257;293;317;325;350;391;412;418;464;484;489;551;572;593;613;692;717;719;737
"cell(0,3)_ch3",action_only,2,0.5,-0.40740740740740733,50;51;81;117;123;132;159;191;217;248;254;257;293;317;325;350;391;412;418;464;484;489;551;572;593;613;692;717;719;737
"cell(0,3)_ch3",base,3,0.19999999999999996,0.0,50;51;81;117;123;132;159;191;217;248;254;257;293;317;325;350;391;412;418;464;484;489;551;572;593;613;692;717;719;737
"cell(0,3)_ch3",plus,3,0.09999999999999998,-0.09999999999999998,50;51;81;117;123;132;159;191;217;248;254;257;293;317;325;350;391;412;418;464;484;489;551;572;593;613;692;717;719;737
"cell(0,3)_ch3",action_only,3,0.5,0.30000000000000004,50;51;81;117;123;132;159;191;217;248;254;257;293;317;325;350;391;412;418;464;484;489;551;572;593;613;692;717;719;737
"cell(0,3)_ch4",base,all,0.41162227602905566,0.0,50;51;81;117;123;132;159;191;217;248;254;257;293;317;325;350;391;412;418;464;484;489;551;572;593;613;692;717;719;737
"cell(0,3)_ch4",plus,all,0.41767554479418884,0.00605326876513318,50;51;81;117;123;132;159;191;217;248;254;257;293;317;325;350;391;412;418;464;484;489;551;572;593;613;692;717;719;737
"cell(0,3)_ch4",action_only,all,0.41283292978208236,0.0012106537530267025,50;51;81;117;123;132;159;191;217;248;254;257;293;317;325;350;391;412;418;464;484;489;551;572;593;613;692;717;719;737
"cell(0,3)_ch4",base,0,0.368421052631579,0.0,50;51;81;117;123;132;159;191;217;248;254;257;293;317;325;350;391;412;418;464;484;489;551;572;593;613;692;717;719;737
"cell(0,3)_ch4",plus,0,0.368421052631579,0.0,50;51;81;117;123;132;159;191;217;248;254;257;293;317;325;350;391;412;418;464;484;489;551;572;593;613;692;717;719;737
"cell(0,3)_ch4",action_only,0,0.5,0.13157894736842102,50;51;81;117;123;132;159;191;217;248;254;257;293;317;325;350;391;412;418;464;484;489;551;572;593;613;692;717;719;737
"cell(0,3)_ch4",base,1,0.47727272727272724,0.0,50;51;81;117;123;132;159;191;217;248;254;257;293;317;325;350;391;412;418;464;484;489;551;572;593;613;692;717;719;737
"cell(0,3)_ch4",plus,1,0.47727272727272724,0.0,50;51;81;117;123;132;159;191;217;248;254;257;293;317;325;350;391;412;418;464;484;489;551;572;593;613;692;717;719;737
"cell(0,3)_ch4",action_only,1,0.5,0.022727272727272763,50;51;81;117;123;132;159;191;217;248;254;257;293;317;325;350;391;412;418;464;484;489;551;572;593;613;692;717;719;737
"cell(0,3)_ch4",base,2,0.5526315789473684,0.0,50;51;81;117;123;132;159;191;217;248;254;257;293;317;325;350;391;412;418;464;484;489;551;572;593;613;692;717;719;737
"cell(0,3)_ch4",plus,2,0.5526315789473684,0.0,50;51;81;117;123;132;159;191;217;248;254;257;293;317;325;350;391;412;418;464;484;489;551;572;593;613;692;717;719;737
"cell(0,3)_ch4",action_only,2,0.5,-0.05263157894736836,50;51;81;117;123;132;159;191;217;248;254;257;293;317;325;350;391;412;418;464;484;489;551;572;593;613;692;717;719;737
"cell(0,3)_ch4",base,3,0.3,0.0,50;51;81;117;123;132;159;191;217;248;254;257;293;317;325;350;391;412;418;464;484;489;551;572;593;613;692;717;719;737
"cell(0,3)_ch4",plus,3,0.3,0.0,50;51;81;117;123;132;159;191;217;248;254;257;293;317;325;350;391;412;418;464;484;489;551;572;593;613;692;717;719;737
"cell(0,3)_ch4",action_only,3,0.5,0.2,50;51;81;117;123;132;159;191;217;248;254;257;293;317;325;350;391;412;418;464;484;489;551;572;593;613;692;717;719;737
"cell(0,4)_ch0",base,all,0.3950819672131148,0.0,50;51;81;117;123;132;159;191;217;248;254;257;293;317;325;350;391;412;418;464;484;489;551;572;593;613;692;717;719;737
"cell(0,4)_ch0",plus,all,0.4229508196721312,0.027868852459016435,50;51;81;117;123;132;159;191;217;248;254;257;293;317;325;350;391;412;418;464;484;489;551;572;593;613;692;717;719;737
"cell(0,4)_ch0",action_only,all,0.4672131147540983,0.07213114754098354,50;51;81;117;123;132;159;191;217;248;254;257;293;317;325;350;391;412;418;464;484;489;551;572;593;613;692;717;719;737
"cell(0,4)_ch0",base,0,0.5263157894736843,0.0,50;51;81;117;123;132;159;191;217;248;254;257;293;317;325;350;391;412;418;464;484;489;551;572;593;613;692;717;719;737
"cell(0,4)_ch0",plus,0,0.5263157894736843,0.0,50;51;81;117;123;132;159;191;217;248;254;257;293;317;325;350;391;412;418;464;484;489;551;572;593;613;692;717;719;737
"cell(0,4)_ch0",action_only,0,0.5,-0.026315789473684292,50;51;81;117;123;132;159;191;217;248;254;257;293;317;325;350;391;412;418;464;484;489;551;572;593;613;692;717;719;737
"cell(0,4)_ch0",base,1,0.08333333333333337,0.0,50;51;81;117;123;132;159;191;217;248;254;257;293;317;325;350;391;412;418;464;484;489;551;572;593;613;692;717;719;737
"cell(0,4)_ch0",plus,1,0.08333333333333337,0.0,50;51;81;117;123;132;159;191;217;248;254;257;293;317;325;350;391;412;418;464;484;489;551;572;593;613;692;717;719;737
"cell(0,4)_ch0",action_only,1,0.5,0.41666666666666663,50;51;81;117;123;132;159;191;217;248;254;257;293;317;325;350;391;412;418;464;484;489;551;572;593;613;692;717;719;737
"cell(0,4)_ch0",base,2,0.26315789473684215,0.0,50;51;81;117;123;132;159;191;217;248;254;257;293;317;325;350;391;412;418;464;484;489;551;572;593;613;692;717;719;737
"cell(0,4)_ch0",plus,2,0.26315789473684215,0.0,50;51;81;117;123;132;159;191;217;248;254;257;293;317;325;350;391;412;418;464;484;489;551;572;593;613;692;717;719;737
"cell(0,4)_ch0",action_only,2,0.5,0.23684210526315785,50;51;81;117;123;132;159;191;217;248;254;257;293;317;325;350;391;412;418;464;484;489;551;572;593;613;692;717;719;737
"cell(0,4)_ch0",base,3,0.9090909090909091,0.0,50;51;81;117;123;132;159;191;217;248;254;257;293;317;325;350;391;412;418;464;484;489;551;572;593;613;692;717;719;737
"cell(0,4)_ch0",plus,3,0.9090909090909091,0.0,50;51;81;117;123;132;159;191;217;248;254;257;293;317;325;350;391;412;418;464;484;489;551;572;593;613;692;717;719;737
"cell(0,4)_ch0",action_only,3,0.5,-0.40909090909090906,50;51;81;117;123;132;159;191;217;248;254;257;293;317;325;350;391;412;418;464;484;489;551;572;593;613;692;717;719;737
"cell(0,5)_ch11",base,all,0.4639344262295082,0.0,50;51;81;117;123;132;159;191;217;248;254;257;293;317;325;350;391;412;418;464;484;489;551;572;593;613;692;717;719;737
"cell(0,5)_ch11",plus,all,0.5245901639344261,0.060655737704917945,50;51;81;117;123;132;159;191;217;248;254;257;293;317;325;350;391;412;418;464;484;489;551;572;593;613;692;717;719;737
"cell(0,5)_ch11",action_only,all,0.6032786885245902,0.139344262295082,50;51;81;117;123;132;159;191;217;248;254;257;293;317;325;350;391;412;418;464;484;489;551;572;593;613;692;717;719;737
"cell(0,5)_ch11",base,0,0.7500000000000001,0.0,50;51;81;117;123;132;159;191;217;248;254;257;293;317;325;350;391;412;418;464;484;489;551;572;593;613;692;717;719;737
"cell(0,5)_ch11",plus,0,0.6944444444444445,-0.05555555555555558,50;51;81;117;123;132;159;191;217;248;254;257;293;317;325;350;391;412;418;464;484;489;551;572;593;613;692;717;719;737
"cell(0,5)_ch11",action_only,0,0.5,-0.2500000000000001,50;51;81;117;123;132;159;191;217;248;254;257;293;317;325;350;391;412;418;464;484;489;551;572;593;613;692;717;719;737
"cell(0,5)_ch11",base,1,0.6666666666666667,0.0,50;51;81;117;123;132;159;191;217;248;254;257;293;317;325;350;391;412;418;464;484;489;551;572;593;613;692;717;719;737
"cell(0,5)_ch11",plus,1,0.6666666666666667,0.0,50;51;81;117;123;132;159;191;217;248;254;257;293;317;325;350;391;412;418;464;484;489;551;572;593;613;692;717;719;737
"cell(0,5)_ch11",action_only,1,0.5,-0.16666666666666674,50;51;81;117;123;132;159;191;217;248;254;257;293;317;325;350;391;412;418;464;484;489;551;572;593;613;692;717;719;737
"cell(0,5)_ch11",base,2,0.05263157894736842,0.0,50;51;81;117;123;132;159;191;217;248;254;257;293;317;325;350;391;412;418;464;484;489;551;572;593;613;692;717;719;737
"cell(0,5)_ch11",plus,2,0.05263157894736842,0.0,50;51;81;117;123;132;159;191;217;248;254;257;293;317;325;350;391;412;418;464;484;489;551;572;593;613;692;717;719;737
"cell(0,5)_ch11",action_only,2,0.5,0.4473684210526316,50;51;81;117;123;132;159;191;217;248;254;257;293;317;325;350;391;412;418;464;484;489;551;572;593;613;692;717;719;737
"cell(0,6)_ch6",base,all,0.45081967213114754,0.0,50;51;81;117;123;132;159;191;217;248;254;257;293;317;325;350;391;412;418;464;484;489;551;572;593;613;692;717;719;737
"cell(0,6)_ch6",plus,all,0.4327868852459017,-0.018032786885245844,50;51;81;117;123;132;159;191;217;248;254;257;293;317;325;350;391;412;418;464;484;489;551;572;593;613;692;717;719;737
"cell(0,6)_ch6",action_only,all,0.3639344262295082,-0.08688524590163932,50;51;81;117;123;132;159;191;217;248;254;257;293;317;325;350;391;412;418;464;484;489;551;572;593;613;692;717;719;737
"cell(0,6)_ch6",base,0,0.631578947368421,0.0,50;51;81;117;123;132;159;191;217;248;254;257;293;317;325;350;391;412;418;464;484;489;551;572;593;613;692;717;719;737
"cell(0,6)_ch6",plus,0,0.631578947368421,0.0,50;51;81;117;123;132;159;191;217;248;254;257;293;317;325;350;391;412;418;464;484;489;551;572;593;613;692;717;719;737
"cell(0,6)_ch6",action_only,0,0.5,-0.13157894736842102,50;51;81;117;123;132;159;191;217;248;254;257;293;317;325;350;391;412;418;464;484;489;551;572;593;613;692;717;719;737
"cell(0,6)_ch6",base,1,0.5,0.0,50;51;81;117;123;132;159;191;217;248;254;257;293;317;325;350;391;412;418;464;484;489;551;572;593;613;692;717;719;737
"cell(0,6)_ch6",plus,1,0.5,0.0,50;51;81;117;123;132;159;191;217;248;254;257;293;317;325;350;391;412;418;464;484;489;551;572;593;613;692;717;719;737
"cell(0,6)_ch6",action_only,1,0.5,0.0,50;51;81;117;123;132;159;191;217;248;254;257;293;317;325;350;391;412;418;464;484;489;551;572;593;613;692;717;719;737
"cell(0,6)_ch6",base,2,0.4,0.0,50;51;81;117;123;132;159;191;217;248;254;257;293;317;325;350;391;412;418;464;484;489;551;572;593;613;692;717;719;737
"cell(0,6)_ch6",plus,2,0.4,0.0,50;51;81;117;123;132;159;191;217;248;254;257;293;317;325;350;391;412;418;464;484;489;551;572;593;613;692;717;719;737
"cell(0,6)_ch6",action_only,2,0.5,0.09999999999999998,50;51;81;117;123;132;159;191;217;248;254;257;293;317;325;350;391;412;418;464;484;489;551;572;593;613;692;717;719;737
"cell(0,6)_ch6",base,3,0.18181818181818177,0.0,50;51;81;117;123;132;159;191;217;248;254;257;293;317;325;350;391;412;418;464;484;489;551;572;593;613;692;717;719;737
"cell(0,6)_ch6",plus,3,0.18181818181818177,0.0,50;51;81;117;123;132;159;191;217;248;254;257;293;317;325;350;391;412;418;464;484;489;551;572;593;613;692;717;719;737
"cell(0,6)_ch6",action_only,3,0.5,0.31818181818181823,50;51;81;117;123;132;159;191;217;248;254;257;293;317;325;350;391;412;418;464;484;489;551;572;593;613;692;717;719;737
"cell(1,0)_ch2",base,all,0.47540983606557374,0.0,50;51;81;117;123;132;159;191;217;248;254;257;293;317;325;350;391;412;418;464;484;489;551;572;593;613;692;717;719;737
"cell(1,0)_ch2",plus,all,0.4573770491803279,-0.018032786885245844,50;51;81;117;123;132;159;191;217;248;254;257;293;317;325;350;391;412;418;464;484;489;551;572;593;613;692;717;719;737
"cell(1,0)_ch2",action_only,all,0.42295081967213116,-0.05245901639344258,50;51;81;117;123;132;159;191;217;248;254;257;293;317;325;350;391;412;418;464;484;489;551;572;593;613;692;717;719;737
"cell(1,0)_ch2",base,1,0.41666666666666663,0.0,50;51;81;117;123;132;159;191;217;248;254;257;293;317;325;350;391;412;418;464;484;489;551;572;593;613;692;717;719;737
"cell(1,0)_ch2",plus,1,0.41666666666666663,0.0,50;51;81;117;123;132;159;191;217;248;254;257;293;317;325;350;391;412;418;464;484;489;551;572;593;613;692;717;719;737
"cell(1,0)_ch2",action_only,1,0.5,0.08333333333333337,50;51;81;117;123;132;159;191;217;248;254;257;293;317;325;350;391;412;418;464;484;489;551;572;593;613;692;717;719;737
"cell(1,0)_ch2",base,2,0.6710526315789473,0.0,50;51;81;117;123;132;159;191;217;248;254;257;293;317;325;350;391;412;418;464;484;489;551;572;593;613;692;717;719;737
"cell(1,0)_ch2",plus,2,0.6710526315789473,0.0,50;51;81;117;123;132;159;191;217;248;254;257;293;317;325;350;391;412;418;464;484;489;551;572;593;613;692;717;719;737
"cell(1,0)_ch2",action_only,2,0.5,-0.17105263157894735,50;51;81;117;123;132;159;191;217;248;254;257;293;317;325;350;391;412;418;464;484;489;551;572;593;613;692;717;719;737
"cell(1,0)_ch2",base,3,0.45,0.0,50;51;81;117;123;132;159;191;217;248;254;257;293;317;325;350;391;412;418;464;484;489;551;572;593;613;692;717;719;737
"cell(1,0)_ch2",plus,3,0.45,0.0,50;51;81;117;123;132;159;191;217;248;254;257;293;317;325;350;391;412;418;464;484;489;551;572;593;613;692;717;719;737
"cell(1,0)_ch2",action_only,3,0.5,0.04999999999999999,50;51;81;117;123;132;159;191;217;248;254;257;293;317;325;350;391;412;418;464;484;489;551;572;593;613;692;717;719;737
"cell(1,1)_ch7",base,all,0.5291666666666667,0.0,50;51;81;117;123;132;159;191;217;248;254;257;293;317;325;350;391;412;418;464;484;489;551;572;593;613;692;717;719;737
"cell(1,1)_ch7",plus,all,0.5736111111111111,0.0444444444444444,50;51;81;117;123;132;159;191;217;248;254;257;293;317;325;350;391;412;418;464;484;489;551;572;593;613;692;717;719;737
"cell(1,1)_ch7",action_only,all,0.5847222222222223,0.05555555555555558,50;51;81;117;123;132;159;191;217;248;254;257;293;317;325;350;391;412;418;464;484;489;551;572;593;613;692;717;719;737
"cell(1,1)_ch7",base,0,0.5,0.0,50;51;81;117;123;132;159;191;217;248;254;257;293;317;325;350;391;412;418;464;484;489;551;572;593;613;692;717;719;737
"cell(1,1)_ch7",plus,0,0.4444444444444444,-0.05555555555555558,50;51;81;117;123;132;159;191;217;248;254;257;293;317;325;350;391;412;418;464;484;489;551;572;593;613;692;717;719;737
"cell(1,1)_ch7",action_only,0,0.5,0.0,50;51;81;117;123;132;159;191;217;248;254;257;293;317;325;350;391;412;418;464;484;489;551;572;593;613;692;717;719;737
"cell(1,1)_ch7",base,1,0.7727272727272727,0.0,50;51;81;117;123;132;159;191;217;248;254;257;293;317;325;350;391;412;418;464;484;489;551;572;593;613;692;717;719;737
"cell(1,1)_ch7",plus,1,0.7727272727272727,0.0,50;51;81;117;123;132;159;191;217;248;254;257;293;317;325;350;391;412;418;464;484;489;551;572;593;613;692;717;719;737
"cell(1,1)_ch7",action_only,1,0.5,-0.2727272727272727,50;51;81;117;123;132;159;191;217;248;254;257;293;317;325;350;391;412;418;464;484;489;551;572;593;613;692;717;719;737
"cell(1,1)_ch7",base,2,0.275,0.0,50;51;81;117;123;132;159;191;217;248;254;257;293;317;325;350;391;412;418;464;484;489;551;572;593;613;692;717;719;737
"cell(1,1)_ch7",plus,2,0.275,0.0,50;51;81;117;123;132;159;191;217;248;254;257;293;317;325;350;391;412;418;464;484;489;551;572;593;613;692;717;719;737
"cell(1,1)_ch7",action_only,2,0.5,0.22499999999999998,50;51;81;117;123;132;159;191;217;248;254;257;293;317;325;350;391;412;418;464;484;489;551;572;593;613;692;717;719;737
"cell(1,1)_ch7",base,3,0.36363636363636365,0.0,50;51;81;117;123;132;159;191;217;248;254;257;293;317;325;350;391;412;418;464;484;489;551;572;593;613;692;717;719;737
"cell(1,1)_ch7",plus,3,0.2727272727272727,-0.09090909090909094,50;51;81;117;123;132;159;191;217;248;254;257;293;317;325;350;391;412;418;464;484;489;551;572;593;613;692;717;719;737
"cell(1,1)_ch7",action_only,3,0.5,0.13636363636363635,50;51;81;117;123;132;159;191;217;248;254;257;293;317;325;350;391;412;418;464;484;489;551;572;593;613;692;717;719;737
"cell(1,1)_ch10",base,all,0.39672131147540984,0.0,50;51;81;117;123;132;159;191;217;248;254;257;293;317;325;350;391;412;418;464;484;489;551;572;593;613;692;717;719;737
"cell(1,1)_ch10",plus,all,0.4245901639344262,0.02786885245901638,50;51;81;117;123;132;159;191;217;248;254;257;293;317;325;350;391;412;418;464;484;489;551;572;593;613;692;717;719;737
"cell(1,1)_ch10",action_only,all,0.3098360655737705,-0.08688524590163932,50;51;81;117;123;132;159;191;217;248;254;257;293;317;325;350;391;412;418;464;484;489;551;572;593;613;692;717;719;737
"cell(1,1)_ch10",base,0,0.8421052631578948,0.0,50;51;81;117;123;132;159;191;217;248;254;257;293;317;325;350;391;412;418;464;484;489;551;572;593;613;692;717;719;737
"cell(1,1)_ch10",plus,0,0.8421052631578948,0.0,50;51;81;117;123;132;159;191;217;248;254;257;293;317;325;350;391;412;418;464;484;489;551;572;593;613;692;717;719;737
"cell(1,1)_ch10",action_only,0,0.5,-0.3421052631578948,50;51;81;117;123;132;159;191;217;248;254;257;293;317;325;350;391;412;418;464;484;489;551;572;593;613;692;717;719;737
"cell(1,1)_ch10",base,1,0.6136363636363635,0.0,50;51;81;117;123;132;159;191;217;248;254;257;293;317;325;350;391;412;418;464;484;489;551;572;593;613;692;717;719;737
"cell(1,1)_ch10",plus,1,0.6136363636363635,0.0,50;51;81;117;123;132;159;191;217;248;254;257;293;317;325;350;391;412;418;464;484;489;551;572;593;613;692;717;719;737
"cell(1,1)_ch10",action_only,1,0.5,-0.11363636363636354,50;51;81;117;123;132;159;191;217;248;254;257;293;317;325;350;391;412;418;464;484;489;551;572;593;613;692;717;719;737
"cell(1,1)_ch10",base,3,0.0,0.0,50;51;81;117;123;132;159;191;217;248;254;257;293;317;325;350;391;412;418;464;484;489;551;572;593;613;692;717;719;737
"cell(1,1)_ch10",plus,3,0.0,0.0,50;51;81;117;123;132;159;191;217;248;254;257;293;317;325;350;391;412;418;464;484;489;551;572;593;613;692;717;719;737
"cell(1,1)_ch10",action_only,3,0.5,0.5,50;51;81;117;123;132;159;191;217;248;254;257;293;317;325;350;391;412;418;464;484;489;551;572;593;613;692;717;719;737
"cell(1,2)_ch5",base,all,0.7416666666666667,0.0,50;51;81;117;123;132;159;191;217;248;254;257;293;317;325;350;391;412;418;464;484;489;551;572;593;613;692;717;719;737
"cell(1,2)_ch5",plus,all,0.6916666666666667,-0.050000000000000044,50;51;81;117;123;132;159;191;217;248;254;257;293;317;325;350;391;412;418;464;484;489;551;572;593;613;692;717;719;737
"cell(1,2)_ch5",action_only,all,0.38055555555555554,-0.36111111111111116,50;51;81;117;123;132;159;191;217;248;254;257;293;317;325;350;391;412;418;464;484;489;551;572;593;613;692;717;719;737
"cell(1,2)_ch5",base,1,0.7727272727272727,0.0,50;51;81;117;123;132;159;191;217;248;254;257;293;317;325;350;391;412;418;464;484;489;551;572;593;613;692;717;719;737
"cell(1,2)_ch5",plus,1,0.7727272727272727,0.0,50;51;81;117;123;132;159;191;217;248;254;257;293;317;325;350;391;412;418;464;484;489;551;572;593;613;692;717;719;737
"cell(1,2)_ch5",action_only,1,0.5,-0.2727272727272727,50;51;81;117;123;132;159;191;217;248;254;257;293;317;325;350;391;412;418;464;484;489;551;572;593;613;692;717;719;737
"cell(1,2)_ch5",base,2,0.7352941176470589,0.0,50;51;81;117;123;132;159;191;217;248;254;257;293;317;325;350;391;412;418;464;484;489;551;572;593;613;692;717;719;737
"cell(1,2)_ch5",plus,2,0.7352941176470589,0.0,50;51;81;117;123;132;159;191;217;248;254;257;293;317;325;350;391;412;418;464;484;489;551;572;593;613;692;717;719;737
"cell(1,2)_ch5",action_only,2,0.5,-0.23529411764705888,50;51;81;117;123;132;159;191;217;248;254;257;293;317;325;350;391;412;418;464;484;489;551;572;593;613;692;717;719;737
"cell(1,2)_ch7",base,all,0.6950819672131148,0.0,50;51;81;117;123;132;159;191;217;248;254;257;293;317;325;350;391;412;418;464;484;489;551;572;593;613;692;717;719;737
"cell(1,2)_ch7",plus,all,0.6557377049180328,-0.03934426229508192,50;51;81;117;123;132;159;191;217;248;254;257;293;317;325;350;391;412;418;464;484;489;551;572;593;613;692;717;719;737
"cell(1,2)_ch7",action_only,all,0.5049180327868853,-0.19016393442622948,50;51;81;117;123;132;159;191;217;248;254;257;293;317;325;350;391;412;418;464;484;489;551;572;593;613;692;717;719;737
"cell(1,2)_ch7",base,0,0.894736842105263,0.0,50;51;81;117;123;132;159;191;217;248;254;257;293;317;325;350;391;412;418;464;484;489;551;572;593;613;692;717;719;737
"cell(1,2)_ch7",plus,0,0.736842105263158,-0.1578947368421051,50;51;81;117;123;132;159;191;217;248;254;257;293;317;325;350;391;412;418;464;484;489;551;572;593;613;692;717;719;737
"cell(1,2)_ch7",action_only,0,0.5,-0.39473684210526305,50;51;81;117;123;132;159;191;217;248;254;257;293;317;325;350;391;412;418;464;484;489;551;572;593;613;692;717;719;737
"cell(1,2)_ch7",base,1,0.6590909090909091,0.0,50;51;81;117;123;132;159;191;217;248;254;257;293;317;325;350;391;412;418;464;484;489;551;572;593;613;692;717;719;737
"cell(1,2)_ch7",plus,1,0.6136363636363636,-0.045454545454545414,50;51;81;117;123;132;159;191;217;248;254;257;293;317;325;350;391;412;418;464;484;489;551;572;593;613;692;717;719;737
"cell(1,2)_ch7",action_only,1,0.5,-0.15909090909090906,50;51;81;117;123;132;159;191;217;248;254;257;293;317;325;350;391;412;418;464;484;489;551;572;593;613;692;717;719;737
"cell(1,2)_ch7",base,2,0.875,0.0,50;51;81;117;123;132;159;191;217;248;254;257;293;317;325;350;391;412;418;464;484;489;551;572;593;613;692;717;719;737
"cell(1,2)_ch7",plus,2,0.775,-0.09999999999999998,50;51;81;117;123;132;159;191;217;248;254;257;293;317;325;350;391;412;418;464;484;489;551;572;593;613;692;717;719;737
"cell(1,2)_ch7",action_only,2,0.5,-0.375,50;51;81;117;123;132;159;191;217;248;254;257;293;317;325;350;391;412;418;464;484;489;551;572;593;613;692;717;719;737
"cell(1,2)_ch7",base,3,0.4545454545454546,0.0,50;51;81;117;123;132;159;191;217;248;254;257;293;317;325;350;391;412;418;464;484;489;551;572;593;613;692;717;719;737
"cell(1,2)_ch7",plus,3,0.4545454545454546,0.0,50;51;81;117;123;132;159;191;217;248;254;257;293;317;325;350;391;412;418;464;484;489;551;572;593;613;692;717;719;737
"cell(1,2)_ch7",action_only,3,0.5,0.045454545454545414,50;51;81;117;123;132;159;191;217;248;254;257;293;317;325;350;391;412;418;464;484;489;551;572;593;613;692;717;719;737
"cell(1,4)_ch4",base,all,0.30655737704918035,0.0,50;51;81;117;123;132;159;191;217;248;254;257;293;317;325;350;391;412;418;464;484;489;551;572;593;613;692;717;719;737
"cell(1,4)_ch4",plus,all,0.31147540983606553,0.004918032786885185,50;51;81;117;123;132;159;191;217;248;254;257;293;317;325;350;391;412;418;464;484;489;551;572;593;613;692;717;719;737
"cell(1,4)_ch4",action_only,all,0.419672131147541,0.11311475409836064,50;51;81;117;123;132;159;191;217;248;254;257;293;317;325;350;391;412;418;464;484;489;551;572;593;613;692;717;719;737
"cell(1,4)_ch4",base,0,0.513888888888889,0.0,50;51;81;117;123;132;159;191;217;248;254;257;293;317;325;350;391;412;418;464;484;489;551;572;593;613;692;717;719;737
"cell(1,4)_ch4",plus,0,0.513888888888889,0.0,50;51;81;117;123;132;159;191;217;248;254;257;293;317;325;350;391;412;418;464;484;489;551;572;593;613;692;717;719;737
"cell(1,4)_ch4",action_only,0,0.5,-0.01388888888888895,50;51;81;117;123;132;159;191;217;248;254;257;293;317;325;350;391;412;418;464;484;489;551;572;593;613;692;717;719;737
"cell(1,4)_ch4",base,1,0.16666666666666663,0.0,50;51;81;117;123;132;159;191;217;248;254;257;293;317;325;350;391;412;418;464;484;489;551;572;593;613;692;717;719;737
"cell(1,4)_ch4",plus,1,0.25,0.08333333333333337,50;51;81;117;123;132;159;191;217;248;254;257;293;317;325;350;391;412;418;464;484;489;551;572;593;613;692;717;719;737
"cell(1,4)_ch4",action_only,1,0.5,0.33333333333333337,50;51;81;117;123;132;159;191;217;248;254;257;293;317;325;350;391;412;418;464;484;489;551;572;593;613;692;717;719;737
"cell(1,4)_ch4",base,2,0.2236842105263158,0.0,50;51;81;117;123;132;159;191;217;248;254;257;293;317;325;350;391;412;418;464;484;489;551;572;593;613;692;717;719;737
"cell(1,4)_ch4",plus,2,0.2236842105263158,0.0,50;51;81;117;123;132;159;191;217;248;254;257;293;317;325;350;391;412;418;464;484;489;551;572;593;613;692;717;719;737
"cell(1,4)_ch4",action_only,2,0.5,0.2763157894736842,50;51;81;117;123;132;159;191;217;248;254;257;293;317;325;350;391;412;418;464;484;489;551;572;593;613;692;717;719;737
"cell(1,4)_ch8",base,all,0.6704918032786885,0.0,50;51;81;117;123;132;159;191;217;248;254;257;293;317;325;350;391;412;418;464;484;489;551;572;593;613;692;717;719;737
"cell(1,4)_ch8",plus,all,0.6327868852459017,-0.03770491803278686,50;51;81;117;123;132;159;191;217;248;254;257;293;317;325;350;391;412;418;464;484;489;551;572;593;613;692;717;719;737
"cell(1,4)_ch8",action_only,all,0.6688524590163933,-0.0016393442622951726,50;51;81;117;123;132;159;191;217;248;254;257;293;317;325;350;391;412;418;464;484;489;551;572;593;613;692;717;719;737
"cell(1,4)_ch8",base,0,0.8157894736842105,0.0,50;51;81;117;123;132;159;191;217;248;254;257;293;317;325;350;391;412;418;464;484;489;551;572;593;613;692;717;719;737
"cell(1,4)_ch8",plus,0,0.8157894736842105,0.0,50;51;81;117;123;132;159;191;217;248;254;257;293;317;325;350;391;412;418;464;484;489;551;572;593;613;692;717;719;737
"cell(1,4)_ch8",action_only,0,0.5,-0.3157894736842105,50;51;81;117;123;132;159;191;217;248;254;257;293;317;325;350;391;412;418;464;484;489;551;572;593;613;692;717;719;737
"cell(1,4)_ch8",base,1,0.375,0.0,50;51;81;117;123;132;159;191;217;248;254;257;293;317;325;350;391;412;418;464;484;489;551;572;593;613;692;717;719;737
"cell(1,4)_ch8",plus,1,0.375,0.0,50;51;81;117;123;132;159;191;217;248;254;257;293;317;325;350;391;412;418;464;484;489;551;572;593;613;692;717;719;737
"cell(1,4)_ch8",action_only,1,0.5,0.125,50;51;81;117;123;132;159;191;217;248;254;257;293;317;325;350;391;412;418;464;484;489;551;572;593;613;692;717;719;737
"cell(1,4)_ch8",base,3,0.7037037037037037,0.0,50;51;81;117;123;132;159;191;217;248;254;257;293;317;325;350;391;412;418;464;484;489;551;572;593;613;692;717;719;737
"cell(1,4)_ch8",plus,3,0.7037037037037037,0.0,50;51;81;117;123;132;159;191;217;248;254;257;293;317;325;350;391;412;418;464;484;489;551;572;593;613;692;717;719;737
"cell(1,4)_ch8",action_only,3,0.5,-0.20370370370370372,50;51;81;117;123;132;159;191;217;248;254;257;293;317;325;350;391;412;418;464;484;489;551;572;593;613;692;717;719;737
"cell(1,5)_ch2",base,all,0.42500000000000004,0.0,50;51;81;117;123;132;159;191;217;248;254;257;293;317;325;350;391;412;418;464;484;489;551;572;593;613;692;717;719;737
"cell(1,5)_ch2",plus,all,0.45,0.024999999999999967,50;51;81;117;123;132;159;191;217;248;254;257;293;317;325;350;391;412;418;464;484;489;551;572;593;613;692;717;719;737
"cell(1,5)_ch2",action_only,all,0.5444444444444444,0.11944444444444435,50;51;81;117;123;132;159;191;217;248;254;257;293;317;325;350;391;412;418;464;484;489;551;572;593;613;692;717;719;737
"cell(1,5)_ch2",base,0,0.052631578947368474,0.0,50;51;81;117;123;132;159;191;217;248;254;257;293;317;325;350;391;412;418;464;484;489;551;572;593;613;692;717;719;737
"cell(1,5)_ch2",plus,0,0.052631578947368474,0.0,50;51;81;117;123;132;159;191;217;248;254;257;293;317;325;350;391;412;418;464;484;489;551;572;593;613;692;717;719;737
"cell(1,5)_ch2",action_only,0,0.5,0.4473684210526315,50;51;81;117;123;132;159;191;217;248;254;257;293;317;325;350;391;412;418;464;484;489;551;572;593;613;692;717;719;737
"cell(1,5)_ch2",base,1,0.8181818181818182,0.0,50;51;81;117;123;132;159;191;217;248;254;257;293;317;325;350;391;412;418;464;484;489;551;572;593;613;692;717;719;737
"cell(1,5)_ch2",plus,1,0.8181818181818181,-1.1102230246251565e-16,50;51;81;117;123;132;159;191;217;248;254;257;293;317;325;350;391;412;418;464;484;489;551;572;593;613;692;717;719;737
"cell(1,5)_ch2",action_only,1,0.5,-0.31818181818181823,50;51;81;117;123;132;159;191;217;248;254;257;293;317;325;350;391;412;418;464;484;489;551;572;593;613;692;717;719;737
"cell(1,5)_ch2",base,2,0.4736842105263158,0.0,50;51;81;117;123;132;159;191;217;248;254;257;293;317;325;350;391;412;418;464;484;489;551;572;593;613;692;717;719;737
"cell(1,5)_ch2",plus,2,0.4736842105263158,0.0,50;51;81;117;123;132;159;191;217;248;254;257;293;317;325;350;391;412;418;464;484;489;551;572;593;613;692;717;719;737
"cell(1,5)_ch2",action_only,2,0.5,0.02631578947368418,50;51;81;117;123;132;159;191;217;248;254;257;293;317;325;350;391;412;418;464;484;489;551;572;593;613;692;717;719;737
"cell(1,5)_ch2",base,3,0.0,0.0,50;51;81;117;123;132;159;191;217;248;254;257;293;317;325;350;391;412;418;464;484;489;551;572;593;613;692;717;719;737
"cell(1,5)_ch2",plus,3,0.09090909090909094,0.09090909090909094,50;51;81;117;123;132;159;191;217;248;254;257;293;317;325;350;391;412;418;464;484;489;551;572;593;613;692;717;719;737
"cell(1,5)_ch2",action_only,3,0.5,0.5,50;51;81;117;123;132;159;191;217;248;254;257;293;317;325;350;391;412;418;464;484;489;551;572;593;613;692;717;719;737
"cell(1,5)_ch6",base,all,0.6472222222222223,0.0,50;51;81;117;123;132;159;191;217;248;254;257;293;317;325;350;391;412;418;464;484;489;551;572;593;613;692;717;719;737
"cell(1,5)_ch6",plus,all,0.33611111111111114,-0.3111111111111111,50;51;81;117;123;132;159;191;217;248;254;257;293;317;325;350;391;412;418;464;484;489;551;572;593;613;692;717;719;737
"cell(1,5)_ch6",action_only,all,0.5111111111111112,-0.13611111111111107,50;51;81;117;123;132;159;191;217;248;254;257;293;317;325;350;391;412;418;464;484;489;551;572;593;613;692;717;719;737
"cell(1,5)_ch6",base,0,0.84375,0.0,50;51;81;117;123;132;159;191;217;248;254;257;293;317;325;350;391;412;418;464;484;489;551;572;593;613;692;717;719;737
"cell(1,5)_ch6",plus,0,0.84375,0.0,50;51;81;117;123;132;159;191;217;248;254;257;293;317;325;350;391;412;418;464;484;489;551;572;593;613;692;717;719;737
"cell(1,5)_ch6",action_only,0,0.5,-0.34375,50;51;81;117;123;132;159;191;217;248;254;257;293;317;325;350;391;412;418;464;484;489;551;572;593;613;692;717;719;737
"cell(1,5)_ch6",base,1,0.08333333333333337,0.0,50;51;81;117;123;132;159;191;217;248;254;257;293;317;325;350;391;412;418;464;484;489;551;572;593;613;692;717;719;737
"cell(1,5)_ch6",plus,1,0.08333333333333337,0.0,50;51;81;117;123;132;159;191;217;248;254;257;293;317;325;350;391;412;418;464;484;489;551;572;593;613;692;717;719;737
"cell(1,5)_ch6",action_only,1,0.5,0.41666666666666663,50;51;81;117;123;132;159;191;217;248;254;257;293;317;325;350;391;412;418;464;484;489;551;572;593;613;692;717;719;737
"cell(1,5)_ch6",base,2,0.7,0.0,50;51;81;117;123;132;159;191;217;248;254;257;293;317;325;350;391;412;418;464;484;489;551;572;593;613;692;717;719;737
"cell(1,5)_ch6",plus,2,0.6,-0.09999999999999998,50;51;81;117;123;132;159;191;217;248;254;257;293;317;325;350;391;412;418;464;484;489;551;572;593;613;692;717;719;737
"cell(1,5)_ch6",action_only,2,0.5,-0.19999999999999996,50;51;81;117;123;132;159;191;217;248;254;257;293;317;325;350;391;412;418;464;484;489;551;572;593;613;692;717;719;737
"cell(1,5)_ch11",base,all,0.5972222222222222,0.0,50;51;81;117;123;132;159;191;217;248;254;257;293;317;325;350;391;412;418;464;484;489;551;572;593;613;692;717;719;737
"cell(1,5)_ch11",plus,all,0.5166666666666666,-0.0805555555555556,50;51;81;117;123;132;159;191;217;248;254;257;293;317;325;350;391;412;418;464;484;489;551;572;593;613;692;717;719;737
"cell(1,5)_ch11",action_only,all,0.4472222222222222,-0.15000000000000002,50;51;81;117;123;132;159;191;217;248;254;257;293;317;325;350;391;412;418;464;484;489;551;572;593;613;692;717;719;737
"cell(1,5)_ch11",base,0,0.5196078431372548,0.0,50;51;81;117;123;132;159;191;217;248;254;257;293;317;325;350;391;412;418;464;484;489;551;572;593;613;692;717;719;737
"cell(1,5)_ch11",plus,0,0.5196078431372548,0.0,50;51;81;117;123;132;159;191;217;248;254;257;293;317;325;350;391;412;418;464;484;489;551;572;593;613;692;717;719;737
"cell(1,5)_ch11",action_only,0,0.5,-0.019607843137254832,50;51;81;117;123;132;159;191;217;248;254;257;293;317;325;350;391;412;418;464;484;489;551;572;593;613;692;717;719;737
"cell(1,5)_ch11",base,1,0.5,0.0,50;51;81;117;123;132;159;191;217;248;254;257;293;317;325;350;391;412;418;464;484;489;551;572;593;613;692;717;719;737
"cell(1,5)_ch11",plus,1,0.5,0.0,50;51;81;117;123;132;159;191;217;248;254;257;293;317;325;350;391;412;418;464;484;489;551;572;593;613;692;717;719;737
"cell(1,5)_ch11",action_only,1,0.5,0.0,50;51;81;117;123;132;159;191;217;248;254;257;293;317;325;350;391;412;418;464;484;489;551;572;593;613;692;717;719;737
"cell(1,5)_ch11",base,2,0.425,0.0,50;51;81;117;123;132;159;191;217;248;254;257;293;317;325;350;391;412;418;464;484;489;551;572;593;613;692;717;719;737
"cell(1,5)_ch11",plus,2,0.425,0.0,50;51;81;117;123;132;159;191;217;248;254;257;293;317;325;350;391;412;418;464;484;489;551;572;593;613;692;717;719;737
"cell(1,5)_ch11",action_only,2,0.5,0.07500000000000001,50;51;81;117;123;132;159;191;217;248;254;257;293;317;325;350;391;412;418;464;484;489;551;572;593;613;692;717;719;737
"cell(1,5)_ch11",base,3,1.0,0.0,50;51;81;117;123;132;159;191;217;248;254;257;293;317;325;350;391;412;418;464;484;489;551;572;593;613;692;717;719;737
"cell(1,5)_ch11",plus,3,1.0,0.0,50;51;81;117;123;132;159;191;217;248;254;257;293;317;325;350;391;412;418;464;484;489;551;572;593;613;692;717;719;737
"cell(1,5)_ch11",action_only,3,0.5,-0.5,50;51;81;117;123;132;159;191;217;248;254;257;293;317;325;350;391;412;418;464;484;489;551;572;593;613;692;717;719;737
"cell(1,6)_ch7",base,all,0.6958333333333334,0.0,50;51;81;117;123;132;159;191;217;248;254;257;293;317;325;350;391;412;418;464;484;489;551;572;593;613;692;717;719;737
"cell(1,6)_ch7",plus,all,0.7416666666666666,0.04583333333333317,50;51;81;117;123;132;159;191;217;248;254;257;293;317;325;350;391;412;418;464;484;489;551;572;593;613;692;717;719;737
"cell(1,6)_ch7",action_only,all,0.6666666666666666,-0.029166666666666785,50;51;81;117;123;132;159;191;217;248;254;257;293;317;325;350;391;412;418;464;484;489;551;572;593;613;692;717;719;737
"cell(1,6)_ch7",base,0,0.578125,0.0,50;51;81;117;123;132;159;191;217;248;254;257;293;317;325;350;391;412;418;464;484;489;551;572;593;613;692;717;719;737
"cell(1,6)_ch7",plus,0,0.625,0.046875,50;51;81;117;123;132;159;191;217;248;254;257;293;317;325;350;391;412;418;464;484;489;551;572;593;613;692;717;719;737
"cell(1,6)_ch7",action_only,0,0.5,-0.078125,50;51;81;117;123;132;159;191;217;248;254;257;293;317;325;350;391;412;418;464;484;489;551;572;593;613;692;717;719;737
"cell(1,6)_ch7",base,1,0.8333333333333334,0.0,50;51;81;117;123;132;159;191;217;248;254;257;293;317;325;350;391;412;418;464;484;489;551;572;593;613;692;717;719;737
"cell(1,6)_ch7",plus,1,0.8333333333333334,0.0,50;51;81;117;123;132;159;191;217;248;254;257;293;317;325;350;391;412;418;464;484;489;551;572;593;613;692;717;719;737
"cell(1,6)_ch7",action_only,1,0.5,-0.33333333333333337,50;51;81;117;123;132;159;191;217;248;254;257;293;317;325;350;391;412;418;464;484;489;551;572;593;613;692;717;719;737
"cell(1,6)_ch7",base,2,0.85,0.0,50;51;81;117;123;132;159;191;217;248;254;257;293;317;325;350;391;412;418;464;484;489;551;572;593;613;692;717;719;737
"cell(1,6)_ch7",plus,2,0.75,-0.09999999999999998,50;51;81;117;123;132;159;191;217;248;254;257;293;317;325;350;391;412;418;464;484;489;551;572;593;613;692;717;719;737
"cell(1,6)_ch7",action_only,2,0.5,-0.35,50;51;81;117;123;132;159;191;217;248;254;257;293;317;325;350;391;412;418;464;484;489;551;572;593;613;692;717;719;737
"cell(2,0)_ch10",base,all,0.5229508196721311,0.0,50;51;81;117;123;132;159;191;217;248;254;257;293;317;325;350;391;412;418;464;484;489;551;572;593;613;692;717;719;737
"cell(2,0)_ch10",plus,all,0.5098360655737706,-0.013114754098360493,50;51;81;117;123;132;159;191;217;248;254;257;293;317;325;350;391;412;418;464;484;489;551;572;593;613;692;717;719;737
"cell(2,0)_ch10",action_only,all,0.4377049180327869,-0.0852459016393442,50;51;81;117;123;132;159;191;217;248;254;257;293;317;325;350;391;412;418;464;484;489;551;572;593;613;692;717;719;737
"cell(2,0)_ch10",base,0,0.9210526315789475,0.0,50;51;81;117;123;132;159;191;217;248;254;257;293;317;325;350;391;412;418;464;484;489;551;572;593;613;692;717;719;737
"cell(2,0)_ch10",plus,0,0.9210526315789475,0.0,50;51;81;117;123;132;159;191;217;248;254;257;293;317;325;350;391;412;418;464;484;489;551;572;593;613;692;717;719;737
"cell(2,0)_ch10",action_only,0,0.5,-0.42105263157894746,50;51;81;117;123;132;159;191;217;248;254;257;293;317;325;350;391;412;418;464;484;489;551;572;593;613;692;717;719;737
"cell(2,0)_ch10",base,2,0.5263157894736842,0.0,50;51;81;117;123;132;159;191;217;248;254;257;293;317;325;350;391;412;418;464;484;489;551;572;593;613;692;717;719;737
"cell(2,0)_ch10",plus,2,0.4736842105263158,-0.05263157894736836,50;51;81;117;123;132;159;191;217;248;254;257;293;317;325;350;391;412;418;464;484;489;551;572;593;613;692;717;719;737
"cell(2,0)_ch10",action_only,2,0.5,-0.02631578947368418,50;51;81;117;123;132;159;191;217;248;254;257;293;317;325;350;391;412;418;464;484;489;551;572;593;613;692;717;719;737
"cell(2,0)_ch10",base,3,0.30000000000000004,0.0,50;51;81;117;123;132;159;191;217;248;254;257;293;317;325;350;391;412;418;464;484;489;551;572;593;613;692;717;719;737
"cell(2,0)_ch10",plus,3,0.30000000000000004,0.0,50;51;81;117;123;132;159;191;217;248;254;257;293;317;325;350;391;412;418;464;484;489;551;572;593;613;692;717;719;737
"cell(2,0)_ch10",action_only,3,0.5,0.19999999999999996,50;51;81;117;123;132;159;191;217;248;254;257;293;317;325;350;391;412;418;464;484;489;551;572;593;613;692;717;719;737
"cell(2,2)_ch0",base,all,0.38360655737704924,0.0,50;51;81;117;123;132;159;191;217;248;254;257;293;317;325;350;391;412;418;464;484;489;551;572;593;613;692;717;719;737
"cell(2,2)_ch0",plus,all,0.47704918032786886,0.09344262295081962,50;51;81;117;123;132;159;191;217;248;254;257;293;317;325;350;391;412;418;464;484;489;551;572;593;613;692;717;719;737
"cell(2,2)_ch0",action_only,all,0.5557377049180328,0.17213114754098352,50;51;81;117;123;132;159;191;217;248;254;257;293;317;325;350;391;412;418;464;484;489;551;572;593;613;692;717;719;737
"cell(2,2)_ch0",base,0,0.4166666666666667,0.0,50;51;81;117;123;132;159;191;217;248;254;257;293;317;325;350;391;412;418;464;484;489;551;572;593;613;692;717;719;737
"cell(2,2)_ch0",plus,0,0.41666666666666674,5.551115123125783e-17,50;51;81;117;123;132;159;191;217;248;254;257;293;317;325;350;391;412;418;464;484;489;551;572;593;613;692;717;719;737
"cell(2,2)_ch0",action_only,0,0.5,0.08333333333333331,50;51;81;117;123;132;159;191;217;248;254;257;293;317;325;350;391;412;418;464;484;489;551;572;593;613;692;717;719;737
"cell(2,2)_ch0",base,1,0.625,0.0,50;51;81;117;123;132;159;191;217;248;254;257;293;317;325;350;391;412;418;464;484;489;551;572;593;613;692;717;719;737
"cell(2,2)_ch0",plus,1,0.625,0.0,50;51;81;117;123;132;159;191;217;248;254;257;293;317;325;350;391;412;418;464;484;489;551;572;593;613;692;717;719;737
"cell(2,2)_ch0",action_only,1,0.5,-0.125,50;51;81;117;123;132;159;191;217;248;254;257;293;317;325;350;391;412;418;464;484;489;551;572;593;613;692;717;719;737
"cell(2,2)_ch0",base,2,0.35,0.0,50;51;81;117;123;132;159;191;217;248;254;257;293;317;325;350;391;412;418;464;484;489;551;572;593;613;692;717;719;737
"cell(2,2)_ch0",plus,2,0.30000000000000004,-0.04999999999999993,50;51;81;117;123;132;159;191;217;248;254;257;293;317;325;350;391;412;418;464;484;489;551;572;593;613;692;717;719;737
"cell(2,2)_ch0",action_only,2,0.5,0.15000000000000002,50;51;81;117;123;132;159;191;217;248;254;257;293;317;325;350;391;412;418;464;484;489;551;572;593;613;692;717;719;737
"cell(2,2)_ch0",base,3,0.0,0.0,50;51;81;117;123;132;159;191;217;248;254;257;293;317;325;350;391;412;418;464;484;489;551;572;593;613;692;717;719;737
"cell(2,2)_ch0",plus,3,0.09090909090909094,0.09090909090909094,50;51;81;117;123;132;159;191;217;248;254;257;293;317;325;350;391;412;418;464;484;489;551;572;593;613;692;717;719;737
"cell(2,2)_ch0",action_only,3,0.5,0.5,50;51;81;117;123;132;159;191;217;248;254;257;293;317;325;350;391;412;418;464;484;489;551;572;593;613;692;717;719;737
"cell(2,2)_ch5",base,all,0.4888888888888889,0.0,50;51;81;117;123;132;159;191;217;248;254;257;293;317;325;350;391;412;418;464;484;489;551;572;593;613;692;717;719;737
"cell(2,2)_ch5",plus,all,0.47777777777777775,-0.011111111111111127,50;51;81;117;123;132;159;191;217;248;254;257;293;317;325;350;391;412;418;464;484;489;551;572;593;613;692;717;719;737
"cell(2,2)_ch5",action_only,all,0.5402777777777776,0.05138888888888876,50;51;81;117;123;132;159;191;217;248;254;257;293;317;325;350;391;412;418;464;484;489;551;572;593;613;692;717;719;737
"cell(2,2)_ch5",base,0,0.4736842105263158,0.0,50;51;81;117;123;132;159;191;217;248;254;257;293;317;325;350;391;412;418;464;484;489;551;572;593;613;692;717;719;737
"cell(2,2)_ch5",plus,0,0.5263157894736843,0.052631578947368474,50;51;81;117;123;132;159;191;217;248;254;257;293;317;325;350;391;412;418;464;484;489;551;572;593;613;692;717;719;737
"cell(2,2)_ch5",action_only,0,0.5,0.02631578947368418,50;51;81;117;123;132;159;191;217;248;254;257;293;317;325;350;391;412;418;464;484;489;551;572;593;613;692;717;719;737
"cell(2,2)_ch5",base,1,0.41666666666666663,0.0,50;51;81;117;123;132;159;191;217;248;254;257;293;317;325;350;391;412;418;464;484;489;551;572;593;613;692;717;719;737
"cell(2,2)_ch5",plus,1,0.5,0.08333333333333337,50;51;81;117;123;132;159;191;217;248;254;257;293;317;325;350;391;412;418;464;484;489;551;572;593;613;692;717;719;737
"cell(2,2)_ch5",action_only,1,0.5,0.08333333333333337,50;51;81;117;123;132;159;191;217;248;254;257;293;317;325;350;391;412;418;464;484;489;551;572;593;613;692;717;719;737
"cell(2,2)_ch5",base,2,0.4473684210526316,0.0,50;51;81;117;123;132;159;191;217;248;254;257;293;317;325;350;391;412;418;464;484;489;551;572;593;613;692;717;719;737
"cell(2,2)_ch5",plus,2,0.4736842105263158,0.026315789473684237,50;51;81;117;123;132;159;191;217;248;254;257;293;317;325;350;391;412;418;464;484;489;551;572;593;613;692;717;719;737
"cell(2,2)_ch5",action_only,2,0.5,0.05263157894736842,50;51;81;117;123;132;159;191;217;248;254;257;293;317;325;350;391;412;418;464;484;489;551;572;593;613;692;717;719;737
"cell(2,2)_ch5",base,3,0.65,0.0,50;51;81;117;123;132;159;191;217;248;254;257;293;317;325;350;391;412;418;464;484;489;551;572;593;613;692;717;719;737
"cell(2,2)_ch5",plus,3,0.65,0.0,50;51;81;117;123;132;159;191;217;248;254;257;293;317;325;350;391;412;418;464;484;489;551;572;593;613;692;717;719;737
"cell(2,2)_ch5",action_only,3,0.5,-0.15000000000000002,50;51;81;117;123;132;159;191;217;248;254;257;293;317;325;350;391;412;418;464;484;489;551;572;593;613;692;717;719;737
"cell(2,2)_ch7",base,all,0.4722222222222222,0.0,50;51;81;117;123;132;159;191;217;248;254;257;293;317;325;350;391;412;418;464;484;489;551;572;593;613;692;717;719;737
"cell(2,2)_ch7",plus,all,0.4208333333333333,-0.05138888888888893,50;51;81;117;123;132;159;191;217;248;254;257;293;317;325;350;391;412;418;464;484;489;551;572;593;613;692;717;719;737
"cell(2,2)_ch7",action_only,all,0.3208333333333333,-0.1513888888888889,50;51;81;117;123;132;159;191;217;248;254;257;293;317;325;350;391;412;418;464;484;489;551;572;593;613;692;717;719;737
"cell(2,2)_ch7",base,0,0.4027777777777778,0.0,50;51;81;117;123;132;159;191;217;248;254;257;293;317;325;350;391;412;418;464;484;489;551;572;593;613;692;717;719;737
"cell(2,2)_ch7",plus,0,0.4027777777777778,0.0,50;51;81;117;123;132;159;191;217;248;254;257;293;317;325;350;391;412;418;464;484;489;551;572;593;613;692;717;719;737
"cell(2,2)_ch7",action_only,0,0.5,0.09722222222222221,50;51;81;117;123;132;159;191;217;248;254;257;293;317;325;350;391;412;418;464;484;489;551;572;593;613;692;717;719;737
"cell(2,2)_ch7",base,1,0.0,0.0,50;51;81;117;123;132;159;191;217;248;254;257;293;317;325;350;391;412;418;464;484;489;551;572;593;613;692;717;719;737
"cell(2,2)_ch7",plus,1,0.0,0.0,50;51;81;117;123;132;159;191;217;248;254;257;293;317;325;350;391;412;418;464;484;489;551;572;593;613;692;717;719;737
"cell(2,2)_ch7",action_only,1,0.5,0.5,50;51;81;117;123;132;159;191;217;248;254;257;293;317;325;350;391;412;418;464;484;489;551;572;593;613;692;717;719;737
"cell(2,2)_ch7",base,3,0.5555555555555556,0.0,50;51;81;117;123;132;159;191;217;248;254;257;293;317;325;350;391;412;418;464;484;489;551;572;593;613;692;717;719;737
"cell(2,2)_ch7",plus,3,0.5555555555555556,0.0,50;51;81;117;123;132;159;191;217;248;254;257;293;317;325;350;391;412;418;464;484;489;551;572;593;613;692;717;719;737
"cell(2,2)_ch7",action_only,3,0.5,-0.05555555555555558,50;51;81;117;123;132;159;191;217;248;254;257;293;317;325;350;391;412;418;464;484;489;551;572;593;613;692;717;719;737
"cell(2,3)_ch11",base,all,0.580327868852459,0.0,50;51;81;117;123;132;159;191;217;248;254;257;293;317;325;350;391;412;418;464;484;489;551;572;593;613;692;717;719;737
"cell(2,3)_ch11",plus,all,0.4508196721311476,-0.12950819672131142,50;51;81;117;123;132;159;191;217;248;254;257;293;317;325;350;391;412;418;464;484;489;551;572;593;613;692;717;719;737
"cell(2,3)_ch11",action_only,all,0.6672131147540983,0.08688524590163926,50;51;81;117;123;132;159;191;217;248;254;257;293;317;325;350;391;412;418;464;484;489;551;572;593;613;692;717;719;737
"cell(2,3)_ch11",base,0,0.6568627450980391,0.0,50;51;81;117;123;132;159;191;217;248;254;257;293;317;325;350;391;412;418;464;484;489;551;572;593;613;692;717;719;737
"cell(2,3)_ch11",plus,0,0.6568627450980391,0.0,50;51;81;117;123;132;159;191;217;248;254;257;293;317;325;350;391;412;418;464;484;489;551;572;593;613;692;717;719;737
"cell(2,3)_ch11",action_only,0,0.5,-0.1568627450980391,50;51;81;117;123;132;159;191;217;248;254;257;293;317;325;350;391;412;418;464;484;489;551;572;593;613;692;717;719;737
"cell(2,3)_ch11",base,2,0.5,0.0,50;51;81;117;123;132;159;191;217;248;254;257;293;317;325;350;391;412;418;464;484;489;551;572;593;613;692;717;719;737
"cell(2,3)_ch11",plus,2,0.5,0.0,50;51;81;117;123;132;159;191;217;248;254;257;293;317;325;350;391;412;418;464;484;489;551;572;593;613;692;717;719;737
"cell(2,3)_ch11",action_only,2,0.5,0.0,50;51;81;117;123;132;159;191;217;248;254;257;293;317;325;350;391;412;418;464;484;489;551;572;593;613;692;717;719;737
"cell(2,4)_ch6",base,all,0.38688524590163936,0.0,50;51;81;117;123;132;159;191;217;248;254;257;293;317;325;350;391;412;418;464;484;489;551;572;593;613;692;717;719;737
"cell(2,4)_ch6",plus,all,0.5803278688524591,0.19344262295081976,50;51;81;117;123;132;159;191;217;248;254;257;293;317;325;350;391;412;418;464;484;489;551;572;593;613;692;717;719;737
"cell(2,4)_ch6",action_only,all,0.5524590163934426,0.16557377049180327,50;51;81;117;123;132;159;191;217;248;254;257;293;317;325;350;391;412;418;464;484;489;551;572;593;613;692;717;719;737
"cell(2,4)_ch6",base,0,0.35294117647058826,0.0,50;51;81;117;123;132;159;191;217;248;254;257;293;317;325;350;391;412;418;464;484;489;551;572;593;613;692;717;719;737
"cell(2,4)_ch6",plus,0,0.3921568627450981,0.03921568627450983,50;51;81;117;123;132;159;191;217;248;254;257;293;317;325;350;391;412;418;464;484;489;551;572;593;613;692;717;719;737
"cell(2,4)_ch6",action_only,0,0.5,0.14705882352941174,50;51;81;117;123;132;159;191;217;248;254;257;293;317;325;350;391;412;418;464;484;489;551;572;593;613;692;717;719;737
"cell(2,4)_ch6",base,1,0.7083333333333334,0.0,50;51;81;117;123;132;159;191;217;248;254;257;293;317;325;350;391;412;418;464;484;489;551;572;593;613;692;717;719;737
"cell(2,4)_ch6",plus,1,0.7083333333333334,0.0,50;51;81;117;123;132;159;191;217;248;254;257;293;317;325;350;391;412;418;464;484;489;551;572;593;613;692;717;719;737
"cell(2,4)_ch6",action_only,1,0.5,-0.20833333333333337,50;51;81;117;123;132;159;191;217;248;254;257;293;317;325;350;391;412;418;464;484;489;551;572;593;613;692;717;719;737
"cell(2,4)_ch6",base,2,0.025000000000000022,0.0,50;51;81;117;123;132;159;191;217;248;254;257;293;317;325;350;391;412;418;464;484;489;551;572;593;613;692;717;719;737
"cell(2,4)_ch6",plus,2,0.025000000000000022,0.0,50;51;81;117;123;132;159;191;217;248;254;257;293;317;325;350;391;412;418;464;484;489;551;572;593;613;692;717;719;737
"cell(2,4)_ch6",action_only,2,0.5,0.475,50;51;81;117;123;132;159;191;217;248;254;257;293;317;325;350;391;412;418;464;484;489;551;572;593;613;692;717;719;737
"cell(2,4)_ch10",base,all,0.47638888888888886,0.0,50;51;81;117;123;132;159;191;217;248;254;257;293;317;325;350;391;412;418;464;484;489;551;572;593;613;692;717;719;737
"cell(2,4)_ch10",plus,all,0.43194444444444446,-0.0444444444444444,50;51;81;117;123;132;159;191;217;248;254;257;293;317;325;350;391;412;418;464;484;489;551;572;593;613;692;717;719;737
"cell(2,4)_ch10",action_only,all,0.4083333333333333,-0.06805555555555554,50;51;81;117;123;132;159;191;217;248;254;257;293;317;325;350;391;412;418;464;484;489;551;572;593;613;692;717;719;737
"cell(2,4)_ch10",base,0,0.6111111111111112,0.0,50;51;81;117;123;132;159;191;217;248;254;257;293;317;325;350;391;412;418;464;484;489;551;572;593;613;692;717;719;737
"cell(2,4)_ch10",plus,0,0.5833333333333334,-0.02777777777777779,50;51;81;117;123;132;159;191;217;248;254;257;293;317;325;350;391;412;418;464;484;489;551;572;593;613;692;717;719;737
"cell(2,4)_ch10",action_only,0,0.5,-0.11111111111111116,50;51;81;117;123;132;159;191;217;248;254;257;293;317;325;350;391;412;418;464;484;489;551;572;593;613;692;717;719;737
"cell(2,4)_ch10",base,1,0.41666666666666663,0.0,50;51;81;117;123;132;159;191;217;248;254;257;293;317;325;350;391;412;418;464;484;489;551;572;593;613;692;717;719;737
"cell(2,4)_ch10",plus,1,0.5,0.08333333333333337,50;51;81;117;123;132;159;191;217;248;254;257;293;317;325;350;391;412;418;464;484;489;551;572;593;613;692;717;719;737
"cell(2,4)_ch10",action_only,1,0.5,0.08333333333333337,50;51;81;117;123;132;159;191;217;248;254;257;293;317;325;350;391;412;418;464;484;489;551;572;593;613;692;717;719;737
"cell(2,4)_ch10",base,2,0.4351851851851851,0.0,50;51;81;117;123;132;159;191;217;248;254;257;293;317;325;350;391;412;418;464;484;489;551;572;593;613;692;717;719;737
"cell(2,4)_ch10",plus,2,0.4351851851851852,5.551115123125783e-17,50;51;81;117;123;132;159;191;217;248;254;257;293;317;325;350;391;412;418;464;484;489;551;572;593;613;692;717;719;737
"cell(2,4)_ch10",action_only,2,0.5,0.06481481481481488,50;51;81;117;123;132;159;191;217;248;254;257;293;317;325;350;391;412;418;464;484;489;551;572;593;613;692;717;719;737
"cell(2,5)_ch5",base,all,0.5347222222222223,0.0,50;51;81;117;123;132;159;191;217;248;254;257;293;317;325;350;391;412;418;464;484;489;551;572;593;613;692;717;719;737
"cell(2,5)_ch5",plus,all,0.5472222222222223,0.012499999999999956,50;51;81;117;123;132;159;191;217;248;254;257;293;317;325;350;391;412;418;464;484;489;551;572;593;613;692;717;719;737
"cell(2,5)_ch5",action_only,all,0.5708333333333333,0.03611111111111098,50;51;81;117;123;132;159;191;217;248;254;257;293;317;325;350;391;412;418;464;484;489;551;572;593;613;692;717;719;737
"cell(2,5)_ch5",base,1,0.31666666666666665,0.0,50;51;81;117;123;132;159;191;217;248;254;257;293;317;325;350;391;412;418;464;484;489;551;572;593;613;692;717;719;737
"cell(2,5)_ch5",plus,1,0.31666666666666665,0.0,50;51;81;117;123;132;159;191;217;248;254;257;293;317;325;350;391;412;418;464;484;489;551;572;593;613;692;717;719;737
"cell(2,5)_ch5",action_only,1,0.5,0.18333333333333335,50;51;81;117;123;132;159;191;217;248;254;257;293;317;325;350;391;412;418;464;484;489;551;572;593;613;692;717;719;737
"cell(2,5)_ch5",base,2,0.9605263157894737,0.0,50;51;81;117;123;132;159;191;217;248;254;257;293;317;325;350;391;412;418;464;484;489;551;572;593;613;692;717;719;737
"cell(2,5)_ch5",plus,2,0.9605263157894737,0.0,50;51;81;117;123;132;159;191;217;248;254;257;293;317;325;350;391;412;418;464;484;489;551;572;593;613;692;717;719;737
"cell(2,5)_ch5",action_only,2,0.5,-0.4605263157894737,50;51;81;117;123;132;159;191;217;248;254;257;293;317;325;350;391;412;418;464;484;489;551;572;593;613;692;717;719;737
"cell(2,5)_ch5",base,3,0.36363636363636365,0.0,50;51;81;117;123;132;159;191;217;248;254;257;293;317;325;350;391;412;418;464;484;489;551;572;593;613;692;717;719;737
"cell(2,5)_ch5",plus,3,0.36363636363636365,0.0,50;51;81;117;123;132;159;191;217;248;254;257;293;317;325;350;391;412;418;464;484;489;551;572;593;613;692;717;719;737
"cell(2,5)_ch5",action_only,3,0.5,0.13636363636363635,50;51;81;117;123;132;159;191;217;248;254;257;293;317;325;350;391;412;418;464;484;489;551;572;593;613;692;717;719;737
"cell(2,5)_ch8",base,all,0.5540983606557378,0.0,50;51;81;117;123;132;159;191;217;248;254;257;293;317;325;350;391;412;418;464;484;489;551;572;593;613;692;717;719;737
"cell(2,5)_ch8",plus,all,0.5573770491803278,0.003278688524590012,50;51;81;117;123;132;159;191;217;248;254;257;293;317;325;350;391;412;418;464;484;489;551;572;593;613;692;717;719;737
"cell(2,5)_ch8",action_only,all,0.5459016393442623,-0.00819672131147553,50;51;81;117;123;132;159;191;217;248;254;257;293;317;325;350;391;412;418;464;484;489;551;572;593;613;692;717;719;737
"cell(2,5)_ch8",base,0,0.47058823529411764,0.0,50;51;81;117;123;132;159;191;217;248;254;257;293;317;325;350;391;412;418;464;484;489;551;572;593;613;692;717;719;737
"cell(2,5)_ch8",plus,0,0.47058823529411764,0.0,50;51;81;117;123;132;159;191;217;248;254;257;293;317;325;350;391;412;418;464;484;489;551;572;593;613;692;717;719;737
"cell(2,5)_ch8",action_only,0,0.5,0.02941176470588236,50;51;81;117;123;132;159;191;217;248;254;257;293;317;325;350;391;412;418;464;484;489;551;572;593;613;692;717;719;737
"cell(2,5)_ch8",base,2,0.5,0.0,50;51;81;117;123;132;159;191;217;248;254;257;293;317;325;350;391;412;418;464;484;489;551;572;593;613;692;717;719;737
"cell(2,5)_ch8",plus,2,0.5,0.0,50;51;81;117;123;132;159;191;217;248;254;257;293;317;325;350;391;412;418;464;484;489;551;572;593;613;692;717;719;737
"cell(2,5)_ch8",action_only,2,0.5,0.0,50;51;81;117;123;132;159;191;217;248;254;257;293;317;325;350;391;412;418;464;484;489;551;572;593;613;692;717;719;737
"cell(2,6)_ch9",base,all,0.41147540983606556,0.0,50;51;81;117;123;132;159;191;217;248;254;257;293;317;325;350;391;412;418;464;484;489;551;572;593;613;692;717;719;737
"cell(2,6)_ch9",plus,all,0.239344262295082,-0.17213114754098358,50;51;81;117;123;132;159;191;217;248;254;257;293;317;325;350;391;412;418;464;484;489;551;572;593;613;692;717;719;737
"cell(2,6)_ch9",action_only,all,0.18852459016393444,-0.22295081967213112,50;51;81;117;123;132;159;191;217;248;254;257;293;317;325;350;391;412;418;464;484;489;551;572;593;613;692;717;719;737
"cell(2,6)_ch9",base,0,1.0,0.0,50;51;81;117;123;132;159;191;217;248;254;257;293;317;325;350;391;412;418;464;484;489;551;572;593;613;692;717;719;737
"cell(2,6)_ch9",plus,0,1.0,0.0,50;51;81;117;123;132;159;191;217;248;254;257;293;317;325;350;391;412;418;464;484;489;551;572;593;613;692;717;719;737
"cell(2,6)_ch9",action_only,0,0.5,-0.5,50;51;81;117;123;132;159;191;217;248;254;257;293;317;325;350;391;412;418;464;484;489;551;572;593;613;692;717;719;737
"cell(2,6)_ch9",base,1,0.22222222222222227,0.0,50;51;81;117;123;132;159;191;217;248;254;257;293;317;325;350;391;412;418;464;484;489;551;572;593;613;692;717;719;737
"cell(2,6)_ch9",plus,1,0.19444444444444448,-0.02777777777777779,50;51;81;117;123;132;159;191;217;248;254;257;293;317;325;350;391;412;418;464;484;489;551;572;593;613;692;717;719;737
"cell(2,6)_ch9",action_only,1,0.5,0.27777777777777773,50;51;81;117;123;132;159;191;217;248;254;257;293;317;325;350;391;412;418;464;484;489;551;572;593;613;692;717;719;737
"cell(3,0)_ch9",base,all,0.23606557377049184,0.0,50;51;81;117;123;132;159;191;217;248;254;257;293;317;325;350;391;412;418;464;484;489;551;572;593;613;692;717;719;737
"cell(3,0)_ch9",plus,all,0.16885245901639345,-0.06721311475409839,50;51;81;117;123;132;159;191;217;248;254;257;293;317;325;350;391;412;418;464;484;489;551;572;593;613;692;717;719;737
"cell(3,0)_ch9",action_only,all,0.33606557377049184,0.1,50;51;81;117;123;132;159;191;217;248;254;257;293;317;325;350;391;412;418;464;484;489;551;572;593;613;692;717;719;737
"cell(3,0)_ch9",base,0,0.026315789473684237,0.0,50;51;81;117;123;132;159;191;217;248;254;257;293;317;325;350;391;412;418;464;484;489;551;572;593;613;692;717;719;737
"cell(3,0)_ch9",plus,0,0.026315789473684237,0.0,50;51;81;117;123;132;159;191;217;248;254;257;293;317;325;350;391;412;418;464;484;489;551;572;593;613;692;717;719;737
"cell(3,0)_ch9",action_only,0,0.5,0.47368421052631576,50;51;81;117;123;132;159;191;217;248;254;257;293;317;325;350;391;412;418;464;484;489;551;572;593;613;692;717;719;737
"cell(3,0)_ch9",base,1,0.0,0.0,50;51;81;117;123;132;159;191;217;248;254;257;293;317;325;350;391;412;418;464;484;489;551;572;593;613;692;717;719;737
"cell(3,0)_ch9",plus,1,0.0,0.0,50;51;81;117;123;132;159;191;217;248;254;257;293;317;325;350;391;412;418;464;484;489;551;572;593;613;692;717;719;737
"cell(3,0)_ch9",action_only,1,0.5,0.5,50;51;81;117;123;132;159;191;217;248;254;257;293;317;325;350;391;412;418;464;484;489;551;572;593;613;692;717;719;737
"cell(3,0)_ch9",base,2,0.4074074074074074,0.0,50;51;81;117;123;132;159;191;217;248;254;257;293;317;325;350;391;412;418;464;484;489;551;572;593;613;692;717;719;737
"cell(3,0)_ch9",plus,2,0.38888888888888884,-0.018518518518518545,50;51;81;117;123;132;159;191;217;248;254;257;293;317;325;350;391;412;418;464;484;489;551;572;593;613;692;717;719;737
"cell(3,0)_ch9",action_only,2,0.5,0.09259259259259262,50;51;81;117;123;132;159;191;217;248;254;257;293;317;325;350;391;412;418;464;484;489;551;572;593;613;692;717;719;737
"cell(3,0)_ch11",base,all,0.6013888888888889,0.0,50;51;81;117;123;132;159;191;217;248;254;257;293;317;325;350;391;412;418;464;484;489;551;572;593;613;692;717;719;737
"cell(3,0)_ch11",plus,all,0.4736111111111111,-0.12777777777777777,50;51;81;117;123;132;159;191;217;248;254;257;293;317;325;350;391;412;418;464;484;489;551;572;593;613;692;717;719;737
"cell(3,0)_ch11",action_only,all,0.3,-0.3013888888888889,50;51;81;117;123;132;159;191;217;248;254;257;293;317;325;350;391;412;418;464;484;489;551;572;593;613;692;717;719;737
"cell(3,0)_ch11",base,0,0.5833333333333334,0.0,50;51;81;117;123;132;159;191;217;248;254;257;293;317;325;350;391;412;418;464;484;489;551;572;593;613;692;717;719;737
"cell(3,0)_ch11",plus,0,0.5833333333333334,0.0,50;51;81;117;123;132;159;191;217;248;254;257;293;317;325;350;391;412;418;464;484;489;551;572;593;613;692;717;719;737
"cell(3,0)_ch11",action_only,0,0.5,-0.08333333333333337,50;51;81;117;123;132;159;191;217;248;254;257;293;317;325;350;391;412;418;464;484;489;551;572;593;613;692;717;719;737
"cell(3,0)_ch11",base,1,0.625,0.0,50;51;81;117;123;132;159;191;217;248;254;257;293;317;325;350;391;412;418;464;484;489;551;572;593;613;692;717;719;737
"cell(3,0)_ch11",plus,1,0.625,0.0,50;51;81;117;123;132;159;191;217;248;254;257;293;317;325;350;391;412;418;464;484;489;551;572;593;613;692;717;719;737
"cell(3,0)_ch11",action_only,1,0.5,-0.125,50;51;81;117;123;132;159;191;217;248;254;257;293;317;325;350;391;412;418;464;484;489;551;572;593;613;692;717;719;737
"cell(3,1)_ch6",base,all,0.25573770491803277,0.0,50;51;81;117;123;132;159;191;217;248;254;257;293;317;325;350;391;412;418;464;484;489;551;572;593;613;692;717;719;737
"cell(3,1)_ch6",plus,all,0.23278688524590166,-0.022950819672131112,50;51;81;117;123;132;159;191;217;248;254;257;293;317;325;350;391;412;418;464;484;489;551;572;593;613;692;717;719;737
"cell(3,1)_ch6",action_only,all,0.48688524590163934,0.23114754098360657,50;51;81;117;123;132;159;191;217;248;254;257;293;317;325;350;391;412;418;464;484;489;551;572;593;613;692;717;719;737
"cell(3,1)_ch6",base,0,0.25,0.0,50;51;81;117;123;132;159;191;217;248;254;257;293;317;325;350;391;412;418;464;484;489;551;572;593;613;692;717;719;737
"cell(3,1)_ch6",plus,0,0.2777777777777778,0.02777777777777779,50;51;81;117;123;132;159;191;217;248;254;257;293;317;325;350;391;412;418;464;484;489;551;572;593;613;692;717;719;737
"cell(3,1)_ch6",action_only,0,0.5,0.25,50;51;81;117;123;132;159;191;217;248;254;257;293;317;325;350;391;412;418;464;484;489;551;572;593;613;692;717;719;737
"cell(3,1)_ch6",base,1,0.2727272727272727,0.0,50;51;81;117;123;132;159;191;217;248;254;257;293;317;325;350;391;412;418;464;484;489;551;572;593;613;692;717;719;737
"cell(3,1)_ch6",plus,1,0.2272727272727273,-0.045454545454545414,50;51;81;117;123;132;159;191;217;248;254;257;293;317;325;350;391;412;418;464;484;489;551;572;593;613;692;717;719;737
"cell(3,1)_ch6",action_only,1,0.5,0.2272727272727273,50;51;81;117;123;132;159;191;217;248;254;257;293;317;325;350;391;412;418;464;484;489;551;572;593;613;692;717;719;737
"cell(3,1)_ch6",base,3,0.18181818181818177,0.0,50;51;81;117;123;132;159;191;217;248;254;257;293;317;325;350;391;412;418;464;484;489;551;572;593;613;692;717;719;737
"cell(3,1)_ch6",plus,3,0.18181818181818177,0.0,50;51;81;117;123;132;159;191;217;248;254;257;293;317;325;350;391;412;418;464;484;489;551;572;593;613;692;717;719;737
"cell(3,1)_ch6",action_only,3,0.5,0.31818181818181823,50;51;81;117;123;132;159;191;217;248;254;257;293;317;325;350;391;412;418;464;484;489;551;572;593;613;692;717;719;737
"cell(3,2)_ch4",base,all,0.5147540983606558,0.0,50;51;81;117;123;132;159;191;217;248;254;257;293;317;325;350;391;412;418;464;484;489;551;572;593;613;692;717;719;737
"cell(3,2)_ch4",plus,all,0.44098360655737706,-0.07377049180327871,50;51;81;117;123;132;159;191;217;248;254;257;293;317;325;350;391;412;418;464;484;489;551;572;593;613;692;717;719;737
"cell(3,2)_ch4",action_only,all,0.2262295081967213,-0.2885245901639345,50;51;81;117;123;132;159;191;217;248;254;257;293;317;325;350;391;412;418;464;484;489;551;572;593;613;692;717;719;737
"cell(3,2)_ch4",base,0,0.42105263157894735,0.0,50;51;81;117;123;132;159;191;217;248;254;257;293;317;325;350;391;412;418;464;484;489;551;572;593;613;692;717;719;737
"cell(3,2)_ch4",plus,0,0.368421052631579,-0.05263157894736836,50;51;81;117;123;132;159;191;217;248;254;257;293;317;325;350;391;412;418;464;484;489;551;572;593;613;692;717;719;737
"cell(3,2)_ch4",action_only,0,0.5,0.07894736842105265,50;51;81;117;123;132;159;191;217;248;254;257;293;317;325;350;391;412;418;464;484;489;551;572;593;613;692;717;719;737
"cell(3,2)_ch4",base,1,0.65,0.0,50;51;81;117;123;132;159;191;217;248;254;257;293;317;325;350;391;412;418;464;484;489;551;572;593;613;692;717;719;737
"cell(3,2)_ch4",plus,1,0.65,0.0,50;51;81;117;123;132;159;191;217;248;254;257;293;317;325;350;391;412;418;464;484;489;551;572;593;613;692;717;719;737
"cell(3,2)_ch4",action_only,1,0.5,-0.15000000000000002,50;51;81;117;123;132;159;191;217;248;254;257;293;317;325;350;391;412;418;464;484;489;551;572;593;613;692;717;719;737
"cell(3,2)_ch4",base,3,0.8181818181818181,0.0,50;51;81;117;123;132;159;191;217;248;254;257;293;317;325;350;391;412;418;464;484;489;551;572;593;613;692;717;719;737
"cell(3,2)_ch4",plus,3,0.8181818181818181,0.0,50;51;81;117;123;132;159;191;217;248;254;257;293;317;325;350;391;412;418;464;484;489;551;572;593;613;692;717;719;737
"cell(3,2)_ch4",action_only,3,0.5,-0.3181818181818181,50;51;81;117;123;132;159;191;217;248;254;257;293;317;325;350;391;412;418;464;484;489;551;572;593;613;692;717;719;737
"cell(3,2)_ch8",base,all,0.423728813559322,0.0,50;51;81;117;123;132;159;191;217;248;254;257;293;317;325;350;391;412;418;464;484;489;551;572;593;613;692;717;719;737
"cell(3,2)_ch8",plus,all,0.4152542372881356,-0.008474576271186418,50;51;81;117;123;132;159;191;217;248;254;257;293;317;325;350;391;412;418;464;484;489;551;572;593;613;692;717;719;737
"cell(3,2)_ch8",action_only,all,0.513317191283293,0.08958837772397099,50;51;81;117;123;132;159;191;217;248;254;257;293;317;325;350;391;412;418;464;484;489;551;572;593;613;692;717;719;737
"cell(3,2)_ch8",base,0,0.5,0.0,50;51;81;117;123;132;159;191;217;248;254;257;293;317;325;350;391;412;418;464;484;489;551;572;593;613;692;717;719;737
"cell(3,2)_ch8",plus,0,0.5,0.0,50;51;81;117;123;132;159;191;217;248;254;257;293;317;325;350;391;412;418;464;484;489;551;572;593;613;692;717;719;737
"cell(3,2)_ch8",action_only,0,0.5,0.0,50;51;81;117;123;132;159;191;217;248;254;257;293;317;325;350;391;412;418;464;484;489;551;572;593;613;692;717;719;737
"cell(3,2)_ch8",base,1,0.16666666666666663,0.0,50;51;81;117;123;132;159;191;217;248;254;257;293;317;325;350;391;412;418;464;484;489;551;572;593;613;692;717;719;737
"cell(3,2)_ch8",plus,1,0.16666666666666663,0.0,50;51;81;117;123;132;159;191;217;248;254;257;293;317;325;350;391;412;418;464;484;489;551;572;593;613;692;717;719;737
"cell(3,2)_ch8",action_only,1,0.5,0.33333333333333337,50;51;81;117;123;132;159;191;217;248;254;257;293;317;325;350;391;412;418;464;484;489;551;572;593;613;692;717;719;737
"cell(3,2)_ch8",base,2,0.5921052631578947,0.0,50;51;81;117;123;132;159;191;217;248;254;257;293;317;325;350;391;412;418;464;484;489;551;572;593;613;692;717;719;737
"cell(3,2)_ch8",plus,2,0.5921052631578947,0.0,50;51;81;117;123;132;159;191;217;248;254;257;293;317;325;350;391;412;418;464;484;489;551;572;593;613;692;717;719;737
"cell(3,2)_ch8",action_only,2,0.5,-0.09210526315789469,50;51;81;117;123;132;159;191;217;248;254;257;293;317;325;350;391;412;418;464;484;489;551;572;593;613;692;717;719;737
"cell(3,2)_ch8",base,3,0.25,0.0,50;51;81;117;123;132;159;191;217;248;254;257;293;317;325;350;391;412;418;464;484;489;551;572;593;613;692;717;719;737
"cell(3,2)_ch8",plus,3,0.25,0.0,50;51;81;117;123;132;159;191;217;248;254;257;293;317;325;350;391;412;418;464;484;489;551;572;593;613;692;717;719;737
"cell(3,2)_ch8",action_only,3,0.5,0.25,50;51;81;117;123;132;159;191;217;248;254;257;293;317;325;350;391;412;418;464;484;489;551;572;593;613;692;717;719;737
"cell(3,4)_ch0",base,all,0.38577586206896547,0.0,50;51;81;117;123;132;159;191;217;248;254;257;293;317;325;350;391;412;418;464;484;489;551;572;593;613;692;717;719;737
"cell(3,4)_ch0",plus,all,0.42887931034482757,0.0431034482758621,50;51;81;117;123;132;159;191;217;248;254;257;293;317;325;350;391;412;418;464;484;489;551;572;593;613;692;717;719;737
"cell(3,4)_ch0",action_only,all,0.5743534482758621,0.18857758620689663,50;51;81;117;123;132;159;191;217;248;254;257;293;317;325;350;391;412;418;464;484;489;551;572;593;613;692;717;719;737
"cell(3,4)_ch0",base,0,0.3055555555555555,0.0,50;51;81;117;123;132;159;191;217;248;254;257;293;317;325;350;391;412;418;464;484;489;551;572;593;613;692;717;719;737
"cell(3,4)_ch0",plus,0,0.2777777777777778,-0.027777777777777735,50;51;81;117;123;132;159;191;217;248;254;257;293;317;325;350;391;412;418;464;484;489;551;572;593;613;692;717;719;737
"cell(3,4)_ch0",action_only,0,0.5,0.19444444444444448,50;51;81;117;123;132;159;191;217;248;254;257;293;317;325;350;391;412;418;464;484;489;551;572;593;613;692;717;719;737
"cell(3,4)_ch0",base,1,0.0,0.0,50;51;81;117;123;132;159;191;217;248;254;257;293;317;325;350;391;412;418;464;484;489;551;572;593;613;692;717;719;737
"cell(3,4)_ch0",plus,1,0.0,0.0,50;51;81;117;123;132;159;191;217;248;254;257;293;317;325;350;391;412;418;464;484;489;551;572;593;613;692;717;719;737
"cell(3,4)_ch0",action_only,1,0.5,0.5,50;51;81;117;123;132;159;191;217;248;254;257;293;317;325;350;391;412;418;464;484;489;551;572;593;613;692;717;719;737
"cell(3,4)_ch0",base,2,0.5263157894736843,0.0,50;51;81;117;123;132;159;191;217;248;254;257;293;317;325;350;391;412;418;464;484;489;551;572;593;613;692;717;719;737
"cell(3,4)_ch0",plus,2,0.5526315789473685,0.02631578947368418,50;51;81;117;123;132;159;191;217;248;254;257;293;317;325;350;391;412;418;464;484;489;551;572;593;613;692;717;719;737
"cell(3,4)_ch0",action_only,2,0.5,-0.026315789473684292,50;51;81;117;123;132;159;191;217;248;254;257;293;317;325;350;391;412;418;464;484;489;551;572;593;613;692;717;719;737
"cell(3,4)_ch0",base,3,0.4074074074074074,0.0,50;51;81;117;123;132;159;191;217;248;254;257;293;317;325;350;391;412;418;464;484;489;551;572;593;613;692;717;719;737
"cell(3,4)_ch0",plus,3,0.4074074074074074,0.0,50;51;81;117;123;132;159;191;217;248;254;257;293;317;325;350;391;412;418;464;484;489;551;572;593;613;692;717;719;737
"cell(3,4)_ch0",action_only,3,0.5,0.09259259259259262,50;51;81;117;123;132;159;191;217;248;254;257;293;317;325;350;391;412;418;464;484;489;551;572;593;613;692;717;719;737
"cell(3,4)_ch2",base,all,0.3967213114754099,0.0,50;51;81;117;123;132;159;191;217;248;254;257;293;317;325;350;391;412;418;464;484;489;551;572;593;613;692;717;719;737
"cell(3,4)_ch2",plus,all,0.36065573770491804,-0.036065573770491854,50;51;81;117;123;132;159;191;217;248;254;257;293;317;325;350;391;412;418;464;484;489;551;572;593;613;692;717;719;737
"cell(3,4)_ch2",action_only,all,0.419672131147541,0.022950819672131084,50;51;81;117;123;132;159;191;217;248;254;257;293;317;325;350;391;412;418;464;484;489;551;572;593;613;692;717;719;737
"cell(3,4)_ch2",base,0,0.052631578947368474,0.0,50;51;81;117;123;132;159;191;217;248;254;257;293;317;325;350;391;412;418;464;484;489;551;572;593;613;692;717;719;737
"cell(3,4)_ch2",plus,0,0.052631578947368474,0.0,50;51;81;117;123;132;159;191;217;248;254;257;293;317;325;350;391;412;418;464;484;489;551;572;593;613;692;717;719;737
"cell(3,4)_ch2",action_only,0,0.5,0.4473684210526315,50;51;81;117;123;132;159;191;217;248;254;257;293;317;325;350;391;412;418;464;484;489;551;572;593;613;692;717;719;737
"cell(3,4)_ch2",base,1,0.7272727272727273,0.0,50;51;81;117;123;132;159;191;217;248;254;257;293;317;325;350;391;412;418;464;484;489;551;572;593;613;692;717;719;737
"cell(3,4)_ch2",plus,1,0.5909090909090909,-0.13636363636363635,50;51;81;117;123;132;159;191;217;248;254;257;293;317;325;350;391;412;418;464;484;489;551;572;593;613;692;717;719;737
"cell(3,4)_ch2",action_only,1,0.5,-0.2272727272727273,50;51;81;117;123;132;159;191;217;248;254;257;293;317;325;350;391;412;418;464;484;489;551;572;593;613;692;717;719;737
"cell(3,4)_ch2",base,2,0.5,0.0,50;51;81;117;123;132;159;191;217;248;254;257;293;317;325;350;391;412;418;464;484;489;551;572;593;613;692;717;719;737
"cell(3,4)_ch2",plus,2,0.5,0.0,50;51;81;117;123;132;159;191;217;248;254;257;293;317;325;350;391;412;418;464;484;489;551;572;593;613;692;717;719;737
"cell(3,4)_ch2",action_only,2,0.5,0.0,50;51;81;117;123;132;159;191;217;248;254;257;293;317;325;350;391;412;418;464;484;489;551;572;593;613;692;717;719;737
"cell(3,4)_ch2",base,3,0.6363636363636364,0.0,50;51;81;117;123;132;159;191;217;248;254;257;293;317;325;350;391;412;418;464;484;489;551;572;593;613;692;717;719;737
"cell(3,4)_ch2",plus,3,0.7272727272727273,0.09090909090909094,50;51;81;117;123;132;159;191;217;248;254;257;293;317;325;350;391;412;418;464;484;489;551;572;593;613;692;717;719;737
"cell(3,4)_ch2",action_only,3,0.5,-0.13636363636363635,50;51;81;117;123;132;159;191;217;248;254;257;293;317;325;350;391;412;418;464;484;489;551;572;593;613;692;717;719;737
"cell(3,4)_ch5",base,all,0.4147540983606558,0.0,50;51;81;117;123;132;159;191;217;248;254;257;293;317;325;350;391;412;418;464;484;489;551;572;593;613;692;717;719;737
"cell(3,4)_ch5",plus,all,0.42950819672131146,0.014754098360655665,50;51;81;117;123;132;159;191;217;248;254;257;293;317;325;350;391;412;418;464;484;489;551;572;593;613;692;717;719;737
"cell(3,4)_ch5",action_only,all,0.39672131147540984,-0.018032786885245955,50;51;81;117;123;132;159;191;217;248;254;257;293;317;325;350;391;412;418;464;484;489;551;572;593;613;692;717;719;737
"cell(3,4)_ch5",base,0,0.6527777777777778,0.0,50;51;81;117;123;132;159;191;217;248;254;257;293;317;325;350;391;412;418;464;484;489;551;572;593;613;692;717;719;737
"cell(3,4)_ch5",plus,0,0.7083333333333334,0.05555555555555558,50;51;81;117;123;132;159;191;217;248;254;257;293;317;325;350;391;412;418;464;484;489;551;572;593;613;692;717;719;737
"cell(3,4)_ch5",action_only,0,0.5,-0.1527777777777778,50;51;81;117;123;132;159;191;217;248;254;257;293;317;325;350;391;412;418;464;484;489;551;572;593;613;692;717;719;737
"cell(3,4)_ch5",base,1,0.41666666666666663,0.0,50;51;81;117;123;132;159;191;217;248;254;257;293;317;325;350;391;412;418;464;484;489;551;572;593;613;692;717;719;737
"cell(3,4)_ch5",plus,1,0.33333333333333337,-0.08333333333333326,50;51;81;117;123;132;159;191;217;248;254;257;293;317;325;350;391;412;418;464;484;489;551;572;593;613;692;717;719;737
"cell(3,4)_ch5",action_only,1,0.5,0.08333333333333337,50;51;81;117;123;132;159;191;217;248;254;257;293;317;325;350;391;412;418;464;484;489;551;572;593;613;692;717;719;737
"cell(3,4)_ch5",base,2,0.17105263157894737,0.0,50;51;81;117;123;132;159;191;217;248;254;257;293;317;325;350;391;412;418;464;484;489;551;572;593;613;692;717;719;737
"cell(3,4)_ch5",plus,2,0.17105263157894737,0.0,50;51;81;117;123;132;159;191;217;248;254;257;293;317;325;350;391;412;418;464;484;489;551;572;593;613;692;717;719;737
"cell(3,4)_ch5",action_only,2,0.5,0.32894736842105265,50;51;81;117;123;132;159;191;217;248;254;257;293;317;325;350;391;412;418;464;484;489;551;572;593;613;692;717;719;737
"cell(3,4)_ch8",base,all,0.5819444444444444,0.0,50;51;81;117;123;132;159;191;217;248;254;257;293;317;325;350;391;412;418;464;484;489;551;572;593;613;692;717;719;737
"cell(3,4)_ch8",plus,all,0.5291666666666666,-0.05277777777777781,50;51;81;117;123;132;159;191;217;248;254;257;293;317;325;350;391;412;418;464;484;489;551;572;593;613;692;717;719;737
"cell(3,4)_ch8",action_only,all,0.3763888888888889,-0.2055555555555555,50;51;81;117;123;132;159;191;217;248;254;257;293;317;325;350;391;412;418;464;484;489;551;572;593;613;692;717;719;737
"cell(3,4)_ch8",base,0,0.9444444444444444,0.0,50;51;81;117;123;132;159;191;217;248;254;257;293;317;325;350;391;412;418;464;484;489;551;572;593;613;692;717;719;737
"cell(3,4)_ch8",plus,0,0.9444444444444444,0.0,50;51;81;117;123;132;159;191;217;248;254;257;293;317;325;350;391;412;418;464;484;489;551;572;593;613;692;717;719;737
"cell(3,4)_ch8",action_only,0,0.5,-0.4444444444444444,50;51;81;117;123;132;159;191;217;248;254;257;293;317;325;350;391;412;418;464;484;489;551;572;593;613;692;717;719;737
"cell(3,4)_ch8",base,1,0.34090909090909094,0.0,50;51;81;117;123;132;159;191;217;248;254;257;293;317;325;350;391;412;418;464;484;489;551;572;593;613;692;717;719;737
"cell(3,4)_ch8",plus,1,0.34090909090909094,0.0,50;51;81;117;123;132;159;191;217;248;254;257;293;317;325;350;391;412;418;464;484;489;551;572;593;613;692;717;719;737
"cell(3,4)_ch8",action_only,1,0.5,0.15909090909090906,50;51;81;117;123;132;159;191;217;248;254;257;293;317;325;350;391;412;418;464;484;489;551;572;593;613;692;717;719;737
"cell(3,4)_ch8",base,2,0.9500000000000001,0.0,50;51;81;117;123;132;159;191;217;248;254;257;293;317;325;350;391;412;418;464;484;489;551;572;593;613;692;717;719;737
"cell(3,4)_ch8",plus,2,0.95,-1.1102230246251565e-16,50;51;81;117;123;132;159;191;217;248;254;257;293;317;325;350;391;412;418;464;484;489;551;572;593;613;692;717;719;737
"cell(3,4)_ch8",action_only,2,0.5,-0.45000000000000007,50;51;81;117;123;132;159;191;217;248;254;257;293;317;325;350;391;412;418;464;484;489;551;572;593;613;692;717;719;737
"cell(3,4)_ch8",base,3,0.0,0.0,50;51;81;117;123;132;159;191;217;248;254;257;293;317;325;350;391;412;418;464;484;489;551;572;593;613;692;717;719;737
"cell(3,4)_ch8",plus,3,0.0,0.0,50;51;81;117;123;132;159;191;217;248;254;257;293;317;325;350;391;412;418;464;484;489;551;572;593;613;692;717;719;737
"cell(3,4)_ch8",action_only,3,0.5,0.5,50;51;81;117;123;132;159;191;217;248;254;257;293;317;325;350;391;412;418;464;484;489;551;572;593;613;692;717;719;737
"cell(3,5)_ch3",base,all,0.4540983606557377,0.0,50;51;81;117;123;132;159;191;217;248;254;257;293;317;325;350;391;412;418;464;484;489;551;572;593;613;692;717;719;737
"cell(3,5)_ch3",plus,all,0.6114754098360655,0.1573770491803278,50;51;81;117;123;132;159;191;217;248;254;257;293;317;325;350;391;412;418;464;484;489;551;572;593;613;692;717;719;737
"cell(3,5)_ch3",action_only,all,0.6655737704918034,0.21147540983606572,50;51;81;117;123;132;159;191;217;248;254;257;293;317;325;350;391;412;418;464;484;489;551;572;593;613;692;717;719;737
"cell(3,5)_ch3",base,0,0.22222222222222227,0.0,50;51;81;117;123;132;159;191;217;248;254;257;293;317;325;350;391;412;418;464;484;489;551;572;593;613;692;717;719;737
"cell(3,5)_ch3",plus,0,0.22222222222222227,0.0,50;51;81;117;123;132;159;191;217;248;254;257;293;317;325;350;391;412;418;464;484;489;551;572;593;613;692;717;719;737
"cell(3,5)_ch3",action_only,0,0.5,0.27777777777777773,50;51;81;117;123;132;159;191;217;248;254;257;293;317;325;350;391;412;418;464;484;489;551;572;593;613;692;717;719;737
"cell(3,5)_ch3",base,1,0.5,0.0,50;51;81;117;123;132;159;191;217;248;254;257;293;317;325;350;391;412;418;464;484;489;551;572;593;613;692;717;719;737
"cell(3,5)_ch3",plus,1,0.4545454545454546,-0.045454545454545414,50;51;81;117;123;132;159;191;217;248;254;257;293;317;325;350;391;412;418;464;484;489;551;572;593;613;692;717;719;737
"cell(3,5)_ch3",action_only,1,0.5,0.0,50;51;81;117;123;132;159;191;217;248;254;257;293;317;325;350;391;412;418;464;484;489;551;572;593;613;692;717;719;737
"cell(3,5)_ch3",base,2,0.9249999999999999,0.0,50;51;81;117;123;132;159;191;217;248;254;257;293;317;325;350;391;412;418;464;484;489;551;572;593;613;692;717;719;737
"cell(3,5)_ch3",plus,2,0.9249999999999999,0.0,50;51;81;117;123;132;159;191;217;248;254;257;293;317;325;350;391;412;418;464;484;489;551;572;593;613;692;717;719;737
"cell(3,5)_ch3",action_only,2,0.5,-0.42499999999999993,50;51;81;117;123;132;159;191;217;248;254;257;293;317;325;350;391;412;418;464;484;489;551;572;593;613;692;717;719;737
"cell(3,5)_ch10",base,all,0.5222222222222223,0.0,50;51;81;117;123;132;159;191;217;248;254;257;293;317;325;350;391;412;418;464;484;489;551;572;593;613;692;717;719;737
"cell(3,5)_ch10",plus,all,0.5277777777777778,0.005555555555555536,50;51;81;117;123;132;159;191;217;248;254;257;293;317;325;350;391;412;418;464;484;489;551;572;593;613;692;717;719;737
"cell(3,5)_ch10",action_only,all,0.5847222222222221,0.06249999999999989,50;51;81;117;123;132;159;191;217;248;254;257;293;317;325;350;391;412;418;464;484;489;551;572;593;613;692;717;719;737
"cell(3,5)_ch10",base,1,0.0,0.0,50;51;81;117;123;132;159;191;217;248;254;257;293;317;325;350;391;412;418;464;484;489;551;572;593;613;692;717;719;737
"cell(3,5)_ch10",plus,1,0.0,0.0,50;51;81;117;123;132;159;191;217;248;254;257;293;317;325;350;391;412;418;464;484;489;551;572;593;613;692;717;719;737
"cell(3,5)_ch10",action_only,1,0.5,0.5,50;51;81;117;123;132;159;191;217;248;254;257;293;317;325;350;391;412;418;464;484;489;551;572;593;613;692;717;719;737
"cell(3,5)_ch10",base,2,0.8947368421052632,0.0,50;51;81;117;123;132;159;191;217;248;254;257;293;317;325;350;391;412;418;464;484;489;551;572;593;613;692;717;719;737
"cell(3,5)_ch10",plus,2,0.894736842105263,-1.1102230246251565e-16,50;51;81;117;123;132;159;191;217;248;254;257;293;317;325;350;391;412;418;464;484;489;551;572;593;613;692;717;719;737
"cell(3,5)_ch10",action_only,2,0.5,-0.39473684210526316,50;51;81;117;123;132;159;191;217;248;254;257;293;317;325;350;391;412;418;464;484;489;551;572;593;613;692;717;719;737
"cell(3,5)_ch10",base,3,0.4444444444444444,0.0,50;51;81;117;123;132;159;191;217;248;254;257;293;317;325;350;391;412;418;464;484;489;551;572;593;613;692;717;719;737
"cell(3,5)_ch10",plus,3,0.4444444444444444,0.0,50;51;81;117;123;132;159;191;217;248;254;257;293;317;325;350;391;412;418;464;484;489;551;572;593;613;692;717;719;737
"cell(3,5)_ch10",action_only,3,0.5,0.05555555555555558,50;51;81;117;123;132;159;191;217;248;254;257;293;317;325;350;391;412;418;464;484;489;551;572;593;613;692;717;719;737
"cell(3,6)_ch4",base,all,0.45573770491803284,0.0,50;51;81;117;123;132;159;191;217;248;254;257;293;317;325;350;391;412;418;464;484;489;551;572;593;613;692;717;719;737
"cell(3,6)_ch4",plus,all,0.4770491803278689,0.021311475409836078,50;51;81;117;123;132;159;191;217;248;254;257;293;317;325;350;391;412;418;464;484;489;551;572;593;613;692;717;719;737
"cell(3,6)_ch4",action_only,all,0.5557377049180328,0.09999999999999992,50;51;81;117;123;132;159;191;217;248;254;257;293;317;325;350;391;412;418;464;484;489;551;572;593;613;692;717;719;737
"cell(3,6)_ch4",base,0,0.7777777777777778,0.0,50;51;81;117;123;132;159;191;217;248;254;257;293;317;325;350;391;412;418;464;484;489;551;572;593;613;692;717;719;737
"cell(3,6)_ch4",plus,0,0.7777777777777778,0.0,50;51;81;117;123;132;159;191;217;248;254;257;293;317;325;350;391;412;418;464;484;489;551;572;593;613;692;717;719;737
"cell(3,6)_ch4",action_only,0,0.5,-0.2777777777777778,50;51;81;117;123;132;159;191;217;248;254;257;293;317;325;350;391;412;418;464;484;489;551;572;593;613;692;717;719;737
"cell(3,6)_ch4",base,1,0.41666666666666663,0.0,50;51;81;117;123;132;159;191;217;248;254;257;293;317;325;350;391;412;418;464;484;489;551;572;593;613;692;717;719;737
"cell(3,6)_ch4",plus,1,0.41666666666666663,0.0,50;51;81;117;123;132;159;191;217;248;254;257;293;317;325;350;391;412;418;464;484;489;551;572;593;613;692;717;719;737
"cell(3,6)_ch4",action_only,1,0.5,0.08333333333333337,50;51;81;117;123;132;159;191;217;248;254;257;293;317;325;350;391;412;418;464;484;489;551;572;593;613;692;717;719;737
"cell(3,6)_ch4",base,2,0.375,0.0,50;51;81;117;123;132;159;191;217;248;254;257;293;317;325;350;391;412;418;464;484;489;551;572;593;613;692;717;719;737
"cell(3,6)_ch4",plus,2,0.375,0.0,50;51;81;117;123;132;159;191;217;248;254;257;293;317;325;350;391;412;418;464;484;489;551;572;593;613;692;717;719;737
"cell(3,6)_ch4",action_only,2,0.5,0.125,50;51;81;117;123;132;159;191;217;248;254;257;293;317;325;350;391;412;418;464;484;489;551;572;593;613;692;717;719;737
"cell(3,6)_ch4",base,3,0.0,0.0,50;51;81;117;123;132;159;191;217;248;254;257;293;317;325;350;391;412;418;464;484;489;551;572;593;613;692;717;719;737
"cell(3,6)_ch4",plus,3,0.0,0.0,50;51;81;117;123;132;159;191;217;248;254;257;293;317;325;350;391;412;418;464;484;489;551;572;593;613;692;717;719;737
"cell(3,6)_ch4",action_only,3,0.5,0.5,50;51;81;117;123;132;159;191;217;248;254;257;293;317;325;350;391;412;418;464;484;489;551;572;593;613;692;717;719;737
"cell(4,0)_ch8",base,all,0.6081967213114755,0.0,50;51;81;117;123;132;159;191;217;248;254;257;293;317;325;350;391;412;418;464;484;489;551;572;593;613;692;717;719;737
"cell(4,0)_ch8",plus,all,0.5393442622950819,-0.06885245901639359,50;51;81;117;123;132;159;191;217;248;254;257;293;317;325;350;391;412;418;464;484;489;551;572;593;613;692;717;719;737
"cell(4,0)_ch8",action_only,all,0.5147540983606558,-0.09344262295081973,50;51;81;117;123;132;159;191;217;248;254;257;293;317;325;350;391;412;418;464;484;489;551;572;593;613;692;717;719;737
"cell(4,0)_ch8",base,0,0.8421052631578947,0.0,50;51;81;117;123;132;159;191;217;248;254;257;293;317;325;350;391;412;418;464;484;489;551;572;593;613;692;717;719;737
"cell(4,0)_ch8",plus,0,0.8421052631578947,0.0,50;51;81;117;123;132;159;191;217;248;254;257;293;317;325;350;391;412;418;464;484;489;551;572;593;613;692;717;719;737
"cell(4,0)_ch8",action_only,0,0.5,-0.3421052631578947,50;51;81;117;123;132;159;191;217;248;254;257;293;317;325;350;391;412;418;464;484;489;551;572;593;613;692;717;719;737
"cell(4,0)_ch8",base,1,0.18181818181818177,0.0,50;51;81;117;123;132;159;191;217;248;254;257;293;317;325;350;391;412;418;464;484;489;551;572;593;613;692;717;719;737
"cell(4,0)_ch8",plus,1,0.3181818181818182,0.1363636363636364,50;51;81;117;123;132;159;191;217;248;254;257;293;317;325;350;391;412;418;464;484;489;551;572;593;613;692;717;719;737
"cell(4,0)_ch8",action_only,1,0.5,0.31818181818181823,50;51;81;117;123;132;159;191;217;248;254;257;293;317;325;350;391;412;418;464;484;489;551;572;593;613;692;717;719;737
"cell(4,0)_ch8",base,2,0.475,0.0,50;51;81;117;123;132;159;191;217;248;254;257;293;317;325;350;391;412;418;464;484;489;551;572;593;613;692;717;719;737
"cell(4,0)_ch8",plus,2,0.525,0.050000000000000044,50;51;81;117;123;132;159;191;217;248;254;257;293;317;325;350;391;412;418;464;484;489;551;572;593;613;692;717;719;737
"cell(4,0)_ch8",action_only,2,0.5,0.025000000000000022,50;51;81;117;123;132;159;191;217;248;254;257;293;317;325;350;391;412;418;464;484;489;551;572;593;613;692;717;719;737
"cell(4,0)_ch8",base,3,1.0,0.0,50;51;81;117;123;132;159;191;217;248;254;257;293;317;325;350;391;412;418;464;484;489;551;572;593;613;692;717;719;737
"cell(4,0)_ch8",plus,3,1.0,0.0,50;51;81;117;123;132;159;191;217;248;254;257;293;317;325;350;391;412;418;464;484;489;551;572;593;613;692;717;719;737
"cell(4,0)_ch8",action_only,3,0.5,-0.5,50;51;81;117;123;132;159;191;217;248;254;257;293;317;325;350;391;412;418;464;484;489;551;572;593;613;692;717;719;737
"cell(4,0)_ch9",base,all,0.4295081967213115,0.0,50;51;81;117;123;132;159;191;217;248;254;257;293;317;325;350;391;412;418;464;484;489;551;572;593;613;692;717;719;737
"cell(4,0)_ch9",plus,all,0.43442622950819676,0.00491803278688524,50;51;81;117;123;132;159;191;217;248;254;257;293;317;325;350;391;412;418;464;484;489;551;572;593;613;692;717;719;737
"cell(4,0)_ch9",action_only,all,0.4950819672131148,0.0655737704918033,50;51;81;117;123;132;159;191;217;248;254;257;293;317;325;350;391;412;418;464;484;489;551;572;593;613;692;717;719;737
"cell(4,0)_ch9",base,0,0.013888888888888895,0.0,50;51;81;117;123;132;159;191;217;248;254;257;293;317;325;350;391;412;418;464;484;489;551;572;593;613;692;717;719;737
"cell(4,0)_ch9",plus,0,0.013888888888888895,0.0,50;51;81;117;123;132;159;191;217;248;254;257;293;317;325;350;391;412;418;464;484;489;551;572;593;613;692;717;719;737
"cell(4,0)_ch9",action_only,0,0.5,0.4861111111111111,50;51;81;117;123;132;159;191;217;248;254;257;293;317;325;350;391;412;418;464;484;489;551;572;593;613;692;717;719;737
"cell(4,0)_ch9",base,2,0.44999999999999996,0.0,50;51;81;117;123;132;159;191;217;248;254;257;293;317;325;350;391;412;418;464;484;489;551;572;593;613;692;717;719;737
"cell(4,0)_ch9",plus,2,0.44999999999999996,0.0,50;51;81;117;123;132;159;191;217;248;254;257;293;317;325;350;391;412;418;464;484;489;551;572;593;613;692;717;719;737
"cell(4,0)_ch9",action_only,2,0.5,0.050000000000000044,50;51;81;117;123;132;159;191;217;248;254;257;293;317;325;350;391;412;418;464;484;489;551;572;593;613;692;717;719;737
"cell(4,0)_ch9",base,3,0.8500000000000001,0.0,50;51;81;117;123;132;159;191;217;248;254;257;293;317;325;350;391;412;418;464;484;489;551;572;593;613;692;717;719;737
"cell(4,0)_ch9",plus,3,0.8500000000000001,0.0,50;51;81;117;123;132;159;191;217;248;254;257;293;317;325;350;391;412;418;464;484;489;551;572;593;613;692;717;719;737
"cell(4,0)_ch9",action_only,3,0.5,-0.3500000000000001,50;51;81;117;123;132;159;191;217;248;254;257;293;317;325;350;391;412;418;464;484;489;551;572;593;613;692;717;719;737
"cell(4,1)_ch0",base,all,0.2983606557377049,0.0,50;51;81;117;123;132;159;191;217;248;254;257;293;317;325;350;391;412;418;464;484;489;551;572;593;613;692;717;719;737
"cell(4,1)_ch0",plus,all,0.45081967213114754,0.15245901639344261,50;51;81;117;123;132;159;191;217;248;254;257;293;317;325;350;391;412;418;464;484;489;551;572;593;613;692;717;719;737
"cell(4,1)_ch0",action_only,all,0.39836065573770496,0.10000000000000003,50;51;81;117;123;132;159;191;217;248;254;257;293;317;325;350;391;412;418;464;484;489;551;572;593;613;692;717;719;737
"cell(4,1)_ch0",base,0,0.1578947368421053,0.0,50;51;81;117;123;132;159;191;217;248;254;257;293;317;325;350;391;412;418;464;484;489;551;572;593;613;692;717;719;737
"cell(4,1)_ch0",plus,0,0.052631578947368474,-0.10526315789473684,50;51;81;117;123;132;159;191;217;248;254;257;293;317;325;350;391;412;418;464;484;489;551;572;593;613;692;717;719;737
"cell(4,1)_ch0",action_only,0,0.5,0.3421052631578947,50;51;81;117;123;132;159;191;217;248;254;257;293;317;325;350;391;412;418;464;484;489;551;572;593;613;692;717;719;737
"cell(4,1)_ch0",base,1,0.33333333333333337,0.0,50;51;81;117;123;132;159;191;217;248;254;257;293;317;325;350;391;412;418;464;484;489;551;572;593;613;692;717;719;737
"cell(4,1)_ch0",plus,1,0.33333333333333337,0.0,50;51;81;117;123;132;159;191;217;248;254;257;293;317;325;350;391;412;418;464;484;489;551;572;593;613;692;717;719;737
"cell(4,1)_ch0",action_only,1,0.5,0.16666666666666663,50;51;81;117;123;132;159;191;217;248;254;257;293;317;325;350;391;412;418;464;484;489;551;572;593;613;692;717;719;737
"cell(4,1)_ch0",base,2,0.3240740740740741,0.0,50;51;81;117;123;132;159;191;217;248;254;257;293;317;325;350;391;412;418;464;484;489;551;572;593;613;692;717;719;737
"cell(4,1)_ch0",plus,2,0.34259259259259256,0.018518518518518434,50;51;81;117;123;132;159;191;217;248;254;257;293;317;325;350;391;412;418;464;484;489;551;572;593;613;692;717;719;737
"cell(4,1)_ch0",action_only,2,0.5,0.17592592592592587,50;51;81;117;123;132;159;191;217;248;254;257;293;317;325;350;391;412;418;464;484;489;551;572;593;613;692;717;719;737
"cell(4,2)_ch0",base,all,0.36885245901639346,0.0,50;51;81;117;123;132;159;191;217;248;254;257;293;317;325;350;391;412;418;464;484;489;551;572;593;613;692;717;719;737
"cell(4,2)_ch0",plus,all,0.4327868852459017,0.06393442622950823,50;51;81;117;123;132;159;191;217;248;254;257;293;317;325;350;391;412;418;464;484;489;551;572;593;613;692;717;719;737
"cell(4,2)_ch0",action_only,all,0.3327868852459016,-0.036065573770491854,50;51;81;117;123;132;159;191;217;248;254;257;293;317;325;350;391;412;418;464;484;489;551;572;593;613;692;717;719;737
"cell(4,2)_ch0",base,1,0.36363636363636365,0.0,50;51;81;117;123;132;159;191;217;248;254;257;293;317;325;350;391;412;418;464;484;489;551;572;593;613;692;717;719;737
"cell(4,2)_ch0",plus,1,0.36363636363636365,0.0,50;51;81;117;123;132;159;191;217;248;254;257;293;317;325;350;391;412;418;464;484;489;551;572;593;613;692;717;719;737
"cell(4,2)_ch0",action_only,1,0.5,0.13636363636363635,50;51;81;117;123;132;159;191;217;248;254;257;293;317;325;350;391;412;418;464;484;489;551;572;593;613;692;717;719;737
"cell(4,2)_ch0",base,2,0.368421052631579,0.0,50;51;81;117;123;132;159;191;217;248;254;257;293;317;325;350;391;412;418;464;484;489;551;572;593;613;692;717;719;737
"cell(4,2)_ch0",plus,2,0.368421052631579,0.0,50;51;81;117;123;132;159;191;217;248;254;257;293;317;325;350;391;412;418;464;484;489;551;572;593;613;692;717;719;737
"cell(4,2)_ch0",action_only,2,0.5,0.13157894736842102,50;51;81;117;123;132;159;191;217;248;254;257;293;317;325;350;391;412;418;464;484;489;551;572;593;613;692;717;719;737
"cell(4,2)_ch0",base,3,0.36363636363636365,0.0,50;51;81;117;123;132;159;191;217;248;254;257;293;317;325;350;391;412;418;464;484;489;551;572;593;613;692;717;719;737
"cell(4,2)_ch0",plus,3,0.36363636363636365,0.0,50;51;81;117;123;132;159;191;217;248;254;257;293;317;325;350;391;412;418;464;484;489;551;572;593;613;692;717;719;737
"cell(4,2)_ch0",action_only,3,0.5,0.13636363636363635,50;51;81;117;123;132;159;191;217;248;254;257;293;317;325;350;391;412;418;464;484;489;551;572;593;613;692;717;719;737
"cell(4,2)_ch2",base,all,0.621311475409836,0.0,50;51;81;117;123;132;159;191;217;248;254;257;293;317;325;350;391;412;418;464;484;489;551;572;593;613;692;717;719;737
"cell(4,2)_ch2",plus,all,0.5770491803278689,-0.04426229508196711,50;51;81;117;123;132;159;191;217;248;254;257;293;317;325;350;391;412;418;464;484;489;551;572;593;613;692;717;719;737
"cell(4,2)_ch2",action_only,all,0.45245901639344266,-0.16885245901639334,50;51;81;117;123;132;159;191;217;248;254;257;293;317;325;350;391;412;418;464;484;489;551;572;593;613;692;717;719;737
"cell(4,2)_ch2",base,0,0.5555555555555556,0.0,50;51;81;117;123;132;159;191;217;248;254;257;293;317;325;350;391;412;418;464;484;489;551;572;593;613;692;717;719;737
"cell(4,2)_ch2",plus,0,0.5555555555555556,0.0,50;51;81;117;123;132;159;191;217;248;254;257;293;317;325;350;391;412;418;464;484;489;551;572;593;613;692;717;719;737
"cell(4,2)_ch2",action_only,0,0.5,-0.05555555555555558,50;51;81;117;123;132;159;191;217;248;254;257;293;317;325;350;391;412;418;464;484;489;551;572;593;613;692;717;719;737
"cell(4,2)_ch2",base,2,0.9,0.0,50;51;81;117;123;132;159;191;217;248;254;257;293;317;325;350;391;412;418;464;484;489;551;572;593;613;692;717;719;737
"cell(4,2)_ch2",plus,2,0.9,0.0,50;51;81;117;123;132;159;191;217;248;254;257;293;317;325;350;391;412;418;464;484;489;551;572;593;613;692;717;719;737
"cell(4,2)_ch2",action_only,2,0.5,-0.4,50;51;81;117;123;132;159;191;217;248;254;257;293;317;325;350;391;412;418;464;484;489;551;572;593;613;692;717;719;737
"cell(4,2)_ch2",base,3,0.5,0.0,50;51;81;117;123;132;159;191;217;248;254;257;293;317;325;350;391;412;418;464;484;489;551;572;593;613;692;717;719;737
"cell(4,2)_ch2",plus,3,0.5,0.0,50;51;81;117;123;132;159;191;217;248;254;257;293;317;325;350;391;412;418;464;484;489;551;572;593;613;692;717;719;737
"cell(4,2)_ch2",action_only,3,0.5,0.0,50;51;81;117;123;132;159;191;217;248;254;257;293;317;325;350;391;412;418;464;484;489;551;572;593;613;692;717;719;737
"cell(4,2)_ch9",base,all,0.5387409200968523,0.0,50;51;81;117;123;132;159;191;217;248;254;257;293;317;325;350;391;412;418;464;484;489;551;572;593;613;692;717;719;737
"cell(4,2)_ch9",plus,all,0.4818401937046005,-0.056900726392251744,50;51;81;117;123;132;159;191;217;248;254;257;293;317;325;350;391;412;418;464;484;489;551;572;593;613;692;717;719;737
"cell(4,2)_ch9",action_only,all,0.43825665859564167,-0.10048426150121059,50;51;81;117;123;132;159;191;217;248;254;257;293;317;325;350;391;412;418;464;484;489;551;572;593;613;692;717;719;737
"cell(4,2)_ch9",base,0,0.4411764705882353,0.0,50;51;81;117;123;132;159;191;217;248;254;257;293;317;325;350;391;412;418;464;484;489;551;572;593;613;692;717;719;737
"cell(4,2)_ch9",plus,0,0.42156862745098034,-0.019607843137254943,50;51;81;117;123;132;159;191;217;248;254;257;293;317;325;350;391;412;418;464;484;489;551;572;593;613;692;717;719;737
"cell(4,2)_ch9",action_only,0,0.5,0.05882352941176472,50;51;81;117;123;132;159;191;217;248;254;257;293;317;325;350;391;412;418;464;484;489;551;572;593;613;692;717;719;737
"cell(4,2)_ch9",base,1,0.6666666666666666,0.0,50;51;81;117;123;132;159;191;217;248;254;257;293;317;325;350;391;412;418;464;484;489;551;572;593;613;692;717;719;737
"cell(4,2)_ch9",plus,1,0.5833333333333333,-0.08333333333333337,50;51;81;117;123;132;159;191;217;248;254;257;293;317;325;350;391;412;418;464;484;489;551;572;593;613;692;717;719;737
"cell(4,2)_ch9",action_only,1,0.5,-0.16666666666666663,50;51;81;117;123;132;159;191;217;248;254;257;293;317;325;350;391;412;418;464;484;489;551;572;593;613;692;717;719;737
"cell(4,2)_ch9",base,2,0.6447368421052632,0.0,50;51;81;117;123;132;159;191;217;248;254;257;293;317;325;350;391;412;418;464;484;489;551;572;593;613;692;717;719;737
"cell(4,2)_ch9",plus,2,0.75,0.10526315789473684,50;51;81;117;123;132;159;191;217;248;254;257;293;317;325;350;391;412;418;464;484;489;551;572;593;613;692;717;719;737
"cell(4,2)_ch9",action_only,2,0.5,-0.14473684210526316,50;51;81;117;123;132;159;191;217;248;254;257;293;317;325;350;391;412;418;464;484;489;551;572;593;613;692;717;719;737
"cell(4,2)_ch9",base,3,0.4545454545454546,0.0,50;51;81;117;123;132;159;191;217;248;254;257;293;317;325;350;391;412;418;464;484;489;551;572;593;613;692;717;719;737
"cell(4,2)_ch9",plus,3,0.4545454545454546,0.0,50;51;81;117;123;132;159;191;217;248;254;257;293;317;325;350;391;412;418;464;484;489;551;572;593;613;692;717;719;737
"cell(4,2)_ch9",action_only,3,0.5,0.045454545454545414,50;51;81;117;123;132;159;191;217;248;254;257;293;317;325;350;391;412;418;464;484;489;551;572;593;613;692;717;719;737
"cell(4,4)_ch3",base,all,0.5666666666666667,0.0,50;51;81;117;123;132;159;191;217;248;254;257;293;317;325;350;391;412;418;464;484;489;551;572;593;613;692;717;719;737
"cell(4,4)_ch3",plus,all,0.4666666666666667,-0.09999999999999998,50;51;81;117;123;132;159;191;217;248;254;257;293;317;325;350;391;412;418;464;484;489;551;572;593;613;692;717;719;737
"cell(4,4)_ch3",action_only,all,0.3625,-0.20416666666666666,50;51;81;117;123;132;159;191;217;248;254;257;293;317;325;350;391;412;418;464;484;489;551;572;593;613;692;717;719;737
"cell(4,4)_ch3",base,1,1.0,0.0,50;51;81;117;123;132;159;191;217;248;254;257;293;317;325;350;391;412;418;464;484;489;551;572;593;613;692;717;719;737
"cell(4,4)_ch3",plus,1,1.0,0.0,50;51;81;117;123;132;159;191;217;248;254;257;293;317;325;350;391;412;418;464;484;489;551;572;593;613;692;717;719;737
"cell(4,4)_ch3",action_only,1,0.5,-0.5,50;51;81;117;123;132;159;191;217;248;254;257;293;317;325;350;391;412;418;464;484;489;551;572;593;613;692;717;719;737
"cell(4,4)_ch3",base,2,0.3823529411764706,0.0,50;51;81;117;123;132;159;191;217;248;254;257;293;317;325;350;391;412;418;464;484;489;551;572;593;613;692;717;719;737
"cell(4,4)_ch3",plus,2,0.3970588235294118,0.01470588235294118,50;51;81;117;123;132;159;191;217;248;254;257;293;317;325;350;391;412;418;464;484;489;551;572;593;613;692;717;719;737
"cell(4,4)_ch3",action_only,2,0.5,0.11764705882352938,50;51;81;117;123;132;159;191;217;248;254;257;293;317;325;350;391;412;418;464;484;489;551;572;593;613;692;717;719;737
"cell(4,4)_ch3",base,3,0.8181818181818181,0.0,50;51;81;117;123;132;159;191;217;248;254;257;293;317;325;350;391;412;418;464;484;489;551;572;593;613;692;717;719;737
"cell(4,4)_ch3",plus,3,0.8181818181818181,0.0,50;51;81;117;123;132;159;191;217;248;254;257;293;317;325;350;391;412;418;464;484;489;551;572;593;613;692;717;719;737
"cell(4,4)_ch3",action_only,3,0.5,-0.3181818181818181,50;51;81;117;123;132;159;191;217;248;254;257;293;317;325;350;391;412;418;464;484;489;551;572;593;613;692;717;719;737
"cell(4,5)_ch3",base,all,0.6805555555555556,0.0,50;51;81;117;123;132;159;191;217;248;254;257;293;317;325;350;391;412;418;464;484;489;551;572;593;613;692;717;719;737
"cell(4,5)_ch3",plus,all,0.4305555555555556,-0.25,50;51;81;117;123;132;159;191;217;248;254;257;293;317;325;350;391;412;418;464;484;489;551;572;593;613;692;717;719;737
"cell(4,5)_ch3",action_only,all,0.2777777777777778,-0.4027777777777778,50;51;81;117;123;132;159;191;217;248;254;257;293;317;325;350;391;412;418;464;484;489;551;572;593;613;692;717;719;737
"cell(4,5)_ch3",base,0,0.6796875,0.0,50;51;81;117;123;132;159;191;217;248;254;257;293;317;325;350;391;412;418;464;484;489;551;572;593;613;692;717;719;737
"cell(4,5)_ch3",plus,0,0.6484375,-0.03125,50;51;81;117;123;132;159;191;217;248;254;257;293;317;325;350;391;412;418;464;484;489;551;572;593;613;692;717;719;737
"cell(4,5)_ch3",action_only,0,0.5,-0.1796875,50;51;81;117;123;132;159;191;217;248;254;257;293;317;325;350;391;412;418;464;484;489;551;572;593;613;692;717;719;737
"cell(4,5)_ch3",base,1,1.0,0.0,50;51;81;117;123;132;159;191;217;248;254;257;293;317;325;350;391;412;418;464;484;489;551;572;593;613;692;717;719;737
"cell(4,5)_ch3",plus,1,1.0,0.0,50;51;81;117;123;132;159;191;217;248;254;257;293;317;325;350;391;412;418;464;484;489;551;572;593;613;692;717;719;737
"cell(4,5)_ch3",action_only,1,0.5,-0.5,50;51;81;117;123;132;159;191;217;248;254;257;293;317;325;350;391;412;418;464;484;489;551;572;593;613;692;717;719;737
"cell(4,5)_ch3",base,2,0.275,0.0,50;51;81;117;123;132;159;191;217;248;254;257;293;317;325;350;391;412;418;464;484;489;551;572;593;613;692;717;719;737
"cell(4,5)_ch3",plus,2,0.275,0.0,50;51;81;117;123;132;159;191;217;248;254;257;293;317;325;350;391;412;418;464;484;489;551;572;593;613;692;717;719;737
"cell(4,5)_ch3",action_only,2,0.5,0.22499999999999998,50;51;81;117;123;132;159;191;217;248;254;257;293;317;325;350;391;412;418;464;484;489;551;572;593;613;692;717;719;737
"cell(5,0)_ch4",base,all,0.3229508196721312,0.0,50;51;81;117;123;132;159;191;217;248;254;257;293;317;325;350;391;412;418;464;484;489;551;572;593;613;692;717;719;737
"cell(5,0)_ch4",plus,all,0.3098360655737705,-0.01311475409836066,50;51;81;117;123;132;159;191;217;248;254;257;293;317;325;350;391;412;418;464;484;489;551;572;593;613;692;717;719;737
"cell(5,0)_ch4",action_only,all,0.38688524590163936,0.06393442622950818,50;51;81;117;123;132;159;191;217;248;254;257;293;317;325;350;391;412;418;464;484;489;551;572;593;613;692;717;719;737
"cell(5,0)_ch4",base,0,0.42105263157894735,0.0,50;51;81;117;123;132;159;191;217;248;254;257;293;317;325;350;391;412;418;464;484;489;551;572;593;613;692;717;719;737
"cell(5,0)_ch4",plus,0,0.42105263157894735,0.0,50;51;81;117;123;132;159;191;217;248;254;257;293;317;325;350;391;412;418;464;484;489;551;572;593;613;692;717;719;737
"cell(5,0)_ch4",action_only,0,0.5,0.07894736842105265,50;51;81;117;123;132;159;191;217;248;254;257;293;317;325;350;391;412;418;464;484;489;551;572;593;613;692;717;719;737
"cell(5,0)_ch4",base,1,0.29545454545454547,0.0,50;51;81;117;123;132;159;191;217;248;254;257;293;317;325;350;391;412;418;464;484;489;551;572;593;613;692;717;719;737
"cell(5,0)_ch4",plus,1,0.29545454545454547,0.0,50;51;81;117;123;132;159;191;217;248;254;257;293;317;325;350;391;412;418;464;484;489;551;572;593;613;692;717;719;737
"cell(5,0)_ch4",action_only,1,0.5,0.20454545454545453,50;51;81;117;123;132;159;191;217;248;254;257;293;317;325;350;391;412;418;464;484;489;551;572;593;613;692;717;719;737
"cell(5,0)_ch4",base,2,0.050000000000000044,0.0,50;51;81;117;123;132;159;191;217;248;254;257;293;317;325;350;391;412;418;464;484;489;551;572;593;613;692;717;719;737
"cell(5,0)_ch4",plus,2,0.050000000000000044,0.0,50;51;81;117;123;132;159;191;217;248;254;257;293;317;325;350;391;412;418;464;484;489;551;572;593;613;692;717;719;737
"cell(5,0)_ch4",action_only,2,0.5,0.44999999999999996,50;51;81;117;123;132;159;191;217;248;254;257;293;317;325;350;391;412;418;464;484;489;551;572;593;613;692;717;719;737
"cell(5,0)_ch4",base,3,0.9090909090909091,0.0,50;51;81;117;123;132;159;191;217;248;254;257;293;317;325;350;391;412;418;464;484;489;551;572;593;613;692;717;719;737
"cell(5,0)_ch4",plus,3,0.9090909090909091,0.0,50;51;81;117;123;132;159;191;217;248;254;257;293;317;325;350;391;412;418;464;484;489;551;572;593;613;692;717;719;737
"cell(5,0)_ch4",action_only,3,0.5,-0.40909090909090906,50;51;81;117;123;132;159;191;217;248;254;257;293;317;325;350;391;412;418;464;484;489;551;572;593;613;692;717;719;737
"cell(5,1)_ch5",base,all,0.6114754098360656,0.0,50;51;81;117;123;132;159;191;217;248;254;257;293;317;325;350;391;412;418;464;484;489;551;572;593;613;692;717;719;737
"cell(5,1)_ch5",plus,all,0.5770491803278689,-0.03442622950819674,50;51;81;117;123;132;159;191;217;248;254;257;293;317;325;350;391;412;418;464;484;489;551;572;593;613;692;717;719;737
"cell(5,1)_ch5",action_only,all,0.41475409836065574,-0.1967213114754099,50;51;81;117;123;132;159;191;217;248;254;257;293;317;325;350;391;412;418;464;484;489;551;572;593;613;692;717;719;737
"cell(5,1)_ch5",base,0,0.10526315789473684,0.0,50;51;81;117;123;132;159;191;217;248;254;257;293;317;325;350;391;412;418;464;484;489;551;572;593;613;692;717;719;737
"cell(5,1)_ch5",plus,0,0.10526315789473684,0.0,50;51;81;117;123;132;159;191;217;248;254;257;293;317;325;350;391;412;418;464;484;489;551;572;593;613;692;717;719;737
"cell(5,1)_ch5",action_only,0,0.5,0.39473684210526316,50;51;81;117;123;132;159;191;217;248;254;257;293;317;325;350;391;412;418;464;484;489;551;572;593;613;692;717;719;737
"cell(5,1)_ch5",base,2,0.8421052631578948,0.0,50;51;81;117;123;132;159;191;217;248;254;257;293;317;325;350;391;412;418;464;484;489;551;572;593;613;692;717;719;737
"cell(5,1)_ch5",plus,2,0.8421052631578948,0.0,50;51;81;117;123;132;159;191;217;248;254;257;293;317;325;350;391;412;418;464;484;489;551;572;593;613;692;717;719;737
"cell(5,1)_ch5",action_only,2,0.5,-0.3421052631578948,50;51;81;117;123;132;159;191;217;248;254;257;293;317;325;350;391;412;418;464;484;489;551;572;593;613;692;717;719;737
"cell(5,1)_ch5",base,3,0.65,0.0,50;51;81;117;123;132;159;191;217;248;254;257;293;317;325;350;391;412;418;464;484;489;551;572;593;613;692;717;719;737
"cell(5,1)_ch5",plus,3,0.7,0.04999999999999993,50;51;81;117;123;132;159;191;217;248;254;257;293;317;325;350;391;412;418;464;484;489;551;572;593;613;692;717;719;737
"cell(5,1)_ch5",action_only,3,0.5,-0.15000000000000002,50;51;81;117;123;132;159;191;217;248;254;257;293;317;325;350;391;412;418;464;484;489;551;572;593;613;692;717;719;737
"cell(5,2)_ch0",base,all,0.5690072639225181,0.0,50;51;81;117;123;132;159;191;217;248;254;257;293;317;325;350;391;412;418;464;484;489;551;572;593;613;692;717;719;737
"cell(5,2)_ch0",plus,all,0.6585956416464891,0.08958837772397099,50;51;81;117;123;132;159;191;217;248;254;257;293;317;325;350;391;412;418;464;484;489;551;572;593;613;692;717;719;737
"cell(5,2)_ch0",action_only,all,0.6101694915254237,0.041162227602905554,50;51;81;117;123;132;159;191;217;248;254;257;293;317;325;350;391;412;418;464;484;489;551;572;593;613;692;717;719;737
"cell(5,2)_ch0",base,0,0.7647058823529411,0.0,50;51;81;117;123;132;159;191;217;248;254;257;293;317;325;350;391;412;418;464;484;489;551;572;593;613;692;717;719;737
"cell(5,2)_ch0",plus,0,0.7647058823529411,0.0,50;51;81;117;123;132;159;191;217;248;254;257;293;317;325;350;391;412;418;464;484;489;551;572;593;613;692;717;719;737
"cell(5,2)_ch0",action_only,0,0.5,-0.2647058823529411,50;51;81;117;123;132;159;191;217;248;254;257;293;317;325;350;391;412;418;464;484;489;551;572;593;613;692;717;719;737
"cell(5,2)_ch0",base,1,0.2954545454545454,0.0,50;51;81;117;123;132;159;191;217;248;254;257;293;317;325;350;391;412;418;464;484;489;551;572;593;613;692;717;719;737
"cell(5,2)_ch0",plus,1,0.29545454545454547,5.551115123125783e-17,50;51;81;117;123;132;159;191;217;248;254;257;293;317;325;350;391;412;418;464;484;489;551;572;593;613;692;717;719;737
"cell(5,2)_ch0",action_only,1,0.5,0.20454545454545459,50;51;81;117;123;132;159;191;217;248;254;257;293;317;325;350;391;412;418;464;484;489;551;572;593;613;692;717;719;737
"cell(5,2)_ch0",base,2,0.975,0.0,50;51;81;117;123;132;159;191;217;248;254;257;293;317;325;350;391;412;418;464;484;489;551;572;593;613;692;717;719;737
"cell(5,2)_ch0",plus,2,0.925,-0.04999999999999993,50;51;81;117;123;132;159;191;217;248;254;257;293;317;325;350;391;412;418;464;484;489;551;572;593;613;692;717;719;737
"cell(5,2)_ch0",action_only,2,0.5,-0.475,50;51;81;117;123;132;159;191;217;248;254;257;293;317;325;350;391;412;418;464;484;489;551;572;593;613;692;717;719;737
"cell(5,2)_ch0",base,3,0.2727272727272727,0.0,50;51;81;117;123;132;159;191;217;248;254;257;293;317;325;350;391;412;418;464;484;489;551;572;593;613;692;717;719;737
"cell(5,2)_ch0",plus,3,0.2727272727272727,0.0,50;51;81;117;123;132;159;191;217;248;254;257;293;317;325;350;391;412;418;464;484;489;551;572;593;613;692;717;719;737
"cell(5,2)_ch0",action_only,3,0.5,0.2272727272727273,50;51;81;117;123;132;159;191;217;248;254;257;293;317;325;350;391;412;418;464;484;489;551;572;593;613;692;717;719;737
"cell(5,2)_ch5",base,all,0.16885245901639345,0.0,50;51;81;117;123;132;159;191;217;248;254;257;293;317;325;350;391;412;418;464;484;489;551;572;593;613;692;717;719;737
"cell(5,2)_ch5",plus,all,0.36393442622950817,0.19508196721311472,50;51;81;117;123;132;159;191;217;248;254;257;293;317;325;350;391;412;418;464;484;489;551;572;593;613;692;717;719;737
"cell(5,2)_ch5",action_only,all,0.5377049180327869,0.3688524590163934,50;51;81;117;123;132;159;191;217;248;254;257;293;317;325;350;391;412;418;464;484;489;551;572;593;613;692;717;719;737
"cell(5,2)_ch5",base,0,0.368421052631579,0.0,50;51;81;117;123;132;159;191;217;248;254;257;293;317;325;350;391;412;418;464;484;489;551;572;593;613;692;717;719;737
"cell(5,2)_ch5",plus,0,0.368421052631579,0.0,50;51;81;117;123;132;159;191;217;248;254;257;293;317;325;350;391;412;418;464;484;489;551;572;593;613;692;717;719;737
"cell(5,2)_ch5",action_only,0,0.5,0.13157894736842102,50;51;81;117;123;132;159;191;217;248;254;257;293;317;325;350;391;412;418;464;484;489;551;572;593;613;692;717;719;737
"cell(5,2)_ch5",base,1,0.0,0.0,50;51;81;117;123;132;159;191;217;248;254;257;293;317;325;350;391;412;418;464;484;489;551;572;593;613;692;717;719;737
"cell(5,2)_ch5",plus,1,0.0,0.0,50;51;81;117;123;132;159;191;217;248;254;257;293;317;325;350;391;412;418;464;484;489;551;572;593;613;692;717;719;737
"cell(5,2)_ch5",action_only,1,0.5,0.5,50;51;81;117;123;132;159;191;217;248;254;257;293;317;325;350;391;412;418;464;484;489;551;572;593;613;692;717;719;737
"cell(5,2)_ch5",base,2,0.15789473684210525,0.0,50;51;81;117;123;132;159;191;217;248;254;257;293;317;325;350;391;412;418;464;484;489;551;572;593;613;692;717;719;737
"cell(5,2)_ch5",plus,2,0.1842105263157895,0.026315789473684237,50;51;81;117;123;132;159;191;217;248;254;257;293;317;325;350;391;412;418;464;484;489;551;572;593;613;692;717;719;737
"cell(5,2)_ch5",action_only,2,0.5,0.34210526315789475,50;51;81;117;123;132;159;191;217;248;254;257;293;317;325;350;391;412;418;464;484;489;551;572;593;613;692;717;719;737
"cell(5,2)_ch5",base,3,0.0,0.0,50;51;81;117;123;132;159;191;217;248;254;257;293;317;325;350;391;412;418;464;484;489;551;572;593;613;692;717;719;737
"cell(5,2)_ch5",plus,3,0.0,0.0,50;51;81;117;123;132;159;191;217;248;254;257;293;317;325;350;391;412;418;464;484;489;551;572;593;613;692;717;719;737
"cell(5,2)_ch5",action_only,3,0.5,0.5,50;51;81;117;123;132;159;191;217;248;254;257;293;317;325;350;391;412;418;464;484;489;551;572;593;613;692;717;719;737
"cell(5,3)_ch1",base,all,0.6180327868852459,0.0,50;51;81;117;123;132;159;191;217;248;254;257;293;317;325;350;391;412;418;464;484;489;551;572;593;613;692;717;719;737
"cell(5,3)_ch1",plus,all,0.639344262295082,0.021311475409836134,50;51;81;117;123;132;159;191;217;248;254;257;293;317;325;350;391;412;418;464;484;489;551;572;593;613;692;717;719;737
"cell(5,3)_ch1",action_only,all,0.5868852459016394,-0.031147540983606503,50;51;81;117;123;132;159;191;217;248;254;257;293;317;325;350;391;412;418;464;484;489;551;572;593;613;692;717;719;737
"cell(5,3)_ch1",base,0,0.625,0.0,50;51;81;117;123;132;159;191;217;248;254;257;293;317;325;350;391;412;418;464;484;489;551;572;593;613;692;717;719;737
"cell(5,3)_ch1",plus,0,0.625,0.0,50;51;81;117;123;132;159;191;217;248;254;257;293;317;325;350;391;412;418;464;484;489;551;572;593;613;692;717;719;737
"cell(5,3)_ch1",action_only,0,0.5,-0.125,50;51;81;117;123;132;159;191;217;248;254;257;293;317;325;350;391;412;418;464;484;489;551;572;593;613;692;717;719;737
"cell(5,3)_ch1",base,1,0.5227272727272727,0.0,50;51;81;117;123;132;159;191;217;248;254;257;293;317;325;350;391;412;418;464;484;489;551;572;593;613;692;717;719;737
"cell(5,3)_ch1",plus,1,0.5227272727272727,0.0,50;51;81;117;123;132;159;191;217;248;254;257;293;317;325;350;391;412;418;464;484;489;551;572;593;613;692;717;719;737
"cell(5,3)_ch1",action_only,1,0.5,-0.022727272727272707,50;51;81;117;123;132;159;191;217;248;254;257;293;317;325;350;391;412;418;464;484;489;551;572;593;613;692;717;719;737
"cell(5,3)_ch1",base,2,0.85,0.0,50;51;81;117;123;132;159;191;217;248;254;257;293;317;325;350;391;412;418;464;484;489;551;572;593;613;692;717;719;737
"cell(5,3)_ch1",plus,2,0.85,0.0,50;51;81;117;123;132;159;191;217;248;254;257;293;317;325;350;391;412;418;464;484;489;551;572;593;613;692;717;719;737
"cell(5,3)_ch1",action_only,2,0.5,-0.35,50;51;81;117;123;132;159;191;217;248;254;257;293;317;325;350;391;412;418;464;484;489;551;572;593;613;692;717;719;737
"cell(5,3)_ch6",base,all,0.40694444444444444,0.0,50;51;81;117;123;132;159;191;217;248;254;257;293;317;325;350;391;412;418;464;484;489;551;572;593;613;692;717;719;737
"cell(5,3)_ch6",plus,all,0.41805555555555557,0.011111111111111127,50;51;81;117;123;132;159;191;217;248;254;257;293;317;325;350;391;412;418;464;484;489;551;572;593;613;692;717;719;737
"cell(5,3)_ch6",action_only,all,0.6236111111111111,0.21666666666666667,50;51;81;117;123;132;159;191;217;248;254;257;293;317;325;350;391;412;418;464;484;489;551;572;593;613;692;717;719;737
"cell(5,3)_ch6",base,0,0.5138888888888888,0.0,50;51;81;117;123;132;159;191;217;248;254;257;293;317;325;350;391;412;418;464;484;489;551;572;593;613;692;717;719;737
"cell(5,3)_ch6",plus,0,0.5138888888888888,0.0,50;51;81;117;123;132;159;191;217;248;254;257;293;317;325;350;391;412;418;464;484;489;551;572;593;613;692;717;719;737
"cell(5,3)_ch6",action_only,0,0.5,-0.01388888888888884,50;51;81;117;123;132;159;191;217;248;254;257;293;317;325;350;391;412;418;464;484;489;551;572;593;613;692;717;719;737
"cell(5,3)_ch6",base,2,0.4629629629629629,0.0,50;51;81;117;123;132;159;191;217;248;254;257;293;317;325;350;391;412;418;464;484;489;551;572;593;613;692;717;719;737
"cell(5,3)_ch6",plus,2,0.48148148148148145,0.018518518518518545,50;51;81;117;123;132;159;191;217;248;254;257;293;317;325;350;391;412;418;464;484;489;551;572;593;613;692;717;719;737
"cell(5,3)_ch6",action_only,2,0.5,0.03703703703703709,50;51;81;117;123;132;159;191;217;248;254;257;293;317;325;350;391;412;418;464;484;489;551;572;593;613;692;717;719;737
"cell(5,3)_ch6",base,3,0.18181818181818177,0.0,50;51;81;117;123;132;159;191;217;248;254;257;293;317;325;350;391;412;418;464;484;489;551;572;593;613;692;717;719;737
"cell(5,3)_ch6",plus,3,0.18181818181818177,0.0,50;51;81;117;123;132;159;191;217;248;254;257;293;317;325;350;391;412;418;464;484;489;551;572;593;613;692;717;719;737
"cell(5,3)_ch6",action_only,3,0.5,0.31818181818181823,50;51;81;117;123;132;159;191;217;248;254;257;293;317;325;350;391;412;418;464;484;489;551;572;593;613;692;717;719;737
"cell(5,4)_ch7",base,all,0.5597222222222222,0.0,50;51;81;117;123;132;159;191;217;248;254;257;293;317;325;350;391;412;418;464;484;489;551;572;593;613;692;717;719;737
"cell(5,4)_ch7",plus,all,0.6597222222222222,0.09999999999999998,50;51;81;117;123;132;159;191;217;248;254;257;293;317;325;350;391;412;418;464;484;489;551;572;593;613;692;717;719;737
"cell(5,4)_ch7",action_only,all,0.7861111111111111,0.22638888888888886,50;51;81;117;123;132;159;191;217;248;254;257;293;317;325;350;391;412;418;464;484;489;551;572;593;613;692;717;719;737
"cell(5,4)_ch7",base,2,0.7500000000000001,0.0,50;51;81;117;123;132;159;191;217;248;254;257;293;317;325;350;391;412;418;464;484;489;551;572;593;613;692;717;719;737
"cell(5,4)_ch7",plus,2,0.7236842105263158,-0.026315789473684292,50;51;81;117;123;132;159;191;217;248;254;257;293;317;325;350;391;412;418;464;484;489;551;572;593;613;692;717;719;737
"cell(5,4)_ch7",action_only,2,0.5,-0.2500000000000001,50;51;81;117;123;132;159;191;217;248;254;257;293;317;325;350;391;412;418;464;484;489;551;572;593;613;692;717;719;737
"cell(5,4)_ch7",base,3,0.40625,0.0,50;51;81;117;123;132;159;191;217;248;254;257;293;317;325;350;391;412;418;464;484;489;551;572;593;613;692;717;719;737
"cell(5,4)_ch7",plus,3,0.375,-0.03125,50;51;81;117;123;132;159;191;217;248;254;257;293;317;325;350;391;412;418;464;484;489;551;572;593;613;692;717;719;737
"cell(5,4)_ch7",action_only,3,0.5,0.09375,50;51;81;117;123;132;159;191;217;248;254;257;293;317;325;350;391;412;418;464;484;489;551;572;593;613;692;717;719;737
"cell(5,4)_ch10",base,all,0.4918032786885247,0.0,50;51;81;117;123;132;159;191;217;248;254;257;293;317;325;350;391;412;418;464;484;489;551;572;593;613;692;717;719;737
"cell(5,4)_ch10",plus,all,0.5180327868852459,0.026229508196721207,50;51;81;117;123;132;159;191;217;248;254;257;293;317;325;350;391;412;418;464;484;489;551;572;593;613;692;717;719;737
"cell(5,4)_ch10",action_only,all,0.5737704918032788,0.08196721311475408,50;51;81;117;123;132;159;191;217;248;254;257;293;317;325;350;391;412;418;464;484;489;551;572;593;613;692;717;719;737
"cell(5,4)_ch10",base,0,0.2361111111111111,0.0,50;51;81;117;123;132;159;191;217;248;254;257;293;317;325;350;391;412;418;464;484;489;551;572;593;613;692;717;719;737
"cell(5,4)_ch10",plus,0,0.2638888888888889,0.02777777777777779,50;51;81;117;123;132;159;191;217;248;254;257;293;317;325;350;391;412;418;464;484;489;551;572;593;613;692;717;719;737
"cell(5,4)_ch10",action_only,0,0.5,0.2638888888888889,50;51;81;117;123;132;159;191;217;248;254;257;293;317;325;350;391;412;418;464;484;489;551;572;593;613;692;717;719;737
"cell(5,4)_ch10",base,1,0.7083333333333334,0.0,50;51;81;117;123;132;159;191;217;248;254;257;293;317;325;350;391;412;418;464;484;489;551;572;593;613;692;717;719;737
"cell(5,4)_ch10",plus,1,0.7083333333333334,0.0,50;51;81;117;123;132;159;191;217;248;254;257;293;317;325;350;391;412;418;464;484;489;551;572;593;613;692;717;719;737
"cell(5,4)_ch10",action_only,1,0.5,-0.20833333333333337,50;51;81;117;123;132;159;191;217;248;254;257;293;317;325;350;391;412;418;464;484;489;551;572;593;613;692;717;719;737
"cell(5,4)_ch10",base,2,0.4736842105263158,0.0,50;51;81;117;123;132;159;191;217;248;254;257;293;317;325;350;391;412;418;464;484;489;551;572;593;613;692;717;719;737
"cell(5,4)_ch10",plus,2,0.4736842105263158,0.0,50;51;81;117;123;132;159;191;217;248;254;257;293;317;325;350;391;412;418;464;484;489;551;572;593;613;692;717;719;737
"cell(5,4)_ch10",action_only,2,0.5,0.02631578947368418,50;51;81;117;123;132;159;191;217;248;254;257;293;317;325;350;391;412;418;464;484;489;551;572;593;613;692;717;719;737
"cell(5,6)_ch10",base,all,0.3527777777777778,0.0,50;51;81;117;123;132;159;191;217;248;254;257;293;317;325;350;391;412;418;464;484;489;551;572;593;613;692;717;719;737
"cell(5,6)_ch10",plus,all,0.3027777777777778,-0.04999999999999999,50;51;81;117;123;132;159;191;217;248;254;257;293;317;325;350;391;412;418;464;484;489;551;572;593;613;692;717;719;737
"cell(5,6)_ch10",action_only,all,0.5750000000000001,0.22222222222222227,50;51;81;117;123;132;159;191;217;248;254;257;293;317;325;350;391;412;418;464;484;489;551;572;593;613;692;717;719;737
"cell(5,6)_ch10",base,0,0.34722222222222227,0.0,50;51;81;117;123;132;159;191;217;248;254;257;293;317;325;350;391;412;418;464;484;489;551;572;593;613;692;717;719;737
"cell(5,6)_ch10",plus,0,0.375,0.027777777777777735,50;51;81;117;123;132;159;191;217;248;254;257;293;317;325;350;391;412;418;464;484;489;551;572;593;613;692;717;719;737
"cell(5,6)_ch10",action_only,0,0.5,0.15277777777777773,50;51;81;117;123;132;159;191;217;248;254;257;293;317;325;350;391;412;418;464;484;489;551;572;593;613;692;717;719;737
"cell(5,6)_ch10",base,1,0.33333333333333337,0.0,50;51;81;117;123;132;159;191;217;248;254;257;293;317;325;350;391;412;418;464;484;489;551;572;593;613;692;717;719;737
"cell(5,6)_ch10",plus,1,0.33333333333333337,0.0,50;51;81;117;123;132;159;191;217;248;254;257;293;317;325;350;391;412;418;464;484;489;551;572;593;613;692;717;719;737
"cell(5,6)_ch10",action_only,1,0.5,0.16666666666666663,50;51;81;117;123;132;159;191;217;248;254;257;293;317;325;350;391;412;418;464;484;489;551;572;593;613;692;717;719;737
"cell(5,6)_ch10",base,2,0.37962962962962965,0.0,50;51;81;117;123;132;159;191;217;248;254;257;293;317;325;350;391;412;418;464;484;489;551;572;593;613;692;717;719;737
"cell(5,6)_ch10",plus,2,0.3425925925925926,-0.037037037037037035,50;51;81;117;123;132;159;191;217;248;254;257;293;317;325;350;391;412;418;464;484;489;551;572;593;613;692;717;719;737
"cell(5,6)_ch10",action_only,2,0.5,0.12037037037037035,50;51;81;117;123;132;159;191;217;248;254;257;293;317;325;350;391;412;418;464;484;489;551;572;593;613;692;717;719;737
__summary__,base,all,0.48713681588707025,0.0,
__summary__,plus,all,0.48659421314151646,-0.0005426027455537885,
__summary__,action_only,all,0.4898881380223057,0.0027513221352354345,
__summary__,base,0,0.5110557287711509,0.0,
__summary__,plus,0,0.5098999101875109,-0.0011558185836400003,
__summary__,action_only,0,0.5,-0.011055728771150908,
__summary__,base,1,0.45519133644133636,0.0,
__summary__,plus,1,0.45276320901320904,-0.0024281274281273135,
__summary__,action_only,1,0.5,0.04480866355866364,
__summary__,base,2,0.5232714138286895,0.0,
__summary__,plus,2,0.5189880226412734,-0.004283391187416052,
__summary__,action_only,2,0.5,-0.02327141382868947,
__summary__,base,3,0.4455333372484536,0.0,
__summary__,plus,3,0.44575796726959516,0.0002246300211415364,
__summary__,action_only,3,0.5,0.05446666275154638,
__summary__,n_targets,used,62.0,0.0,
