,relative_location,zone_relationships,action_prediction
env_net,"{'ridge': {'mse': 1.21985443557112, 'r2': -0.8303094344151121, 'feature_importance': array([0.50653034, 0.3853278 , 0.48955187, 0.14912558, 0.3751297 ,
       0.35057336, 0.17308736, 1.2770203 , 0.32175526, 0.24308997,
       0.33137482, 0.59536535, 0.29397634, 0.21130773, 0.44587877,
       0.14759533, 0.68854016, 0.38161486, 0.2286629 , 0.56906575,
       0.38148168, 0.222578  , 0.25441653, 0.41451764, 0.5427507 ,
       0.2911381 , 0.19216925, 0.35493246, 0.27833027, 0.41538748,
       0.47930944, 0.20276637, 0.4116565 , 0.32228255, 0.32514036,
       0.1508933 , 0.3432003 , 0.16194724, 0.18801698, 0.5357337 ,
       0.19877985, 0.3027032 , 0.18474716, 0.14772758, 0.11816175,
       0.13023025, 0.0959645 , 0.9023142 , 0.67525446, 0.8218818 ,
       0.08414936, 0.23419984, 0.4974527 , 0.42828542, 0.5304673 ,
       0.5231883 , 0.1624712 , 0.04642155, 0.39188826, 0.22159663,
       0.4203348 , 0.23328547, 0.39174575, 0.4742445 ], dtype=float32), 'predictions': array([[ 1.7405314 , -1.1056556 , -1.349996  , ...,  0.47635508,
         0.8708866 , -1.118321  ],
       [ 1.7405314 , -1.1056556 , -1.349996  , ...,  0.47635508,
         0.8708866 , -1.118321  ],
       [ 1.7405314 , -1.1056556 , -1.349996  , ...,  0.47635508,
         0.8708866 , -1.118321  ],
       ...,
       [ 0.7994193 , -0.4669214 , -1.8002682 , ...,  1.3637602 ,
         0.12387276, -0.24797249],
       [ 0.844502  , -0.15918595, -1.9281588 , ...,  1.277374  ,
         0.12422693, -0.44834805],
       [ 0.8409455 , -0.44133046, -1.636971  , ...,  1.5378957 ,
         0.0337553 , -0.027951  ]], dtype=float32), 'ground_truth': array([[ 2.7071576 , -1.1290949 , -0.23124779, ...,  1.06505214,
         0.91709953, -0.12905021],
       [ 2.7061772 , -1.12875704, -0.23222819, ...,  1.06539   ,
         0.91611913, -0.12871234],
       [ 2.70411541, -1.12889366, -0.23428998, ...,  1.06525338,
         0.91405735, -0.12884897],
       ...,
       [ 1.30620176, -0.02424231, -1.01933828, ...,  2.16990473,
        -0.48385631,  0.97580238],
       [ 1.28295302, -0.03880317, -1.04258702, ...,  2.15534387,
        -0.50710504,  0.96124152],
       [ 1.26034431, -0.05400435, -1.06519574, ...,  2.14014269,
        -0.52971376,  0.94604034]])}, 'mlp': {'mse': 0.7924728527405062, 'r2': -0.21732783317565918, 'predictions': array([[ 1.2083738 , -0.34706607, -1.213953  , ...,  0.9628801 ,
         0.32575646, -0.45770752],
       [ 1.2083738 , -0.34706607, -1.213953  , ...,  0.9628801 ,
         0.32575646, -0.45770752],
       [ 1.2083738 , -0.34706607, -1.213953  , ...,  0.9628801 ,
         0.32575646, -0.45770752],
       ...,
       [ 1.312835  , -0.18199524, -1.5901064 , ...,  1.0318272 ,
         0.07474662, -0.38254791],
       [ 1.1772913 , -0.17061003, -1.7079083 , ...,  1.0201023 ,
         0.05874616, -0.40723398],
       [ 1.3736516 , -0.21114467, -1.4549042 , ...,  0.997378  ,
         0.13605271, -0.4292573 ]], dtype=float32), 'train_losses': [1.6622247695922852, 1.6032885313034058, 1.5458098649978638, 1.488526463508606, 1.430415391921997, 1.3709039688110352, 1.3099273443222046, 1.248137354850769, 1.1867817640304565, 1.1276969909667969, 1.073302149772644, 1.026239037513733, 0.9888309836387634, 0.9626356959342957, 0.9477560520172119, 0.9417563676834106, 0.9401524662971497, 0.9383209347724915, 0.9332554936408997, 0.9242954254150391, 0.912621259689331, 0.9002181887626648, 0.8888334035873413, 0.8796004056930542, 0.8728067874908447, 0.8680849075317383, 0.8647248148918152, 0.861916184425354, 0.8588907718658447, 0.8551095724105835, 0.8502928614616394, 0.8443813920021057, 0.8375256061553955, 0.8300093412399292, 0.8221717476844788, 0.814368724822998, 0.8068583607673645, 0.7997910976409912, 0.7931605577468872, 0.7868297100067139, 0.7805731892585754, 0.7741699814796448, 0.7674615979194641, 0.7604240775108337, 0.753133237361908, 0.7457533478736877, 0.7384572625160217, 0.7313376069068909, 0.7244070172309875, 0.717609167098999], 'test_losses': [1.34758460521698, 1.293618083000183, 1.2416350841522217, 1.1904457807540894, 1.139322280883789, 1.0877647399902344, 1.0355740785598755, 0.9834170341491699, 0.9324347972869873, 0.8844155669212341, 0.8414031267166138, 0.8056198954582214, 0.7788709402084351, 0.7622522711753845, 0.7554505467414856, 0.755888044834137, 0.7589454054832458, 0.7602018117904663, 0.7570891976356506, 0.7493995428085327, 0.7386600971221924, 0.7272403836250305, 0.7170941829681396, 0.7095761895179749, 0.7051351070404053, 0.7036340832710266, 0.7045073509216309, 0.7071399688720703, 0.7109352350234985, 0.7154223322868347, 0.7202953696250916, 0.7254447340965271, 0.7309065461158752, 0.7367933988571167, 0.7431881427764893, 0.7501262426376343, 0.7574793696403503, 0.7650501728057861, 0.7724819779396057, 0.7791731953620911, 0.7847561836242676, 0.7888784408569336, 0.7913355231285095, 0.7922536730766296, 0.7921000719070435, 0.7913513779640198, 0.7906221747398376, 0.7903367877006531, 0.7908501029014587, 0.7924729585647583]}, 'time_step_mlp': {0: {'r2': -44.247718811035156, 'mse': 1.9294621531429903, 'train_losses': [1.3702198266983032, 1.3030825853347778, 1.2347743511199951, 1.1641218662261963, 1.0905507802963257, 1.0138895511627197, 0.9349008798599243, 0.8553332090377808, 0.7782403826713562, 0.7073802947998047, 0.6469698548316956, 0.6009970903396606, 0.5718449950218201, 0.5585440993309021, 0.5563920140266418, 0.5579417943954468, 0.55587238073349, 0.5461508631706238, 0.5291658043861389, 0.5076740384101868, 0.48531374335289, 0.46517181396484375, 0.44865885376930237, 0.43597644567489624, 0.42617860436439514, 0.41778337955474854, 0.40943124890327454, 0.4001929461956024, 0.3895057141780853, 0.3771737515926361], 'test_losses': [2.087052822113037, 2.05678129196167, 2.027343273162842, 1.998012661933899, 1.9688113927841187, 1.940031886100769, 1.9126149415969849, 1.888234257698059, 1.868857979774475, 1.8570085763931274, 1.8557817935943604, 1.867455005645752, 1.8924967050552368, 1.9287760257720947, 1.9713150262832642, 2.012789487838745, 2.0465903282165527, 2.06884765625, 2.079045057296753, 2.0779452323913574, 2.0681097507476807, 2.052396535873413, 2.033740758895874, 2.014504909515381, 1.9961159229278564, 1.9789360761642456, 1.963537573814392, 1.9498064517974854, 1.938511610031128, 1.9294620752334595], 'predictions': array([[ 1.09365094e+00, -3.49384576e-01, -1.45570290e+00,
        -7.85046637e-01, -5.80144048e-01,  6.58624113e-01,
         1.27678141e-01, -5.39658368e-01],
       [ 1.02075124e+00, -3.57120842e-01, -1.38547122e+00,
        -7.32946992e-01, -5.77520430e-01,  7.33553231e-01,
         9.35537964e-02, -4.54275459e-01],
       [ 1.09761608e+00, -3.52958381e-01, -1.47103369e+00,
        -7.90015459e-01, -5.92597663e-01,  6.62853181e-01,
         1.29798472e-01, -5.38575411e-01],
       [ 1.01578152e+00, -3.59684914e-01, -1.38584840e+00,
        -7.31574237e-01, -5.88214338e-01,  7.46233284e-01,
         8.49128738e-02, -4.39473718e-01],
       [ 1.09037042e+00, -3.54038268e-01, -1.46280158e+00,
        -7.84803987e-01, -5.96380055e-01,  6.71224713e-01,
         1.18915960e-01, -5.23029327e-01],
       [ 1.03030908e+00, -3.67983848e-01, -1.38554561e+00,
        -7.38360047e-01, -5.88310897e-01,  7.35984206e-01,
         7.44312406e-02, -4.33793128e-01],
       [ 1.08481216e+00, -3.49243283e-01, -1.45015311e+00,
        -7.72486210e-01, -6.07691467e-01,  6.85177147e-01,
         9.93791893e-02, -4.97570008e-01],
       [ 1.03864563e+00, -3.56245607e-01, -1.39247048e+00,
        -7.42135406e-01, -6.04117870e-01,  7.34270811e-01,
         5.85642904e-02, -4.28499967e-01],
       [ 1.07978380e+00, -3.33079040e-01, -1.46067739e+00,
        -7.85874069e-01, -6.25771701e-01,  6.93483591e-01,
         8.51362348e-02, -4.88825262e-01],
       [ 1.05584013e+00, -3.37344974e-01, -1.43855739e+00,
        -7.85384238e-01, -6.17168665e-01,  7.03709245e-01,
         7.60971457e-02, -4.70876127e-01],
       [ 1.06787062e+00, -3.24810296e-01, -1.47157526e+00,
        -8.13032985e-01, -6.22125626e-01,  6.73260689e-01,
         9.05867815e-02, -5.10468006e-01],
       [ 1.05379331e+00, -3.23531479e-01, -1.45454192e+00,
        -8.09599757e-01, -6.15765929e-01,  6.76622987e-01,
         8.03518444e-02, -5.03056109e-01],
       [ 1.04491818e+00, -3.15840214e-01, -1.43779588e+00,
        -8.03915679e-01, -6.12569630e-01,  6.73316896e-01,
         6.93204850e-02, -4.99119878e-01],
       [ 1.03243411e+00, -3.05699170e-01, -1.41951251e+00,
        -8.01744103e-01, -6.11059487e-01,  6.73153102e-01,
         5.24029806e-02, -4.95741725e-01],
       [ 1.01109445e+00, -2.97726482e-01, -1.39894593e+00,
        -8.03166747e-01, -6.01017177e-01,  6.66439116e-01,
         3.33606601e-02, -4.94378060e-01],
       [ 9.91664588e-01, -2.90881425e-01, -1.38614225e+00,
        -8.12274933e-01, -5.89381874e-01,  6.49398565e-01,
         1.96442269e-02, -5.05555511e-01],
       [ 9.71744537e-01, -2.86609083e-01, -1.38267577e+00,
        -8.26177299e-01, -5.90146244e-01,  6.41897798e-01,
         9.30361217e-04, -5.15089095e-01],
       [ 9.47896600e-01, -2.81429023e-01, -1.36895776e+00,
        -8.31338108e-01, -5.92352033e-01,  6.42754078e-01,
        -2.50344481e-02, -5.12244463e-01],
       [ 9.28404808e-01, -2.72862077e-01, -1.34804153e+00,
        -8.19703579e-01, -6.00469649e-01,  6.59083366e-01,
        -5.81657477e-02, -4.85138565e-01],
       [ 9.28404808e-01, -2.72862077e-01, -1.34804153e+00,
        -8.19703579e-01, -6.00469649e-01,  6.59083366e-01,
        -5.81657477e-02, -4.85138565e-01],
       [ 9.28404808e-01, -2.72862077e-01, -1.34804153e+00,
        -8.19703579e-01, -6.00469649e-01,  6.59083366e-01,
        -5.81657477e-02, -4.85138565e-01],
       [ 9.28404808e-01, -2.72862077e-01, -1.34804153e+00,
        -8.19703579e-01, -6.00469649e-01,  6.59083366e-01,
        -5.81657477e-02, -4.85138565e-01],
       [ 9.28404808e-01, -2.72862077e-01, -1.34804153e+00,
        -8.19703579e-01, -6.00469649e-01,  6.59083366e-01,
        -5.81657477e-02, -4.85138565e-01],
       [ 9.77202535e-01, -2.62209386e-01, -1.45540702e+00,
        -8.44382584e-01, -5.73663950e-01,  5.89946926e-01,
        -1.71006601e-02, -6.37971818e-01],
       [ 9.04851675e-01, -3.44055444e-01, -1.35989845e+00,
        -8.52739394e-01, -5.83485961e-01,  6.19674206e-01,
        -4.41405550e-02, -5.87332726e-01],
       [ 8.64422441e-01, -2.88348317e-01, -1.34411383e+00,
        -8.72584879e-01, -6.19167924e-01,  7.21168101e-01,
        -1.63148105e-01, -4.80189592e-01],
       [ 9.03365076e-01, -2.42006913e-01, -1.36866307e+00,
        -8.51184547e-01, -5.96012354e-01,  5.85552216e-01,
        -1.00725815e-01, -5.92391729e-01],
       [ 8.61558855e-01, -3.45323652e-01, -1.32544374e+00,
        -9.01337385e-01, -5.95928311e-01,  6.28361821e-01,
        -1.10526957e-01, -5.85712790e-01],
       [ 8.85754466e-01, -2.62637228e-01, -1.35645092e+00,
        -9.03502822e-01, -6.30116820e-01,  6.34129822e-01,
        -1.57591462e-01, -5.64840138e-01],
       [ 8.37160408e-01, -3.41252208e-01, -1.29564965e+00,
        -9.13164973e-01, -5.92304528e-01,  6.26273394e-01,
        -1.34877846e-01, -5.89044452e-01],
       [ 8.22340846e-01, -3.36536467e-01, -1.25730610e+00,
        -9.23835099e-01, -5.74492514e-01,  6.38390481e-01,
        -1.63350552e-01, -5.82721412e-01],
       [ 7.85883486e-01, -2.83181667e-01, -1.25028396e+00,
        -8.98846269e-01, -6.23207569e-01,  7.08175123e-01,
        -2.36384794e-01, -4.73214775e-01],
       [ 7.90345013e-01, -2.87017852e-01, -1.25882232e+00,
        -9.10520315e-01, -6.27852917e-01,  7.01068521e-01,
        -2.36694708e-01, -4.83581573e-01],
       [ 7.81422377e-01, -2.86806673e-01, -1.25061345e+00,
        -9.10838425e-01, -6.27107501e-01,  7.05727160e-01,
        -2.34958142e-01, -4.75902319e-01],
       [ 8.12009573e-01, -2.91649967e-01, -1.29301929e+00,
        -9.40969348e-01, -6.34095132e-01,  6.73081875e-01,
        -2.17895791e-01, -5.37771285e-01],
       [ 7.57504523e-01, -2.78707027e-01, -1.23849678e+00,
        -9.07021821e-01, -6.24039590e-01,  7.15968311e-01,
        -2.19109327e-01, -4.65151131e-01],
       [ 8.07860434e-01, -2.99514711e-01, -1.29558003e+00,
        -9.56036627e-01, -6.45305097e-01,  6.78398311e-01,
        -2.23646462e-01, -5.34103215e-01],
       [ 8.45480382e-01, -2.78958321e-01, -1.35018051e+00,
        -9.66014564e-01, -6.43881500e-01,  6.09638631e-01,
        -1.53970361e-01, -6.24209106e-01],
       [ 8.19531202e-01, -3.64235610e-01, -1.26772475e+00,
        -9.69509721e-01, -5.90634167e-01,  6.29373968e-01,
        -1.65727571e-01, -6.06787324e-01],
       [ 8.05592477e-01, -3.64520848e-01, -1.22540414e+00,
        -9.51216638e-01, -5.77419460e-01,  6.30702794e-01,
        -1.74210757e-01, -5.90240538e-01],
       [ 7.92711973e-01, -3.64768922e-01, -1.18028951e+00,
        -9.27474618e-01, -5.62582731e-01,  6.29269421e-01,
        -1.79734185e-01, -5.75695872e-01],
       [ 7.82292366e-01, -3.66971105e-01, -1.13208258e+00,
        -9.01230633e-01, -5.48147738e-01,  6.25947833e-01,
        -1.81944028e-01, -5.56676149e-01],
       [ 7.71113157e-01, -3.70429695e-01, -1.08745718e+00,
        -8.73881698e-01, -5.36652029e-01,  6.24075532e-01,
        -1.87627465e-01, -5.34389377e-01],
       [ 7.65705109e-01, -3.72141570e-01, -1.05251443e+00,
        -8.49076390e-01, -5.28157353e-01,  6.21874094e-01,
        -1.87595129e-01, -5.16045630e-01],
       [ 7.64118075e-01, -3.73467594e-01, -1.02087831e+00,
        -8.19977760e-01, -5.19831121e-01,  6.21935308e-01,
        -1.82030037e-01, -5.01189828e-01],
       [ 7.59348929e-01, -3.74326408e-01, -9.84983981e-01,
        -7.90135682e-01, -5.08268893e-01,  6.15508556e-01,
        -1.70618132e-01, -4.91708457e-01],
       [ 7.43857384e-01, -3.00318599e-01, -1.04769325e+00,
        -8.03385258e-01, -5.93859792e-01,  6.48333907e-01,
        -1.65426269e-01, -4.34772491e-01],
       [ 7.20765769e-01, -2.73064166e-01, -1.04842269e+00,
        -7.86168277e-01, -5.80081224e-01,  6.79734528e-01,
        -1.34034023e-01, -3.74062687e-01],
       [ 7.23634481e-01, -2.72185773e-01, -1.05305076e+00,
        -7.92659879e-01, -5.84767401e-01,  6.87647402e-01,
        -1.40628904e-01, -3.58799785e-01],
       [ 7.52832532e-01, -2.59260654e-01, -1.08802187e+00,
        -7.54162610e-01, -5.38034558e-01,  5.21180809e-01,
        -4.17048074e-02, -4.96938169e-01],
       [ 7.90088177e-01, -3.72535706e-01, -1.02961290e+00,
        -7.66747296e-01, -4.99677211e-01,  5.53325832e-01,
        -6.39703348e-02, -5.45752466e-01],
       [ 7.70327628e-01, -2.92884320e-01, -1.08284461e+00,
        -7.91730762e-01, -5.94280303e-01,  6.38642490e-01,
        -1.03036471e-01, -4.35698271e-01],
       [ 8.33693683e-01, -3.04587930e-01, -1.16556895e+00,
        -8.10765088e-01, -5.58130682e-01,  5.48949659e-01,
        -1.74506605e-02, -5.50164819e-01],
       [ 7.99567223e-01, -3.05911422e-01, -1.13666236e+00,
        -8.14390182e-01, -5.56898952e-01,  6.15667462e-01,
        -7.46256039e-02, -4.95224863e-01],
       [ 8.26621950e-01, -3.14364552e-01, -1.18024361e+00,
        -8.36881518e-01, -5.63627183e-01,  5.84347427e-01,
        -7.83227682e-02, -5.51853836e-01],
       [ 8.09721649e-01, -3.06930810e-01, -1.18430853e+00,
        -8.43549550e-01, -5.65856814e-01,  5.94605207e-01,
        -1.03514761e-01, -5.49086690e-01],
       [ 7.71238446e-01, -2.89558798e-01, -1.16191232e+00,
        -8.33013892e-01, -5.64453065e-01,  6.20855689e-01,
        -1.40833735e-01, -5.13977468e-01],
       [ 8.43074262e-01, -4.05342042e-01, -1.20079315e+00,
        -9.40795362e-01, -5.22320688e-01,  5.75407565e-01,
        -1.29987866e-01, -6.26133323e-01],
       [ 8.26606154e-01, -4.05771881e-01, -1.19970000e+00,
        -9.57317650e-01, -5.25528491e-01,  5.77423990e-01,
        -1.43947348e-01, -6.29442036e-01],
       [ 8.08744431e-01, -4.25923616e-01, -1.18688142e+00,
        -9.67271447e-01, -5.18472731e-01,  5.72553396e-01,
        -1.46327823e-01, -6.29572570e-01],
       [ 7.93509722e-01, -4.41890210e-01, -1.18186533e+00,
        -9.79418278e-01, -5.12190700e-01,  5.67172229e-01,
        -1.44418687e-01, -6.36613727e-01],
       [ 7.76792526e-01, -4.55322504e-01, -1.17859161e+00,
        -9.90174115e-01, -5.07650316e-01,  5.63673735e-01,
        -1.42359883e-01, -6.43520057e-01],
       [ 7.58837998e-01, -4.64387178e-01, -1.16949594e+00,
        -9.92865920e-01, -5.01209676e-01,  5.60255885e-01,
        -1.42219946e-01, -6.44378304e-01],
       [ 7.34090507e-01, -4.67337221e-01, -1.14658880e+00,
        -9.84215200e-01, -4.92703944e-01,  5.55856109e-01,
        -1.40662476e-01, -6.37745678e-01],
       [ 7.11175799e-01, -4.66600209e-01, -1.12311828e+00,
        -9.72135127e-01, -4.85534072e-01,  5.51377535e-01,
        -1.37372047e-01, -6.29694343e-01],
       [ 6.91687405e-01, -4.63834524e-01, -1.10170662e+00,
        -9.61174190e-01, -4.79895800e-01,  5.52367985e-01,
        -1.36169776e-01, -6.19648814e-01],
       [ 6.72655225e-01, -4.58098888e-01, -1.08052969e+00,
        -9.50803339e-01, -4.73946363e-01,  5.53912163e-01,
        -1.35251582e-01, -6.10492110e-01],
       [ 6.56333566e-01, -4.51883912e-01, -1.06219518e+00,
        -9.40662384e-01, -4.68058884e-01,  5.54223537e-01,
        -1.33821458e-01, -6.01353884e-01],
       [ 6.42671704e-01, -4.44910973e-01, -1.04756868e+00,
        -9.30535138e-01, -4.63829875e-01,  5.54869175e-01,
        -1.31655276e-01, -5.92421055e-01],
       [ 6.32253408e-01, -4.37514573e-01, -1.03308642e+00,
        -9.17141199e-01, -4.65149939e-01,  5.59141576e-01,
        -1.33075163e-01, -5.77855766e-01],
       [ 6.23732448e-01, -4.33652848e-01, -1.01729679e+00,
        -9.06047344e-01, -4.63418573e-01,  5.60801446e-01,
        -1.33366629e-01, -5.62053978e-01],
       [ 6.15599453e-01, -4.28660989e-01, -1.00519061e+00,
        -8.97372961e-01, -4.63093638e-01,  5.63979805e-01,
        -1.33510739e-01, -5.47582746e-01],
       [ 6.11032426e-01, -4.17293578e-01, -9.97681856e-01,
        -8.85657370e-01, -4.68333900e-01,  5.73234975e-01,
        -1.37833863e-01, -5.31943738e-01],
       [ 6.06109738e-01, -4.03570354e-01, -9.89580154e-01,
        -8.71738732e-01, -4.74192560e-01,  5.83333969e-01,
        -1.40008211e-01, -5.15040100e-01],
       [ 6.00759864e-01, -3.94092470e-01, -9.84594941e-01,
        -8.63785088e-01, -4.80689645e-01,  5.90753973e-01,
        -1.40359417e-01, -5.03221035e-01],
       [ 5.95874906e-01, -3.87334764e-01, -9.80073750e-01,
        -8.57873738e-01, -4.86199975e-01,  5.96522927e-01,
        -1.40046045e-01, -4.93401617e-01],
       [ 5.92088044e-01, -3.83577466e-01, -9.71914351e-01,
        -8.48680019e-01, -4.87445593e-01,  5.99393666e-01,
        -1.39418766e-01, -4.81271178e-01],
       [ 5.90596795e-01, -3.86020035e-01, -9.63083982e-01,
        -8.40776622e-01, -4.81771260e-01,  5.93602479e-01,
        -1.36186928e-01, -4.77604032e-01],
       [ 5.90451360e-01, -3.88044298e-01, -9.55763042e-01,
        -8.32578838e-01, -4.77997571e-01,  5.91598749e-01,
        -1.32723972e-01, -4.72322553e-01],
       [ 5.91307044e-01, -3.88094544e-01, -9.53762233e-01,
        -8.26216102e-01, -4.80661243e-01,  5.98122954e-01,
        -1.28401786e-01, -4.64413404e-01],
       [ 5.91193080e-01, -3.86013955e-01, -9.51922774e-01,
        -8.18271637e-01, -4.84018117e-01,  6.04630351e-01,
        -1.24149166e-01, -4.55354363e-01],
       [ 5.94039679e-01, -3.97000223e-01, -9.47560549e-01,
        -8.24456513e-01, -4.86449808e-01,  6.11056507e-01,
        -1.12388477e-01, -4.51085180e-01],
       [ 6.00138724e-01, -4.12996918e-01, -9.49445486e-01,
        -8.32864225e-01, -4.91515607e-01,  6.22063041e-01,
        -1.02834851e-01, -4.46169853e-01],
       [ 6.11829460e-01, -4.32763547e-01, -9.52234745e-01,
        -8.39036465e-01, -4.93518561e-01,  6.31827772e-01,
        -9.37251896e-02, -4.40522820e-01],
       [ 6.20197237e-01, -4.52760220e-01, -9.48251128e-01,
        -8.40821564e-01, -4.92324680e-01,  6.37597620e-01,
        -8.85378122e-02, -4.33506399e-01],
       [ 6.30662799e-01, -4.67847079e-01, -9.43202496e-01,
        -8.41414750e-01, -4.91454840e-01,  6.41897261e-01,
        -8.49272236e-02, -4.30520386e-01],
       [ 6.39287591e-01, -4.78378445e-01, -9.37950671e-01,
        -8.40881169e-01, -4.88053977e-01,  6.43806219e-01,
        -8.06863606e-02, -4.28721339e-01],
       [ 6.45241201e-01, -4.79071498e-01, -9.30152416e-01,
        -8.36233795e-01, -4.82611775e-01,  6.41808927e-01,
        -7.62880072e-02, -4.25120920e-01],
       [ 6.47993743e-01, -4.78574067e-01, -9.24638748e-01,
        -8.35341513e-01, -4.77768630e-01,  6.37007892e-01,
        -6.96861297e-02, -4.24685299e-01],
       [ 6.51905596e-01, -4.76890564e-01, -9.17936444e-01,
        -8.32668841e-01, -4.71587121e-01,  6.31786227e-01,
        -6.33772016e-02, -4.22439456e-01],
       [ 6.61718190e-01, -4.76702869e-01, -9.11054015e-01,
        -8.29811275e-01, -4.62566316e-01,  6.30403996e-01,
        -5.53542040e-02, -4.20264333e-01],
       [ 6.70183182e-01, -4.78803694e-01, -9.06150162e-01,
        -8.29509616e-01, -4.54280883e-01,  6.28653586e-01,
        -4.72631864e-02, -4.19235408e-01],
       [ 6.67553544e-01, -4.76446658e-01, -8.94582510e-01,
        -8.26516867e-01, -4.44768488e-01,  6.20806754e-01,
        -4.74891849e-02, -4.20096129e-01],
       [ 6.56979561e-01, -4.67661262e-01, -8.74248505e-01,
        -8.13725710e-01, -4.31449354e-01,  6.10812783e-01,
        -5.23933321e-02, -4.18844461e-01],
       [ 6.44412637e-01, -4.54317093e-01, -8.52610409e-01,
        -8.00183773e-01, -4.16658580e-01,  5.96974611e-01,
        -5.64877056e-02, -4.16853428e-01],
       [ 6.27839684e-01, -4.35385317e-01, -8.31872165e-01,
        -7.88110435e-01, -3.99840236e-01,  5.77495813e-01,
        -5.85213564e-02, -4.16109771e-01],
       [ 6.13876402e-01, -4.20148611e-01, -8.14866781e-01,
        -7.75642753e-01, -3.84238899e-01,  5.61533272e-01,
        -5.83416969e-02, -4.15608913e-01],
       [ 6.07983828e-01, -4.15493041e-01, -8.07149827e-01,
        -7.66286373e-01, -3.71503830e-01,  5.52816033e-01,
        -5.47496006e-02, -4.14198548e-01],
       [ 6.01670742e-01, -4.12798017e-01, -8.01510215e-01,
        -7.57108033e-01, -3.62032205e-01,  5.48840046e-01,
        -4.96040732e-02, -4.10805523e-01],
       [ 6.02939844e-01, -4.16945875e-01, -8.01061034e-01,
        -7.53957570e-01, -3.55563909e-01,  5.53685546e-01,
        -4.50670496e-02, -4.11733270e-01],
       [ 6.06377065e-01, -4.24433976e-01, -8.03086281e-01,
        -7.54086196e-01, -3.49117965e-01,  5.58081150e-01,
        -4.02733311e-02, -4.17275876e-01],
       [ 6.11835599e-01, -4.31425691e-01, -8.06598604e-01,
        -7.56788671e-01, -3.46218020e-01,  5.62849998e-01,
        -3.58973630e-02, -4.23277855e-01],
       [ 6.10047579e-01, -4.32948351e-01, -8.14760506e-01,
        -7.59842575e-01, -3.47476184e-01,  5.64274132e-01,
        -2.89114062e-02, -4.26645756e-01],
       [ 6.13126040e-01, -4.36596066e-01, -8.28244209e-01,
        -7.59211421e-01, -3.49138349e-01,  5.70992887e-01,
        -2.18608193e-02, -4.27629620e-01],
       [ 6.19220138e-01, -4.37512517e-01, -8.40928972e-01,
        -7.51211762e-01, -3.50025564e-01,  5.81276238e-01,
        -1.68655124e-02, -4.21595275e-01],
       [ 6.28676832e-01, -4.37529415e-01, -8.48322272e-01,
        -7.44251966e-01, -3.51354420e-01,  5.88430405e-01,
        -1.20435217e-02, -4.13677931e-01],
       [ 6.37422681e-01, -4.36101437e-01, -8.52285445e-01,
        -7.36107588e-01, -3.52114558e-01,  5.94204128e-01,
        -8.28249846e-03, -4.05360013e-01],
       [ 6.51446044e-01, -4.39201534e-01, -8.53486180e-01,
        -7.35130250e-01, -3.49057913e-01,  6.00357711e-01,
        -6.11428963e-03, -4.04063761e-01],
       [ 6.63121939e-01, -4.41269308e-01, -8.60209048e-01,
        -7.36444294e-01, -3.48292768e-01,  6.06179178e-01,
        -2.09635589e-03, -4.06599641e-01],
       [ 6.60958111e-01, -4.30616260e-01, -8.69265616e-01,
        -7.28657067e-01, -3.53073150e-01,  6.05018675e-01,
        -3.88259743e-03, -4.09705937e-01],
       [ 6.58037245e-01, -4.20503050e-01, -8.77143621e-01,
        -7.14857697e-01, -3.56972128e-01,  6.05910599e-01,
        -9.26759187e-03, -4.06472147e-01],
       [ 6.54271483e-01, -4.07245576e-01, -8.85287642e-01,
        -6.96303964e-01, -3.62353116e-01,  6.06017172e-01,
        -1.64360628e-02, -4.03201163e-01],
       [ 6.46817863e-01, -3.90545666e-01, -8.91410708e-01,
        -6.76754951e-01, -3.68508756e-01,  6.05894625e-01,
        -2.49939021e-02, -4.04009223e-01],
       [ 6.35895133e-01, -3.71207476e-01, -8.96295190e-01,
        -6.53777957e-01, -3.75733942e-01,  6.04273140e-01,
        -3.34661677e-02, -4.04806554e-01],
       [ 6.22624457e-01, -3.39722604e-01, -9.16217208e-01,
        -6.47743344e-01, -3.90810639e-01,  5.98546505e-01,
        -4.39420342e-02, -4.20822293e-01],
       [ 6.25801086e-01, -3.05838287e-01, -9.46559310e-01,
        -6.52091861e-01, -4.12482172e-01,  5.94328880e-01,
        -5.52499965e-02, -4.45266694e-01],
       [ 6.29227400e-01, -2.68435895e-01, -9.83849764e-01,
        -6.51626706e-01, -4.36691135e-01,  5.94823062e-01,
        -6.31396174e-02, -4.58616376e-01],
       [ 6.22290790e-01, -2.23742902e-01, -1.01664102e+00,
        -6.43292606e-01, -4.60164845e-01,  5.92013419e-01,
        -7.11369738e-02, -4.64131564e-01],
       [ 6.21430933e-01, -1.40851945e-01, -1.16178668e+00,
        -7.51820922e-01, -6.17966592e-01,  6.03287756e-01,
        -5.52149042e-02, -4.74039793e-01],
       [ 6.17943525e-01, -1.16316848e-01, -1.20514083e+00,
        -7.48186827e-01, -6.53159916e-01,  6.06385708e-01,
        -6.63186386e-02, -4.78753179e-01]], dtype=float32), 'ground_truth': array([[ 2.55000281, -1.14019673, -0.38840258,  0.20511666,  0.64904584,
         1.05395031,  0.75994474, -0.14015204],
       [ 2.57610514, -1.14754134, -0.36230025,  0.19777205,  0.67514817,
         1.0466057 ,  0.78604707, -0.14749665],
       [ 2.60224393, -1.15391926, -0.33616146,  0.19139413,  0.70128696,
         1.04022778,  0.81218586, -0.15387456],
       [ 2.62853566, -1.16019066, -0.30986973,  0.18512273,  0.72757869,
         1.03395638,  0.8384776 , -0.16014597],
       [ 2.65481835, -1.16560029, -0.28358704,  0.1797131 ,  0.75386138,
         1.02854675,  0.86476029, -0.1655556 ],
       [ 2.68119664, -1.17067107, -0.25720875,  0.17464232,  0.78023967,
         1.02347597,  0.89113858, -0.17062638],
       [ 2.70753926, -1.17500573, -0.23086613,  0.17030766,  0.80658229,
         1.01914131,  0.9174812 , -0.17496104],
       [ 2.73389402, -1.17880845, -0.20451137,  0.16650494,  0.83293705,
         1.01533859,  0.94383595, -0.17876376],
       [ 2.76019756, -1.18195974, -0.17820783,  0.16335365,  0.85924059,
         1.0121873 ,  0.9701395 , -0.18191505],
       [ 2.78644348, -1.18448281, -0.15196192,  0.16083058,  0.88548651,
         1.00966423,  0.99638541, -0.18443812],
       [ 2.81259895, -1.18634392, -0.12580645,  0.15896947,  0.91164198,
         1.00780312,  1.02254088, -0.18629922],
       [ 2.83863609, -1.18752278, -0.0997693 ,  0.15779061,  0.93767912,
         1.00662426,  1.04857803, -0.18747809],
       [ 2.86452144, -1.18799485, -0.07388395,  0.15731854,  0.96356447,
         1.00615219,  1.07446338, -0.18795015],
       [ 2.89021926, -1.18773799, -0.04818613,  0.1575754 ,  0.98926229,
         1.00640905,  1.10016119, -0.1876933 ],
       [ 2.91569206, -1.18673325, -0.02271334,  0.15858014,  1.01473509,
         1.00741379,  1.12563399, -0.18668855],
       [ 2.94199112, -1.18587465,  0.00358573,  0.15943874,  1.04103415,
         1.00827239,  1.15193305, -0.18582995],
       [ 2.96645413, -1.18447504,  0.02804874,  0.16083835,  1.06549716,
         1.009672  ,  1.17639606, -0.18443035],
       [ 2.99017184, -1.18315094,  0.05176645,  0.16216245,  1.08921487,
         1.0109961 ,  1.20011377, -0.18310624],
       [ 3.01374748, -1.18104804,  0.07534209,  0.16426535,  1.11279051,
         1.013099  ,  1.22368942, -0.18100335],
       [ 3.03593174, -1.178845  ,  0.09752634,  0.16646839,  1.13497477,
         1.01530204,  1.24587367, -0.17880031],
       [ 3.05747272, -1.1767634 ,  0.11906733,  0.16854999,  1.15651575,
         1.01738364,  1.26741465, -0.17671871],
       [ 3.07789595, -1.17477518,  0.13949056,  0.17053821,  1.17693898,
         1.01937186,  1.28783788, -0.17473049],
       [ 3.09727759, -1.17389749,  0.15887219,  0.1714159 ,  1.19632062,
         1.02024955,  1.30721952, -0.1738528 ],
       [ 3.11605667, -1.17289476,  0.17765128,  0.17241863,  1.2150997 ,
         1.02125228,  1.32599861, -0.17285006],
       [ 3.13455112, -1.17091545,  0.19614573,  0.17439794,  1.23359415,
         1.02323159,  1.34449305, -0.17087076],
       [ 3.15283967, -1.16801539,  0.21443427,  0.177298  ,  1.2518827 ,
         1.02613165,  1.3627816 , -0.1679707 ],
       [ 3.17070028, -1.16414694,  0.23229489,  0.18116645,  1.26974331,
         1.0300001 ,  1.38064221, -0.16410224],
       [ 3.18848162, -1.15943787,  0.25007623,  0.18587552,  1.28752465,
         1.03470917,  1.39842355, -0.15939318],
       [ 3.20545907, -1.15372758,  0.26705368,  0.19158581,  1.3045021 ,
         1.04041946,  1.415401  , -0.15368289],
       [ 3.22222875, -1.14719965,  0.28382335,  0.19811374,  1.32127178,
         1.04694739,  1.43217068, -0.14715496],
       [ 3.23797763, -1.1410119 ,  0.29957223,  0.20430149,  1.33702066,
         1.05313514,  1.44791956, -0.14096721],
       [ 3.25290318, -1.13623288,  0.31449778,  0.20908051,  1.35194621,
         1.05791416,  1.46284511, -0.13618819],
       [ 3.26718627, -1.13283187,  0.32878088,  0.21248152,  1.3662293 ,
         1.06131517,  1.4771282 , -0.13278718],
       [ 3.28093474, -1.13076018,  0.34252934,  0.21455321,  1.37997777,
         1.06338686,  1.49087667, -0.13071548],
       [ 3.29424192, -1.12996513,  0.35583653,  0.21534826,  1.39328495,
         1.06418191,  1.50418386, -0.12992043],
       [ 3.30719691, -1.1303916 ,  0.36879152,  0.21492179,  1.40623994,
         1.06375544,  1.51713885, -0.13034691],
       [ 3.31988482, -1.13198218,  0.38147943,  0.21333121,  1.41892785,
         1.06216486,  1.52982675, -0.13193749],
       [ 3.33238669, -1.1346773 ,  0.3939813 ,  0.21063609,  1.43142972,
         1.05946974,  1.54232862, -0.1346326 ],
       [ 3.34445571, -1.13745264,  0.40605032,  0.20786075,  1.44349874,
         1.0566944 ,  1.55439764, -0.13740795],
       [ 3.35693797, -1.13882254,  0.41853258,  0.20649085,  1.455981  ,
         1.0553245 ,  1.5668799 , -0.13877785],
       [ 3.36817972, -1.1392229 ,  0.42977433,  0.20609049,  1.46722275,
         1.05492414,  1.57812165, -0.1391782 ],
       [ 3.37860023, -1.13855139,  0.44019484,  0.206762  ,  1.47764326,
         1.05559565,  1.58854216, -0.13850669],
       [ 3.38815946, -1.13824487,  0.44975407,  0.20706852,  1.48720249,
         1.05590217,  1.5981014 , -0.13820018],
       [ 3.39707664, -1.13799839,  0.45867124,  0.207315  ,  1.49611966,
         1.05614865,  1.60701857, -0.13795369],
       [ 3.40639577, -1.13612992,  0.46799037,  0.20918347,  1.5054388 ,
         1.05801712,  1.6163377 , -0.13608523],
       [ 3.41540997, -1.13306635,  0.47700458,  0.21224704,  1.514453  ,
         1.06108069,  1.6253519 , -0.13302166],
       [ 3.42349991, -1.12918384,  0.48509451,  0.21612955,  1.52254294,
         1.0649632 ,  1.63344184, -0.12913915],
       [ 3.4310268 , -1.12437487,  0.49262141,  0.22093852,  1.53006983,
         1.06977217,  1.64096874, -0.12433018],
       [ 3.43802375, -1.11869086,  0.49961836,  0.22662253,  1.53706678,
         1.07545618,  1.64796568, -0.11864616],
       [ 3.4447865 , -1.11339903,  0.50638111,  0.23191436,  1.54382953,
         1.08074801,  1.65472843, -0.11335434],
       [ 3.45160543, -1.10946071,  0.51320004,  0.23585268,  1.55064846,
         1.08468633,  1.66154737, -0.10941602],
       [ 3.45836914, -1.10685206,  0.51996374,  0.23846133,  1.55741216,
         1.08729498,  1.66831107, -0.10680737],
       [ 3.46499508, -1.10553522,  0.52658968,  0.23977817,  1.56403811,
         1.08861182,  1.67493701, -0.10549053],
       [ 3.4714164 , -1.10546641,  0.53301101,  0.23984698,  1.57045943,
         1.08868063,  1.68135833, -0.10542171],
       [ 3.47756912, -1.10659912,  0.53916372,  0.23871427,  1.57661215,
         1.08754792,  1.68751105, -0.10655443],
       [ 3.48339177, -1.10888433,  0.54498638,  0.23642906,  1.5824348 ,
         1.08526271,  1.6933337 , -0.10883964],
       [ 3.48882555, -1.11227056,  0.55042016,  0.23304283,  1.58786858,
         1.08187648,  1.69876748, -0.11222587],
       [ 3.49381448, -1.11670404,  0.55540909,  0.22860935,  1.59285751,
         1.077443  ,  1.70375642, -0.11665935],
       [ 3.49830556, -1.12212882,  0.55990016,  0.22318457,  1.59734859,
         1.07201822,  1.70824749, -0.12208413],
       [ 3.50224887, -1.12848692,  0.56384347,  0.21682647,  1.60129189,
         1.06566012,  1.7121908 , -0.12844223],
       [ 3.50559775, -1.13571846,  0.56719235,  0.20959493,  1.60464078,
         1.05842858,  1.71553968, -0.13567377],
       [ 3.5083089 , -1.14376187,  0.56990351,  0.20155152,  1.60735193,
         1.05038517,  1.71825083, -0.14371718],
       [ 3.51034249, -1.152554  ,  0.5719371 ,  0.19275939,  1.60938552,
         1.04159304,  1.72028442, -0.15250931],
       [ 3.51166226, -1.16203033,  0.57325686,  0.18328306,  1.61070529,
         1.03211671,  1.72160419, -0.16198564],
       [ 3.51223559, -1.17212516,  0.57383019,  0.17318823,  1.61127862,
         1.02202188,  1.72217752, -0.17208047],
       [ 3.5120336 , -1.18277179,  0.57362821,  0.1625416 ,  1.61107663,
         1.01137525,  1.72197554, -0.1827271 ],
       [ 3.51103122, -1.19390269,  0.57262583,  0.1514107 ,  1.61007425,
         1.00024435,  1.72097315, -0.193858  ],
       [ 3.50920719, -1.20544976,  0.5708018 ,  0.13986363,  1.60825022,
         0.98869728,  1.71914913, -0.20540506],
       [ 3.50654416, -1.21734446,  0.56813877,  0.12796893,  1.60558719,
         0.97680258,  1.71648609, -0.21729977],
       [ 3.50302866, -1.2295181 ,  0.56462327,  0.1157953 ,  1.60207169,
         0.96462895,  1.7129706 , -0.2294734 ],
       [ 3.49865116, -1.24190195,  0.56024577,  0.10341144,  1.59769419,
         0.95224509,  1.70859309, -0.24185725],
       [ 3.49340603, -1.25442754,  0.55500063,  0.09088585,  1.59244906,
         0.9397195 ,  1.70334796, -0.25438284],
       [ 3.48729154, -1.26702681,  0.54888614,  0.07828658,  1.58633457,
         0.92712023,  1.69723347, -0.26698212],
       [ 3.48030984, -1.27963236,  0.54190445,  0.06568103,  1.57935287,
         0.91451468,  1.69025177, -0.27958767],
       [ 3.47246692, -1.29217762,  0.53406153,  0.05313577,  1.57150995,
         0.90196943,  1.68240885, -0.29213292],
       [ 3.46377254, -1.30459707,  0.52536715,  0.04071632,  1.56281557,
         0.88954997,  1.67371448, -0.30455237],
       [ 3.45424019, -1.31682645,  0.51583479,  0.02848694,  1.55328322,
         0.87732059,  1.66418212, -0.31678176],
       [ 3.44388698, -1.32880297,  0.50548159,  0.01651042,  1.54293001,
         0.86534407,  1.65382891, -0.32875828],
       [ 3.43273359, -1.34046547,  0.4943282 ,  0.00484793,  1.53177662,
         0.85368158,  1.64267552, -0.34042077],
       [ 3.42080414, -1.35175461,  0.48239875, -0.00644122,  1.51984717,
         0.84239243,  1.63074607, -0.35170992],
       [ 3.40812609, -1.36261311,  0.4697207 , -0.01729972,  1.50716912,
         0.83153393,  1.61806803, -0.36256842],
       [ 3.39473013, -1.37298586,  0.45632473, -0.02767247,  1.49377316,
         0.82116118,  1.60467206, -0.37294117],
       [ 3.38065   , -1.38282013,  0.44224461, -0.03750674,  1.47969303,
         0.81132691,  1.59059193, -0.38277543],
       [ 3.36592242, -1.39206569,  0.42751703, -0.0467523 ,  1.46496545,
         0.80208135,  1.57586435, -0.392021  ],
       [ 3.35058687, -1.40067504,  0.41218147, -0.05536165,  1.4496299 ,
         0.793472  ,  1.5605288 , -0.40063034],
       [ 3.33468547, -1.40860345,  0.39628007, -0.06329006,  1.4337285 ,
         0.78554359,  1.5446274 , -0.40855876],
       [ 3.31826279, -1.41580921,  0.3798574 , -0.07049582,  1.41730582,
         0.77833783,  1.52820472, -0.41576451],
       [ 3.30136569, -1.42225365,  0.3629603 , -0.07694025,  1.40040872,
         0.7718934 ,  1.51130763, -0.42220895],
       [ 3.28404313, -1.42790132,  0.34563774, -0.08258793,  1.38308616,
         0.76624572,  1.49398507, -0.42785662],
       [ 3.26634597, -1.43272008,  0.32794057, -0.08740669,  1.365389  ,
         0.76142696,  1.4762879 , -0.43267539],
       [ 3.24832677, -1.4366812 ,  0.30992138, -0.09136781,  1.3473698 ,
         0.75746584,  1.4582687 , -0.43663651],
       [ 3.23003962, -1.43975941,  0.29163422, -0.09444602,  1.32908264,
         0.75438763,  1.43998155, -0.43971472],
       [ 3.21153989, -1.44193301,  0.27313449, -0.09661962,  1.31058292,
         0.75221403,  1.42148182, -0.44188832],
       [ 3.19288406, -1.44318391,  0.25447866, -0.09787052,  1.29192708,
         0.75096313,  1.40282599, -0.44313922],
       [ 3.17412948, -1.44349768,  0.23572408, -0.09818429,  1.27317251,
         0.75064936,  1.38407141, -0.44345298],
       [ 3.15533416, -1.44286356,  0.21692877, -0.09755017,  1.25437719,
         0.75128348,  1.3652761 , -0.44281887],
       [ 3.13655658, -1.44127455,  0.19815119, -0.09596116,  1.23559961,
         0.75287249,  1.34649851, -0.44122986],
       [ 3.11785542, -1.43872734,  0.17945003, -0.09341395,  1.21689845,
         0.7554197 ,  1.32779735, -0.43868265],
       [ 3.09928939, -1.43522235,  0.16088399, -0.08990896,  1.19833242,
         0.75892469,  1.30923132, -0.43517766],
       [ 3.08091697, -1.43076371,  0.14251158, -0.08545032,  1.17996   ,
         0.76338333,  1.29085891, -0.43071901],
       [ 3.06279625, -1.42535922,  0.12439086, -0.08004583,  1.16183928,
         0.76878782,  1.27273819, -0.42531453],
       [ 3.04498466, -1.41902033,  0.10657926, -0.07370694,  1.14402769,
         0.77512671,  1.25492659, -0.41897564],
       [ 3.02753877, -1.41176207,  0.08913338, -0.06644868,  1.1265818 ,
         0.78238497,  1.2374807 , -0.41171738],
       [ 3.01051412, -1.40360299,  0.07210873, -0.0582896 ,  1.10955715,
         0.79054405,  1.22045605, -0.4035583 ],
       [ 2.99396497, -1.39456508,  0.05555958, -0.04925169,  1.093008  ,
         0.79958196,  1.20390691, -0.39452039],
       [ 2.97794413, -1.38467369,  0.03953873, -0.0393603 ,  1.07698716,
         0.80947335,  1.18788606, -0.384629  ],
       [ 2.96250273, -1.37395743,  0.02409733, -0.02864404,  1.06154576,
         0.82018961,  1.17244466, -0.37391274],
       [ 2.94769008, -1.36244805,  0.00928469, -0.01713466,  1.04673311,
         0.83169899,  1.15763201, -0.36240335],
       [ 2.93355347, -1.35018032, -0.00485193, -0.00486693,  1.0325965 ,
         0.84396672,  1.1434954 , -0.35013563],
       [ 2.92013796, -1.33719192, -0.01826743,  0.00812147,  1.01918099,
         0.85695512,  1.1300799 , -0.33714723],
       [ 2.90719554, -1.32474153, -0.03120985,  0.02057186,  1.00623857,
         0.86940551,  1.11713747, -0.32469683],
       [ 2.89445122, -1.31378598, -0.04395418,  0.03152741,  0.99349425,
         0.88036106,  1.10439315, -0.31374129],
       [ 2.88183709, -1.30424979, -0.0565683 ,  0.0410636 ,  0.98088012,
         0.88989725,  1.09177903, -0.30420509],
       [ 2.86928908, -1.29605671, -0.06911631,  0.04925668,  0.96833211,
         0.89809033,  1.07923101, -0.29601202],
       [ 2.85674696, -1.28912993, -0.08165844,  0.05618346,  0.95578999,
         0.90501711,  1.06668889, -0.28908523],
       [ 2.84415442, -1.28339209, -0.09425097,  0.0619213 ,  0.94319745,
         0.91075495,  1.05409635, -0.28334739],
       [ 2.83145916, -1.27876548, -0.10694624,  0.06654791,  0.93050219,
         0.91538156,  1.04140109, -0.27872079],
       [ 2.81861286, -1.27517215, -0.11979253,  0.07014124,  0.91765589,
         0.91897489,  1.02855479, -0.27512746],
       [ 2.80557127, -1.27253401, -0.13283412,  0.07277938,  0.9046143 ,
         0.92161303,  1.0155132 , -0.27248931],
       [ 2.7922942 , -1.270773  , -0.14611119,  0.07454039,  0.89133723,
         0.92337405,  1.00223614, -0.2707283 ]]), 'data_points': 600}, 1: {'r2': -2.674684762954712, 'mse': 0.5267782347674881, 'train_losses': [1.8273133039474487, 1.7626357078552246, 1.697858452796936, 1.6312094926834106, 1.5618832111358643, 1.4895211458206177, 1.4140361547470093, 1.3359684944152832, 1.256075143814087, 1.1755391359329224, 1.0959423780441284, 1.0195512771606445, 0.9488852024078369, 0.8864454627037048, 0.8342303037643433, 0.7928360104560852, 0.7612364888191223, 0.7364618182182312, 0.7147380113601685, 0.6930246353149414, 0.6688074469566345, 0.6415857076644897, 0.6122581958770752, 0.5823262929916382, 0.5534535646438599, 0.5264460444450378, 0.5013007521629333, 0.4775184392929077, 0.4546882212162018, 0.4323405623435974], 'test_losses': [1.107695460319519, 1.0461695194244385, 0.984890341758728, 0.9222098588943481, 0.8580866456031799, 0.7926854491233826, 0.726237952709198, 0.6592332124710083, 0.592399001121521, 0.5266904234886169, 0.46373337507247925, 0.4058431386947632, 0.3558572232723236, 0.31623539328575134, 0.2891760468482971, 0.27615422010421753, 0.276882529258728, 0.2893329858779907, 0.31012529134750366, 0.33550336956977844, 0.3618360459804535, 0.38717520236968994, 0.41059744358062744, 0.4321598708629608, 0.4514561593532562, 0.4691025912761688, 0.48531049489974976, 0.500292956829071, 0.5139554738998413, 0.5267782807350159], 'predictions': array([[ 6.75430954e-01,  7.84092247e-02, -1.98121035e+00,
        -5.37017822e-01, -5.67423463e-01,  9.90280569e-01,
         2.10596442e-01, -6.93243086e-01],
       [ 6.77219093e-01,  1.15830854e-01, -1.89579523e+00,
        -5.23212194e-01, -5.22135854e-01,  9.64899063e-01,
         2.20011070e-01, -6.76124215e-01],
       [ 6.94867313e-01, -3.47617129e-03, -2.06996512e+00,
        -4.66279328e-01, -5.64096391e-01,  1.00786054e+00,
         3.34269762e-01, -6.90505624e-01],
       [ 8.05065036e-01, -6.33842358e-03, -1.95824754e+00,
        -4.87036198e-01, -5.47481656e-01,  9.69383538e-01,
         2.89141566e-01, -7.08454847e-01],
       [ 7.53764868e-01,  8.36148486e-02, -1.80388319e+00,
        -5.14312983e-01, -4.88831609e-01,  9.08618212e-01,
         2.56354690e-01, -6.81467533e-01],
       [ 7.84842074e-01, -6.06265552e-02, -2.13992858e+00,
        -4.74110425e-01, -6.34632885e-01,  1.05896533e+00,
         3.17596167e-01, -7.06050038e-01],
       [ 6.90932214e-01,  8.00049528e-02, -2.02822924e+00,
        -5.05939364e-01, -5.52149177e-01,  1.00906384e+00,
         2.62995929e-01, -7.15558767e-01],
       [ 7.32964516e-01,  4.99635935e-02, -2.03507590e+00,
        -4.85279828e-01, -5.39773524e-01,  1.00271583e+00,
         3.11427891e-01, -7.23379076e-01],
       [ 8.20140481e-01,  5.78302667e-02, -1.75131357e+00,
        -4.86899823e-01, -4.42385137e-01,  8.73256445e-01,
         3.05942833e-01, -6.92211092e-01],
       [ 8.75510633e-01, -8.95737484e-02, -1.98537147e+00,
        -4.38455015e-01, -5.63594580e-01,  9.83782887e-01,
         3.60150099e-01, -6.96691453e-01],
       [ 7.62388647e-01,  7.36507447e-03, -2.02150559e+00,
        -4.57537174e-01, -5.43229282e-01,  9.94835019e-01,
         3.43697429e-01, -7.07371712e-01],
       [ 7.19527006e-01,  5.48452102e-02, -2.00584435e+00,
        -4.93784726e-01, -5.33353329e-01,  9.91277635e-01,
         2.90304393e-01, -7.06735671e-01],
       [ 6.83177829e-01,  5.65879978e-02, -2.03773141e+00,
        -5.06124496e-01, -5.43631554e-01,  1.00195909e+00,
         2.79467076e-01, -7.03156233e-01],
       [ 6.50964677e-01,  6.11242987e-02, -2.06723332e+00,
        -5.12537539e-01, -5.53528428e-01,  1.02158320e+00,
         2.67851323e-01, -7.00278759e-01],
       [ 6.42318726e-01,  6.25029132e-02, -2.09012175e+00,
        -5.10707319e-01, -5.58183134e-01,  1.04131436e+00,
         2.66271383e-01, -7.01167464e-01],
       [ 6.52497232e-01,  6.00318536e-02, -2.11507249e+00,
        -5.04982531e-01, -5.58169723e-01,  1.07739186e+00,
         2.64380008e-01, -7.00482607e-01],
       [ 6.66159749e-01,  6.05965406e-02, -2.15776014e+00,
        -5.08812547e-01, -5.61146855e-01,  1.11199355e+00,
         2.65553474e-01, -7.12914646e-01],
       [ 6.44983649e-01,  6.80078641e-02, -2.19200492e+00,
        -5.21045566e-01, -5.76995194e-01,  1.13870251e+00,
         2.53554195e-01, -7.21764803e-01],
       [ 6.18708074e-01,  7.23438859e-02, -2.21609902e+00,
        -5.27787328e-01, -5.94000697e-01,  1.16271949e+00,
         2.39892945e-01, -7.22253561e-01],
       [ 5.98804653e-01,  7.57960603e-02, -2.23286009e+00,
        -5.31421125e-01, -6.07428432e-01,  1.18303430e+00,
         2.26451859e-01, -7.20718324e-01],
       [ 5.77399373e-01,  8.32931101e-02, -2.22367859e+00,
        -5.35927474e-01, -6.09027207e-01,  1.19396436e+00,
         2.02572584e-01, -7.09426701e-01],
       [ 5.61098635e-01,  8.48377943e-02, -2.24012017e+00,
        -5.38492262e-01, -6.21409237e-01,  1.21833014e+00,
         1.89350009e-01, -7.00897396e-01],
       [ 5.61143696e-01,  8.93483311e-02, -2.25559735e+00,
        -5.38718879e-01, -6.18089557e-01,  1.24669433e+00,
         1.81231961e-01, -6.90611064e-01],
       [ 5.61660230e-01,  1.12448387e-01, -2.20985603e+00,
        -5.38736939e-01, -5.86530626e-01,  1.25657690e+00,
         1.56736180e-01, -6.59260750e-01],
       [ 5.72898567e-01,  1.15516193e-01, -2.19348073e+00,
        -5.29917002e-01, -5.71599722e-01,  1.27442455e+00,
         1.47718579e-01, -6.39879763e-01],
       [ 5.77920854e-01,  9.09385532e-02, -2.22767997e+00,
        -5.08286834e-01, -5.89333236e-01,  1.31129169e+00,
         1.57923251e-01, -6.21540844e-01],
       [ 5.76873362e-01,  1.10921822e-01, -2.20329475e+00,
        -5.02435029e-01, -5.86707294e-01,  1.35159886e+00,
         1.28134042e-01, -5.72459936e-01],
       [ 5.80107272e-01,  1.21303946e-01, -2.21821666e+00,
        -5.11382341e-01, -5.87522745e-01,  1.37963879e+00,
         1.04162730e-01, -5.61486423e-01],
       [ 5.87271154e-01,  1.29977360e-01, -2.23999262e+00,
        -5.24243772e-01, -5.83985269e-01,  1.39414036e+00,
         8.84422734e-02, -5.67439497e-01],
       [ 5.92750490e-01,  1.99317291e-01, -2.03650713e+00,
        -5.06499708e-01, -5.43418527e-01,  1.42597544e+00,
        -2.61395928e-02, -4.04436916e-01],
       [ 5.69298446e-01,  2.14482203e-01, -1.89945424e+00,
        -4.99391198e-01, -5.46419561e-01,  1.41431093e+00,
        -7.58999363e-02, -2.79736876e-01],
       [ 5.82628310e-01,  1.85888305e-01, -2.18283033e+00,
        -5.41067302e-01, -5.80702364e-01,  1.47285676e+00,
        -4.65087853e-02, -4.56061542e-01],
       [ 5.66603661e-01,  1.67514265e-01, -2.34487486e+00,
        -5.87603509e-01, -6.12483203e-01,  1.46951759e+00,
        -1.76968519e-02, -5.59435010e-01],
       [ 5.76048017e-01,  2.23162010e-01, -2.26682830e+00,
        -5.89975715e-01, -5.92202604e-01,  1.50370169e+00,
        -9.96774882e-02, -4.74414527e-01],
       [ 6.10580921e-01,  2.26170272e-01, -2.24237108e+00,
        -5.87552786e-01, -5.72352529e-01,  1.49593520e+00,
        -1.11617498e-01, -4.62374628e-01],
       [ 6.41636610e-01,  1.97702259e-01, -2.30910873e+00,
        -6.11766338e-01, -5.47743917e-01,  1.44302201e+00,
        -6.57421201e-02, -5.59454262e-01],
       [ 6.73074424e-01,  2.18340397e-01, -2.23002052e+00,
        -6.04507625e-01, -5.20286322e-01,  1.43039346e+00,
        -8.80616531e-02, -5.22584260e-01],
       [ 6.91403627e-01,  1.94844946e-01, -2.25738668e+00,
        -6.14835978e-01, -4.93185550e-01,  1.38067532e+00,
        -5.05758710e-02, -5.84773660e-01],
       [ 7.15348601e-01,  2.23515168e-01, -2.17438889e+00,
        -5.95753074e-01, -4.89795417e-01,  1.41033888e+00,
        -9.85889807e-02, -5.04609942e-01],
       [ 7.37707019e-01,  2.26346329e-01, -2.10065389e+00,
        -5.72727144e-01, -4.79198992e-01,  1.42604029e+00,
        -1.23692803e-01, -4.38358009e-01],
       [ 7.12162495e-01,  1.78118587e-01, -2.25094795e+00,
        -6.01102293e-01, -4.65639472e-01,  1.36986339e+00,
        -4.05344777e-02, -5.95205784e-01],
       [ 7.24850953e-01,  2.58025199e-01, -2.14753819e+00,
        -5.87332547e-01, -5.09985387e-01,  1.47739339e+00,
        -1.69915721e-01, -4.15284455e-01],
       [ 7.45292723e-01,  2.64416546e-01, -2.08278871e+00,
        -5.58491290e-01, -5.01087010e-01,  1.49701440e+00,
        -1.87826052e-01, -3.61134142e-01],
       [ 7.40284979e-01,  2.79303998e-01, -2.09165812e+00,
        -5.54229200e-01, -5.10821998e-01,  1.51984715e+00,
        -2.06189543e-01, -3.36106807e-01],
       [ 7.51278520e-01,  2.82215655e-01, -2.06132388e+00,
        -5.33840835e-01, -5.09385049e-01,  1.53694260e+00,
        -2.14937925e-01, -3.05510253e-01],
       [ 7.29820192e-01,  2.92596251e-01, -2.06244922e+00,
        -5.48832893e-01, -5.11359692e-01,  1.51820433e+00,
        -2.12361678e-01, -3.11162442e-01],
       [ 7.27424145e-01,  2.83340842e-01, -2.04262114e+00,
        -5.44688821e-01, -4.95487183e-01,  1.48416007e+00,
        -1.86500475e-01, -3.32035273e-01],
       [ 7.35399008e-01,  2.77315408e-01, -1.99825311e+00,
        -5.36901057e-01, -4.78290677e-01,  1.46275461e+00,
        -1.71164557e-01, -3.30457896e-01],
       [ 7.24797189e-01,  2.78166920e-01, -1.97733188e+00,
        -5.33277392e-01, -4.72264081e-01,  1.44974113e+00,
        -1.61282852e-01, -3.28685284e-01],
       [ 7.32003331e-01,  2.67182529e-01, -1.96179497e+00,
        -5.17803907e-01, -4.67851609e-01,  1.45012367e+00,
        -1.48696184e-01, -3.26704383e-01],
       [ 7.42917001e-01,  2.53711551e-01, -1.93189263e+00,
        -4.95947957e-01, -4.56492007e-01,  1.44889331e+00,
        -1.35053828e-01, -3.19956005e-01],
       [ 7.50519097e-01,  2.42035285e-01, -1.91081703e+00,
        -4.76979196e-01, -4.50224370e-01,  1.45293212e+00,
        -1.25912324e-01, -3.13256592e-01],
       [ 7.76477158e-01,  2.34492287e-01, -1.80610764e+00,
        -4.41855758e-01, -4.28898543e-01,  1.43278921e+00,
        -1.19095452e-01, -2.71490812e-01],
       [ 7.76496410e-01,  2.37111449e-01, -1.82302761e+00,
        -4.36457872e-01, -4.38135892e-01,  1.46012735e+00,
        -1.16051823e-01, -2.62966067e-01],
       [ 8.17873478e-01,  2.00885832e-01, -1.63847613e+00,
        -3.80201340e-01, -3.80951911e-01,  1.36804068e+00,
        -5.45582026e-02, -2.40684181e-01],
       [ 8.17873478e-01,  2.00885832e-01, -1.63847613e+00,
        -3.80201340e-01, -3.80951911e-01,  1.36804068e+00,
        -5.45582026e-02, -2.40684181e-01],
       [ 8.17873478e-01,  2.00885832e-01, -1.63847613e+00,
        -3.80201340e-01, -3.80951911e-01,  1.36804068e+00,
        -5.45582026e-02, -2.40684181e-01],
       [ 8.17873478e-01,  2.00885832e-01, -1.63847613e+00,
        -3.80201340e-01, -3.80951911e-01,  1.36804068e+00,
        -5.45582026e-02, -2.40684181e-01],
       [ 8.17873478e-01,  2.00885832e-01, -1.63847613e+00,
        -3.80201340e-01, -3.80951911e-01,  1.36804068e+00,
        -5.45582026e-02, -2.40684181e-01],
       [ 7.85353601e-01,  2.10744068e-01, -1.79362154e+00,
        -4.32279348e-01, -4.11267489e-01,  1.41389370e+00,
        -7.79553801e-02, -2.98044413e-01],
       [ 8.01529825e-01,  1.92079902e-01, -1.76415122e+00,
        -4.33747083e-01, -3.81012738e-01,  1.36702979e+00,
        -4.13951054e-02, -3.31053466e-01],
       [ 8.18342865e-01,  1.72403574e-01, -1.73133218e+00,
        -4.33548868e-01, -3.48803282e-01,  1.31846547e+00,
        -4.62681986e-03, -3.63636762e-01],
       [ 8.65235984e-01,  1.49159163e-01, -1.66957760e+00,
        -3.99650693e-01, -3.20448399e-01,  1.31868994e+00,
         1.35520231e-02, -3.43032688e-01],
       [ 9.10102665e-01,  1.26179516e-01, -1.60651815e+00,
        -3.64993274e-01, -2.92707771e-01,  1.31766331e+00,
         3.09546459e-02, -3.21391016e-01],
       [ 9.46746051e-01,  1.09143391e-01, -1.54742825e+00,
        -3.33498299e-01, -2.70340383e-01,  1.30355048e+00,
         5.12098819e-02, -3.06715369e-01],
       [ 9.80771601e-01,  9.33475047e-02, -1.50111175e+00,
        -3.10849041e-01, -2.50583351e-01,  1.28276432e+00,
         7.06595778e-02, -3.00783694e-01],
       [ 9.92444575e-01,  8.12470466e-02, -1.46617794e+00,
        -2.94706404e-01, -2.39377379e-01,  1.25576472e+00,
         8.84794220e-02, -2.99825579e-01],
       [ 9.84261096e-01,  6.76938519e-02, -1.45905232e+00,
        -3.09583545e-01, -2.26071298e-01,  1.19299948e+00,
         1.26270652e-01, -3.43450874e-01],
       [ 9.76285577e-01,  5.59520759e-02, -1.45662594e+00,
        -3.25432718e-01, -2.15822637e-01,  1.13606417e+00,
         1.62707120e-01, -3.82323533e-01],
       [ 9.79512930e-01,  4.70001698e-02, -1.45033455e+00,
        -3.40402275e-01, -2.06370860e-01,  1.08801973e+00,
         1.93960071e-01, -4.12173152e-01],
       [ 1.01943302e+00,  3.60987186e-02, -1.40066397e+00,
        -3.32339257e-01, -1.79545701e-01,  1.03639734e+00,
         2.30410695e-01, -4.25318211e-01],
       [ 1.06265438e+00,  2.34290529e-02, -1.37937164e+00,
        -3.21584672e-01, -1.58830956e-01,  1.00510645e+00,
         2.69153804e-01, -4.47296321e-01],
       [ 1.09328294e+00,  1.03207296e-02, -1.38844156e+00,
        -3.16429198e-01, -1.51996315e-01,  9.90501046e-01,
         3.02187949e-01, -4.68443602e-01],
       [ 1.12157714e+00,  5.95626934e-03, -1.36063218e+00,
        -3.06834996e-01, -1.32782921e-01,  9.63957489e-01,
         3.21881890e-01, -4.74375844e-01],
       [ 1.10500920e+00, -5.57388589e-02, -1.52960682e+00,
        -3.34545821e-01, -1.94170713e-01,  9.85559344e-01,
         3.66126001e-01, -5.33140719e-01],
       [ 1.10462570e+00,  6.53747795e-03, -1.37453151e+00,
        -3.19125950e-01, -1.28827989e-01,  9.26175356e-01,
         3.28872144e-01, -5.01714051e-01],
       [ 1.05536556e+00, -9.64748263e-02, -1.64978743e+00,
        -3.56551051e-01, -2.55983293e-01,  9.85418260e-01,
         3.69332075e-01, -5.71213424e-01],
       [ 1.01758468e+00,  5.02712512e-03, -1.48959208e+00,
        -3.69886220e-01, -1.79467216e-01,  9.26295459e-01,
         3.01630199e-01, -5.43115973e-01],
       [ 9.66242552e-01, -4.09651920e-02, -1.64316452e+00,
        -4.00817573e-01, -2.53932923e-01,  9.41074133e-01,
         3.24473023e-01, -6.00955606e-01],
       [ 9.41291928e-01,  3.54194708e-05, -1.54921103e+00,
        -4.01836574e-01, -2.16771990e-01,  8.84341121e-01,
         3.06311607e-01, -5.92965007e-01],
       [ 9.79390979e-01, -2.81458199e-02, -1.35861182e+00,
        -3.52314681e-01, -1.63074389e-01,  9.13369536e-01,
         2.60046244e-01, -4.70564902e-01],
       [ 9.41300929e-01, -2.76039466e-02, -1.40478849e+00,
        -3.66789669e-01, -1.87518910e-01,  9.42080915e-01,
         2.28209332e-01, -4.58092153e-01],
       [ 8.06701839e-01, -6.56360686e-02, -1.78341019e+00,
        -4.39060599e-01, -3.41531396e-01,  9.77611959e-01,
         2.41682366e-01, -5.86826503e-01],
       [ 7.30224669e-01, -1.03038354e-02, -1.68036568e+00,
        -4.59442198e-01, -3.06940347e-01,  9.04194772e-01,
         1.97004721e-01, -5.74108899e-01],
       [ 7.29976475e-01, -5.57482094e-02, -1.76103020e+00,
        -4.49963480e-01, -3.50705236e-01,  9.45600986e-01,
         2.01462492e-01, -5.67971110e-01],
       [ 6.83463752e-01, -2.75820326e-02, -1.65621817e+00,
        -4.56916958e-01, -3.17432672e-01,  8.84271264e-01,
         1.69755295e-01, -5.37197948e-01],
       [ 7.62832642e-01, -1.18337400e-01, -1.70320034e+00,
        -3.92174602e-01, -3.35041076e-01,  9.71462846e-01,
         2.06029058e-01, -4.88285214e-01],
       [ 6.34867191e-01, -4.82780300e-02, -1.66724837e+00,
        -4.45743263e-01, -3.50407630e-01,  9.32467401e-01,
         1.16677277e-01, -4.62556154e-01],
       [ 7.63156831e-01, -8.35974365e-02, -1.49233878e+00,
        -3.44354481e-01, -3.76444161e-01,  1.04439151e+00,
         1.47801474e-01, -2.62564033e-01],
       [ 6.30164683e-01, -1.11526318e-01, -1.72388852e+00,
        -4.05974030e-01, -4.01892543e-01,  1.04019320e+00,
         9.83312353e-02, -3.80144328e-01],
       [ 5.71467519e-01, -6.41293749e-02, -1.68784857e+00,
        -4.35031623e-01, -4.30385441e-01,  1.03048480e+00,
         6.53890222e-02, -3.42084646e-01],
       [ 7.88999081e-01, -1.78272456e-01, -1.64630413e+00,
        -3.18268687e-01, -4.80416596e-01,  1.16140687e+00,
         1.20888777e-01, -1.78730175e-01],
       [ 6.01500154e-01, -8.16554055e-02, -1.59630227e+00,
        -3.78097326e-01, -4.39596534e-01,  1.06231689e+00,
         6.27221987e-02, -2.16642171e-01],
       [ 8.59594405e-01, -1.92924857e-01, -1.47836351e+00,
        -2.35181853e-01, -5.01738369e-01,  1.23613548e+00,
         1.30261987e-01,  2.42683198e-02],
       [ 6.51431739e-01, -1.14174105e-01, -1.50563049e+00,
        -3.04103941e-01, -4.49663043e-01,  1.13117528e+00,
         7.45178834e-02, -6.48363829e-02],
       [ 9.30874228e-01, -2.15627238e-01, -1.33227348e+00,
        -1.48729071e-01, -4.80370611e-01,  1.28347063e+00,
         1.43891484e-01,  1.60857350e-01],
       [ 7.41873264e-01, -1.67276025e-01, -1.40848589e+00,
        -2.14324519e-01, -4.45787370e-01,  1.18365669e+00,
         9.82812122e-02,  6.98625818e-02],
       [ 9.92116809e-01, -2.29144469e-01, -1.25779617e+00,
        -9.95724797e-02, -4.46263731e-01,  1.31465268e+00,
         1.49255380e-01,  2.33711034e-01],
       [ 8.41388106e-01, -8.39038938e-02, -1.13635910e+00,
        -1.61464602e-01, -3.56940806e-01,  1.20761502e+00,
         1.08168341e-01,  2.09761173e-01],
       [ 1.04201913e+00, -2.35855579e-01, -1.12966192e+00,
        -5.02430685e-02, -3.77479434e-01,  1.30641234e+00,
         1.67122751e-01,  2.86757171e-01],
       [ 8.60122740e-01, -1.96269974e-01, -1.24382985e+00,
        -1.10049292e-01, -3.78729314e-01,  1.22400594e+00,
         1.21677220e-01,  2.06499442e-01],
       [ 1.03798544e+00, -2.51376182e-01, -1.13659358e+00,
        -2.30052471e-02, -3.52970928e-01,  1.32451236e+00,
         1.55791625e-01,  3.13731670e-01],
       [ 8.67134690e-01, -8.45112428e-02, -1.19211030e+00,
        -1.38767436e-01, -3.62496048e-01,  1.33904874e+00,
         4.64369804e-02,  3.19389164e-01],
       [ 1.08199096e+00, -2.04725564e-01, -1.08857536e+00,
        -2.23711301e-02, -3.53393048e-01,  1.42922461e+00,
         1.05191410e-01,  4.03017730e-01],
       [ 8.88044536e-01, -1.03066303e-01, -1.23468661e+00,
        -1.18347354e-01, -3.82802248e-01,  1.42551088e+00,
         8.14472791e-03,  3.69470060e-01],
       [ 9.85356450e-01, -2.57871389e-01, -1.19755220e+00,
        -2.12319102e-02, -3.27221304e-01,  1.33532774e+00,
         1.07642271e-01,  3.05916041e-01],
       [ 9.04143512e-01, -4.92405593e-02, -1.18733788e+00,
        -1.14459082e-01, -3.56943786e-01,  1.47129965e+00,
        -2.22827569e-02,  3.95857841e-01],
       [ 1.04393733e+00, -2.29710475e-01, -1.18232918e+00,
        -2.76357178e-02, -3.51718813e-01,  1.44348431e+00,
         8.01701918e-02,  3.72147232e-01],
       [ 9.25365090e-01, -4.49828990e-02, -1.17908359e+00,
        -9.91148949e-02, -3.51064503e-01,  1.51015007e+00,
        -3.85406427e-02,  4.14311618e-01],
       [ 1.02792871e+00, -2.52658218e-01, -1.20079732e+00,
        -1.13738673e-02, -3.36673677e-01,  1.41463399e+00,
         8.70868638e-02,  3.57483566e-01],
       [ 9.48954880e-01, -4.61862944e-02, -1.15424776e+00,
        -7.72882029e-02, -3.51349890e-01,  1.54098761e+00,
        -4.36462425e-02,  4.46647495e-01],
       [ 1.02785778e+00, -2.58821547e-01, -1.20082688e+00,
        -6.98345946e-04, -3.34054261e-01,  1.41881633e+00,
         8.24124143e-02,  3.70504200e-01],
       [ 9.67708170e-01, -4.77496870e-02, -1.13511693e+00,
        -5.94143756e-02, -3.55415553e-01,  1.56815100e+00,
        -5.32239527e-02,  4.75492120e-01],
       [ 1.01311135e+00, -2.52435476e-01, -1.20226002e+00,
        -1.89242128e-03, -3.36239547e-01,  1.42727673e+00,
         7.19468743e-02,  3.74373406e-01],
       [ 9.79789019e-01, -4.67511639e-02, -1.12258422e+00,
        -5.02824262e-02, -3.53181452e-01,  1.58007896e+00,
        -5.72111905e-02,  4.84133810e-01],
       [ 1.05986500e+00, -4.46317159e-02, -9.69454467e-01,
        -7.17249280e-03, -3.03854078e-01,  1.52990460e+00,
        -1.45012401e-02,  4.58428860e-01],
       [ 1.13382411e+00, -1.61372676e-01, -1.07576001e+00,
         3.69091257e-02, -3.53968769e-01,  1.61072159e+00,
         1.09538771e-02,  5.49541235e-01],
       [ 9.87461567e-01, -2.09687918e-01, -1.21276021e+00,
         5.43698762e-03, -3.60590011e-01,  1.51807439e+00,
         5.91263827e-03,  4.47426021e-01],
       [ 9.90110576e-01, -4.23302315e-02, -1.10620451e+00,
        -2.57239342e-02, -3.64068776e-01,  1.61550212e+00,
        -8.60907063e-02,  5.16284645e-01],
       [ 1.00667834e+00, -1.84510887e-01, -1.22504723e+00,
        -4.14277572e-04, -3.67660373e-01,  1.55553854e+00,
        -8.71389918e-03,  4.58327711e-01]], dtype=float32), 'ground_truth': array([[ 1.85648356e+00, -8.66830351e-01, -1.08192184e+00,
         4.78483040e-01, -4.44734151e-02,  1.32731669e+00,
         6.64254878e-02,  1.33214342e-01],
       [ 1.84457298e+00, -8.41110681e-01, -1.09383241e+00,
         5.04202709e-01, -5.63839911e-02,  1.35303636e+00,
         5.45149118e-02,  1.58934012e-01],
       [ 1.83164835e+00, -8.15868495e-01, -1.10675705e+00,
         5.29444896e-01, -6.93086249e-02,  1.37827855e+00,
         4.15902780e-02,  1.84176198e-01],
       [ 1.81817261e+00, -7.90887082e-01, -1.12023278e+00,
         5.54426309e-01, -8.27843571e-02,  1.40325996e+00,
         2.81145458e-02,  2.09157611e-01],
       [ 1.80453588e+00, -7.65994649e-01, -5.21004161e-01,
        -1.11755679e+00, -9.64210879e-02,  1.42815239e+00,
         1.44778150e-02,  2.34050044e-01],
       [ 1.79076496e+00, -7.41191396e-01, -5.34775079e-01,
        -1.09275354e+00, -1.10192006e-01,  1.45295564e+00,
         7.06896850e-04,  2.58853297e-01],
       [ 1.77684087e+00, -7.16498899e-01, -5.48699170e-01,
        -1.06806104e+00, -1.24116096e-01,  1.47764814e+00,
        -1.32171932e-02,  2.83545794e-01],
       [ 1.76273312e+00, -6.91945714e-01, -5.62806920e-01,
        -1.04350786e+00, -1.38223847e-01,  1.50220133e+00,
        -2.73249438e-02,  3.08098979e-01],
       [ 1.74840280e+00, -6.67570364e-01, -5.77137243e-01,
        -1.01913251e+00, -1.52554169e-01,  1.52657668e+00,
        -4.16552664e-02,  3.32474329e-01],
       [ 1.73381471e+00, -6.43413007e-01, -5.91725338e-01,
        -9.94975151e-01, -1.67142264e-01,  1.55073403e+00,
        -5.62433615e-02,  3.56631686e-01],
       [ 1.71895583e+00, -6.19488987e-01, -6.06584212e-01,
        -9.71051131e-01, -1.82001138e-01,  1.57465805e+00,
        -7.11022354e-02,  3.80555706e-01],
       [ 1.70378178e+00, -5.95858481e-01, -6.21758260e-01,
        -9.47420625e-01, -1.97175187e-01,  1.59828856e+00,
        -8.62762837e-02,  4.04186212e-01],
       [ 1.68826666e+00, -5.72568247e-01, -6.37273380e-01,
        -9.24130391e-01, -2.12690306e-01,  1.62157879e+00,
        -1.01791404e-01,  4.27476446e-01],
       [ 1.67239010e+00, -5.49665764e-01, -6.53149945e-01,
        -9.01227907e-01, -2.28566872e-01,  1.64448128e+00,
        -1.17667969e-01,  4.50378929e-01],
       [ 1.65614262e+00, -5.27184884e-01, -6.69397422e-01,
        -8.78747028e-01, -2.44814349e-01,  1.66696216e+00,
        -1.33915446e-01,  4.72859809e-01],
       [ 1.63952447e+00, -5.05134589e-01, -6.86015575e-01,
        -8.56696733e-01, -2.61432502e-01,  1.68901245e+00,
        -1.50533599e-01,  4.94910104e-01],
       [ 1.62256640e+00, -4.83396124e-01, -7.02973642e-01,
        -8.34958268e-01, -2.78390569e-01,  1.71075092e+00,
        -1.67491666e-01,  5.16648569e-01],
       [ 1.60518435e+00, -4.62241559e-01, -7.20355698e-01,
        -8.13803703e-01, -2.95772625e-01,  1.73190548e+00,
        -1.84873722e-01,  5.37803134e-01],
       [ 1.58738990e+00, -4.41695762e-01, -7.38150148e-01,
        -7.93257906e-01, -3.13567074e-01,  1.75245128e+00,
        -2.02668172e-01,  5.58348931e-01],
       [ 1.56923882e+00, -4.21436138e-01, -7.56301229e-01,
        -7.72998282e-01, -3.31718155e-01,  1.77271090e+00,
        -2.20819252e-01,  5.78608555e-01],
       [ 1.55066304e+00, -4.01903820e-01, -7.74877000e-01,
        -7.53465964e-01, -3.50293927e-01,  1.79224322e+00,
        -2.39395024e-01,  5.98140873e-01],
       [ 1.53169200e+00, -3.83004810e-01, -7.93848047e-01,
        -7.34566953e-01, -3.69264973e-01,  1.81114223e+00,
        -2.58366070e-01,  6.17039884e-01],
       [ 1.51233928e+00, -3.64596995e-01, -8.13200762e-01,
        -7.16159139e-01, -3.88617689e-01,  1.82955005e+00,
        -2.77718786e-01,  6.35447698e-01],
       [ 1.49260250e+00, -3.46502672e-01, -8.32937539e-01,
        -6.98064815e-01, -4.08354466e-01,  1.84764437e+00,
        -2.97455563e-01,  6.53542022e-01],
       [ 1.47249083e+00, -3.29592378e-01, -8.53049211e-01,
        -6.81154521e-01, -4.28466138e-01,  1.86455466e+00,
        -3.17567235e-01,  6.70452315e-01],
       [ 1.45205888e+00, -3.13663032e-01, -8.73481163e-01,
        -6.65225176e-01, -4.48898089e-01,  1.88048401e+00,
        -3.37999186e-01,  6.86381661e-01],
       [ 1.43129847e+00, -2.98215608e-01, -8.94241579e-01,
        -6.49777752e-01, -4.69658505e-01,  1.89593143e+00,
        -3.58759602e-01,  7.01829085e-01],
       [ 1.41024502e+00, -2.83552171e-01, -9.15295020e-01,
        -6.35114314e-01, -4.90711946e-01,  1.91059487e+00,
        -3.79813043e-01,  7.16492523e-01],
       [ 1.38895795e+00, -2.69833034e-01, -9.36582096e-01,
        -6.21395177e-01, -5.11999023e-01,  1.92431401e+00,
        -4.01100120e-01,  7.30211659e-01],
       [ 1.36736387e+00, -2.56641525e-01, -9.58176174e-01,
        -6.08203669e-01, -5.33593101e-01,  1.93750552e+00,
        -4.22694198e-01,  7.43403168e-01],
       [ 1.34561286e+00, -2.44489007e-01, -9.79927183e-01,
        -5.96051150e-01, -5.55344110e-01,  1.94965803e+00,
        -4.44445207e-01,  7.55555686e-01],
       [ 1.32350571e+00, -2.32729616e-01, -1.00203433e+00,
        -5.84291760e-01, -5.77451257e-01,  1.96141742e+00,
        -4.66552354e-01,  7.67315077e-01],
       [ 1.30119841e+00, -2.21818800e-01, -1.02434163e+00,
        -5.73380944e-01, -5.99758558e-01,  1.97232824e+00,
        -4.88859655e-01,  7.78225893e-01],
       [ 1.27884419e+00, -2.12035996e-01, -1.04669585e+00,
        -5.63598140e-01, -6.22112781e-01,  1.98211104e+00,
        -5.11213878e-01,  7.88008697e-01],
       [ 1.25631558e+00, -2.03019500e-01, -1.06922447e+00,
        -5.54581644e-01, -6.44641395e-01,  1.99112754e+00,
        -5.33742492e-01,  7.97025193e-01],
       [ 1.23380691e+00, -1.95079884e-01, -1.09173313e+00,
        -5.46642028e-01, -6.67150056e-01,  1.99906716e+00,
        -5.56251154e-01,  8.04964809e-01],
       [ 1.21105210e+00, -1.87729971e-01, -1.11448794e+00,
        -5.39292115e-01, -6.89904868e-01,  2.00641707e+00,
        -5.79005965e-01,  8.12314722e-01],
       [ 1.18843519e+00, -1.81529131e-01, -1.13710486e+00,
        -5.33091274e-01, -7.12521782e-01,  2.01261791e+00,
        -6.01622879e-01,  8.18515562e-01],
       [ 1.16567898e+00, -1.76044139e-01, -1.15986106e+00,
        -5.27606283e-01, -7.35277987e-01,  2.01810290e+00,
        -6.24379084e-01,  8.24000554e-01],
       [ 1.14304768e+00, -1.71580583e-01, -1.18249236e+00,
        -5.23142726e-01, -7.57909286e-01,  2.02256646e+00,
        -6.47010383e-01,  8.28464110e-01],
       [ 1.12056684e+00, -1.68102825e-01, -1.20497321e+00,
        -5.19664969e-01, -7.80390135e-01,  2.02604422e+00,
        -6.69491232e-01,  8.31941868e-01],
       [ 1.09801189e+00, -1.65367496e-01, -1.22752815e+00,
        -5.16929640e-01, -8.02945081e-01,  2.02877954e+00,
        -6.92046178e-01,  8.34677197e-01],
       [ 1.07563869e+00, -1.63596651e-01, -1.24990136e+00,
        -5.15158794e-01, -8.25318285e-01,  2.03055039e+00,
        -7.14419382e-01,  8.36448042e-01],
       [ 1.05340197e+00, -1.62721490e-01, -1.27213808e+00,
        -5.14283633e-01, -8.47555004e-01,  2.03142555e+00,
        -7.36656101e-01,  8.37323203e-01],
       [ 1.03141933e+00, -1.62799537e-01, -1.29412071e+00,
        -5.14361681e-01, -8.69537640e-01,  2.03134750e+00,
        -7.58638737e-01,  8.37245156e-01],
       [ 1.00983628e+00, -1.63878498e-01, -1.31570376e+00,
        -5.15440641e-01, -8.91120687e-01,  2.03026854e+00,
        -7.80221784e-01,  8.36166195e-01],
       [ 9.88251591e-01, -1.65701508e-01, -1.33728845e+00,
        -5.17263651e-01, -9.12705379e-01,  2.02844553e+00,
        -8.01806476e-01,  8.34343185e-01],
       [ 9.67274993e-01, -1.68568038e-01, -1.35826505e+00,
        -5.20130181e-01, -9.33681978e-01,  2.02557900e+00,
        -8.22783075e-01,  8.31476655e-01],
       [ 9.46717195e-01, -1.72326924e-01, -1.37882285e+00,
        -5.23889068e-01, -9.54239775e-01,  2.02182012e+00,
        -8.43340872e-01,  8.27717769e-01],
       [ 9.26574638e-01, -1.76943446e-01, -1.39896541e+00,
        -5.28505589e-01, -9.74382332e-01,  2.01720360e+00,
        -8.63483429e-01,  8.23101248e-01],
       [ 9.06890870e-01, -1.82404494e-01, -1.41864917e+00,
        -5.33966637e-01, -9.94066101e-01,  2.01174255e+00,
        -8.83167198e-01,  8.17640199e-01],
       [ 8.87710808e-01, -1.88694573e-01, -1.43782924e+00,
        -5.40256717e-01, -1.01324616e+00,  2.00545247e+00,
        -9.02347260e-01,  8.11350120e-01],
       [ 8.69078634e-01, -1.95794996e-01, -1.45646141e+00,
        -5.47357140e-01, -1.03187834e+00,  1.99835204e+00,
        -9.20979433e-01,  8.04249697e-01],
       [ 8.51037513e-01, -2.03683929e-01, -1.47450253e+00,
        -5.55246072e-01, -1.04991946e+00,  1.99046311e+00,
        -9.39020555e-01,  7.96360764e-01],
       [ 8.33625276e-01, -2.12336515e-01, -1.49191477e+00,
        -5.63898658e-01, -1.06733169e+00,  1.98181053e+00,
        -9.56432792e-01,  7.87708178e-01],
       [ 8.16890091e-01, -2.21725101e-01, -1.50864995e+00,
        -5.73287244e-01, -1.08406688e+00,  1.97242194e+00,
        -9.73167977e-01,  7.78319592e-01],
       [ 8.00867606e-01, -2.31818738e-01, -1.52467244e+00,
        -5.83380881e-01, -1.10008936e+00,  1.96232830e+00,
        -9.89190462e-01,  7.68225955e-01],
       [ 7.85594549e-01, -2.42583994e-01, -1.53994550e+00,
        -5.94146138e-01, -1.11536242e+00,  1.95156305e+00,
        -1.00446352e+00,  7.57460699e-01],
       [ 7.71102887e-01, -2.53985671e-01, -1.55443716e+00,
        -6.05547814e-01, -1.12985408e+00,  1.94016137e+00,
        -1.01895518e+00,  7.46059022e-01],
       [ 7.57362322e-01, -2.66006257e-01, -1.56817772e+00,
        -6.17568401e-01, -1.14359465e+00,  1.92814078e+00,
        -1.03269575e+00,  7.34038436e-01],
       [ 7.44351541e-01, -2.78637272e-01, -1.58118850e+00,
        -6.30199416e-01, -1.15660543e+00,  1.91550977e+00,
        -1.04570653e+00,  7.21407421e-01],
       [ 7.32301258e-01, -2.91768697e-01, -1.59323879e+00,
        -6.43330840e-01, -1.16865571e+00,  1.90237834e+00,
        -1.05775681e+00,  7.08275996e-01],
       [ 7.20753415e-01, -3.05579156e-01, -1.60478663e+00,
        -6.57141300e-01, -1.18020356e+00,  1.88856788e+00,
        -1.06930465e+00,  6.94465537e-01],
       [ 7.10452690e-01, -3.19696281e-01, -1.61508735e+00,
        -6.71258424e-01, -1.19050428e+00,  1.87445076e+00,
        -1.07960538e+00,  6.80348412e-01],
       [ 7.00328333e-01, -3.34657820e-01, -1.62521171e+00,
        -6.86219964e-01, -1.20062864e+00,  1.85948922e+00,
        -1.08972973e+00,  6.65386873e-01],
       [ 6.91745488e-01, -3.49684330e-01, -1.63379456e+00,
        -7.01246473e-01, -1.20921148e+00,  1.84446271e+00,
        -1.09831258e+00,  6.50360364e-01],
       [ 6.83869566e-01, -3.65204060e-01, -1.64167048e+00,
        -7.16766204e-01, -1.21708740e+00,  1.82894298e+00,
        -1.10618850e+00,  6.34840633e-01],
       [ 6.77239874e-01, -3.80825210e-01, -1.64830017e+00,
        -7.32387353e-01, -1.22371710e+00,  1.81332183e+00,
        -1.11281819e+00,  6.19219483e-01],
       [ 6.70725944e-01, -3.97330115e-01, -1.65481410e+00,
        -7.48892259e-01, -1.23023103e+00,  1.79681693e+00,
        -1.11933212e+00,  6.02714578e-01],
       [ 6.65114454e-01, -4.14134713e-01, -1.66042559e+00,
        -7.65696857e-01, -1.23584252e+00,  1.78001233e+00,
        -1.12494361e+00,  5.85909980e-01],
       [ 6.60588402e-01, -4.31063920e-01, -1.66495164e+00,
        -7.82626063e-01, -1.24036857e+00,  1.76308312e+00,
        -1.12946967e+00,  5.68980773e-01],
       [ 6.57394458e-01, -4.47865700e-01, -1.66814559e+00,
        -7.99427844e-01, -1.24356251e+00,  1.74628134e+00,
        -1.13266361e+00,  5.52178993e-01],
       [ 6.54701617e-01, -4.65159079e-01, -1.67083843e+00,
        -8.16721223e-01, -1.24625535e+00,  1.72898796e+00,
        -1.13535645e+00,  5.34885614e-01],
       [ 6.53243118e-01, -4.82273601e-01, -1.67229693e+00,
        -8.33835745e-01, -1.24771385e+00,  1.71187344e+00,
        -1.13681495e+00,  5.17771092e-01],
       [ 6.51754697e-01, -5.00368672e-01, -1.67378535e+00,
        -8.51930816e-01, -1.24920227e+00,  1.69377837e+00,
        -1.13830337e+00,  4.99676021e-01],
       [ 6.51774610e-01, -5.17941961e-01, -1.67376543e+00,
        -8.69504104e-01, -1.24918236e+00,  1.67620508e+00,
        -1.13828346e+00,  4.82102732e-01],
       [ 6.52054846e-01, -5.36185895e-01, -1.67348520e+00,
        -8.87748039e-01, -1.24890212e+00,  1.65796115e+00,
        -1.13800322e+00,  4.63858798e-01],
       [ 6.53285376e-01, -5.54377153e-01, -1.67225467e+00,
        -9.05939296e-01, -1.24767159e+00,  1.63976989e+00,
        -1.13677269e+00,  4.45667540e-01],
       [ 6.55752132e-01, -5.72156361e-01, -1.66978791e+00,
        -9.23718504e-01, -1.24520484e+00,  1.62199068e+00,
        -1.13430594e+00,  4.27888332e-01],
       [ 6.58011741e-01, -5.91065291e-01, -1.66752830e+00,
        -9.42627434e-01, -1.24294523e+00,  1.60308175e+00,
        -1.13204633e+00,  4.08979402e-01],
       [ 6.61801823e-01, -6.09164037e-01, -1.66373822e+00,
        -9.60726180e-01, -1.23915515e+00,  1.58498300e+00,
        -1.12825624e+00,  3.90880656e-01],
       [ 6.65508329e-01, -6.28200440e-01, -1.66003172e+00,
        -9.79762583e-01, -1.23544864e+00,  1.56594660e+00,
        -1.12454974e+00,  3.71844253e-01],
       [ 6.70678348e-01, -6.46434220e-01, -1.65486170e+00,
        -9.97996364e-01, -1.23027862e+00,  1.54771282e+00,
        -1.11937972e+00,  3.53610473e-01],
       [ 6.75690306e-01, -6.65624149e-01, -1.64984974e+00,
        -1.01718629e+00, -1.22526666e+00,  1.52852289e+00,
        -1.11436776e+00,  3.34420544e-01],
       [ 6.82107328e-01, -6.84020682e-01, -1.64343272e+00,
        -1.03558283e+00, -1.21884964e+00,  1.51012636e+00,
        -1.10795074e+00,  3.16024011e-01],
       [ 6.88312039e-01, -7.03363045e-01, -1.63722800e+00,
        -1.05492519e+00, -1.21264493e+00,  1.49078400e+00,
        -1.10174603e+00,  2.96681648e-01],
       [ 6.95924442e-01, -7.21869919e-01, -1.62961560e+00,
        -1.07343206e+00, -1.20503253e+00,  1.47227712e+00,
        -1.09413363e+00,  2.78174774e-01],
       [ 7.03307985e-01, -7.41272704e-01, -1.62223206e+00,
        -1.09283485e+00, -1.19764898e+00,  1.45287434e+00,
        -1.08675008e+00,  2.58771989e-01],
       [ 7.11973252e-01, -7.59937500e-01, -1.61356679e+00,
        -1.11149964e+00, -1.18898372e+00,  1.43420954e+00,
        -1.07808482e+00,  2.40107193e-01],
       [ 7.20362018e-01, -7.79486111e-01, -1.60517803e+00,
        -1.13104825e+00, -1.18059495e+00,  1.41466093e+00,
        -1.06969605e+00,  2.20558582e-01],
       [ 7.30137080e-01, -7.98156873e-01, -1.59540296e+00,
        -1.14971902e+00, -1.17081989e+00,  1.39599017e+00,
        -1.05992099e+00,  2.01887820e-01],
       [ 7.39533862e-01, -8.17768625e-01, -1.58600618e+00,
        -1.16933077e+00, -1.16142311e+00,  1.37637842e+00,
        -1.05052421e+00,  1.82276068e-01],
       [ 7.50181180e-01, -8.36600767e-01, -1.57535886e+00,
        -1.18816291e+00, -1.15077579e+00,  1.35754627e+00,
        -1.03987689e+00,  1.63443926e-01],
       [ 7.60580690e-01, -8.56199551e-01, -1.56495935e+00,
        -1.20776169e+00, -1.14037628e+00,  1.33794749e+00,
        -1.02947738e+00,  1.43845142e-01],
       [ 7.72147295e-01, -8.75054328e-01, -1.55339275e+00,
        -1.22661647e+00, -1.12880968e+00,  1.31909271e+00,
        -1.01791077e+00,  1.24990365e-01],
       [ 7.83286462e-01, -8.94847714e-01, -1.54225358e+00,
        -1.24640986e+00, -1.11767051e+00,  1.29929933e+00,
        -1.00677161e+00,  1.05196979e-01],
       [ 7.95612264e-01, -9.13824555e-01, -1.52992778e+00,
        -1.26538670e+00, -1.10534471e+00,  1.28032249e+00,
        -9.94445803e-01,  8.62201379e-02],
       [ 8.07605489e-01, -9.33613041e-01, -1.51793456e+00,
        -1.28517518e+00, -1.09335148e+00,  1.26053400e+00,
        -9.82452579e-01,  6.64316523e-02],
       [ 8.20699979e-01, -9.52626993e-01, -1.50484006e+00,
        -1.30418914e+00, -1.08025699e+00,  1.24152005e+00,
        -9.69358088e-01,  4.74177006e-02],
       [ 8.33436901e-01, -9.72465116e-01, -1.49210314e+00,
        -1.32402726e+00, -1.06752007e+00,  1.22168193e+00,
        -9.56621167e-01,  2.75795774e-02],
       [ 8.47249710e-01, -9.91503002e-01, -1.47829033e+00,
        -1.34306515e+00, -1.05370726e+00,  1.20264404e+00,
        -9.42808357e-01,  8.54169129e-03],
       [ 8.60803968e-01, -1.01124128e+00, -1.46473608e+00,
        -1.36280342e+00, -1.04015300e+00,  1.18290576e+00,
        -9.29254099e-01, -1.11965873e-02],
       [ 8.75319194e-01, -1.03024517e+00, -1.45022085e+00,
        -1.38180732e+00, -1.02563778e+00,  1.16390187e+00,
        -9.14738874e-01, -3.02004798e-02],
       [ 8.89613613e-01, -1.04990662e+00, -1.43592643e+00,
        -1.40146876e+00, -1.01134336e+00,  1.14424042e+00,
        -9.00444454e-01, -4.98619262e-02],
       [ 9.03756727e-01, -1.07010956e+00, -1.42178332e+00,
        -1.42167171e+00, -9.97200244e-01,  1.12403748e+00,
        -8.86301341e-01, -7.00648693e-02],
       [ 9.18779676e-01, -1.08963657e+00, -1.40676037e+00,
        -1.44119872e+00, -9.82177294e-01,  1.10451047e+00,
        -8.71278391e-01, -8.95918817e-02],
       [ 9.34618824e-01, -1.10855884e+00, -1.39092122e+00,
        -1.46012098e+00, -9.66338147e-01,  1.08558820e+00,
        -8.55439244e-01, -1.08514145e-01],
       [ 9.50365378e-01, -1.12790094e+00, -1.98804002e+00,
         2.17412453e-01, -9.50591592e-01,  1.06624610e+00,
        -8.39692689e-01, -1.27856245e-01],
       [ 9.66763819e-01, -1.14673753e+00, -1.97164157e+00,
         1.98575862e-01, -9.34193152e-01,  1.04740951e+00,
        -8.23294249e-01, -1.46692836e-01],
       [ 9.83054642e-01, -1.16604430e+00, -1.95535075e+00,
         1.79269093e-01, -9.17902328e-01,  1.02810274e+00,
        -8.07003425e-01, -1.65999605e-01],
       [ 1.00003523e+00, -1.18470673e+00, -1.93837016e+00,
         1.60606662e-01, -9.00921740e-01,  1.00944031e+00,
        -7.90022837e-01, -1.84662035e-01],
       [ 1.01696485e+00, -1.20379366e+00, -1.92144055e+00,
         1.41519728e-01, -8.83992123e-01,  9.90353379e-01,
        -7.73093220e-01, -2.03748969e-01],
       [ 1.03451095e+00, -1.22224799e+00, -1.90389444e+00,
         1.23065396e-01, -8.66446019e-01,  9.71899046e-01,
        -7.55547116e-01, -2.22203302e-01],
       [ 1.05212898e+00, -1.24095932e+00, -1.88627642e+00,
         1.04354074e-01, -8.48827994e-01,  9.53187724e-01,
        -7.37929091e-01, -2.40914624e-01],
       [ 1.07029210e+00, -1.25905232e+00, -1.86811329e+00,
         8.62610672e-02, -8.30664868e-01,  9.35094718e-01,
        -7.19765965e-01, -2.59007630e-01],
       [ 1.08854516e+00, -1.27740805e+00, -1.84986023e+00,
         6.79053442e-02, -8.12411812e-01,  9.16738995e-01,
        -7.01512909e-01, -2.77363353e-01],
       [ 1.10733391e+00, -1.29505464e+00, -1.83107148e+00,
         5.02587537e-02, -7.93623058e-01,  8.99092404e-01,
        -6.82724155e-01, -2.95009944e-01],
       [ 1.12621921e+00, -1.31300860e+00, -1.81218618e+00,
         3.23047889e-02, -7.74737761e-01,  8.81138439e-01,
        -6.63838858e-01, -3.12963909e-01],
       [ 1.14564162e+00, -1.33012356e+00, -1.79276378e+00,
         1.51898323e-02, -7.55315353e-01,  8.64023483e-01,
        -6.44416450e-01, -3.30078865e-01],
       [ 1.16516374e+00, -1.34761541e+00, -1.77324165e+00,
        -2.30202194e-03, -7.35793230e-01,  8.46531629e-01,
        -6.24894327e-01, -3.47570719e-01]]), 'data_points': 600}, 2: {'r2': -1.2393100261688232, 'mse': 0.5707312328639675, 'train_losses': [1.837716817855835, 1.7617645263671875, 1.687145471572876, 1.6128510236740112, 1.538012981414795, 1.4621262550354004, 1.38512122631073, 1.3072506189346313, 1.22950279712677, 1.1537585258483887, 1.0824306011199951, 1.0182294845581055, 0.9637935757637024, 0.9206363558769226, 0.8879721760749817, 0.862623393535614, 0.8396939635276794, 0.8142949342727661, 0.7832754850387573, 0.7461121678352356, 0.7043066620826721, 0.6601744890213013, 0.6163598299026489, 0.5749853253364563, 0.5373214483261108, 0.5038244128227234, 0.4745098650455475, 0.4489077627658844, 0.4266577959060669, 0.4071879982948303], 'test_losses': [1.1793971061706543, 1.111925721168518, 1.0467069149017334, 0.9823302626609802, 0.9179801344871521, 0.8535019159317017, 0.7895238399505615, 0.7269662618637085, 0.6673650145530701, 0.612481951713562, 0.5649985074996948, 0.5283322930335999, 0.5049278140068054, 0.4962998628616333, 0.500700056552887, 0.5137019157409668, 0.528722882270813, 0.5399468541145325, 0.543387234210968, 0.538390576839447, 0.5257543921470642, 0.5096033215522766, 0.4938467741012573, 0.48243945837020874, 0.4776059091091156, 0.48035457730293274, 0.4915098547935486, 0.5108577609062195, 0.5378530621528625, 0.5707312226295471], 'predictions': array([[ 3.27176690e-01, -6.28370881e-01, -2.27077413e+00,
        -1.09654391e+00, -1.69773102e+00,  1.02153456e+00,
         1.49283692e-01,  1.14574954e-01],
       [ 2.90523976e-01, -6.39891028e-01, -2.30929637e+00,
        -1.09724474e+00, -1.71910310e+00,  1.04436231e+00,
         1.49545982e-01,  1.34739071e-01],
       [ 3.29773098e-01, -6.44052029e-01, -2.31405783e+00,
        -1.04318976e+00, -1.63385582e+00,  1.04750633e+00,
         1.57688275e-01,  1.24409012e-01],
       [ 3.72711480e-01, -5.78473032e-01, -2.04567385e+00,
        -1.06775606e+00, -1.48922682e+00,  8.54367077e-01,
         1.05995499e-01, -1.70218851e-02],
       [ 3.21476430e-01, -7.38170505e-01, -2.08768058e+00,
        -1.15479720e+00, -1.53074956e+00,  7.88306534e-01,
         1.10006705e-01, -8.80765766e-02],
       [ 1.06199153e-01, -5.68458080e-01, -2.57056880e+00,
        -1.15699470e+00, -1.94687188e+00,  1.24196017e+00,
         8.27934071e-02,  3.28942716e-01],
       [ 2.25025713e-01, -5.81413209e-01, -2.17412281e+00,
        -1.09129202e+00, -1.61118233e+00,  9.49840903e-01,
         6.91211447e-02,  1.13385178e-01],
       [ 1.90788209e-01, -7.60626018e-01, -2.19886923e+00,
        -1.19440472e+00, -1.63089848e+00,  8.60292971e-01,
         8.02328363e-02,  1.76894478e-02],
       [ 1.37745962e-01, -7.52354980e-01, -2.23456931e+00,
        -1.21578932e+00, -1.65471005e+00,  8.86746168e-01,
         6.45239726e-02,  4.81295697e-02],
       [ 1.57682851e-01, -7.53956616e-01, -2.18416572e+00,
        -1.21965075e+00, -1.58750343e+00,  8.44459593e-01,
         6.09429814e-02,  7.70609826e-04],
       [ 1.89506620e-01, -7.38047957e-01, -2.11802840e+00,
        -1.22050285e+00, -1.50051296e+00,  8.01126599e-01,
         5.51246554e-02, -5.27839139e-02],
       [ 1.47184432e-01, -7.42581308e-01, -2.13320875e+00,
        -1.23325586e+00, -1.49970698e+00,  8.24064195e-01,
         4.06907536e-02, -2.24965680e-02],
       [ 7.70579800e-02, -7.44140863e-01, -2.17861891e+00,
        -1.24531639e+00, -1.52878690e+00,  8.79945874e-01,
         1.91638395e-02,  3.38671580e-02],
       [-1.97802726e-02, -7.46058702e-01, -2.24383354e+00,
        -1.25870109e+00, -1.58479345e+00,  9.60171640e-01,
         8.85156624e-05,  1.14498839e-01],
       [-9.73125100e-02, -7.42964268e-01, -2.30792093e+00,
        -1.27475810e+00, -1.64309549e+00,  1.03566980e+00,
        -1.09367305e-02,  1.83964506e-01],
       [-1.66278556e-01, -7.36506760e-01, -2.37851405e+00,
        -1.27948737e+00, -1.72012568e+00,  1.11081600e+00,
        -2.25499421e-02,  2.59876609e-01],
       [-1.86793491e-01, -6.97019339e-01, -2.35985184e+00,
        -1.24602711e+00, -1.70385754e+00,  1.13174832e+00,
        -2.02992484e-02,  2.80127645e-01],
       [-1.86845973e-01, -6.36900902e-01, -2.29738021e+00,
        -1.20620894e+00, -1.63720453e+00,  1.13600028e+00,
        -1.21680060e-02,  2.75909901e-01],
       [-1.73307076e-01, -5.74709415e-01, -2.21671724e+00,
        -1.17040110e+00, -1.54964995e+00,  1.12515175e+00,
         4.71791485e-03,  2.63776243e-01],
       [-2.43000090e-01, -4.60054636e-01, -2.63489652e+00,
        -1.34169567e+00, -1.81521904e+00,  1.45108092e+00,
         1.20951384e-01,  4.41033900e-01],
       [-2.60664225e-01, -2.94134855e-01, -2.77805018e+00,
        -1.27008975e+00, -1.97196221e+00,  1.73761809e+00,
         1.54120177e-01,  7.64568269e-01],
       [-2.99923003e-01, -2.77821869e-01, -2.94215894e+00,
        -1.30510926e+00, -2.14108634e+00,  1.75713122e+00,
         9.79825258e-02,  7.13513553e-01],
       [-1.88320890e-01, -4.17774051e-01, -2.67510653e+00,
        -1.31247091e+00, -1.83280742e+00,  1.54163563e+00,
         1.47674322e-01,  5.42019010e-01],
       [-2.88870484e-01, -2.73357779e-01, -2.96530747e+00,
        -1.31972337e+00, -2.14893031e+00,  1.78349185e+00,
         1.08722240e-01,  7.22387671e-01],
       [-2.63130873e-01, -3.92016023e-01, -2.86001968e+00,
        -1.36913109e+00, -2.03251314e+00,  1.65743959e+00,
         1.11906663e-01,  5.93426168e-01],
       [-2.66292274e-01, -2.40335569e-01, -3.00857353e+00,
        -1.26642275e+00, -2.23552227e+00,  1.94209838e+00,
         1.44372761e-01,  9.13405836e-01],
       [-1.89198390e-01, -3.80768716e-01, -2.76213217e+00,
        -1.25793040e+00, -1.96055460e+00,  1.63997900e+00,
         1.42453119e-01,  6.50254786e-01],
       [-2.24348441e-01, -3.86373401e-01, -2.87247181e+00,
        -1.26391244e+00, -2.09925413e+00,  1.72828710e+00,
         1.30415097e-01,  7.47733891e-01],
       [-1.15060888e-01, -4.63339210e-01, -2.62366748e+00,
        -1.24831235e+00, -1.80679321e+00,  1.44674730e+00,
         1.41808003e-01,  4.66229200e-01],
       [-2.85749435e-01, -3.14991832e-01, -2.98142362e+00,
        -1.26889503e+00, -2.21207500e+00,  1.75528741e+00,
         8.96173492e-02,  7.44017005e-01],
       [-1.99193582e-01, -5.56577206e-01, -2.78359485e+00,
        -1.34123993e+00, -1.98858190e+00,  1.47052276e+00,
         7.27480575e-02,  4.30273026e-01],
       [-2.42146969e-01, -3.55656654e-01, -3.01390314e+00,
        -1.26032162e+00, -2.27832127e+00,  1.85401261e+00,
         1.30234092e-01,  8.67149830e-01],
       [-2.56094247e-01, -3.75936836e-01, -2.96308994e+00,
        -1.30473650e+00, -2.18659329e+00,  1.69670069e+00,
         7.08341449e-02,  6.60920382e-01],
       [-4.17526849e-02, -5.38900673e-01, -2.59897399e+00,
        -1.24844456e+00, -1.75231528e+00,  1.34112251e+00,
         1.30492702e-01,  3.37787628e-01],
       [-2.38730624e-01, -3.03673595e-01, -3.01548171e+00,
        -1.26989138e+00, -2.23777127e+00,  1.81123543e+00,
         1.02468073e-01,  7.77607024e-01],
       [-1.75401345e-01, -5.46851695e-01, -2.80904460e+00,
        -1.32461965e+00, -2.01981807e+00,  1.47797632e+00,
         6.74392954e-02,  4.37794387e-01],
       [-1.94092363e-01, -3.32153916e-01, -2.97198391e+00,
        -1.22928798e+00, -2.23597550e+00,  1.83065307e+00,
         1.30007580e-01,  8.26161146e-01],
       [-4.71052341e-02, -4.62553203e-01, -2.68741989e+00,
        -1.21434832e+00, -1.86141920e+00,  1.47143483e+00,
         1.34509906e-01,  4.56487149e-01],
       [-1.67005807e-01, -3.66010904e-01, -2.89164639e+00,
        -1.21567345e+00, -2.16060162e+00,  1.75257337e+00,
         1.14950262e-01,  7.50064492e-01],
       [-1.74500287e-01, -3.64802480e-01, -2.88105893e+00,
        -1.20379806e+00, -2.16191030e+00,  1.74595714e+00,
         1.02073029e-01,  7.48520195e-01],
       [-1.91127405e-01, -2.64548749e-01, -2.92566061e+00,
        -1.18224514e+00, -2.19482994e+00,  1.76947951e+00,
         7.38255084e-02,  7.40166128e-01],
       [-1.20316692e-01, -5.00863791e-01, -2.76978898e+00,
        -1.24829149e+00, -1.98535812e+00,  1.46411169e+00,
         4.72185984e-02,  4.10596609e-01],
       [-1.25050440e-01, -3.03254366e-01, -2.84134698e+00,
        -1.15735817e+00, -2.12784624e+00,  1.74674141e+00,
         9.79678631e-02,  7.38910496e-01],
       [-5.88171743e-02, -2.37611994e-01, -2.71719480e+00,
        -1.07579303e+00, -2.01273203e+00,  1.68807018e+00,
         8.07490200e-02,  6.77727520e-01],
       [ 9.99172330e-02, -2.91660458e-01, -2.40292192e+00,
        -9.82661903e-01, -1.69153619e+00,  1.42097020e+00,
         1.01103216e-01,  4.26884502e-01],
       [ 2.15700731e-01, -1.87463671e-01, -2.25348210e+00,
        -9.08210158e-01, -1.51584303e+00,  1.37654507e+00,
         1.03495866e-01,  3.63213509e-01],
       [ 3.11201721e-01, -2.32097536e-01, -2.10529947e+00,
        -9.02421236e-01, -1.35073352e+00,  1.23816681e+00,
         1.24885932e-01,  2.14428425e-01],
       [ 2.59417117e-01, -1.34952441e-01, -2.15152383e+00,
        -9.44309533e-01, -1.47553110e+00,  1.28033197e+00,
         6.69569746e-02,  2.75966793e-01],
       [ 7.74426520e-01, -3.38065416e-01, -1.86693192e+00,
        -1.07073462e+00, -9.13167834e-01,  8.12006772e-01,
         1.23899341e-01, -4.28413481e-01],
       [ 6.55440688e-01, -2.74758577e-01, -1.79510987e+00,
        -9.00171518e-01, -9.24514174e-01,  9.40164149e-01,
         1.39391363e-01, -1.75954938e-01],
       [ 6.63209081e-01, -2.62168467e-01, -1.75868106e+00,
        -8.97729516e-01, -8.87547314e-01,  9.39457893e-01,
         1.41270071e-01, -1.76458940e-01],
       [ 7.25135446e-01, -1.43097192e-01, -1.80858612e+00,
        -9.79665339e-01, -8.95282686e-01,  9.91231680e-01,
         1.30559564e-01, -2.13419721e-01],
       [ 1.02308667e+00, -3.24762821e-01, -1.62747478e+00,
        -1.05974782e+00, -5.90923846e-01,  6.54587328e-01,
         1.42993763e-01, -6.56959116e-01],
       [ 9.48393524e-01, -3.04084927e-01, -1.54102600e+00,
        -9.24134970e-01, -5.94492674e-01,  6.68555737e-01,
         1.62565976e-01, -5.26564240e-01],
       [ 1.18808103e+00, -1.97071955e-01, -1.53243959e+00,
        -1.05957115e+00, -4.61763710e-01,  6.03938460e-01,
         1.57699555e-01, -7.86232293e-01],
       [ 1.05559087e+00, -2.56247431e-01, -1.46152067e+00,
        -9.14993107e-01, -4.88990486e-01,  5.99475384e-01,
         1.69729710e-01, -6.25364006e-01],
       [ 1.30005908e+00, -1.82044998e-01, -1.47756684e+00,
        -1.08068597e+00, -3.64856869e-01,  5.38917542e-01,
         1.66794285e-01, -9.02660072e-01],
       [ 1.22490227e+00, -2.30354190e-01, -1.43956709e+00,
        -9.78238106e-01, -3.79802108e-01,  5.19547701e-01,
         1.74136817e-01, -8.00566673e-01],
       [ 1.43758714e+00, -1.89828470e-01, -1.44323885e+00,
        -1.10165012e+00, -2.71555752e-01,  4.52110231e-01,
         1.85544997e-01, -1.03428316e+00],
       [ 1.43086934e+00, -1.76405400e-01, -1.48047793e+00,
        -1.08943236e+00, -3.03757101e-01,  4.94289577e-01,
         1.97895065e-01, -9.95135248e-01],
       [ 1.35000730e+00, -1.31350949e-01, -1.54989052e+00,
        -1.11064637e+00, -4.06374872e-01,  5.59522748e-01,
         1.82349965e-01, -9.26972926e-01],
       [ 1.51170492e+00, -1.18380785e-01, -1.46532416e+00,
        -1.09513998e+00, -2.87261248e-01,  4.69669938e-01,
         2.00835720e-01, -1.06426907e+00],
       [ 1.32032430e+00, -1.03974201e-01, -1.39920068e+00,
        -9.06466544e-01, -3.78059387e-01,  5.56598544e-01,
         1.96733505e-01, -7.81059980e-01],
       [ 1.54415894e+00, -2.02502329e-02, -1.45159936e+00,
        -1.05564344e+00, -2.86183804e-01,  5.09236932e-01,
         1.96601570e-01, -1.04202855e+00],
       [ 1.38481665e+00, -5.53405024e-02, -1.35921741e+00,
        -8.80995274e-01, -3.52870792e-01,  5.36369801e-01,
         1.89391047e-01, -8.19095850e-01],
       [ 1.31669033e+00,  1.11175701e-01, -1.64977312e+00,
        -1.01888990e+00, -5.94258547e-01,  7.56678224e-01,
         1.36489972e-01, -7.41246045e-01],
       [ 1.72158861e+00,  4.65788171e-02, -1.37855244e+00,
        -1.03689408e+00, -1.86907217e-01,  4.53263819e-01,
         2.07538292e-01, -1.17044187e+00],
       [ 1.47573447e+00,  7.62477070e-02, -1.41909599e+00,
        -8.70630026e-01, -3.74399275e-01,  6.46931946e-01,
         1.96886823e-01, -8.01861644e-01],
       [ 1.77017188e+00,  9.50244367e-02, -1.36872971e+00,
        -1.00656569e+00, -1.85319379e-01,  4.69921052e-01,
         2.09980443e-01, -1.17081583e+00],
       [ 1.53745019e+00,  1.13504335e-01, -1.39631140e+00,
        -8.48130703e-01, -3.50769609e-01,  6.39464915e-01,
         1.96230292e-01, -8.34447682e-01],
       [ 1.76031959e+00,  1.37354881e-01, -1.41296601e+00,
        -1.00384068e+00, -2.54273504e-01,  5.12578666e-01,
         1.89517245e-01, -1.14410996e+00],
       [ 1.62059581e+00,  1.87472522e-01, -1.51141465e+00,
        -9.78460550e-01, -4.41399217e-01,  6.47320449e-01,
         1.56644776e-01, -9.62484598e-01],
       [ 1.90028083e+00,  1.50488183e-01, -1.31589365e+00,
        -9.78730440e-01, -1.46711141e-01,  4.53662694e-01,
         2.08382607e-01, -1.23756349e+00],
       [ 1.68101382e+00,  1.71483144e-01, -1.33926392e+00,
        -8.17238271e-01, -2.78813511e-01,  6.44166052e-01,
         2.05313995e-01, -8.91828060e-01],
       [ 1.90923107e+00,  1.86779335e-01, -1.31487417e+00,
        -9.65103090e-01, -1.68949872e-01,  4.76662874e-01,
         1.94637164e-01, -1.22203732e+00],
       [ 1.71664512e+00,  2.38096833e-01, -1.44506741e+00,
        -9.41744268e-01, -4.17597860e-01,  6.44294739e-01,
         1.52233109e-01, -9.83940601e-01],
       [ 1.95707285e+00,  2.16216266e-01, -1.27831089e+00,
        -9.41398978e-01, -1.42111644e-01,  4.72839504e-01,
         1.93741217e-01, -1.23912394e+00],
       [ 1.71775150e+00,  2.55298346e-01, -1.44849312e+00,
        -9.25100744e-01, -4.48098004e-01,  6.65593863e-01,
         1.51701123e-01, -9.51783001e-01],
       [ 1.96194637e+00,  2.23617837e-01, -1.27850449e+00,
        -9.17060673e-01, -1.75719947e-01,  4.84645277e-01,
         1.93823382e-01, -1.20880747e+00],
       [ 1.75791895e+00,  1.47241101e-01, -1.20199823e+00,
        -7.44923592e-01, -2.16154248e-01,  5.29659986e-01,
         1.93392038e-01, -9.84947205e-01],
       [ 1.96366501e+00,  2.59915173e-01, -1.23242915e+00,
        -8.11209679e-01, -1.61025450e-01,  5.39496660e-01,
         2.17024818e-01, -1.10908103e+00],
       [ 1.96138895e+00,  2.34199554e-01, -1.25497556e+00,
        -8.42687726e-01, -2.03707337e-01,  5.24941742e-01,
         2.10016325e-01, -1.11688876e+00],
       [ 1.74106228e+00,  2.55347222e-01, -1.43085384e+00,
        -8.62009764e-01, -4.91434574e-01,  6.71230972e-01,
         1.81379408e-01, -8.87714267e-01],
       [ 1.87471259e+00,  2.15879932e-01, -1.33379340e+00,
        -8.73065770e-01, -3.26934606e-01,  5.52081347e-01,
         2.00032234e-01, -1.06223714e+00],
       [ 1.67329800e+00,  2.60233074e-01, -1.50049150e+00,
        -8.46447766e-01, -6.00401700e-01,  7.30444670e-01,
         1.77567348e-01, -7.99653828e-01],
       [ 1.82689714e+00,  2.03279853e-01, -1.37420201e+00,
        -8.68578553e-01, -3.98105562e-01,  5.66983581e-01,
         1.96920678e-01, -1.02344048e+00],
       [ 1.56629276e+00,  2.56182969e-01, -1.57225227e+00,
        -8.21175814e-01, -7.29428887e-01,  8.06489348e-01,
         1.73204541e-01, -6.71422005e-01],
       [ 1.78246081e+00,  1.78837135e-01, -1.39070058e+00,
        -8.63962233e-01, -4.45120662e-01,  5.62030554e-01,
         1.88862801e-01, -9.95726049e-01],
       [ 1.51795483e+00,  2.51087219e-01, -1.59562600e+00,
        -8.03053498e-01, -7.87589848e-01,  8.32875311e-01,
         1.67467460e-01, -6.13455176e-01],
       [ 1.77159834e+00,  1.99611738e-01, -1.38903165e+00,
        -8.41497540e-01, -4.51929420e-01,  5.50923765e-01,
         1.83873922e-01, -9.91800547e-01],
       [ 1.66650045e+00,  2.70765364e-01, -1.43293309e+00,
        -7.40777850e-01, -5.48074961e-01,  6.77646995e-01,
         1.88846424e-01, -7.95107841e-01],
       [ 1.74790394e+00,  2.19895005e-01, -1.38821852e+00,
        -8.13175201e-01, -4.48810726e-01,  5.44008255e-01,
         1.85348973e-01, -9.79950666e-01],
       [ 1.52119577e+00,  2.23886535e-01, -1.27828515e+00,
        -5.97607553e-01, -4.49923575e-01,  5.75896561e-01,
         1.87112153e-01, -7.35119641e-01],
       [ 1.64121807e+00,  2.52124339e-01, -1.48252666e+00,
        -8.04562867e-01, -6.16154492e-01,  6.33572459e-01,
         1.49454832e-01, -8.40472341e-01],
       [ 1.68031812e+00,  2.28896469e-01, -1.44007611e+00,
        -8.18584085e-01, -5.18236518e-01,  5.59660494e-01,
         1.60232723e-01, -9.41353381e-01],
       [ 1.52895260e+00,  2.81253517e-01, -1.58031058e+00,
        -8.03052962e-01, -7.66903758e-01,  7.65504897e-01,
         1.38835117e-01, -6.81437731e-01],
       [ 1.73031771e+00,  2.17923313e-01, -1.40756106e+00,
        -8.41090858e-01, -4.48934883e-01,  5.07920921e-01,
         1.60841286e-01, -1.02674353e+00],
       [ 1.51032603e+00,  2.28646174e-01, -1.28527820e+00,
        -6.12208664e-01, -4.30425644e-01,  5.57354212e-01,
         1.71521530e-01, -7.76879311e-01],
       [ 1.65905738e+00,  2.53257185e-01, -1.48313391e+00,
        -8.33741367e-01, -5.92989147e-01,  6.04871988e-01,
         1.31918445e-01, -8.97920132e-01],
       [ 1.79726374e+00,  1.96408629e-01, -1.37146568e+00,
        -8.68552923e-01, -3.65996391e-01,  4.34643328e-01,
         1.52686000e-01, -1.13582551e+00],
       [ 1.56658053e+00,  2.63855368e-01, -1.37683868e+00,
        -6.70305610e-01, -4.67707604e-01,  6.23480022e-01,
         1.74396634e-01, -7.86836565e-01],
       [ 1.81426978e+00,  1.95160478e-01, -1.36055708e+00,
        -8.70532453e-01, -3.59387428e-01,  4.14865822e-01,
         1.39085591e-01, -1.15577173e+00],
       [ 1.70804191e+00,  2.16551706e-01, -1.44450116e+00,
        -8.68195474e-01, -5.03933549e-01,  5.13829291e-01,
         1.19575374e-01, -1.01738501e+00],
       [ 1.86866343e+00,  1.51340008e-01, -1.32324016e+00,
        -9.12254751e-01, -2.66563952e-01,  3.38954359e-01,
         1.38784602e-01, -1.27240539e+00],
       [ 1.63374376e+00,  2.44979262e-01, -1.47335172e+00,
        -8.40455711e-01, -5.91054857e-01,  6.21569633e-01,
         1.35613143e-01, -8.56792867e-01],
       [ 1.93552148e+00,  1.45030573e-01, -1.25747705e+00,
        -9.09829438e-01, -1.95480034e-01,  2.77376771e-01,
         1.29176617e-01, -1.34926462e+00],
       [ 1.72643661e+00,  1.90989345e-01, -1.38511038e+00,
        -8.89604807e-01, -4.68562275e-01,  4.75741118e-01,
         1.12576820e-01, -1.04937983e+00],
       [ 1.98361933e+00,  1.25961199e-01, -1.21181417e+00,
        -9.24939573e-01, -1.29590616e-01,  2.20971301e-01,
         1.19922236e-01, -1.42477059e+00],
       [ 1.81491864e+00,  1.52566150e-01, -1.30564654e+00,
        -9.21224892e-01, -3.31666917e-01,  3.55291337e-01,
         9.89953056e-02, -1.21603823e+00],
       [ 2.00127125e+00,  1.00986972e-01, -1.18559372e+00,
        -9.44094241e-01, -8.65166709e-02,  1.76550910e-01,
         1.10568851e-01, -1.47971272e+00],
       [ 1.83533430e+00,  1.27090305e-01, -1.26986778e+00,
        -9.42851841e-01, -2.76499420e-01,  2.98835456e-01,
         8.93753394e-02, -1.28538668e+00],
       [ 2.00105453e+00,  7.52894804e-02, -1.16795266e+00,
        -9.60196912e-01, -5.89466020e-02,  1.40853032e-01,
         1.02302067e-01, -1.51866806e+00],
       [ 1.89161503e+00,  9.89022925e-02, -1.23517478e+00,
        -9.70115602e-01, -1.84097841e-01,  2.27560833e-01,
         8.77364725e-02, -1.40331340e+00],
       [ 1.94485331e+00,  6.89753070e-02, -1.22423184e+00,
        -9.86633956e-01, -1.21110581e-01,  1.85944304e-01,
         1.06200583e-01, -1.48543966e+00],
       [ 1.87989581e+00,  7.03869537e-02, -1.27826071e+00,
        -9.87747490e-01, -1.86496004e-01,  2.44602963e-01,
         1.13700762e-01, -1.41086066e+00],
       [ 1.84217322e+00,  5.43834455e-02, -1.31692159e+00,
        -1.00975037e+00, -2.24737808e-01,  2.61115521e-01,
         1.19496427e-01, -1.39580238e+00],
       [ 1.80699897e+00,  5.52075654e-02, -1.34730673e+00,
        -1.00687814e+00, -2.63272703e-01,  2.99054980e-01,
         1.30134314e-01, -1.34210193e+00],
       [ 1.75651562e+00,  6.40526861e-02, -1.41743207e+00,
        -1.03086996e+00, -3.63878101e-01,  3.52656931e-01,
         1.31277636e-01, -1.26724052e+00],
       [ 1.75885868e+00,  4.57119569e-02, -1.43757463e+00,
        -1.03159547e+00, -3.56724471e-01,  3.51186335e-01,
         1.44574851e-01, -1.27085233e+00],
       [ 1.62244999e+00,  3.13824862e-02, -1.37527740e+00,
        -9.08246934e-01, -3.13433617e-01,  3.93031150e-01,
         1.55035302e-01, -1.13254213e+00]], dtype=float32), 'ground_truth': array([[ 0.19617407, -1.06726535, -2.12936597, -1.41882749, -1.7047829 ,
         1.12688169,  0.79871936,  0.26739667],
       [ 0.21542628, -1.07497474, -2.11011376, -1.42653688, -1.68553069,
         1.1191723 ,  0.81797156,  0.25968728],
       [ 0.23377314, -1.08266898, -2.09176691, -1.43423112, -1.66718384,
         1.11147806,  0.83631842,  0.25199304],
       [ 0.250341  , -1.08944188, -2.07519904, -1.44100402, -1.65061597,
         1.10470516,  0.85288629,  0.24522014],
       [ 0.26511791, -1.09569686, -2.06042213, -1.447259  , -1.63583906,
         1.09845018,  0.8676632 ,  0.23896516],
       [ 0.27814381, -1.10164457, -2.04739623, -1.45320671, -1.62281316,
         1.09250247,  0.88068909,  0.23301745],
       [ 0.28947958, -1.10739533, -2.03606046, -1.45895747, -1.61147739,
         1.08675171,  0.89202486,  0.22726669],
       [ 0.29919313, -1.1130465 , -2.02634692, -1.46460865, -1.60176384,
         1.08110054,  0.90173841,  0.22161552],
       [ 0.30735511, -1.118676  , -2.01818493, -1.47023814, -1.59360186,
         1.07547104,  0.9099004 ,  0.21598602],
       [ 0.3140378 , -1.12435584, -2.01150224, -1.47591798, -1.58691917,
         1.0697912 ,  0.91658309,  0.21030618],
       [ 0.319315  , -1.13015429, -2.00622505, -1.48171644, -1.58164197,
         1.06399275,  0.92186028,  0.20450772],
       [ 0.32326192, -1.13613582, -2.00227812, -1.48769797, -1.57769505,
         1.05801122,  0.92580721,  0.1985262 ],
       [ 0.32595508, -1.14236098, -1.99958496, -1.49392312, -1.57500189,
         1.05178606,  0.92850037,  0.19230104],
       [ 0.32747212, -1.14888631, -1.99806793, -1.50044845, -1.57348485,
         1.04526074,  0.9300174 ,  0.18577571],
       [ 0.32789164, -1.15576424, -1.9976484 , -1.50732638, -1.57306533,
         1.0383828 ,  0.93043692,  0.17889778],
       [ 0.32832654, -1.1623355 , -1.9972135 , -1.51389765, -1.57263043,
         1.03181154,  0.93087183,  0.17232652],
       [ 0.3305591 , -1.16926237, -1.99498094, -1.52082452, -1.57039787,
         1.02488467,  0.93310439,  0.16539965],
       [ 0.33340536, -1.17496667, -1.99213469, -1.52652882, -1.56755162,
         1.01918037,  0.93595064,  0.15969534],
       [ 0.33673949, -1.17934912, -1.98880055, -1.53091126, -1.56421748,
         1.01479792,  0.93928478,  0.1553129 ],
       [ 0.34118792, -1.18334452, -1.98435213, -1.53490666, -1.55976905,
         1.01080253,  0.9437332 ,  0.1513175 ],
       [ 0.34602056, -1.18604678, -1.97951949, -1.53760892, -1.55493641,
         1.00810027,  0.94856584,  0.14861524],
       [ 0.35230948, -1.18892675, -1.97323057, -1.54048889, -1.54864749,
         1.0052203 ,  0.95485476,  0.14573527],
       [ 0.35904155, -1.1907401 , -1.96649849, -1.54230225, -1.54191542,
         1.00340694,  0.96158684,  0.14392192],
       [ 0.3664539 , -1.19185676, -1.95908615, -1.5434189 , -1.53450308,
         1.00229028,  0.96899918,  0.14280526],
       [ 0.37420692, -1.19183546, -1.95133312, -1.5433976 , -1.52675005,
         1.00231158,  0.9767522 ,  0.14282656],
       [ 0.3829566 , -1.19169959, -1.94258344, -1.54326173, -1.51800037,
         1.00244746,  0.98550189,  0.14296243],
       [ 0.39169391, -1.19001956, -1.93384614, -1.5415817 , -1.50926306,
         1.00412749,  0.99423919,  0.14464246],
       [ 0.40173777, -1.18879   , -1.92380227, -1.54035214, -1.4992192 ,
         1.00535704,  1.00428305,  0.14587202],
       [ 0.41197198, -1.18643622, -1.91356807, -1.53799836, -1.48898499,
         1.00771082,  1.01451726,  0.1482258 ],
       [ 0.42245221, -1.18309723, -1.90308783, -1.53465937, -1.47850476,
         1.01104982,  1.02499749,  0.15156479],
       [ 0.43404425, -1.18006808, -1.89149579, -1.53163022, -1.46691272,
         1.01407896,  1.03658954,  0.15459394],
       [ 0.44551574, -1.1756394 , -1.88002431, -1.52720155, -1.45544123,
         1.01850764,  1.04806102,  0.15902262],
       [ 0.45820157, -1.17173962, -1.86733847, -1.52330176, -1.4427554 ,
         1.02240742,  1.06074686,  0.1629224 ],
       [ 0.47105039, -1.16694317, -1.85448965, -1.51850531, -1.42990658,
         1.02720387,  1.07359567,  0.16771885],
       [ 0.48469207, -1.16221741, -1.84084798, -1.51377956, -1.4162649 ,
         1.03192963,  1.08723735,  0.1724446 ],
       [ 0.49869356, -1.1569808 , -1.82684649, -1.50854294, -1.40226341,
         1.03716624,  1.10123884,  0.17768122],
       [ 0.5131567 , -1.15143682, -1.81238334, -1.50299896, -1.38780027,
         1.04271022,  1.11570198,  0.1832252 ],
       [ 0.52744343, -1.14443337, -1.79809661, -1.49599551, -1.37351354,
         1.04971367,  1.12998871,  0.19022865],
       [ 0.54277057, -1.13821076, -1.78276947, -1.4897729 , -1.3581864 ,
         1.05593629,  1.14531585,  0.19645126],
       [ 0.55867626, -1.13206468, -1.76686379, -1.48362682, -1.34228071,
         1.06208236,  1.16122154,  0.20259734],
       [ 0.5748885 , -1.12552671, -1.75065154, -1.47708885, -1.32606847,
         1.06862033,  1.17743378,  0.20913531],
       [ 0.59157241, -1.11901582, -1.73396764, -1.47057797, -1.30938456,
         1.07513122, -1.19848566, -0.11897113],
       [ 0.60857469, -1.11217617, -1.71696536, -1.46373832, -1.29238229,
         1.08197087, -1.18148338, -0.11213148],
       [ 0.62590552, -1.10497912, -1.69963452, -1.45654126, -1.27505145,
         1.08916793, -1.16415255, -0.10493442],
       [ 0.64334572, -1.09661319, -1.68219432, -1.44817533, -1.25761125,
         1.09753386, -1.14671235, -0.09656849],
       [ 0.6614852 , -1.08917076, -1.66405485, -1.4407329 , -1.23947177,
         1.10497629, -1.12857287, -0.08912606],
       [ 0.68007057, -1.08187191, -1.64546948, -1.43343405, -1.2208864 ,
         1.11227513, -1.1099875 , -0.08182721],
       [ 0.69894328, -1.07418705, -1.62659676, -1.42574919, -1.20201369,
         1.11995999, -1.09111479, -0.07414236],
       [ 0.71797328, -1.06568645, -1.60756676, -1.4172486 , -1.18298369,
         1.12846059, -1.07208479, -0.06564176],
       [ 0.73748266, -1.05762047, -1.58805739, -1.40918262, -1.16347431,
         1.13652657, -1.05257541, -0.05757578],
       [ 0.75721286, -1.04917502, -1.56832719, -1.40073716, -1.14374411,
         1.14497202, -1.03284521, -0.04913033],
       [ 0.77734901, -1.04095015, -1.54819104, -1.3925123 , -1.12360797,
         1.15319689, -1.01270906, -0.04090546],
       [ 0.79761567, -1.03224258, -1.52792437, -1.38380472, -1.1033413 ,
         1.16190446, -0.9924424 , -0.03219789],
       [ 0.81813687, -1.02344951, -1.50740318, -1.37501165, -1.0828201 ,
         1.17069754, -0.9719212 , -0.02340481],
       [ 0.83874836, -1.01427088, -1.48679168, -1.36583302, -1.06220861,
         1.17987617, -0.95130971, -0.01422618],
       [ 0.85960727, -1.00505914, -1.46593277, -1.35662128, -1.0413497 ,
         1.1890879 , -0.93045079, -0.00501444],
       [ 0.88059162, -0.99559999, -1.44494842, -1.34716213, -1.02036535,
         1.19854705, -0.90946645,  0.0044447 ],
       [ 0.90160922, -0.98578799, -1.42393082, -1.33735014, -0.99934775,
         1.20835905, -0.88844885,  0.0142567 ],
       [ 0.9231533 , -0.976268  , -1.40238674, -1.32783015, -0.97780367,
         1.21787904, -0.86690476,  0.02377669],
       [ 0.9443977 , -0.96596464, -1.38114234, -1.31752679, -0.95655927,
         1.2281824 , -0.84566037,  0.03408005],
       [ 0.96597082, -0.95566855, -1.35956922, -1.3072307 , -0.93498615,
         1.23847849, -0.82408724,  0.04437614],
       [ 0.98761532, -0.94506535, -1.33792472, -1.2966275 , -0.91334165,
         1.24908169, -0.80244275,  0.05497934],
       [ 1.00889129, -0.93372108, -1.31664875, -1.28528322, -0.89206568,
         1.26042596, -0.78116677,  0.06632361],
       [ 1.03077523, -0.92262423, -1.29476482, -1.27418637, -0.87018175,
         1.27152281, -0.75928284,  0.07742047],
       [ 1.05199457, -0.91055313, -1.27354547, -1.26211527, -0.8489624 ,
         1.28359391, -0.7380635 ,  0.08949157],
       [ 1.07379459, -0.89867357, -1.25174546, -1.25023571, -0.82716239,
         1.29547348, -0.71626348,  0.10137113],
       [ 1.09489279, -0.88586066, -1.23064725, -1.2374228 , -0.80606418,
         1.30828638, -0.69516528,  0.11418403],
       [ 1.11624488, -0.8729529 , -1.20929516, -1.22451504, -0.78471209,
         1.32119415, -0.67381319,  0.1270918 ],
       [ 1.13699919, -0.8592927 , -1.18854086, -1.21085485, -0.76395778,
         1.33485434, -0.65305888,  0.14075199],
       [ 1.15845739, -0.8458386 , -1.16708265, -1.19740074, -0.74249958,
         1.34830844, -0.63160068,  0.1542061 ],
       [ 1.17897703, -0.83143797, -1.14656302, -1.18300011, -0.72197994,
         1.36270907, -0.61108104,  0.16860673],
       [ 1.19972428, -0.81690727, -1.12581576, -1.16846941, -0.70123269,
         1.37723977, -0.59033379,  0.18313742],
       [ 1.21977259, -0.80168015, -1.10576745, -1.1532423 , -0.68118438,
         1.39246689, -0.57028548,  0.19836454],
       [ 1.23995446, -0.78626137, -1.08558558, -1.13782351, -0.66100251,
         1.40788567, -0.55010361,  0.21378333],
       [ 1.25950417, -0.77025494, -1.06603587, -1.12181709, -0.6414528 ,
         1.4238921 , -0.5305539 ,  0.22978975],
       [ 1.27905822, -0.75398329, -1.04648183, -1.10554544, -0.62189875,
         1.44016375, -0.51099985,  0.2460614 ],
       [ 1.29820021, -0.73726268, -1.02733983, -1.08882483, -0.60275676,
         1.45688436, -0.49185786,  0.26278201],
       [ 1.31674106, -0.72005503, -1.00879898, -1.07161717, -0.58421591,
         1.47409201, -0.47331701,  0.27998966],
       [ 1.33519466, -0.7025411 , -0.99034539, -1.05410324, -0.56576231,
         1.49160594, -0.45486341,  0.29750359],
       [ 1.35292084, -0.68454865, -0.97261921, -1.03611079, -0.54803613,
         1.50959839, -0.43713723,  0.31549605],
       [ 1.37075742, -0.66627524, -0.95478263, -1.01783738, -0.53019955,
         1.5278718 , -0.41930065,  0.33376945],
       [ 1.3876021 , -0.64751091, -0.93793794, -0.99907305, -0.51335487,
         1.54663613, -0.40245596,  0.35253379],
       [ 1.40454763, -0.62843966, -0.92099241, -0.98000181, -0.49640934,
         1.56570738, -0.38551044,  0.37160503],
       [ 1.42046872, -0.60892921, -0.90507132, -0.96049136, -0.48048825,
         1.58521783, -0.36958935,  0.39111548],
       [ 1.43660899, -0.58909572, -0.88893106, -0.94065786, -0.46434798,
         1.60505133, -0.35344908,  0.41094898],
       [ 1.45150589, -0.5688579 , -0.87403415, -0.92042004, -0.44945108,
         1.62528914, -0.33855217,  0.4311868 ],
       [ 1.46638934, -0.5482807 , -0.8591507 , -0.89984284, -0.43456763,
         1.64586634, -0.32366873,  0.45176399],
       [ 1.48005362, -0.52737435, -0.84548643, -0.8789365 , -0.42090335,
         1.66677269, -0.31000445,  0.47267034],
       [ 1.49399586, -0.50610715, -0.83154419, -0.8576693 , -0.40696111,
         1.68803989, -0.29606221,  0.49393754],
       [ 1.50668013, -0.48456613, -0.81885992, -0.83612828, -0.39427684,
         1.70958091, -0.28337794,  0.51547856],
       [ 1.51854387, -0.46277562, -0.80699617, -0.81433776, -0.3824131 ,
         1.73137142, -0.27151419,  0.53726907],
       [ 1.53059506, -0.44059464, -0.79494498, -0.79215678, -0.37036191,
         1.7535524 , -0.259463  ,  0.55945005],
       [ 1.54136229, -0.41825792, -0.78417775, -0.76982007, -0.35959468,
         1.77588912, -0.24869577,  0.58178677],
       [ 1.5523053 , -0.39550611, -0.77323474, -0.74706825, -0.34865167,
         1.79864093, -0.23775276,  0.60453858],
       [ 1.56222855, -0.37258828, -0.7633115 , -0.72415042, -0.33872842,
         1.82155877, -0.22782952,  0.62745642],
       [ 1.57097739, -0.34958773, -0.75456265, -0.70114988, -0.32997958,
         1.84455931, -0.21908068,  0.65045696],
       [ 1.58019304, -0.3260753 , -0.74534701, -0.67763744, -0.32076393,
         1.86807174, -0.20986503,  0.67396939],
       [ 1.58784671, -0.30262886, -0.73769333, -0.654191  , -0.31311026,
         1.89151818, -0.20221136,  0.69741583],
       [ 1.59518761, -0.27890814, -0.73035243, -0.63047028, -0.30576936,
         1.9152389 , -0.19487046,  0.72113655],
       [ 1.60138492, -0.25521531, -0.72415512, -0.60677745, -0.29957205,
         1.93893173, -0.18867315,  0.74482939],
       [ 1.6080284 , -0.23094772, -0.71751165, -0.58250987, -0.29292857,
         1.96319932, -0.18202967,  0.76909697],
       [ 1.61311831, -0.20690818, -0.71242173, -0.55847032, -0.28783866,
         1.98723886, -0.17693976,  0.79313651],
       [ 1.61811157, -0.18251524, -0.70742848, -0.53407738, -0.2828454 ,
         2.01163181, -0.1719465 ,  0.81752946],
       [ 1.62180073, -0.15832438, -0.70373932, -0.50988652, -0.27915624,
         2.03582267, -0.16825734,  0.84172032],
       [ 1.62531395, -0.13382412, -0.7002261 , -0.48538627, -0.27564302,
         2.06032292, -0.16474412,  0.86622057],
       [ 1.62764734, -0.10955176, -0.6978927 , -0.4611139 , -0.27330963,
         2.08459528, -0.16241073,  0.89049293],
       [ 1.62977793, -0.08498106, -0.69576211, -0.4365432 , -0.27117904,
         2.10916598, -0.16028014,  0.91506364],
       [ 1.63078769, -0.06068762, -0.69475235, -0.41224976, -0.27016928,
         2.13345943, -0.15927038,  0.93935708],
       [ 1.63134677, -0.03626476, -0.69419328, -0.3878269 , -0.2696102 ,
         2.15788228, -0.1587113 ,  0.96377993],
       [ 1.63095133, -0.01210211, -0.69458872, -0.36366425, -0.27000564,
         2.18204493, -0.15910674,  0.98794258],
       [ 1.63001   ,  0.01209304, -0.69553004, -0.3394691 , -0.27094697,
         2.20624008, -0.16004807,  1.01213773],
       [ 1.62820971,  0.0360212 , -0.69733033, -0.31554094, -0.27274726,
         2.23016824, -0.16184835,  1.03606589],
       [ 1.62579046,  0.05988664, -0.69974958, -0.29167551, -0.27516651,
         2.25403368, -0.1642676 ,  1.05993133],
       [ 1.62261544,  0.08352726, -0.70292461, -0.26803489, -0.27834153,
         2.2776743 , -0.16744263,  1.08357195],
       [ 1.6186419 ,  0.10684553, -0.70689814, -0.24471661, -0.28231507,
         2.30099258, -0.17141617,  1.10689023],
       [ 1.61411126,  0.13016601, -0.71142879, -0.22139613, -0.28684571,
         2.32431306, -0.17594681,  1.13021071],
       [ 1.60947402,  0.15424976, -0.71606602, -0.19731238, -0.29148295,
         2.3483968 , -0.18058405,  1.15429446],
       [ 1.60346196,  0.1771068 , -0.72207808, -0.17445534, -0.29749501,
         2.37125384, -0.1865961 ,  1.17715149],
       [ 1.59662901,  0.19949946, -0.72891103, -0.15206268, -0.30432796,
         2.3936465 , -0.19342906,  1.19954416],
       [ 1.58904084,  0.22146002, -0.7364992 , -0.13010212, -0.31191613,
         2.41560706, -0.20101723,  1.22150472]]), 'data_points': 600}, 3: {'r2': -6.191320419311523, 'mse': 1.999096114378779, 'train_losses': [1.716025948524475, 1.6525123119354248, 1.5888913869857788, 1.5241059064865112, 1.457106351852417, 1.3868638277053833, 1.312677025794983, 1.2343144416809082, 1.1521563529968262, 1.067400574684143, 0.9815986752510071, 0.8971973061561584, 0.8176309466362, 0.747143566608429, 0.6901668906211853, 0.6500301957130432, 0.6270177960395813, 0.6175585389137268, 0.6144670844078064, 0.6100873947143555, 0.5995556116104126, 0.5811066031455994, 0.5560370087623596, 0.5278976559638977, 0.5001056790351868, 0.47535741329193115, 0.4552520215511322, 0.4400339424610138, 0.42902040481567383, 0.42098620533943176], 'test_losses': [1.8036293983459473, 1.7824289798736572, 1.7623023986816406, 1.7430027723312378, 1.7240482568740845, 1.7050049304962158, 1.6857489347457886, 1.6672981977462769, 1.6508532762527466, 1.6380525827407837, 1.6307367086410522, 1.630200743675232, 1.6387580633163452, 1.6590243577957153, 1.6934244632720947, 1.7431639432907104, 1.807012677192688, 1.8798915147781372, 1.9529861211776733, 2.0169150829315186, 2.06589412689209, 2.097440242767334, 2.1115622520446777, 2.111483573913574, 2.101137638092041, 2.0844719409942627, 2.0642075538635254, 2.0421535968780518, 2.0199456214904785, 1.999096155166626], 'predictions': array([[ 0.6119891 , -0.17464674, -1.6529446 , -0.72705936, -0.73397875,
         0.8167656 , -0.3757963 , -0.28598374],
       [ 0.5616233 , -0.15291142, -1.6922475 , -0.72568023, -0.75850654,
         0.79495835, -0.3442766 , -0.29165584],
       [ 0.56279105, -0.1476693 , -1.723532  , -0.7543034 , -0.75601095,
         0.75180334, -0.2974712 , -0.33228663],
       [ 0.6269026 , -0.15869299, -1.7456038 , -0.8180205 , -0.715679  ,
         0.7327864 , -0.32046735, -0.423445  ],
       [ 0.6025373 , -0.14283746, -1.725855  , -0.78267056, -0.7246149 ,
         0.73082376, -0.33748442, -0.39805636],
       [ 0.67215395, -0.15487123, -1.866586  , -0.9507479 , -0.65370494,
         0.5725972 , -0.18967956, -0.66717035],
       [ 0.5640799 , -0.1290387 , -1.6758986 , -0.73460376, -0.722979  ,
         0.70332474, -0.3595264 , -0.35706794],
       [ 0.60821795, -0.12194941, -1.7791554 , -0.8863557 , -0.6803689 ,
         0.5419086 , -0.16404235, -0.5710499 ],
       [ 0.5800332 , -0.14348733, -1.6744683 , -0.7778459 , -0.6871145 ,
         0.6075288 , -0.24100216, -0.43292567],
       [ 0.68480045, -0.17404673, -1.8567367 , -0.99917716, -0.60529923,
         0.48383182, -0.1325729 , -0.76410174],
       [ 0.72962904, -0.19435191, -1.9020056 , -1.0823848 , -0.58470297,
         0.42439544, -0.080966  , -0.87425536],
       [ 0.62320065, -0.1803744 , -1.7140036 , -0.87666035, -0.63940454,
         0.5228813 , -0.18151872, -0.5695387 ],
       [ 0.7508991 , -0.22389361, -1.9017184 , -1.1146071 , -0.5671479 ,
         0.4115597 , -0.06214109, -0.91518134],
       [ 0.6448041 , -0.20371275, -1.771999  , -0.9477219 , -0.60798925,
         0.49588192, -0.16081831, -0.664041  ],
       [ 0.6518696 , -0.23343693, -1.7429738 , -0.965225  , -0.5884799 ,
         0.46979064, -0.12163101, -0.6930458 ],
       [ 0.64682037, -0.22056918, -1.7788436 , -0.9695405 , -0.5795527 ,
         0.48102394, -0.1377793 , -0.7050321 ],
       [ 0.62978745, -0.2188877 , -1.7531439 , -0.94938165, -0.5862158 ,
         0.4813007 , -0.14400259, -0.67555255],
       [ 0.62075657, -0.21954437, -1.6940186 , -0.9144617 , -0.5834479 ,
         0.47628462, -0.14517315, -0.63011414],
       [ 0.61035526, -0.21496549, -1.6824223 , -0.9020091 , -0.58336776,
         0.47825184, -0.14885016, -0.61479133],
       [ 0.6042179 , -0.21377726, -1.6808512 , -0.9014595 , -0.5797808 ,
         0.47252947, -0.14516932, -0.61653215],
       [ 0.5987334 , -0.20681073, -1.6693288 , -0.8871974 , -0.5818777 ,
         0.4815569 , -0.1541481 , -0.5973014 ],
       [ 0.60073084, -0.20719789, -1.6812676 , -0.90127945, -0.57760376,
         0.47233453, -0.14975941, -0.6155956 ],
       [ 0.600864  , -0.20498386, -1.6823126 , -0.90206885, -0.57716763,
         0.4752153 , -0.15391642, -0.6140342 ],
       [ 0.5997688 , -0.20041361, -1.6770517 , -0.89495486, -0.58025575,
         0.48413157, -0.16228662, -0.6027765 ],
       [ 0.60278934, -0.20002902, -1.6905282 , -0.90896696, -0.5760861 ,
         0.47542906, -0.15814906, -0.620806  ],
       [ 0.60239536, -0.19625747, -1.6871592 , -0.9055968 , -0.5787299 ,
         0.48067626, -0.16232184, -0.61406887],
       [ 0.59755975, -0.19185644, -1.6868006 , -0.9015545 , -0.5797662 ,
         0.4814878 , -0.16154525, -0.60945547],
       [ 0.72268367, -0.23007108, -1.8959016 , -1.1020396 , -0.54185486,
         0.4204631 , -0.07912048, -0.9088974 ],
       [ 0.58889014, -0.18192977, -1.6982328 , -0.90409744, -0.57838225,
         0.47534853, -0.15260206, -0.6157382 ],
       [ 0.68523586, -0.2166922 , -1.858119  , -1.0441669 , -0.542129  ,
         0.4464576 , -0.1012589 , -0.8435519 ],
       [ 0.71023333, -0.2108677 , -1.901975  , -1.10954   , -0.5414539 ,
         0.4067271 , -0.05809748, -0.93362534],
       [ 0.6665002 , -0.2021405 , -1.8510306 , -1.0233692 , -0.54489154,
         0.45270646, -0.10009627, -0.82837856],
       [ 0.70341897, -0.20105036, -1.9027827 , -1.1084933 , -0.54139316,
         0.40529528, -0.05061573, -0.93930113],
       [ 0.64380574, -0.19183008, -1.8268893 , -0.99067557, -0.54492795,
         0.4679402 , -0.11653077, -0.78799134],
       [ 0.6184861 , -0.16734232, -1.7656215 , -0.97468793, -0.5605732 ,
         0.4335604 , -0.08784321, -0.7312693 ],
       [ 0.60326594, -0.17704302, -1.7704178 , -0.93199646, -0.5449775 ,
         0.49206138, -0.14585382, -0.7153358 ],
       [ 0.6049715 , -0.15668118, -1.7480783 , -0.95880395, -0.56249547,
         0.43152395, -0.08788309, -0.71739346],
       [ 0.5999271 , -0.16598326, -1.7625475 , -0.92416304, -0.5452857 ,
         0.49661985, -0.14330073, -0.710036  ],
       [ 0.56934744, -0.12722784, -1.6835792 , -0.87299126, -0.5857652 ,
         0.47970647, -0.13878648, -0.6069926 ],
       [ 0.63680905, -0.1562908 , -1.8309386 , -1.0017825 , -0.5495484 ,
         0.44947484, -0.08492815, -0.8132707 ],
       [ 0.59132206, -0.13322672, -1.791061  , -0.92846507, -0.5634353 ,
         0.48616716, -0.12259676, -0.72005075],
       [ 0.63625   , -0.13501161, -1.880306  , -1.0393208 , -0.56621736,
         0.4142318 , -0.0423246 , -0.86644506],
       [ 0.56901914, -0.1076421 , -1.7901075 , -0.90224695, -0.5761351 ,
         0.4957725 , -0.14576438, -0.6877493 ],
       [ 0.58143103, -0.10212739, -1.79288   , -0.9601273 , -0.60932416,
         0.4062969 , -0.06671381, -0.71735483],
       [ 0.5665146 , -0.11193376, -1.7844657 , -0.9093696 , -0.5679016 ,
         0.49025095, -0.13959727, -0.68854004],
       [ 0.53305775, -0.08339361, -1.7143912 , -0.850881  , -0.61820716,
         0.47247547, -0.13848108, -0.5742102 ],
       [ 0.569445  , -0.10586264, -1.8070705 , -0.9376562 , -0.58045584,
         0.4504576 , -0.10253007, -0.71497416],
       [ 0.55779064, -0.09696013, -1.8008751 , -0.90584534, -0.58214563,
         0.49933222, -0.15283048, -0.6727265 ],
       [ 0.5437122 , -0.08077449, -1.7847179 , -0.9288433 , -0.6233653 ,
         0.41551203, -0.09057876, -0.66013056],
       [ 0.5557863 , -0.10430345, -1.7852763 , -0.9045598 , -0.5798611 ,
         0.50356644, -0.15941948, -0.65173733],
       [ 0.5680168 , -0.10742235, -1.8296535 , -0.9511074 , -0.59306   ,
         0.46764243, -0.11906183, -0.6964792 ],
       [ 0.55516523, -0.09613631, -1.7802358 , -0.8978332 , -0.5975839 ,
         0.5125544 , -0.18322892, -0.6253667 ],
       [ 0.6404334 , -0.12111198, -1.9055072 , -1.0836998 , -0.5873179 ,
         0.39225575, -0.0235016 , -0.8649799 ],
       [ 0.55187625, -0.11380035, -1.7418678 , -0.89954126, -0.58207625,
         0.50366473, -0.17906772, -0.6101505 ],
       [ 0.53898066, -0.10200555, -1.7217301 , -0.8772469 , -0.59301215,
         0.502891  , -0.1938909 , -0.57840425],
       [ 0.6005728 , -0.1252005 , -1.8445463 , -1.0374439 , -0.5816776 ,
         0.40378872, -0.05167847, -0.78307897],
       [ 0.53718096, -0.1159202 , -1.698542  , -0.89020365, -0.5793925 ,
         0.49236244, -0.18750878, -0.5786521 ],
       [ 0.53762865, -0.10791919, -1.6987381 , -0.87199473, -0.6020712 ,
         0.5179706 , -0.21416049, -0.53927344],
       [ 0.5506522 , -0.11753201, -1.7114412 , -0.9058028 , -0.60032225,
         0.49855983, -0.18780084, -0.56889105],
       [ 0.54494876, -0.11910345, -1.6403062 , -0.8633406 , -0.5998716 ,
         0.5220687 , -0.23844978, -0.5005303 ],
       [ 0.5507155 , -0.12162521, -1.6128347 , -0.8609842 , -0.60069996,
         0.52348167, -0.2489533 , -0.4851779 ],
       [ 0.55388904, -0.11693162, -1.5935278 , -0.852164  , -0.60420984,
         0.52780354, -0.26148197, -0.47177115],
       [ 0.5530646 , -0.11374494, -1.601593  , -0.84369206, -0.6153634 ,
         0.5419438 , -0.27250677, -0.45394182],
       [ 0.5480189 , -0.11490014, -1.5875524 , -0.831032  , -0.6161303 ,
         0.54666656, -0.28348413, -0.43187648],
       [ 0.5480189 , -0.11490014, -1.5875524 , -0.831032  , -0.6161303 ,
         0.54666656, -0.28348413, -0.43187648],
       [ 0.5480189 , -0.11490014, -1.5875524 , -0.831032  , -0.6161303 ,
         0.54666656, -0.28348413, -0.43187648],
       [ 0.5480189 , -0.11490014, -1.5875524 , -0.831032  , -0.6161303 ,
         0.54666656, -0.28348413, -0.43187648],
       [ 0.5480189 , -0.11490014, -1.5875524 , -0.831032  , -0.6161303 ,
         0.54666656, -0.28348413, -0.43187648],
       [ 0.5518415 , -0.11692788, -1.5853643 , -0.83592075, -0.60793823,
         0.5471538 , -0.28110978, -0.43897063],
       [ 0.5539689 , -0.11966356, -1.5697749 , -0.83053887, -0.60271484,
         0.55051285, -0.2870219 , -0.43259242],
       [ 0.55872524, -0.12227261, -1.571596  , -0.83478695, -0.5988066 ,
         0.55191046, -0.28755125, -0.43644044],
       [ 0.56122005, -0.12288509, -1.5789826 , -0.83141315, -0.60310173,
         0.5587332 , -0.29654154, -0.42904106],
       [ 0.56684357, -0.12469979, -1.5931292 , -0.83630216, -0.6043885 ,
         0.56347317, -0.29681414, -0.43995604],
       [ 0.566596  , -0.12594025, -1.5996767 , -0.8306158 , -0.61141586,
         0.57284784, -0.30496696, -0.43770412],
       [ 0.5612264 , -0.12472014, -1.609926  , -0.8246546 , -0.6172412 ,
         0.5796409 , -0.30677402, -0.43726215],
       [ 0.5626766 , -0.1316049 , -1.6183734 , -0.8254816 , -0.61306703,
         0.583019  , -0.30148253, -0.4421627 ],
       [ 0.5647163 , -0.14813842, -1.614167  , -0.8272008 , -0.6027776 ,
         0.58066994, -0.2906123 , -0.44454798],
       [ 0.5670586 , -0.16554579, -1.6054771 , -0.8276473 , -0.5920784 ,
         0.5761417 , -0.28307238, -0.44810367],
       [ 0.56449336, -0.17667812, -1.5958407 , -0.8202118 , -0.58146375,
         0.57296336, -0.27479997, -0.45016217],
       [ 0.5629314 , -0.18310927, -1.591456  , -0.8171073 , -0.5722526 ,
         0.5650414 , -0.26366952, -0.4593812 ],
       [ 0.55938786, -0.18801925, -1.5847389 , -0.810129  , -0.5631653 ,
         0.5580724 , -0.25064546, -0.46484515],
       [ 0.5468169 , -0.19994831, -1.5510373 , -0.7961244 , -0.548174  ,
         0.54529965, -0.23512584, -0.4485568 ],
       [ 0.5330917 , -0.2096713 , -1.5176853 , -0.78313696, -0.5334166 ,
         0.5307046 , -0.21925369, -0.43266284],
       [ 0.5233569 , -0.21450883, -1.4987686 , -0.7818584 , -0.5174354 ,
         0.50994456, -0.19759808, -0.43495324],
       [ 0.5096675 , -0.21797535, -1.47821   , -0.7749135 , -0.5051966 ,
         0.4937762 , -0.18074727, -0.4307621 ],
       [ 0.49502048, -0.22320913, -1.4594686 , -0.76802677, -0.49530944,
         0.4775019 , -0.1653447 , -0.42608586],
       [ 0.48289305, -0.22842783, -1.4438678 , -0.76303935, -0.48829627,
         0.46398124, -0.15271959, -0.41874695],
       [ 0.47435427, -0.23283947, -1.4387736 , -0.76291454, -0.48777065,
         0.4579228 , -0.14754435, -0.40671727],
       [ 0.4621687 , -0.23481171, -1.4299433 , -0.75288826, -0.49462444,
         0.45995334, -0.15025593, -0.3814505 ],
       [ 0.45091462, -0.23429939, -1.4219763 , -0.74364483, -0.5005081 ,
         0.4625511 , -0.15248688, -0.35971367],
       [ 0.4462662 , -0.23435928, -1.4199429 , -0.7434663 , -0.50428826,
         0.46341383, -0.15541749, -0.34622228],
       [ 0.44519222, -0.23485649, -1.4198684 , -0.7479264 , -0.5068425 ,
         0.4636128 , -0.1598729 , -0.33555913],
       [ 0.44366455, -0.23401925, -1.421296  , -0.7517326 , -0.5113616 ,
         0.4646646 , -0.16494894, -0.32434374],
       [ 0.44562665, -0.23330066, -1.4312472 , -0.7565303 , -0.5198427 ,
         0.4676904 , -0.17072552, -0.31756076],
       [ 0.4450405 , -0.23206575, -1.4422321 , -0.7623438 , -0.524821  ,
         0.46757236, -0.17256525, -0.3140758 ],
       [ 0.440392  , -0.22814801, -1.446982  , -0.76465935, -0.5264045 ,
         0.46495682, -0.17452751, -0.30828264],
       [ 0.43213025, -0.22120804, -1.4481134 , -0.7584199 , -0.53346056,
         0.46781382, -0.17847258, -0.29373774],
       [ 0.42411432, -0.21441388, -1.4507071 , -0.75207424, -0.54199666,
         0.47179717, -0.18211222, -0.27927464],
       [ 0.42363995, -0.21677224, -1.4608439 , -0.7639296 , -0.5367923 ,
         0.46270454, -0.17153503, -0.29349917],
       [ 0.42347026, -0.21867116, -1.4777985 , -0.775952  , -0.53259903,
         0.4530483 , -0.15705395, -0.31399792],
       [ 0.42505988, -0.22064517, -1.5002036 , -0.7898076 , -0.5297989 ,
         0.44252303, -0.14174008, -0.33977643],
       [ 0.43073002, -0.2260824 , -1.5176113 , -0.8055387 , -0.5228407 ,
         0.43251008, -0.13084334, -0.36452034],
       [ 0.43919426, -0.23034139, -1.5422242 , -0.8261225 , -0.5139623 ,
         0.41995347, -0.11826023, -0.39668304],
       [ 0.44235864, -0.22599493, -1.5649961 , -0.83353233, -0.516414  ,
         0.41915268, -0.11324643, -0.4098452 ],
       [ 0.44548002, -0.21710452, -1.5924824 , -0.84103286, -0.5231961 ,
         0.42093736, -0.11092344, -0.42181316],
       [ 0.44909716, -0.2136656 , -1.6386416 , -0.86702913, -0.5240248 ,
         0.40545458, -0.09007395, -0.46705657],
       [ 0.45308444, -0.21140908, -1.6940442 , -0.90099806, -0.5255653 ,
         0.38754818, -0.06278422, -0.5240072 ],
       [ 0.4568152 , -0.2077223 , -1.7443702 , -0.93093145, -0.5300916 ,
         0.37904006, -0.03917572, -0.57247645],
       [ 0.46886176, -0.20739023, -1.7808813 , -0.957126  , -0.532087  ,
         0.37793934, -0.02530527, -0.61214954],
       [ 0.49143514, -0.21319069, -1.8049475 , -0.9828192 , -0.5314293 ,
         0.3796247 , -0.02227137, -0.6458145 ],
       [ 0.51219285, -0.21560746, -1.8236969 , -0.99921995, -0.53525084,
         0.3889954 , -0.02357401, -0.66707915],
       [ 0.52603006, -0.21433732, -1.8490893 , -1.0126837 , -0.545055  ,
         0.39940125, -0.0206258 , -0.68536115],
       [ 0.535018  , -0.22203352, -1.8815279 , -1.0367068 , -0.54757035,
         0.3928299 , -0.00415006, -0.7244791 ],
       [ 0.5448177 , -0.22858365, -1.928569  , -1.0720026 , -0.54942113,
         0.38054433,  0.0166231 , -0.7812195 ],
       [ 0.5578017 , -0.23017281, -1.9662433 , -1.1005021 , -0.5534503 ,
         0.3803641 ,  0.02677819, -0.82383305],
       [ 0.57257456, -0.2225122 , -2.0079937 , -1.121983  , -0.56522846,
         0.3885899 ,  0.02694928, -0.8595581 ],
       [ 0.59033203, -0.22039373, -2.0276046 , -1.1331731 , -0.5743234 ,
         0.39820248,  0.0161206 , -0.8725952 ],
       [ 0.6064214 , -0.2187304 , -2.044661  , -1.1447858 , -0.57920223,
         0.4046057 ,  0.00326717, -0.88295835],
       [ 0.62074625, -0.2163472 , -2.0485175 , -1.1460912 , -0.5871366 ,
         0.41427308, -0.01000672, -0.88120836],
       [ 0.630143  , -0.21608981, -2.045562  , -1.1367421 , -0.59619576,
         0.42542878, -0.02029861, -0.8732017 ]], dtype=float32), 'ground_truth': array([[ 1.22202254e+00, -5.05464288e-01, -1.10351750e+00,
        -8.57026431e-01, -6.78934430e-01,  1.68868275e+00,
        -5.68035527e-01,  4.94580405e-01],
       [ 1.24959406e+00, -5.10434785e-01, -1.07594598e+00,
        -8.61996928e-01, -6.51362907e-01,  1.68371226e+00,
        -5.40464004e-01,  4.89609908e-01],
       [ 1.27725274e+00, -5.15706253e-01, -1.04828731e+00,
        -8.67268397e-01, -6.23704233e-01,  1.67844079e+00,
        -5.12805330e-01,  4.84338440e-01],
       [ 1.30500219e+00, -5.20503630e-01, -1.02053785e+00,
        -8.72065773e-01, -5.95954780e-01,  1.67364341e+00,
        -4.85055877e-01,  4.79541063e-01],
       [ 1.33283317e+00, -5.25398738e-01, -9.92706878e-01,
        -8.76960881e-01, -5.68123804e-01,  1.66874830e+00,
        -4.57224902e-01,  4.74645955e-01],
       [ 1.36075040e+00, -5.29800516e-01, -9.64789648e-01,
        -8.81362660e-01, -5.40206575e-01,  1.66434652e+00,
        -4.29307672e-01,  4.70244177e-01],
       [ 1.38873725e+00, -5.34548770e-01, -9.36802798e-01,
        -8.86110914e-01, -5.12219725e-01,  1.65959827e+00,
        -4.01320822e-01,  4.65495923e-01],
       [ 1.41681139e+00, -5.38591122e-01, -9.08728658e-01,
        -8.90153266e-01, -4.84145584e-01,  1.65555592e+00,
        -3.73246682e-01,  4.61453571e-01],
       [ 1.44495514e+00, -5.42567458e-01, -8.80584900e-01,
        -8.94129602e-01, -4.56001826e-01,  1.65157958e+00,
        -3.45102923e-01,  4.57477235e-01],
       [ 1.47316698e+00, -5.46526015e-01, -8.52373063e-01,
        -8.98088158e-01, -4.27789990e-01,  1.64762103e+00,
        -3.16891087e-01,  4.53518678e-01],
       [ 1.50144680e+00, -5.50268740e-01, -8.24093246e-01,
        -9.01830883e-01, -3.99510172e-01,  1.64387830e+00,
        -2.88611269e-01,  4.49775953e-01],
       [ 1.52979091e+00, -5.53935383e-01, -7.95749134e-01,
        -9.05497527e-01, -3.71166060e-01,  1.64021166e+00,
        -2.60267158e-01,  4.46109310e-01],
       [ 1.55819721e+00, -5.57343600e-01, -7.67342835e-01,
        -9.08905744e-01, -3.42759762e-01,  1.63680344e+00,
        -2.31860859e-01,  4.42701093e-01],
       [ 1.58666299e+00, -5.60679156e-01, -7.38877056e-01,
        -9.12241299e-01, -3.14293983e-01,  1.63346789e+00,
        -2.03395080e-01,  4.39365537e-01],
       [ 1.61518580e+00, -5.63859850e-01, -7.10354241e-01,
        -9.15421993e-01, -2.85771168e-01,  1.63028719e+00,
        -1.74872265e-01,  4.36184843e-01],
       [ 1.64376202e+00, -5.66840193e-01, -6.81778024e-01,
        -9.18402337e-01, -2.57194951e-01,  1.62730685e+00,
        -1.46296048e-01,  4.33204500e-01],
       [ 1.67239175e+00, -5.69734362e-01, -6.53148294e-01,
        -9.21296506e-01, -2.28565220e-01,  1.62441268e+00,
        -1.17666317e-01,  4.30310331e-01],
       [ 1.70107037e+00, -5.72446681e-01, -6.24469673e-01,
        -9.24008824e-01, -1.99886600e-01,  1.62170036e+00,
        -8.89876967e-02,  4.27598012e-01],
       [ 1.72979774e+00, -5.75034839e-01, -5.95742303e-01,
        -9.26596982e-01, -1.71159230e-01,  1.61911220e+00,
        -6.02603269e-02,  4.25009854e-01],
       [ 1.75856514e+00, -5.77371338e-01, -5.66974907e-01,
        -9.28933481e-01, -1.42391833e-01,  1.61677570e+00,
        -3.14929306e-02,  4.22673356e-01],
       [ 1.78738658e+00, -5.79735766e-01, -5.38153465e-01,
        -9.31297909e-01, -1.13570392e-01,  1.61441128e+00,
        -2.67148877e-03,  4.20308927e-01],
       [ 1.81622511e+00, -5.81602037e-01, -5.09314932e-01,
        -9.33164180e-01, -8.47318581e-02,  1.61254500e+00,
         2.61670448e-02,  4.18442657e-01],
       [ 1.84513285e+00, -5.83703553e-01, -4.80407191e-01,
        -9.35265697e-01, -5.58241179e-02,  1.61044349e+00,
         5.50747850e-02,  4.16341140e-01],
       [ 1.87402431e+00, -5.85074653e-01, -4.51515731e-01,
        -9.36636796e-01, -2.69326576e-02,  1.60907239e+00,
         8.39662453e-02,  4.14970040e-01],
       [ 1.90300946e+00, -5.86869028e-01, -4.22530580e-01,
        -9.38431171e-01,  2.05249390e-03,  1.60727801e+00,
         1.12951397e-01,  4.13175666e-01],
       [ 1.93193916e+00, -5.87769882e-01, -3.93600888e-01,
        -9.39332026e-01,  3.09821852e-02,  1.60637716e+00,
         1.41881088e-01,  4.12274811e-01],
       [ 1.96101320e+00, -5.89372266e-01, -3.64526848e-01,
        -9.40934409e-01,  6.00562257e-02,  1.60477478e+00,
         1.70955129e-01,  4.10672427e-01],
       [ 1.98996486e+00, -5.89757677e-01, -3.35575188e-01,
        -9.41319821e-01,  8.90078858e-02,  1.60438936e+00,
         1.99906789e-01,  4.10287016e-01],
       [ 2.01909416e+00, -5.90943781e-01, -3.06445882e-01,
        -9.42505925e-01,  1.18137191e-01,  1.60320326e+00,
         2.29036094e-01,  4.09100912e-01],
       [ 2.04806351e+00, -5.90885864e-01, -2.77476532e-01,
        -9.42448007e-01,  1.47106541e-01,  1.60326118e+00,
         2.58005444e-01,  4.09158829e-01],
       [ 2.07718482e+00, -5.91369597e-01, -2.48355227e-01,
        -9.42931740e-01,  1.76227847e-01,  1.60277744e+00,
         2.87126750e-01,  4.08675096e-01],
       [ 2.10619173e+00, -5.91036844e-01, -2.19348316e-01,
        -9.42598987e-01,  2.05234757e-01,  1.60311020e+00,
         3.16133660e-01,  4.09007850e-01],
       [ 2.13511090e+00, -5.90181966e-01, -1.90429141e-01,
        -9.41744109e-01,  2.34153933e-01,  1.60396508e+00,
         3.45052835e-01,  4.09862727e-01],
       [ 2.16419021e+00, -5.89705345e-01, -1.61349836e-01,
        -9.41267488e-01,  2.63233238e-01,  1.60444170e+00,
         3.74132141e-01,  4.10339348e-01],
       [ 2.19305401e+00, -5.88308856e-01, -1.32486035e-01,
        -9.39870999e-01,  2.92097039e-01,  1.60583819e+00,
         4.02995942e-01,  4.11735837e-01],
       [ 2.22231590e+00, -5.87873867e-01, -1.03224142e-01,
        -9.39436010e-01,  3.21358931e-01,  1.60627317e+00,
         4.32257834e-01,  4.12170826e-01],
       [ 2.25116934e+00, -5.85977938e-01, -7.43707054e-02,
        -9.37540081e-01,  3.50212368e-01,  1.60816910e+00,
         4.61111271e-01,  4.14066756e-01],
       [ 2.28022241e+00, -5.84430189e-01, -4.53176307e-02,
        -9.35992332e-01,  3.79265443e-01,  1.60971685e+00,
         4.90164346e-01,  4.15614505e-01],
       [ 2.30913887e+00, -5.82274034e-01, -1.64011716e-02,
        -9.33836177e-01,  4.08181902e-01,  1.61187301e+00,
         5.19080805e-01,  4.17770659e-01],
       [ 2.33777067e+00, -5.79206397e-01,  1.22306289e-02,
        -9.30768540e-01,  4.36813702e-01,  1.61494064e+00,
         5.47712605e-01,  4.20838296e-01],
       [ 2.36681335e+00, -5.76899431e-01,  4.12733059e-02,
        -9.28461574e-01,  4.65856379e-01,  1.61724761e+00,
         5.76755282e-01,  4.23145263e-01],
       [ 2.39539623e+00, -5.73323021e-01,  6.98561869e-02,
        -9.24885164e-01,  4.94439260e-01,  1.62082402e+00,
         6.05338163e-01,  4.26721672e-01],
       [ 2.42402717e+00, -5.69667529e-01,  9.84871283e-02,
        -9.21229672e-01,  5.23070202e-01,  1.62447951e+00,
         6.33969105e-01,  4.30377164e-01],
       [ 2.45232451e+00, -5.65184763e-01, -4.86080880e-01,
         7.80128627e-01,  5.51367544e-01,  1.62896228e+00,
         6.62266447e-01,  4.34859930e-01],
       [ 2.48112696e+00, -5.61399347e-01, -4.57278430e-01,
         7.83914044e-01,  5.80169993e-01,  1.63274769e+00,
         6.91068896e-01,  4.38645346e-01],
       [ 2.50935816e+00, -5.56383067e-01, -4.29047238e-01,
         7.88930324e-01,  6.08401185e-01,  1.63776397e+00,
         7.19300088e-01,  4.43661626e-01],
       [ 2.53733679e+00, -5.50783418e-01, -4.01068606e-01,
         7.94529973e-01,  6.36379818e-01,  1.64336362e+00,
         7.47278720e-01,  4.49261275e-01],
       [ 2.56561848e+00, -5.45430164e-01, -3.72786917e-01,
         7.99883227e-01,  6.64661506e-01,  1.64871688e+00,
         7.75560409e-01,  4.54614529e-01],
       [ 2.59336408e+00, -5.39086149e-01, -3.45041315e-01,
         8.06227241e-01,  6.92407108e-01,  1.65506089e+00,
         8.03306011e-01,  4.60958544e-01],
       [ 2.62075448e+00, -5.32104110e-01, -3.17650914e-01,
         8.13209280e-01,  7.19797509e-01,  1.66204293e+00,
         8.30696412e-01,  4.67940583e-01],
       [ 2.64810361e+00, -5.24887206e-01, -2.90301780e-01,
         8.20426184e-01,  7.47146643e-01,  1.66925983e+00,
         8.58045546e-01,  4.75157487e-01],
       [ 2.67504957e+00, -5.17031254e-01, -2.63355821e-01,
         8.28282137e-01,  7.74092602e-01,  1.67711579e+00,
         8.84991505e-01,  4.83013439e-01],
       [ 2.70168303e+00, -5.08669724e-01, -2.36722359e-01,
         8.36643667e-01,  8.00726064e-01,  1.68547732e+00,
         9.11624967e-01,  4.91374969e-01],
       [ 2.72799097e+00, -4.99805642e-01, -2.10414420e-01,
         8.45507749e-01,  8.27034003e-01,  1.69434140e+00,
         9.37932906e-01,  5.00239051e-01],
       [ 2.75393729e+00, -4.90420975e-01, -1.84468106e-01,
         8.54892415e-01,  8.52980317e-01,  1.70372607e+00,
         9.63879220e-01,  5.09623718e-01],
       [ 2.77953318e+00, -4.80528568e-01, -1.58872210e-01,
         8.64784823e-01,  8.78576213e-01,  1.71361847e+00,
         9.89475116e-01,  5.19516126e-01],
       [ 2.80465323e+00, -4.70061152e-01, -1.33752164e-01,
         8.75252239e-01,  9.03696259e-01,  1.72408589e+00,
         1.01459516e+00,  5.29983541e-01],
       [ 2.82929872e+00, -4.59036566e-01, -1.09106673e-01,
         8.86276824e-01,  9.28341750e-01,  1.73511047e+00,
         1.03924065e+00,  5.41008127e-01],
       [ 2.85343439e+00, -4.47450832e-01, -8.49710001e-02,
         8.97862558e-01,  9.52477423e-01,  1.74669621e+00,
         1.06337633e+00,  5.52593861e-01],
       [ 2.87700475e+00, -4.35296452e-01, -6.14006426e-02,
         9.10016938e-01,  9.76047781e-01,  1.75885059e+00,
         1.08694668e+00,  5.64748241e-01],
       [ 2.90000509e+00, -4.22585314e-01, -3.84003014e-02,
         9.22728077e-01,  9.99048122e-01,  1.77156173e+00,
         1.10994702e+00,  5.77459379e-01],
       [ 2.92234620e+00, -4.09309729e-01, -1.60591978e-02,
         9.36003662e-01,  1.02138923e+00,  1.78483731e+00,
         1.13228813e+00,  5.90734964e-01],
       [ 2.94400946e+00, -3.95485512e-01,  5.60406712e-03,
         9.49827879e-01,  1.04305249e+00,  1.79866153e+00,
         1.15395139e+00,  6.04559182e-01],
       [ 2.96496095e+00, -3.81126072e-01,  2.65555590e-02,
         9.64187319e-01,  1.06400398e+00,  1.81302097e+00,
         1.17490289e+00,  6.18918622e-01],
       [ 2.98516338e+00, -3.66247175e-01,  6.59623332e-01,
        -7.17809318e-01,  1.08420641e+00,  1.82789987e+00,
         1.19510531e+00,  6.33797518e-01],
       [ 3.00458051e+00, -3.50867870e-01,  6.79040463e-01,
        -7.02430014e-01,  1.10362354e+00,  1.84327917e+00,
         1.21452244e+00,  6.49176823e-01],
       [ 3.02317756e+00, -3.35010399e-01,  6.97637517e-01,
        -6.86572542e-01,  1.12222059e+00,  1.85913664e+00,
         1.23311949e+00,  6.65034294e-01],
       [ 3.04092138e+00, -3.18700064e-01,  7.15381336e-01,
        -6.70262207e-01,  1.13996441e+00,  1.87544698e+00,
         1.25086331e+00,  6.81344629e-01],
       [ 3.05778062e+00, -3.01965090e-01,  7.32240572e-01,
        -6.53527233e-01,  1.15682365e+00,  1.89218195e+00,
         1.26772255e+00,  6.98079603e-01],
       [ 3.07372589e+00, -2.84836470e-01,  7.48185847e-01,
        -6.36398613e-01,  1.17276892e+00,  1.90931057e+00,
         1.28366782e+00,  7.15208224e-01],
       [ 3.08872996e+00, -2.67347808e-01,  7.63189916e-01,
        -6.18909952e-01,  1.18777299e+00,  1.92679923e+00,
         1.29867189e+00,  7.32696885e-01],
       [ 3.10276786e+00, -2.49535153e-01,  7.77227812e-01,
        -6.01097297e-01,  1.20181089e+00,  1.94461189e+00,
         1.31270979e+00,  7.50509540e-01],
       [ 3.11581703e+00, -2.31436819e-01,  7.90276989e-01,
        -5.82998962e-01,  1.21486006e+00,  1.96271022e+00,
         1.32575897e+00,  7.68607874e-01],
       [ 3.12785749e+00, -2.13093206e-01,  8.02317443e-01,
        -5.64655349e-01,  1.22690052e+00,  1.98105383e+00,
         1.33779942e+00,  7.86951487e-01],
       [ 3.13887188e+00, -1.94546611e-01,  8.13331831e-01,
        -5.46108754e-01,  1.23791490e+00,  1.99960043e+00,
         1.34881381e+00,  8.05498082e-01],
       [ 3.14884562e+00, -1.75841033e-01,  8.23305577e-01,
        -5.27403176e-01,  1.24788865e+00,  2.01830601e+00,
         1.35878755e+00,  8.24203660e-01],
       [ 3.15776700e+00, -1.57021974e-01,  8.32226961e-01,
        -5.08584117e-01,  1.25681003e+00,  2.03712507e+00,
         1.36770894e+00,  8.43022719e-01],
       [ 3.16562724e+00, -1.38136237e-01,  8.40087199e-01,
        -4.89698380e-01,  1.26467027e+00,  2.05601080e+00,
         1.37556918e+00,  8.61908456e-01],
       [ 3.17242056e+00, -1.19231717e-01,  8.46880514e-01,
        -4.70793860e-01,  1.27146359e+00,  2.07491532e+00,
         1.38236249e+00,  8.80812977e-01],
       [ 3.17814423e+00, -1.00357191e-01,  8.52604188e-01,
        -4.51919335e-01,  1.27718726e+00,  2.09378985e+00,
         1.38808616e+00,  8.99687502e-01],
       [ 3.18279865e+00, -8.15621111e-02,  8.57258607e-01,
        -4.33124254e-01,  1.28184168e+00,  2.11258493e+00,
         1.39274058e+00,  9.18482582e-01],
       [ 3.18638733e+00, -6.28963854e-02,  8.60847285e-01,
        -4.14458529e-01,  1.28543036e+00,  2.13125066e+00,
         1.39632926e+00,  9.37148308e-01],
       [ 3.18891693e+00, -4.44101690e-02,  8.63376887e-01,
        -3.95972312e-01,  1.28795996e+00,  2.14973687e+00,
         1.39885886e+00,  9.55634524e-01],
       [ 3.19039727e+00, -2.61536501e-02,  8.64857228e-01,
        -3.77715793e-01,  1.28944030e+00,  2.16799339e+00,
         1.40033920e+00,  9.73891043e-01],
       [ 3.19084131e+00, -8.17683768e-03,  8.65301267e-01,
        -3.59738981e-01,  1.28988434e+00,  2.18597020e+00,
         1.40078324e+00,  9.91867855e-01],
       [ 3.19026513e+00,  9.47064762e-03,  8.64725082e-01,
        -3.42091496e-01,  1.28930816e+00,  2.20361769e+00,
         1.40020706e+00,  1.00951534e+00],
       [ 3.18868788e+00,  2.67397813e-02,  8.63147837e-01,
        -3.24822362e-01,  1.28773091e+00,  2.22088682e+00,
         1.39862981e+00,  1.02678447e+00],
       [ 3.18613178e+00,  4.35823390e-02,  8.60591734e-01,
        -3.07979804e-01,  1.28517481e+00,  2.23772938e+00,
         1.39607371e+00,  1.04362703e+00],
       [ 3.18262200e+00,  5.99510960e-02,  8.57081958e-01,
        -2.91611047e-01,  1.28166503e+00,  2.25409814e+00,
         1.39256393e+00,  1.05999579e+00],
       [ 3.17818664e+00,  7.58000229e-02,  8.52646600e-01,
        -2.75762120e-01,  1.27722967e+00,  2.26994706e+00,
         1.38812858e+00,  1.07584472e+00],
       [ 3.17285662e+00,  9.10844755e-02,  8.47316579e-01,
        -2.60477668e-01,  1.27189965e+00,  2.28523152e+00,
         1.38279856e+00,  1.09112917e+00],
       [ 3.16666559e+00,  1.05761378e-01,  8.41125546e-01,
        -2.45800765e-01,  1.26570862e+00,  2.29990842e+00,
         1.37660752e+00,  1.10580607e+00],
       [ 3.15964983e+00,  1.19789400e-01,  8.34109782e-01,
        -2.31772743e-01,  1.25869286e+00,  2.31393644e+00,
         1.36959176e+00,  1.11983409e+00],
       [ 3.15184813e+00,  1.33129128e-01,  8.26308082e-01,
        -2.18433015e-01,  1.25089116e+00,  2.32727617e+00,
         1.36179006e+00,  1.13317382e+00],
       [ 3.14330167e+00,  1.45743224e-01,  8.17761629e-01,
        -2.05818920e-01,  1.24234470e+00,  2.33989026e+00,
         1.35324361e+00,  1.14578792e+00],
       [ 3.13405391e+00,  1.57596581e-01,  8.08513864e-01,
        -1.93965563e-01,  1.23309694e+00,  2.35174362e+00,
         1.34399584e+00,  1.15764127e+00],
       [ 3.12415038e+00,  1.68656467e-01,  7.98610338e-01,
        -1.82905676e-01,  1.22319341e+00,  2.36280351e+00,
         1.33409231e+00,  1.16870116e+00],
       [ 3.11362239e+00,  1.78926579e-01,  7.88082347e-01,
        -1.72635564e-01,  1.21266542e+00,  2.37307362e+00,
         1.32356432e+00,  1.17897127e+00],
       [ 3.10254698e+00,  1.88315478e-01,  7.77006939e-01,
        -1.63246665e-01,  1.20159001e+00,  2.38246252e+00,
         1.31248892e+00,  1.18836017e+00],
       [ 3.09096447e+00,  1.96826248e-01,  7.65424423e-01,
        -1.54735896e-01,  1.19000750e+00,  2.39097329e+00,
         1.30090640e+00,  1.19687094e+00],
       [ 3.07892535e+00,  2.04440676e-01,  7.53385301e-01,
        -1.47121467e-01,  1.17796837e+00,  2.39858772e+00,
         1.28886728e+00,  1.20448537e+00],
       [ 3.06645641e+00,  2.11172428e-01,  7.40916369e-01,
        -1.40389715e-01,  1.16549944e+00,  2.40531947e+00,
         1.27639835e+00,  1.21121712e+00],
       [ 3.05365172e+00,  2.16951723e-01,  7.28111681e-01,
        -1.34610420e-01,  1.15269475e+00,  2.41109876e+00,
         1.26359366e+00,  1.21699642e+00],
       [ 3.04055746e+00,  2.21780970e-01,  7.15017416e-01,
        -1.29781173e-01,  1.13960049e+00,  2.41592801e+00,
         1.25049939e+00,  1.22182566e+00],
       [ 3.02717713e+00,  2.25697442e-01,  7.01637084e-01,
        -1.25864702e-01,  1.12622016e+00,  2.41984448e+00,
         1.23711906e+00,  1.22574213e+00],
       [ 3.01362193e+00,  2.28639560e-01,  6.88081887e-01,
        -1.22922584e-01,  1.11266496e+00,  2.42278660e+00,
         1.22356386e+00,  1.22868425e+00],
       [ 2.99992875e+00,  2.30621080e-01,  6.74388708e-01,
        -1.20941063e-01,  1.09897178e+00,  2.42476812e+00,
         1.20987068e+00,  1.23066577e+00],
       [ 2.98608698e+00,  2.31680711e-01,  6.60546940e-01,
        -1.19881433e-01,  1.08513001e+00,  2.42582775e+00,
         1.19602892e+00,  1.23172540e+00],
       [ 2.97193747e+00,  2.31923510e-01,  6.46397424e-01,
        -1.19638634e-01,  1.07098050e+00,  2.42607055e+00,
         1.18187940e+00,  1.23196820e+00],
       [ 2.95805161e+00,  2.31056518e-01,  6.32511569e-01,
        -1.20505625e-01,  1.05709464e+00,  2.42520356e+00,
         1.16799355e+00,  1.23110121e+00],
       [ 2.94392438e+00,  2.29376117e-01,  6.18384333e-01,
        -1.22186026e-01,  1.04296741e+00,  2.42352316e+00,
         1.15386631e+00,  1.22942081e+00],
       [ 2.93021773e+00,  2.26612709e-01,  6.04677687e-01,
        -1.24949434e-01,  1.02926076e+00,  2.42075975e+00,
         1.14015966e+00,  1.22665740e+00],
       [ 2.91609504e+00,  2.23131527e-01,  5.90554999e-01,
        -1.28430617e-01,  1.01513807e+00,  2.41727857e+00,
         1.12603698e+00,  1.22317622e+00],
       [ 2.90265156e+00,  2.18560620e-01,  5.77111515e-01,
        -1.33001523e-01,  1.00169459e+00,  2.41270766e+00,
         1.11259349e+00,  1.21860531e+00],
       [ 2.88904812e+00,  2.13215712e-01,  5.63508074e-01,
        -1.38346431e-01,  9.88091147e-01,  2.40736275e+00,
         1.09899005e+00,  1.21326041e+00],
       [ 2.87487161e+00,  2.07196713e-01,  5.49331562e-01,
        -1.44365430e-01,  9.73914636e-01,  2.40134375e+00,
         1.08481354e+00,  1.20724141e+00],
       [ 2.86186376e+00,  2.00073615e-01,  5.36323716e-01,
        -1.51488528e-01,  9.60906789e-01,  2.39422066e+00,
         1.07180569e+00,  1.20011831e+00],
       [ 2.84948665e+00,  1.92072446e-01,  5.23946607e-01,
        -1.59489698e-01,  9.48529680e-01,  2.38621949e+00,
         1.05942858e+00,  1.19211714e+00],
       [ 2.83739564e+00,  1.83323509e-01,  5.11855598e-01,
        -1.68238634e-01,  9.36438671e-01,  2.37747055e+00,
         1.04733757e+00,  1.18336820e+00],
       [ 2.82549611e+00,  1.73854277e-01,  4.99956071e-01,
        -1.77707867e-01,  9.24539144e-01,  2.36800132e+00,
         1.03543805e+00,  1.17389897e+00]]), 'data_points': 600}, 4: {'r2': -6.031486988067627, 'mse': 1.6038311589473186, 'train_losses': [1.4380955696105957, 1.3845690488815308, 1.3305383920669556, 1.274678111076355, 1.2161827087402344, 1.154531717300415, 1.089760184288025, 1.022223949432373, 0.9522883296012878, 0.8810164928436279, 0.8101362586021423, 0.7421678900718689, 0.6801860928535461, 0.6274616718292236, 0.5861918926239014, 0.5567143559455872, 0.5370714068412781, 0.5231004357337952, 0.5097078084945679, 0.49282583594322205, 0.4709377884864807, 0.44482189416885376, 0.4165894687175751, 0.388839453458786, 0.3635881543159485, 0.342011958360672, 0.3241325616836548, 0.3093273937702179, 0.2966614067554474, 0.2853145897388458], 'test_losses': [1.2539862394332886, 1.2267913818359375, 1.199654459953308, 1.1710981130599976, 1.1414693593978882, 1.1109906435012817, 1.0801955461502075, 1.0512675046920776, 1.0262219905853271, 1.0075652599334717, 0.9983741641044617, 1.0026230812072754, 1.0248507261276245, 1.0686814785003662, 1.1356651782989502, 1.2232645750045776, 1.3230836391448975, 1.4240223169326782, 1.513353943824768, 1.5821113586425781, 1.6257635354995728, 1.6446970701217651, 1.6441642045974731, 1.6308262348175049, 1.6120707988739014, 1.5941189527511597, 1.5818731784820557, 1.5787694454193115, 1.5861623287200928, 1.6038309335708618], 'predictions': array([[ 1.22571039e+00, -2.12063015e-01, -1.05754805e+00,
        -7.67085493e-01, -3.42993021e-01,  5.09619057e-01,
        -4.34319600e-02, -2.78256267e-01],
       [ 1.13177454e+00, -2.69333929e-01, -1.08934963e+00,
        -7.73133397e-01, -4.26003158e-01,  5.70392251e-01,
        -7.94295892e-02, -2.22592846e-01],
       [ 1.07192945e+00, -3.11209410e-01, -1.13983345e+00,
        -7.77601004e-01, -4.98828977e-01,  6.19026959e-01,
        -1.01062670e-01, -1.88647345e-01],
       [ 1.02639878e+00, -3.40387702e-01, -1.21281207e+00,
        -7.87986517e-01, -5.68451762e-01,  6.61714852e-01,
        -1.15326047e-01, -1.69373915e-01],
       [ 9.77899551e-01, -3.51800174e-01, -1.27712905e+00,
        -7.94685781e-01, -6.27757370e-01,  7.01677442e-01,
        -1.16111323e-01, -1.48508444e-01],
       [ 9.55120206e-01, -3.77255142e-01, -1.30848145e+00,
        -8.06341529e-01, -6.63225889e-01,  7.22408235e-01,
        -1.28006160e-01, -1.28037959e-01],
       [ 8.97471666e-01, -5.25246561e-01, -1.43953013e+00,
        -9.12086129e-01, -8.31493497e-01,  7.67382741e-01,
        -1.98367149e-01, -3.44351567e-02],
       [ 9.50231314e-01, -3.62359732e-01, -1.38124239e+00,
        -8.15396488e-01, -6.89616799e-01,  7.43899047e-01,
        -1.06052674e-01, -1.37026399e-01],
       [ 9.15900469e-01, -5.33703387e-01, -1.48019588e+00,
        -8.97541285e-01, -8.13364506e-01,  7.33451068e-01,
        -1.71488628e-01, -6.39049485e-02],
       [ 8.93064499e-01, -4.24584597e-01, -1.50633466e+00,
        -8.84209752e-01, -7.95656383e-01,  7.84500420e-01,
        -1.30585387e-01, -8.50720406e-02],
       [ 9.10513639e-01, -5.35184383e-01, -1.55828893e+00,
        -9.14244413e-01, -8.28940392e-01,  7.31855929e-01,
        -1.39035061e-01, -9.10883993e-02],
       [ 9.16188657e-01, -3.84670705e-01, -1.51985812e+00,
        -8.61101091e-01, -7.57188618e-01,  7.63567865e-01,
        -9.65241417e-02, -1.27083495e-01],
       [ 8.89258444e-01, -5.45482635e-01, -1.63175821e+00,
        -9.36355174e-01, -8.61295581e-01,  7.35012829e-01,
        -1.27703428e-01, -9.90781412e-02],
       [ 9.05714214e-01, -3.84346962e-01, -1.57801342e+00,
        -8.77995968e-01, -7.75160551e-01,  7.66952157e-01,
        -8.09274539e-02, -1.36153027e-01],
       [ 8.50827396e-01, -5.62667072e-01, -1.71168435e+00,
        -9.65080023e-01, -9.07257080e-01,  7.41765380e-01,
        -1.27635434e-01, -9.62855518e-02],
       [ 8.82962644e-01, -3.94901514e-01, -1.65586185e+00,
        -9.04621243e-01, -8.10387492e-01,  7.75346994e-01,
        -7.24883676e-02, -1.37789220e-01],
       [ 8.24211419e-01, -5.69553435e-01, -1.79539752e+00,
        -9.90138352e-01, -9.43295538e-01,  7.46005237e-01,
        -1.10944465e-01, -1.10115491e-01],
       [ 8.56461465e-01, -4.05683994e-01, -1.73816252e+00,
        -9.32917774e-01, -8.48343849e-01,  7.82979369e-01,
        -6.31277412e-02, -1.40963033e-01],
       [ 7.98127770e-01, -5.75516820e-01, -1.87929487e+00,
        -1.01757467e+00, -9.79988694e-01,  7.52088547e-01,
        -9.55991894e-02, -1.23079136e-01],
       [ 8.29277694e-01, -4.17904347e-01, -1.82548642e+00,
        -9.63772297e-01, -8.89808297e-01,  7.92062163e-01,
        -5.36598153e-02, -1.45927995e-01],
       [ 7.68248439e-01, -5.89702189e-01, -1.96910834e+00,
        -1.05365765e+00, -1.03195107e+00,  7.72790432e-01,
        -8.92559811e-02, -1.27560675e-01],
       [ 7.99231768e-01, -4.29178596e-01, -1.91797292e+00,
        -9.93402600e-01, -9.36281800e-01,  8.03827882e-01,
        -4.38776650e-02, -1.52198315e-01],
       [ 7.52301335e-01, -5.67460895e-01, -2.04294062e+00,
        -1.05655479e+00, -1.03966022e+00,  7.59531081e-01,
        -4.98651117e-02, -1.65445134e-01],
       [ 7.67837822e-01, -4.38756883e-01, -2.00751185e+00,
        -1.02266037e+00, -9.81602907e-01,  8.13872755e-01,
        -3.41788791e-02, -1.60277396e-01],
       [ 7.18527794e-01, -5.79670608e-01, -2.13562918e+00,
        -1.09114921e+00, -1.09540784e+00,  7.76746631e-01,
        -4.05268185e-02, -1.72829062e-01],
       [ 7.32627690e-01, -4.44521546e-01, -2.09784937e+00,
        -1.05515492e+00, -1.02852786e+00,  8.26490641e-01,
        -2.35966817e-02, -1.70516416e-01],
       [ 6.88302219e-01, -5.79193830e-01, -2.22169352e+00,
        -1.11983311e+00, -1.13753700e+00,  7.89287031e-01,
        -2.30172556e-02, -1.88907295e-01],
       [ 6.95320427e-01, -4.49051797e-01, -2.19157553e+00,
        -1.08931494e+00, -1.07666862e+00,  8.40044379e-01,
        -1.14880204e-02, -1.81109473e-01],
       [ 6.55086517e-01, -5.77162027e-01, -2.30690336e+00,
        -1.14954042e+00, -1.17974257e+00,  8.02494526e-01,
        -4.77565778e-03, -2.05481648e-01],
       [ 6.59259260e-01, -4.51746047e-01, -2.28429818e+00,
        -1.12424779e+00, -1.12370777e+00,  8.52852583e-01,
         2.99045048e-03, -1.95281744e-01],
       [ 6.21730804e-01, -5.74445546e-01, -2.39295506e+00,
        -1.17941213e+00, -1.22248614e+00,  8.16066980e-01,
         1.37805855e-02, -2.21905366e-01],
       [ 6.24739110e-01, -4.54904139e-01, -2.37484956e+00,
        -1.16000748e+00, -1.16814077e+00,  8.66355598e-01,
         1.75956469e-02, -2.11991236e-01],
       [ 5.86408734e-01, -5.71870327e-01, -2.48326516e+00,
        -1.21110213e+00, -1.26760137e+00,  8.31263483e-01,
         3.14351134e-02, -2.38835141e-01],
       [ 5.91273606e-01, -4.56787646e-01, -2.45950747e+00,
        -1.19327176e+00, -1.20908463e+00,  8.78802836e-01,
         3.18057723e-02, -2.28131071e-01],
       [ 5.51705122e-01, -5.69138885e-01, -2.57316113e+00,
        -1.24353874e+00, -1.31151402e+00,  8.48722339e-01,
         4.81207632e-02, -2.56509572e-01],
       [ 5.65271795e-01, -4.56283689e-01, -2.52611709e+00,
        -1.21882057e+00, -1.23978758e+00,  8.87713790e-01,
         4.51582111e-02, -2.42618978e-01],
       [ 5.28315425e-01, -5.67606091e-01, -2.64153433e+00,
        -1.26882029e+00, -1.34250164e+00,  8.60904455e-01,
         6.20153472e-02, -2.72403598e-01],
       [ 4.94796216e-01, -4.80952680e-01, -2.66222453e+00,
        -1.28638732e+00, -1.32742465e+00,  9.26520944e-01,
         5.46550229e-02, -2.49874189e-01],
       [ 5.09537578e-01, -5.64496279e-01, -2.70065236e+00,
        -1.29033613e+00, -1.36698592e+00,  8.71328235e-01,
         7.49081969e-02, -2.87115782e-01],
       [ 5.28172433e-01, -4.51442271e-01, -2.61676669e+00,
        -1.24918449e+00, -1.27961826e+00,  8.93954694e-01,
         6.71619624e-02, -2.69674271e-01],
       [ 4.89795268e-01, -5.60683191e-01, -2.75571823e+00,
        -1.31001592e+00, -1.38868642e+00,  8.78668189e-01,
         8.87248889e-02, -3.02794486e-01],
       [ 5.24425805e-01, -4.44145560e-01, -2.62435389e+00,
        -1.24561608e+00, -1.27284575e+00,  8.85527015e-01,
         7.82059282e-02, -2.88339108e-01],
       [ 4.69699532e-01, -5.62883317e-01, -2.81281924e+00,
        -1.33514655e+00, -1.41738319e+00,  8.93141747e-01,
         9.72571820e-02, -3.14247549e-01],
       [ 5.22746146e-01, -4.35956508e-01, -2.63576269e+00,
        -1.24847043e+00, -1.26412976e+00,  8.79841864e-01,
         9.18977335e-02, -3.10450554e-01],
       [ 4.91879731e-01, -5.08235812e-01, -2.75033903e+00,
        -1.29103780e+00, -1.33436537e+00,  8.55911791e-01,
         1.29796430e-01, -3.51856232e-01],
       [ 5.06012440e-01, -4.30875063e-01, -2.69366431e+00,
        -1.26996100e+00, -1.28917193e+00,  8.94654453e-01,
         1.03633568e-01, -3.21745485e-01],
       [ 4.42855507e-01, -5.40106058e-01, -2.89832187e+00,
        -1.35783172e+00, -1.43354058e+00,  8.88994932e-01,
         1.35058135e-01, -3.55169743e-01],
       [ 5.40692151e-01, -4.05247122e-01, -2.62207413e+00,
        -1.24060512e+00, -1.21151149e+00,  8.64467442e-01,
         1.41690552e-01, -3.62414837e-01],
       [ 5.36177933e-01, -3.99912298e-01, -2.66531277e+00,
        -1.25302839e+00, -1.23198128e+00,  8.87999833e-01,
         1.45411342e-01, -3.63245010e-01],
       [ 3.91555667e-01, -5.35104036e-01, -3.05981088e+00,
        -1.43713617e+00, -1.52739143e+00,  9.77836132e-01,
         1.27986535e-01, -3.48231226e-01],
       [ 4.11548406e-01, -5.34206212e-01, -3.00398827e+00,
        -1.39948809e+00, -1.47519529e+00,  8.99343491e-01,
         1.59205273e-01, -3.84894520e-01],
       [ 4.59478199e-01, -4.68194634e-01, -2.83360362e+00,
        -1.32582211e+00, -1.33093536e+00,  8.51872265e-01,
         1.79693252e-01, -4.09832925e-01],
       [ 4.96062189e-01, -3.82451534e-01, -2.71461391e+00,
        -1.27755928e+00, -1.22827899e+00,  8.56138408e-01,
         1.83454514e-01, -4.08929825e-01],
       [ 3.22231352e-01, -4.73503530e-01, -3.14716816e+00,
        -1.45646417e+00, -1.52197397e+00,  9.67368186e-01,
         1.73178017e-01, -4.13524956e-01],
       [ 3.22231352e-01, -4.73503530e-01, -3.14716816e+00,
        -1.45646417e+00, -1.52197397e+00,  9.67368186e-01,
         1.73178017e-01, -4.13524956e-01],
       [ 3.22231352e-01, -4.73503530e-01, -3.14716816e+00,
        -1.45646417e+00, -1.52197397e+00,  9.67368186e-01,
         1.73178017e-01, -4.13524956e-01],
       [ 3.22231352e-01, -4.73503530e-01, -3.14716816e+00,
        -1.45646417e+00, -1.52197397e+00,  9.67368186e-01,
         1.73178017e-01, -4.13524956e-01],
       [ 3.22231352e-01, -4.73503530e-01, -3.14716816e+00,
        -1.45646417e+00, -1.52197397e+00,  9.67368186e-01,
         1.73178017e-01, -4.13524956e-01],
       [ 3.79534513e-01, -5.19655228e-01, -3.11184001e+00,
        -1.43842542e+00, -1.50713563e+00,  9.01625514e-01,
         1.87075973e-01, -4.20894146e-01],
       [ 3.63927573e-01, -5.04983902e-01, -3.13373542e+00,
        -1.44640720e+00, -1.49776947e+00,  8.82887006e-01,
         2.08042115e-01, -4.45722729e-01],
       [ 3.60123277e-01, -4.69883651e-01, -3.10626721e+00,
        -1.43288612e+00, -1.44440663e+00,  8.50066185e-01,
         2.35439152e-01, -4.74713027e-01],
       [ 3.08240980e-01, -4.67574775e-01, -3.25291848e+00,
        -1.50172472e+00, -1.53960359e+00,  9.27079320e-01,
         2.18065172e-01, -4.71049994e-01],
       [ 3.18764746e-01, -4.66391385e-01, -3.25921893e+00,
        -1.49086440e+00, -1.51574326e+00,  8.73755336e-01,
         2.47401506e-01, -4.94238764e-01],
       [ 3.02467197e-01, -4.49883550e-01, -3.29646468e+00,
        -1.50602472e+00, -1.51423001e+00,  8.65170360e-01,
         2.63577759e-01, -5.16043723e-01],
       [ 2.76669025e-01, -4.28148180e-01, -3.35868359e+00,
        -1.52796030e+00, -1.52546203e+00,  8.70852172e-01,
         2.77164698e-01, -5.33842921e-01],
       [ 2.54775465e-01, -4.05516177e-01, -3.41821003e+00,
        -1.54441738e+00, -1.53231585e+00,  8.77565086e-01,
         2.88539529e-01, -5.47628880e-01],
       [ 2.24032968e-01, -3.80942166e-01, -3.46329713e+00,
        -1.55396223e+00, -1.53574586e+00,  8.80483150e-01,
         2.99086064e-01, -5.54160297e-01],
       [ 1.81328475e-01, -3.44822764e-01, -3.48731303e+00,
        -1.55455911e+00, -1.52092910e+00,  8.71291518e-01,
         3.12959343e-01, -5.54264963e-01],
       [ 1.27569154e-01, -2.95532584e-01, -3.47042847e+00,
        -1.53672421e+00, -1.48328042e+00,  8.50915730e-01,
         3.27082992e-01, -5.42237043e-01],
       [ 1.03514776e-01, -2.43051112e-01, -3.35732675e+00,
        -1.48942697e+00, -1.41310954e+00,  8.10391188e-01,
         3.27758640e-01, -5.17394662e-01],
       [ 1.01063147e-01, -2.07498327e-01, -3.24016500e+00,
        -1.44808185e+00, -1.34594274e+00,  7.64724076e-01,
         3.32984447e-01, -5.06088197e-01],
       [ 9.88322794e-02, -1.57177374e-01, -2.96264434e+00,
        -1.35300708e+00, -1.18196559e+00,  6.77459598e-01,
         3.38211507e-01, -4.77328718e-01],
       [ 1.81675166e-01, -1.62633836e-01, -2.79974103e+00,
        -1.28774858e+00, -1.11417294e+00,  6.04222775e-01,
         3.36593419e-01, -4.92709726e-01],
       [ 2.27397546e-01, -1.54430851e-01, -2.68502760e+00,
        -1.23798871e+00, -1.04235208e+00,  5.45689344e-01,
         3.51871729e-01, -5.12260258e-01],
       [ 2.69714594e-01, -1.38266712e-01, -2.60036254e+00,
        -1.20297885e+00, -9.79055703e-01,  5.05730689e-01,
         3.67425174e-01, -5.36046267e-01],
       [ 3.23476076e-01, -1.26726195e-01, -2.52565122e+00,
        -1.17851532e+00, -9.19615448e-01,  4.73392427e-01,
         3.72760326e-01, -5.53514481e-01],
       [ 3.81461501e-01, -1.16922855e-01, -2.46853805e+00,
        -1.16121030e+00, -8.67750168e-01,  4.50742722e-01,
         3.75283450e-01, -5.69438577e-01],
       [ 4.49168593e-01, -1.07504949e-01, -2.40563488e+00,
        -1.14750266e+00, -8.09128046e-01,  4.29350108e-01,
         3.76305252e-01, -5.88719428e-01],
       [ 5.14707327e-01, -9.33305100e-02, -2.35742235e+00,
        -1.14106953e+00, -7.52810478e-01,  4.11661267e-01,
         3.80520552e-01, -6.10062778e-01],
       [ 5.74347675e-01, -7.75014460e-02, -2.31509686e+00,
        -1.13714004e+00, -7.00322092e-01,  3.96766812e-01,
         3.85800481e-01, -6.33420110e-01],
       [ 6.27163827e-01, -6.19046949e-02, -2.27576613e+00,
        -1.13316572e+00, -6.55238390e-01,  3.82947147e-01,
         3.90860975e-01, -6.53142750e-01],
       [ 6.75595641e-01, -4.70083430e-02, -2.23102117e+00,
        -1.12649465e+00, -6.12521231e-01,  3.70401084e-01,
         3.94856602e-01, -6.68866575e-01],
       [ 7.34298646e-01, -3.47673371e-02, -2.17282057e+00,
        -1.11491489e+00, -5.60306430e-01,  3.57329845e-01,
         3.96059752e-01, -6.85503721e-01],
       [ 7.52064407e-01, -1.44848283e-02, -2.15235615e+00,
        -1.10603297e+00, -5.50061822e-01,  3.59781832e-01,
         4.07494098e-01, -6.89303815e-01],
       [ 7.86898255e-01,  7.04538310e-03, -2.11763048e+00,
        -1.09677005e+00, -5.25123119e-01,  3.58057320e-01,
         4.19885755e-01, -6.99411392e-01],
       [ 8.26456010e-01,  2.80812066e-02, -2.07795286e+00,
        -1.08710349e+00, -4.96483713e-01,  3.56399566e-01,
         4.31792617e-01, -7.10757971e-01],
       [ 8.51836860e-01,  4.58355471e-02, -2.05987334e+00,
        -1.08398294e+00, -4.81915653e-01,  3.60812455e-01,
         4.44248199e-01, -7.19584584e-01],
       [ 8.58719051e-01,  5.93730435e-02, -2.06312060e+00,
        -1.08366299e+00, -4.86676723e-01,  3.69882196e-01,
         4.53924894e-01, -7.21649528e-01],
       [ 8.59592021e-01,  6.82538077e-02, -2.06777072e+00,
        -1.07897806e+00, -4.98499393e-01,  3.80909801e-01,
         4.61362422e-01, -7.18135238e-01],
       [ 8.84392738e-01,  8.06251243e-02, -2.04429197e+00,
        -1.06810665e+00, -4.85480130e-01,  3.85854751e-01,
         4.69121516e-01, -7.21375525e-01],
       [ 9.38246131e-01,  9.39012021e-02, -1.98294890e+00,
        -1.04757988e+00, -4.40599501e-01,  3.82549196e-01,
         4.75310445e-01, -7.28458583e-01],
       [ 9.24023628e-01,  9.11069736e-02, -1.96864438e+00,
        -1.03362942e+00, -4.50379670e-01,  3.87564927e-01,
         4.69463021e-01, -7.10455775e-01],
       [ 8.85060191e-01,  8.02054927e-02, -1.97435629e+00,
        -1.02155900e+00, -4.82735604e-01,  3.96881968e-01,
         4.57836151e-01, -6.82739794e-01],
       [ 8.50412488e-01,  6.99464381e-02, -1.97968197e+00,
        -1.01014805e+00, -5.14628947e-01,  4.06746119e-01,
         4.45552975e-01, -6.55254185e-01],
       [ 8.12593222e-01,  5.84239662e-02, -1.99429023e+00,
        -1.00246775e+00, -5.54423332e-01,  4.20521349e-01,
         4.33998466e-01, -6.25325620e-01],
       [ 7.57091284e-01,  4.63513434e-02, -2.03554153e+00,
        -1.00118947e+00, -6.16174877e-01,  4.46231455e-01,
         4.21252578e-01, -5.87053061e-01],
       [ 7.03979373e-01,  3.55482921e-02, -2.07001853e+00,
        -1.00140011e+00, -6.76414073e-01,  4.80252206e-01,
         4.07090008e-01, -5.47947645e-01],
       [ 7.30162442e-01,  4.30507846e-02, -2.03103375e+00,
        -9.84935224e-01, -6.58731520e-01,  4.84793067e-01,
         4.03248101e-01, -5.41258156e-01],
       [ 7.88754940e-01,  6.08506724e-02, -1.97752476e+00,
        -9.65180337e-01, -6.17460489e-01,  4.83723909e-01,
         4.07669723e-01, -5.48055947e-01],
       [ 7.79714286e-01,  4.98594083e-02, -2.01755476e+00,
        -9.76210713e-01, -6.49435163e-01,  5.01998842e-01,
         4.00052518e-01, -5.38665414e-01],
       [ 7.64727592e-01,  3.05364467e-02, -2.06061959e+00,
        -9.89450634e-01, -6.87131405e-01,  5.18389881e-01,
         3.88579726e-01, -5.26460350e-01],
       [ 7.48926222e-01,  1.01474877e-02, -2.10041118e+00,
        -1.00219584e+00, -7.26703405e-01,  5.35254478e-01,
         3.75870258e-01, -5.12751341e-01],
       [ 6.84882581e-01, -1.33531811e-02, -2.18889689e+00,
        -1.03123724e+00, -8.08756292e-01,  5.70035100e-01,
         3.63543183e-01, -4.86671656e-01],
       [ 6.20080471e-01, -3.86942588e-02, -2.26988959e+00,
        -1.05677521e+00, -8.88807774e-01,  6.03465021e-01,
         3.51431608e-01, -4.59982246e-01],
       [ 5.66786408e-01, -5.83488420e-02, -2.33774090e+00,
        -1.07627237e+00, -9.55922663e-01,  6.39272153e-01,
         3.37980777e-01, -4.35692519e-01],
       [ 5.71766496e-01, -4.60841618e-02, -2.36013985e+00,
        -1.07914829e+00, -9.78917360e-01,  6.65916026e-01,
         3.46579671e-01, -4.35242921e-01],
       [ 5.86529672e-01, -2.80429032e-02, -2.36567283e+00,
        -1.07488155e+00, -9.87996280e-01,  6.88011706e-01,
         3.57567877e-01, -4.37988967e-01],
       [ 5.29026330e-01, -1.80153211e-03, -2.39168215e+00,
        -1.07794058e+00, -1.02018142e+00,  7.14834630e-01,
         3.47270697e-01, -3.96194011e-01],
       [ 5.98264933e-01, -3.60838026e-02, -2.39840841e+00,
        -1.08294499e+00, -1.01248670e+00,  7.06822753e-01,
         3.61433625e-01, -4.40134287e-01],
       [ 5.44482768e-01,  1.91719681e-02, -2.39536786e+00,
        -1.07467854e+00, -1.01676929e+00,  7.30467677e-01,
         3.52272898e-01, -3.95179778e-01],
       [ 6.20994985e-01, -3.34112123e-02, -2.39863443e+00,
        -1.08010697e+00, -1.01380551e+00,  7.14097023e-01,
         3.65792930e-01, -4.42435324e-01],
       [ 5.65302849e-01,  3.30858454e-02, -2.38307738e+00,
        -1.06734514e+00, -1.00796318e+00,  7.35827208e-01,
         3.57825518e-01, -3.96822512e-01],
       [ 6.29225314e-01, -3.47933248e-02, -2.39723587e+00,
        -1.07973385e+00, -1.01635826e+00,  7.15789914e-01,
         3.65936071e-01, -4.42336619e-01],
       [ 8.90665472e-01,  5.92769198e-02, -2.07718706e+00,
        -1.00224936e+00, -7.30091870e-01,  6.70875251e-01,
         4.32482272e-01, -5.10186315e-01],
       [ 9.09603238e-01,  7.17897415e-02, -2.04547954e+00,
        -9.93746638e-01, -7.04673648e-01,  6.62845850e-01,
         4.45503175e-01, -5.18930852e-01],
       [ 6.16242111e-01,  6.90813884e-02, -2.30490398e+00,
        -1.03871369e+00, -9.57145035e-01,  7.21405447e-01,
         3.76029193e-01, -4.07619506e-01],
       [ 6.66611373e-01, -1.63493212e-02, -2.34494615e+00,
        -1.06083202e+00, -9.86347377e-01,  6.96789384e-01,
         3.76188517e-01, -4.52466965e-01],
       [ 9.10020590e-01,  9.94979963e-02, -2.04731226e+00,
        -9.78459001e-01, -7.68780768e-01,  6.89136803e-01,
         3.92377794e-01, -4.48637605e-01],
       [ 6.22949123e-01,  3.39652151e-02, -2.30049491e+00,
        -1.04165888e+00, -9.77680385e-01,  7.04456210e-01,
         3.79338235e-01, -4.21096236e-01],
       [ 6.52613342e-01,  8.22471306e-02, -2.24572563e+00,
        -1.01912379e+00, -9.23633337e-01,  7.05293417e-01,
         3.85707289e-01, -4.16626662e-01]], dtype=float32), 'ground_truth': array([[ 2.18218929e+00,  1.09462397e+00, -1.00607082e+00,
        -2.12124837e-01,  3.13776056e-02,  6.36708813e-01,
         1.42276508e-01, -5.57393535e-01],
       [ 2.17696101e+00,  1.11608742e+00, -1.01129909e+00,
        -1.90661387e-01,  2.61493296e-02,  6.58172264e-01,
         1.37048233e-01, -5.35930084e-01],
       [ 1.92133844e+00, -1.51384038e+00, -1.01706695e+00,
        -1.68526985e-01,  2.03814737e-02,  6.80306666e-01,
         1.31280377e-01, -5.13795682e-01],
       [ 1.91728569e+00, -1.49188965e+00, -1.02111971e+00,
        -1.46576263e-01,  1.63287151e-02,  7.02257388e-01,
         1.27227618e-01, -4.91844960e-01],
       [ 1.91268771e+00, -1.46930056e+00, -1.02571768e+00,
        -1.23987168e-01,  1.17307406e-02,  7.24846483e-01,
         1.22629644e-01, -4.69255865e-01],
       [ 1.90975242e+00, -1.44690941e+00, -1.02865298e+00,
        -1.01596019e-01,  8.79544644e-03,  7.47237632e-01,
         1.19694349e-01, -4.46864716e-01],
       [ 1.90624609e+00, -1.42390187e+00, -1.03215930e+00,
        -7.85884779e-02,  5.28911957e-03,  7.70245173e-01,
         1.16188022e-01, -4.23857175e-01],
       [ 1.90437237e+00, -1.40111419e+00, -1.03403302e+00,
        -5.58007996e-02,  3.41540092e-03,  7.93032851e-01,
         1.14314304e-01, -4.01069497e-01],
       [ 1.90186098e+00, -1.37771189e+00, -1.03654442e+00,
        -3.23984995e-02,  9.04007044e-04,  8.16435151e-01,
         1.11802910e-01, -3.77667197e-01],
       [ 1.90094093e+00, -1.35454660e+00, -1.03746447e+00,
        -9.23321183e-03, -1.60423069e-05,  8.39600439e-01,
         1.10882861e-01, -3.54501909e-01],
       [ 1.89935722e+00, -1.33078140e+00, -1.03904817e+00,
         1.45319946e-02, -1.59975150e-03,  8.63365645e-01,
         1.09299151e-01, -3.30736703e-01],
       [ 1.89933024e+00, -1.30727007e+00, -1.03907515e+00,
         3.80433248e-02, -1.62672847e-03,  8.86876975e-01,
         1.09272174e-01, -3.07225373e-01],
       [ 1.89862070e+00, -1.28317452e+00, -1.03978469e+00,
         6.21388659e-02, -2.33626831e-03,  9.10972516e-01,
         1.08562635e-01, -2.83129832e-01],
       [ 1.89945019e+00, -1.25935482e+00, -1.03895521e+00,
         8.59585717e-02, -1.50678228e-03,  9.34792222e-01,
         1.09392121e-01, -2.59310126e-01],
       [ 1.89953238e+00, -1.23494572e+00, -1.03887301e+00,
         1.10367674e-01, -1.42458841e-03,  9.59201324e-01,
         1.09474315e-01, -2.34901024e-01],
       [ 1.90110019e+00, -1.21081873e+00, -1.03730520e+00,
         1.34494664e-01,  1.43218254e-04,  9.83328314e-01,
         1.11042121e-01, -2.10774033e-01],
       [ 1.90193363e+00, -1.18612793e+00, -1.03647177e+00,
         1.59185456e-01,  9.76656304e-04,  1.00801911e+00,
         1.11875559e-01, -1.86083241e-01],
       [ 1.90422631e+00, -1.16173143e+00, -1.03417909e+00,
         1.83581961e-01,  3.26933631e-03,  1.03241561e+00,
         1.14168239e-01, -1.61686737e-01],
       [ 1.90575820e+00, -1.13678094e+00, -1.03264720e+00,
         2.08532455e-01,  4.80122594e-03,  1.05736611e+00,
         1.15700129e-01, -1.36736242e-01],
       [ 1.90872333e+00, -1.11213536e+00, -1.02968206e+00,
         2.33178028e-01,  7.76636158e-03,  1.08201168e+00,
         1.18665264e-01, -1.12090669e-01],
       [ 1.91090311e+00, -1.08694484e+00, -1.02750229e+00,
         2.58368546e-01,  9.94613525e-03,  1.10720220e+00,
         1.20845038e-01, -8.69001518e-02],
       [ 1.91449201e+00, -1.06206908e+00, -1.02391338e+00,
         2.83244312e-01,  1.35350383e-02,  1.13207796e+00,
         1.24433941e-01, -6.20243858e-02],
       [ 1.91727276e+00, -1.03665673e+00, -1.02113264e+00,
         3.08656664e-01,  1.63157869e-02,  1.15749031e+00,
         1.27214690e-01, -3.66120334e-02],
       [ 1.92144026e+00, -1.01156821e+00, -1.01696513e+00,
         3.33745176e-01,  2.04832941e-02,  1.18257883e+00,
         1.31382197e-01, -1.15235212e-02],
       [ 1.92477848e+00, -9.85950840e-01, -1.01362692e+00,
         3.59362551e-01,  2.38215051e-02,  1.20819620e+00,
         1.34720408e-01,  1.40938534e-02],
       [ 1.92948269e+00, -9.60665708e-01, -1.00892270e+00,
         3.84647683e-01,  2.85257231e-02,  1.23348133e+00,
         1.39424626e-01,  3.93789855e-02],
       [ 1.93333800e+00, -9.34858851e-01, -1.00506739e+00,
         4.10454540e-01,  3.23810341e-02,  1.25928819e+00,
         1.43279937e-01,  6.51858422e-02],
       [ 1.93854007e+00, -9.09392005e-01, -9.99865320e-01,
         4.35921386e-01,  3.75831031e-02,  1.28475504e+00,
         1.48482006e-01,  9.06526885e-02],
       [ 1.94287504e+00, -8.83410030e-01, -9.95530349e-01,
         4.61903361e-01,  4.19180742e-02,  1.31073701e+00,
         1.52816977e-01,  1.16634663e-01],
       [ 1.94853892e+00, -8.57775247e-01, -9.89866475e-01,
         4.87538144e-01,  4.75819477e-02,  1.33637179e+00,
         1.58480851e-01,  1.42269447e-01],
       [ 1.95331882e+00, -8.31631430e-01, -9.85086573e-01,
         5.13681961e-01,  5.23618500e-02,  1.36251561e+00,
         1.63260753e-01,  1.68413263e-01],
       [ 1.95937291e+00, -8.05826136e-01, -9.79032485e-01,
         5.39487254e-01,  5.84159379e-02,  1.38832090e+00,
         1.69314841e-01,  1.94218557e-01],
       [ 1.96452419e+00, -7.79518763e-01, -9.73881205e-01,
         5.65794627e-01,  6.35672186e-02,  1.41462828e+00,
         1.74466122e-01,  2.20525930e-01],
       [ 1.97093302e+00, -7.53550571e-01, -9.67472378e-01,
         5.91762820e-01,  6.99760457e-02,  1.44059647e+00,
         1.80874949e-01,  2.46494122e-01],
       [ 1.97641804e+00, -7.27091490e-01, -3.49122007e-01,
        -1.07865363e+00,  7.54610668e-02,  1.46705555e+00,
         1.86359970e-01,  2.72953203e-01],
       [ 1.98302855e+00, -7.00922384e-01, -3.42511491e-01,
        -1.05248453e+00,  8.20715821e-02,  1.49322466e+00,
         1.92970485e-01,  2.99122309e-01],
       [ 1.98891245e+00, -6.74362085e-01, -3.36627595e-01,
        -1.02592423e+00,  8.79554789e-02,  1.51978496e+00,
         1.98854382e-01,  3.25682608e-01],
       [ 1.99598673e+00, -6.48109503e-01, -3.29553315e-01,
        -9.99671646e-01,  9.50297588e-02,  1.54603754e+00,
         2.05928662e-01,  3.51935190e-01],
       [ 2.00203225e+00, -6.21374575e-01, -3.23507795e-01,
        -9.72936719e-01,  1.01075278e-01,  1.57277247e+00,
         2.11974181e-01,  3.78670118e-01],
       [ 2.00904120e+00, -5.94867777e-01, -3.16498846e-01,
        -9.46429921e-01,  1.08084228e-01,  1.59927926e+00,
         2.18983131e-01,  4.05176916e-01],
       [ 2.01628108e+00, -5.68337678e-01, -3.09258959e-01,
        -9.19899821e-01,  1.15324114e-01,  1.62580936e+00,
         2.26223017e-01,  4.31707015e-01],
       [ 2.02303599e+00, -5.41534367e-01, -3.02504059e-01,
        -8.93096511e-01,  1.22079015e-01,  1.65261267e+00,
         2.32977918e-01,  4.58510326e-01],
       [ 2.02930823e+00, -5.14493675e-01, -2.96231817e-01,
        -8.66055819e-01,  1.28351257e-01,  1.67965337e+00,
         2.39250160e-01,  4.85551018e-01],
       [ 2.03604589e+00, -4.87530588e-01, -2.89494153e-01,
        -8.39092731e-01,  1.35088920e-01,  1.70661645e+00,
         2.45987823e-01,  5.12514105e-01],
       [ 2.04342564e+00, -4.60655301e-01, -2.82114399e-01,
        -8.12217445e-01,  1.42468674e-01,  1.73349174e+00,
         2.53367577e-01,  5.39389392e-01],
       [ 2.05065246e+00, -4.33656944e-01, -2.74887588e-01,
        -7.85219087e-01,  1.49695486e-01,  1.76049010e+00,
         2.60594389e-01,  5.66387749e-01],
       [ 2.05715703e+00, -4.06407046e-01, -2.68383017e-01,
        -7.57969189e-01,  1.56200056e-01,  1.78774000e+00,
         2.67098959e-01,  5.93637647e-01],
       [ 2.06334020e+00, -3.79061903e-01, -2.62199848e-01,
        -7.30624047e-01,  1.62383226e-01,  1.81508514e+00,
         2.73282129e-01,  6.20982790e-01],
       [ 2.06963696e+00, -3.51714759e-01, -2.55903083e-01,
        -7.03276902e-01,  1.68679990e-01,  1.84243228e+00,
         2.79578893e-01,  6.48329934e-01],
       [ 2.07634949e+00, -3.24358329e-01, -2.49190556e-01,
        -6.75920473e-01,  1.75392518e-01,  1.86978871e+00,
         2.86291421e-01,  6.75686364e-01],
       [ 2.08234416e+00, -2.96886810e-01, -2.43195889e-01,
        -6.48448953e-01,  1.81387185e-01,  1.89726023e+00,
         2.92286088e-01,  7.03157884e-01],
       [ 2.08796892e+00, -2.69371879e-01, -2.37571127e-01,
        -6.20934023e-01,  1.87011947e-01,  1.92477516e+00,
         2.97910850e-01,  7.30672814e-01],
       [ 2.09337044e+00, -2.41829682e-01, -2.32169606e-01,
        -5.93391826e-01,  1.92413467e-01,  1.95231736e+00,
         3.03312370e-01,  7.58215011e-01],
       [ 2.09845158e+00, -2.14267520e-01, -2.27088467e-01,
        -5.65829663e-01,  1.97494606e-01,  1.97987952e+00,
         3.08393509e-01,  7.85777173e-01],
       [ 2.10317819e+00, -1.86694436e-01, -2.22361858e-01,
        -5.38256579e-01,  2.02221215e-01,  2.00745260e+00,
         3.13120118e-01,  8.13350257e-01],
       [ 2.10750613e+00, -1.59121912e-01, -2.18033917e-01,
        -5.10684056e-01,  2.06549156e-01,  2.03502513e+00,
         3.17448059e-01,  8.40922781e-01],
       [ 2.11138837e+00, -1.31565162e-01, -2.14151672e-01,
        -4.83127305e-01,  2.10431402e-01,  2.06258188e+00,
         3.21330305e-01,  8.68479532e-01],
       [ 2.11478045e+00, -1.04042586e-01, -2.10759596e-01,
        -4.55604730e-01,  2.13823477e-01,  2.09010445e+00,
         3.24722380e-01,  8.96002107e-01],
       [ 2.11764077e+00, -7.65755706e-02, -2.07899275e-01,
        -4.28137714e-01,  2.16683799e-01,  2.11757147e+00,
         3.27582702e-01,  9.23469123e-01],
       [ 2.12049527e+00, -5.03063275e-02, -2.05044778e-01,
        -4.01868471e-01,  2.19538295e-01,  2.14384071e+00,
         3.30437198e-01,  9.49738366e-01],
       [ 2.12319684e+00, -2.49950914e-02, -2.02343205e-01,
        -3.76557235e-01,  2.22239868e-01,  2.16915195e+00,
         3.33138771e-01,  9.75049602e-01],
       [ 2.12522208e+00,  2.54880728e-04, -2.00317965e-01,
        -3.51307263e-01,  2.24265108e-01,  2.19440192e+00,
         3.35164011e-01,  1.00029957e+00],
       [ 2.12654349e+00,  2.54094549e-02, -1.98996558e-01,
        -3.26152688e-01,  2.25586516e-01,  2.21955650e+00,
         3.36485419e-01,  1.02545415e+00],
       [ 2.12713688e+00,  5.04326319e-02, -1.98403162e-01,
        -3.01129511e-01,  2.26179911e-01,  2.24457967e+00,
         3.37078814e-01,  1.05047733e+00],
       [ 2.12698147e+00,  7.52867620e-02, -1.98558572e-01,
        -2.76275381e-01,  2.26024501e-01,  2.26943380e+00,
         3.36923404e-01,  1.07533146e+00],
       [ 2.12605990e+00,  9.99327616e-02, -1.99480143e-01,
        -2.51629382e-01,  2.25102930e-01,  2.29407980e+00,
         3.36001833e-01,  1.09997745e+00],
       [ 2.12435829e+00,  1.24330333e-01, -2.01181750e-01,
        -2.27231810e-01,  2.23401324e-01,  2.31847737e+00,
         3.34300227e-01,  1.12437503e+00],
       [ 2.12186629e+00,  1.48438187e-01, -2.03673758e-01,
        -2.03123956e-01,  2.20909316e-01,  2.34258523e+00,
         3.31808219e-01,  1.14848288e+00],
       [ 2.11857704e+00,  1.72214265e-01, -2.06963008e-01,
        -1.79347879e-01,  2.17620065e-01,  2.36636131e+00,
         3.28518968e-01,  1.17225896e+00],
       [ 2.11448723e+00,  1.95615961e-01, -2.11052811e-01,
        -1.55946182e-01,  2.13530262e-01,  2.38976300e+00,
         3.24429165e-01,  1.19566065e+00],
       [ 2.10959709e+00,  2.18600351e-01, -2.15942955e-01,
        -1.32961792e-01,  2.08640119e-01,  2.41274739e+00,
         3.19539022e-01,  1.21864504e+00],
       [ 2.10391032e+00,  2.41124409e-01, -2.21629726e-01,
        -1.10437735e-01,  2.02953347e-01,  2.43527145e+00,
         3.13852250e-01,  1.24116910e+00],
       [ 2.09743410e+00,  2.63145228e-01, -2.28105943e-01,
        -8.84169154e-02,  1.96477131e-01,  2.45729227e+00,
         3.07376034e-01,  1.26318992e+00],
       [ 2.09017905e+00,  2.84620244e-01, -2.35360998e-01,
        -6.69418996e-02,  1.89222075e-01,  2.47876728e+00,
         3.00120978e-01,  1.28466494e+00],
       [ 2.08215912e+00,  3.05507443e-01, -2.43380922e-01,
        -4.60547001e-02,  1.81202152e-01,  2.49965448e+00,
         2.92101055e-01,  1.30555214e+00],
       [ 2.07339160e+00,  3.25765578e-01, -2.52148443e-01,
        -2.57965653e-02,  1.72434630e-01,  2.51991262e+00,
         2.83333533e-01,  1.32581027e+00],
       [ 2.06389697e+00,  3.45354369e-01, -2.61643079e-01,
        -6.20777407e-03,  1.62939995e-01,  2.53950141e+00,
         2.73838898e-01,  1.34539906e+00],
       [ 2.05369882e+00,  3.64234708e-01, -2.71841220e-01,
         1.26725642e-02,  1.52741854e-01,  2.55838175e+00,
         2.63640756e-01,  1.36427940e+00],
       [ 2.04282380e+00,  3.82368847e-01, -2.82716240e-01,
         3.08067037e-02,  1.41866834e-01,  2.57651589e+00,
         2.52765737e-01,  1.38241354e+00],
       [ 2.03130144e+00,  3.99720592e-01, -2.94238605e-01,
         4.81584487e-02,  1.30344468e-01,  2.59386763e+00,
         2.41243371e-01,  1.39976529e+00],
       [ 2.01916404e+00,  4.16255476e-01, -3.06376004e-01,
         6.46933329e-02,  1.18207069e-01,  2.61040252e+00,
         2.29105972e-01,  1.41630017e+00],
       [ 2.00644657e+00,  4.31940933e-01, -3.19093478e-01,
         8.03787901e-02,  1.05489596e-01,  2.62608797e+00,
         2.16388498e-01,  1.43198563e+00],
       [ 1.99318648e+00,  4.46746460e-01, -3.32353565e-01,
         9.51843168e-02,  9.22295085e-02,  2.64089350e+00,
         2.03128411e-01,  1.44679115e+00],
       [ 1.97942359e+00,  4.60643768e-01, -3.46116455e-01,
         1.09081624e-01,  7.84666182e-02,  2.65479081e+00,
         1.89365521e-01,  1.46068846e+00],
       [ 1.96519989e+00,  4.73606926e-01, -3.60340150e-01,
         1.22044783e-01,  6.42429236e-02,  2.66775397e+00,
         1.75141827e-01,  1.47365162e+00],
       [ 1.95055941e+00,  4.85612497e-01, -3.74980629e-01,
         1.34050353e-01,  4.96024440e-02,  2.67975954e+00,
         1.60501347e-01,  1.48565719e+00],
       [ 1.93554801e+00,  4.96639652e-01, -3.89992030e-01,
         1.45077508e-01,  3.45910437e-02,  2.69078669e+00,
         1.45489947e-01,  1.49668434e+00],
       [ 1.92020444e+00,  5.06682271e-01, -4.05335602e-01,
         1.55120128e-01,  1.92474711e-02,  2.70082931e+00,
         1.30146374e-01,  1.50672696e+00],
       [ 1.90459092e+00,  5.15704976e-01, -4.20949119e-01,
         1.64142833e-01,  3.63395454e-03,  2.70985202e+00,
         1.14532857e-01,  1.51574967e+00],
       [ 1.88875494e+00,  5.23700958e-01, -4.36785106e-01,
         1.72138815e-01, -1.22020324e-02,  2.71784800e+00,
         9.86968705e-02,  1.52374565e+00],
       [ 1.87274631e+00,  5.30663212e-01, -4.52793729e-01,
         1.79101069e-01, -2.82106556e-02,  2.72481025e+00,
         8.26882473e-02,  1.53070791e+00],
       [ 1.85661648e+00,  5.36586312e-01, -4.68923561e-01,
         1.85024168e-01, -4.43404877e-02,  2.73073335e+00,
         6.65584153e-02,  1.53663100e+00],
       [ 1.84041834e+00,  5.41466974e-01, -4.85121708e-01,
         1.89904830e-01, -6.05386347e-02,  2.73561401e+00,
         5.03602682e-02,  1.54151167e+00],
       [ 1.82420529e+00,  5.45305015e-01, -5.01334758e-01,
         1.93742872e-01, -7.67516848e-02,  2.73945206e+00,
         3.41472181e-02,  1.54534971e+00],
       [ 1.80787693e+00,  5.48191439e-01, -5.17663114e-01,
         1.96629295e-01, -9.30800408e-02,  2.74233848e+00,
         1.78188621e-02,  1.54823613e+00],
       [ 1.79127085e+00,  5.50215839e-01, -5.34269194e-01,
         1.98653696e-01, -1.09686120e-01,  2.74436288e+00,
         1.21278274e-03,  1.55026053e+00],
       [ 1.77512275e+00,  5.51007265e-01, -5.50417296e-01,
         1.99445122e-01, -1.25834223e-01,  2.74515431e+00,
        -1.49353201e-02,  1.55105196e+00],
       [ 1.75846107e+00,  5.51075293e-01, -5.67078977e-01,
         1.99513150e-01, -1.42495904e-01,  2.74522233e+00,
        -3.15970009e-02,  1.55111999e+00],
       [ 1.74253719e+00,  5.49870472e-01, -5.83002850e-01,
         1.98308328e-01, -1.58419776e-01,  2.74401751e+00,
        -4.75208735e-02,  1.54991516e+00],
       [ 1.72605438e+00,  5.47977731e-01, -5.99485665e-01,
         1.96415587e-01, -1.74902592e-01,  2.74212477e+00,
        -6.40036887e-02,  1.54802242e+00],
       [ 1.71048481e+00,  5.44841743e-01, -6.15055233e-01,
         1.93279600e-01, -1.90472160e-01,  2.73898878e+00,
        -7.95732569e-02,  1.54488644e+00],
       [ 1.69437880e+00,  5.41034868e-01, -6.31161248e-01,
         1.89472725e-01, -2.06578174e-01,  2.73518191e+00,
        -9.56792713e-02,  1.54107956e+00],
       [ 1.67849903e+00,  5.36305684e-01, -6.47041016e-01,
         1.84743541e-01, -2.22457942e-01,  2.73045273e+00,
        -1.11559039e-01,  1.53635038e+00],
       [ 1.66260422e+00,  5.30770744e-01, -6.62935828e-01,
         1.79208601e-01, -2.38352754e-01,  2.72491779e+00,
        -1.27453851e-01,  1.53081544e+00],
       [ 1.64788739e+00,  5.24049996e-01, -6.77652652e-01,
         1.72487853e-01, -2.53069578e-01,  2.71819704e+00,
        -1.42170675e-01,  1.52409469e+00],
       [ 1.63216839e+00,  5.16910503e-01, -6.93371655e-01,
         1.65348359e-01, -2.68788581e-01,  2.71105754e+00,
        -1.57889678e-01,  1.51695520e+00],
       [ 1.61757123e+00,  5.08672985e-01, -7.07968810e-01,
         1.57110842e-01, -2.83385736e-01,  2.70282003e+00,
        -1.72486833e-01,  1.50871768e+00],
       [ 1.60274832e+00,  4.99812079e-01, -7.22791725e-01,
         1.48249935e-01, -2.98208651e-01,  2.69395912e+00,
        -1.87309749e-01,  1.49985677e+00],
       [ 1.58891421e+00,  4.89972329e-01, -7.36625832e-01,
         1.38410186e-01, -3.12042759e-01,  2.68411937e+00,
        -2.01143856e-01,  1.49001702e+00],
       [ 1.57398545e+00,  4.79804699e-01, -7.51554592e-01,
         1.28242555e-01, -3.26971519e-01,  2.67395174e+00,
        -2.16072616e-01,  1.47984939e+00],
       [ 1.55977079e+00,  4.68798999e-01, -7.65769256e-01,
         1.17236855e-01, -3.41186182e-01,  2.66294604e+00,
        -2.30287279e-01,  1.46884369e+00],
       [ 1.54505479e+00,  4.57366348e-01, -7.80485253e-01,
         1.05804205e-01, -3.55902180e-01,  2.65151339e+00,
        -2.45003277e-01,  1.45741104e+00],
       [ 1.53112477e+00,  4.45097458e-01, -7.94415276e-01,
         9.35353141e-02, -3.69832203e-01,  2.63924450e+00,
        -2.58933300e-01,  1.44514215e+00],
       [ 1.51670027e+00,  4.32483714e-01, -8.08839775e-01,
         8.09215710e-02, -3.84256701e-01,  2.62663076e+00,
        -2.73357798e-01,  1.43252841e+00],
       [ 1.50275197e+00,  4.19171846e-01, -8.22788071e-01,
         6.76097023e-02, -3.98204998e-01,  2.61331889e+00,
        -2.87306095e-01,  1.41921654e+00],
       [ 1.48840708e+00,  4.05568616e-01, -8.37132965e-01,
         5.40064726e-02, -4.12549891e-01,  2.59971566e+00,
        -3.01650988e-01,  1.40561331e+00],
       [ 1.47433465e+00,  3.91386220e-01, -8.51205394e-01,
         3.98240761e-02, -4.26622320e-01,  2.58553326e+00,
        -3.15723417e-01,  1.39143091e+00],
       [ 1.46000908e+00,  3.76924096e-01, -8.65530960e-01,
         2.53619529e-02, -4.40947887e-01,  2.57107114e+00,
        -3.30048984e-01,  1.37696879e+00],
       [ 1.44596885e+00,  3.61871388e-01, -8.79571198e-01,
         1.03092448e-02, -4.54988124e-01,  2.55601843e+00,
        -3.44089221e-01,  1.36191608e+00],
       [ 1.43148377e+00,  3.46722207e-01, -8.94056275e-01,
        -4.83993645e-03, -4.69473202e-01,  2.54086925e+00,
        -3.58574299e-01,  1.34676690e+00]]), 'data_points': 600}, 5: {'r2': -1.817863941192627, 'mse': 0.9348312700539897, 'train_losses': [1.6745681762695312, 1.6160742044448853, 1.5579533576965332, 1.4988049268722534, 1.4377351999282837, 1.3738681077957153, 1.3061593770980835, 1.234241008758545, 1.1579197645187378, 1.0777857303619385, 0.9950129985809326, 0.9114416837692261, 0.8294435739517212, 0.7520344853401184, 0.6828898787498474, 0.6259657144546509, 0.5843105912208557, 0.5582426190376282, 0.5444786548614502, 0.5360033512115479, 0.5253097414970398, 0.5072690844535828, 0.4810470938682556, 0.4487442076206207, 0.4140492081642151, 0.38054025173187256, 0.3509153723716736, 0.32647374272346497, 0.3074302077293396, 0.2929675281047821], 'test_losses': [1.8787790536880493, 1.8375556468963623, 1.7976539134979248, 1.7571498155593872, 1.715052843093872, 1.670406699180603, 1.6227564811706543, 1.5718780755996704, 1.517801284790039, 1.4610720872879028, 1.4026343822479248, 1.343708872795105, 1.2859126329421997, 1.231384038925171, 1.1825941801071167, 1.141865849494934, 1.1113841533660889, 1.0910848379135132, 1.0795366764068604, 1.0725897550582886, 1.0652878284454346, 1.0534205436706543, 1.0363386869430542, 1.015346646308899, 0.99327552318573, 0.9727465510368347, 0.9560153484344482, 0.9440611004829407, 0.937116265296936, 0.9348312616348267], 'predictions': array([[ 1.59067404e+00, -4.66224223e-01, -1.27871358e+00,
        -9.74019393e-02, -7.30558857e-02,  1.06167257e+00,
         9.28397655e-01, -3.50249968e-02],
       [ 1.60690427e+00, -4.86683190e-01, -1.24651468e+00,
        -8.52705464e-02, -5.51339984e-02,  1.05529153e+00,
         9.06124055e-01, -3.78359891e-02],
       [ 1.58622026e+00, -4.90430087e-01, -1.27106786e+00,
        -9.78591666e-02, -5.82307838e-02,  1.04221535e+00,
         9.16174293e-01, -6.83011040e-02],
       [ 1.31013238e+00, -2.82609284e-01, -1.27199984e+00,
        -2.67958254e-01, -1.39590353e-01,  7.73944497e-01,
         8.41386974e-01, -1.46758854e-01],
       [ 1.57773840e+00, -5.06048977e-01, -1.27382982e+00,
        -1.06186159e-01, -5.16882055e-02,  1.01920855e+00,
         9.01905179e-01, -1.00612290e-01],
       [ 1.50001538e+00, -4.70253259e-01, -1.22566831e+00,
        -1.30090907e-01, -7.75352344e-02,  9.39629078e-01,
         8.02786052e-01, -1.47908404e-01],
       [ 1.49110651e+00, -4.53021765e-01, -1.28094113e+00,
        -1.51479080e-01, -7.60575086e-02,  9.44839895e-01,
         8.78540337e-01, -1.39207050e-01],
       [ 1.33212554e+00, -2.84123480e-01, -1.34161997e+00,
        -3.04620028e-01, -1.47851989e-01,  7.70135939e-01,
         8.41814697e-01, -2.20287994e-01],
       [ 1.55459535e+00, -5.17827868e-01, -1.29823947e+00,
        -1.28756806e-01, -4.79427502e-02,  9.84545887e-01,
         8.81870151e-01, -1.62150472e-01],
       [ 1.33262157e+00, -2.82783210e-01, -1.37235880e+00,
        -3.26188982e-01, -1.52844369e-01,  7.58348465e-01,
         8.33192825e-01, -2.59738475e-01],
       [ 1.53441703e+00, -5.16081452e-01, -1.31826031e+00,
        -1.49540499e-01, -5.45499250e-02,  9.60957527e-01,
         8.68996441e-01, -1.98523059e-01],
       [ 1.48550200e+00, -4.40681666e-01, -1.29879689e+00,
        -2.04552665e-01, -5.82161583e-02,  8.73057485e-01,
         8.30676734e-01, -2.28855178e-01],
       [ 1.51435030e+00, -5.08417964e-01, -1.34193993e+00,
        -1.73069894e-01, -6.35215938e-02,  9.37847137e-01,
         8.54351282e-01, -2.35783651e-01],
       [ 1.42031252e+00, -4.51522708e-01, -1.30605149e+00,
        -2.24236593e-01, -1.00272432e-01,  8.37606490e-01,
         7.49102235e-01, -3.00285429e-01],
       [ 1.47670424e+00, -4.88948077e-01, -1.37433231e+00,
        -2.11353317e-01, -8.55572447e-02,  9.01120722e-01,
         8.37459683e-01, -2.77440429e-01],
       [ 1.27452004e+00, -2.50629038e-01, -1.46542835e+00,
        -4.15744245e-01, -1.96100786e-01,  6.89374328e-01,
         7.82121539e-01, -3.74704719e-01],
       [ 1.45200408e+00, -4.82348263e-01, -1.40607393e+00,
        -2.40506396e-01, -1.05434783e-01,  8.81354034e-01,
         8.20194721e-01, -3.11483383e-01],
       [ 1.31219053e+00, -3.03622633e-01, -1.45370519e+00,
        -3.88121814e-01, -1.68746233e-01,  7.22896516e-01,
         7.63725460e-01, -3.85383189e-01],
       [ 1.41822684e+00, -4.62093711e-01, -1.44891918e+00,
        -2.81896502e-01, -1.33897722e-01,  8.56148005e-01,
         8.02278936e-01, -3.49343419e-01],
       [ 1.22180712e+00, -2.20251828e-01, -1.53760576e+00,
        -4.91101593e-01, -2.39220515e-01,  6.44040823e-01,
         7.37232089e-01, -4.55977798e-01],
       [ 1.38104188e+00, -4.37622160e-01, -1.50182819e+00,
        -3.30906063e-01, -1.67754650e-01,  8.31131160e-01,
         7.81773508e-01, -3.94317806e-01],
       [ 1.19453681e+00, -2.03196242e-01, -1.57659090e+00,
        -5.31685650e-01, -2.60643780e-01,  6.19225025e-01,
         7.17206895e-01, -4.96984839e-01],
       [ 1.34248602e+00, -4.08160478e-01, -1.55868042e+00,
        -3.82140011e-01, -2.01487958e-01,  8.07181299e-01,
         7.60806084e-01, -4.43637967e-01],
       [ 1.16753221e+00, -1.91188484e-01, -1.61264408e+00,
        -5.71281672e-01, -2.81637281e-01,  5.94717145e-01,
         6.96300447e-01, -5.41528463e-01],
       [ 1.30416822e+00, -3.77737314e-01, -1.61613643e+00,
        -4.33213323e-01, -2.35971913e-01,  7.84587979e-01,
         7.40499616e-01, -4.91189837e-01],
       [ 1.14161694e+00, -1.71394601e-01, -1.66349828e+00,
        -6.18351340e-01, -3.10823023e-01,  5.70581317e-01,
         6.81825221e-01, -5.86640477e-01],
       [ 1.26788437e+00, -3.47674966e-01, -1.67405725e+00,
        -4.85558212e-01, -2.69460410e-01,  7.61392832e-01,
         7.20944881e-01, -5.38312018e-01],
       [ 1.11548626e+00, -1.52248040e-01, -1.71372437e+00,
        -6.64990187e-01, -3.40727359e-01,  5.46601415e-01,
         6.67502642e-01, -6.31345987e-01],
       [ 1.21769595e+00, -2.98607141e-01, -1.73372281e+00,
        -5.58145642e-01, -3.12603474e-01,  7.04278052e-01,
         7.03386307e-01, -5.94393075e-01],
       [ 1.09138787e+00, -1.32995337e-01, -1.76343882e+00,
        -7.09744096e-01, -3.68707508e-01,  5.25258422e-01,
         6.54845774e-01, -6.73753500e-01],
       [ 1.18935454e+00, -2.75151134e-01, -1.77441156e+00,
        -6.05370998e-01, -3.34079862e-01,  6.70439661e-01,
         6.85791671e-01, -6.39356434e-01],
       [ 1.06859708e+00, -1.14771701e-01, -1.80936325e+00,
        -7.51810074e-01, -3.94256800e-01,  5.06616294e-01,
         6.44119203e-01, -7.12864399e-01],
       [ 1.16248560e+00, -2.55086094e-01, -1.78778887e+00,
        -6.45346880e-01, -3.42865318e-01,  6.22920930e-01,
         6.66970789e-01, -6.75574958e-01],
       [ 1.04911339e+00, -9.86863971e-02, -1.85056007e+00,
        -7.90659606e-01, -4.18643981e-01,  4.91381079e-01,
         6.33746684e-01, -7.47417092e-01],
       [ 1.14907730e+00, -2.52543807e-01, -1.86127913e+00,
        -6.63457215e-01, -3.81301194e-01,  6.76884234e-01,
         6.60146415e-01, -7.08610415e-01],
       [ 1.03874290e+00, -8.90284181e-02, -1.88228095e+00,
        -8.22355270e-01, -4.32653159e-01,  4.81981248e-01,
         6.24969780e-01, -7.76115596e-01],
       [ 1.12342823e+00, -2.17517152e-01, -1.88858998e+00,
        -7.18915761e-01, -3.97603691e-01,  6.10886395e-01,
         6.46389067e-01, -7.49646902e-01],
       [ 1.03144252e+00, -8.11533853e-02, -1.90827191e+00,
        -8.50581527e-01, -4.45075899e-01,  4.73805606e-01,
         6.17284060e-01, -8.01030815e-01],
       [ 1.11284208e+00, -2.18138337e-01, -1.93155706e+00,
        -7.41971552e-01, -4.17059958e-01,  6.36412799e-01,
         6.34128511e-01, -7.81452179e-01],
       [ 1.02358472e+00, -7.30620399e-02, -1.93113124e+00,
        -8.76745105e-01, -4.57048625e-01,  4.66747105e-01,
         6.10036612e-01, -8.22479069e-01],
       [ 1.09038746e+00, -1.93236247e-01, -1.91192925e+00,
        -7.83677459e-01, -4.14388031e-01,  5.56800544e-01,
         6.11300409e-01, -8.04199994e-01],
       [ 1.01530886e+00, -6.46918565e-02, -1.94967318e+00,
        -9.00620997e-01, -4.68494147e-01,  4.60707664e-01,
         6.02991760e-01, -8.40343595e-01],
       [ 1.08263779e+00, -2.04169318e-01, -1.93594551e+00,
        -7.87206709e-01, -4.20681626e-01,  6.16812170e-01,
         6.02994680e-01, -8.21286559e-01],
       [ 1.00717783e+00, -6.78527132e-02, -1.97238648e+00,
        -9.11035001e-01, -4.73184943e-01,  4.87504721e-01,
         5.96685588e-01, -8.51272345e-01],
       [ 1.03510904e+00, -1.88333854e-01, -1.74671662e+00,
        -8.07555139e-01, -3.24119180e-01,  4.04321998e-01,
         5.48949838e-01, -8.00471902e-01],
       [ 9.90618885e-01, -4.74459268e-02, -1.98690283e+00,
        -9.36529100e-01, -4.88299370e-01,  4.67918187e-01,
         5.95338941e-01, -8.58085394e-01],
       [ 1.04863787e+00, -1.36007637e-01, -2.01314306e+00,
        -8.80556643e-01, -4.61079359e-01,  5.70957839e-01,
         5.98740816e-01, -8.55909884e-01],
       [ 9.77026165e-01, -3.84106413e-02, -1.99970913e+00,
        -9.49069023e-01, -4.93945360e-01,  4.77482349e-01,
         5.93469679e-01, -8.59968483e-01],
       [ 9.92870212e-01, -1.14702433e-01, -1.86385167e+00,
        -8.68226588e-01, -4.23205048e-01,  4.30175006e-01,
         5.55822730e-01, -8.25473309e-01],
       [ 9.65142787e-01, -2.93595176e-02, -2.01359439e+00,
        -9.54744518e-01, -4.94684815e-01,  5.00432611e-01,
         5.98406196e-01, -8.47742975e-01],
       [ 9.77946401e-01, -5.26894629e-02, -1.99802077e+00,
        -9.34128404e-01, -4.78250712e-01,  5.09529412e-01,
         6.02791846e-01, -8.28552425e-01],
       [ 9.51801479e-01, -2.75186598e-02, -2.06232309e+00,
        -9.63351727e-01, -5.06390691e-01,  5.25346637e-01,
         6.04907632e-01, -8.52532506e-01],
       [ 9.80114996e-01, -9.27864686e-02, -2.06083035e+00,
        -9.05841768e-01, -4.70000535e-01,  6.19345307e-01,
         5.88754714e-01, -8.65774751e-01],
       [ 9.32954788e-01, -3.45570222e-02, -2.12491012e+00,
        -9.67680335e-01, -5.27381599e-01,  5.73482335e-01,
         5.93084574e-01, -8.86166811e-01],
       [ 9.32954788e-01, -3.45570222e-02, -2.12491012e+00,
        -9.67680335e-01, -5.27381599e-01,  5.73482335e-01,
         5.93084574e-01, -8.86166811e-01],
       [ 9.32954788e-01, -3.45570222e-02, -2.12491012e+00,
        -9.67680335e-01, -5.27381599e-01,  5.73482335e-01,
         5.93084574e-01, -8.86166811e-01],
       [ 9.32954788e-01, -3.45570222e-02, -2.12491012e+00,
        -9.67680335e-01, -5.27381599e-01,  5.73482335e-01,
         5.93084574e-01, -8.86166811e-01],
       [ 9.32954788e-01, -3.45570222e-02, -2.12491012e+00,
        -9.67680335e-01, -5.27381599e-01,  5.73482335e-01,
         5.93084574e-01, -8.86166811e-01],
       [ 9.91517007e-01, -1.45287648e-01, -2.08554792e+00,
        -9.08286333e-01, -4.89923477e-01,  6.13215923e-01,
         5.50367355e-01, -8.99373353e-01],
       [ 1.00997508e+00, -1.52533680e-01, -1.99432433e+00,
        -8.95330489e-01, -4.56956685e-01,  5.69280446e-01,
         5.30402780e-01, -8.87897193e-01],
       [ 1.03069508e+00, -1.71307787e-01, -1.89035714e+00,
        -8.73739779e-01, -4.28613752e-01,  5.31717479e-01,
         5.05110025e-01, -8.73467386e-01],
       [ 1.04991317e+00, -1.86458498e-01, -1.77368987e+00,
        -8.62099528e-01, -3.95758480e-01,  4.84325409e-01,
         4.72443461e-01, -8.64397228e-01],
       [ 1.10808623e+00, -2.13312045e-01, -1.67633533e+00,
        -8.50968659e-01, -3.39304924e-01,  4.46909338e-01,
         4.63276148e-01, -8.65900874e-01],
       [ 1.21010005e+00, -2.66890675e-01, -1.57294333e+00,
        -8.24824572e-01, -2.45551974e-01,  4.10638839e-01,
         4.74593937e-01, -8.74308705e-01],
       [ 1.33681452e+00, -3.16470057e-01, -1.44936836e+00,
        -7.91197896e-01, -1.26668364e-01,  3.58532906e-01,
         4.94290441e-01, -8.82494330e-01],
       [ 1.45300162e+00, -3.62539202e-01, -1.37632620e+00,
        -7.93425322e-01, -2.91485898e-02,  3.05085599e-01,
         5.09273589e-01, -9.19733167e-01],
       [ 1.57532656e+00, -4.10737276e-01, -1.30816364e+00,
        -8.02238345e-01,  6.05350398e-02,  2.46810332e-01,
         5.28395593e-01, -9.67531383e-01],
       [ 1.67870617e+00, -4.55892414e-01, -1.26132929e+00,
        -8.12388957e-01,  1.48766756e-01,  1.88676283e-01,
         5.30810356e-01, -1.02503169e+00],
       [ 1.72590482e+00, -4.94152308e-01, -1.21180594e+00,
        -7.91598499e-01,  2.23565146e-01,  1.71181411e-01,
         5.25510490e-01, -1.03762126e+00],
       [ 1.77296674e+00, -5.49030960e-01, -1.12710333e+00,
        -7.43405581e-01,  3.17982942e-01,  1.66530058e-01,
         5.22907197e-01, -1.02111924e+00],
       [ 1.83959424e+00, -6.21344864e-01, -1.02411413e+00,
        -6.62031293e-01,  4.16477412e-01,  1.73117623e-01,
         5.14404774e-01, -9.73459423e-01],
       [ 1.88193166e+00, -6.99430645e-01, -9.25868928e-01,
        -5.81324995e-01,  4.94619608e-01,  1.85130998e-01,
         5.01879752e-01, -9.27903056e-01],
       [ 1.92363501e+00, -7.48071849e-01, -9.01957273e-01,
        -6.05543137e-01,  5.27186453e-01,  1.29750833e-01,
         4.66055810e-01, -9.72693920e-01],
       [ 1.95293272e+00, -7.74385929e-01, -9.01675940e-01,
        -6.56981707e-01,  5.39969623e-01,  5.82273901e-02,
         4.27644193e-01, -1.04130352e+00],
       [ 1.91010416e+00, -7.09374726e-01, -1.03986204e+00,
        -7.11607516e-01,  4.18260634e-01,  2.48261233e-04,
         4.27980185e-01, -1.16454041e+00],
       [ 1.90173078e+00, -6.60629153e-01, -1.03530061e+00,
        -8.94597590e-01,  4.41630453e-01, -1.67011872e-01,
         3.80093187e-01, -1.29120135e+00],
       [ 1.91937876e+00, -7.06028938e-01, -1.00378144e+00,
        -7.51746953e-01,  4.60251123e-01, -2.25127619e-02,
         4.09756839e-01, -1.17165625e+00],
       [ 1.90389132e+00, -6.80252790e-01, -1.08427215e+00,
        -7.97246814e-01,  3.84796679e-01, -5.52933998e-02,
         3.94098073e-01, -1.25226736e+00],
       [ 1.92561698e+00, -6.43120587e-01, -1.06112587e+00,
        -9.86349344e-01,  4.40533847e-01, -2.15825513e-01,
         3.50009978e-01, -1.37893498e+00],
       [ 1.92802262e+00, -6.86762631e-01, -1.00175488e+00,
        -8.47479939e-01,  4.76130962e-01, -8.74957815e-02,
         3.55102360e-01, -1.23056567e+00],
       [ 1.91887319e+00, -6.62762702e-01, -1.06597090e+00,
        -8.76841009e-01,  4.25361902e-01, -1.13776326e-01,
         3.70096266e-01, -1.28879929e+00],
       [ 1.95842218e+00, -6.10533178e-01, -1.06731403e+00,
        -1.06343043e+00,  4.19473588e-01, -2.41325751e-01,
         2.94183493e-01, -1.38841796e+00],
       [ 1.93509829e+00, -6.46151662e-01, -1.07632375e+00,
        -9.75781858e-01,  4.27114606e-01, -1.79411843e-01,
         3.08797181e-01, -1.35494983e+00],
       [ 1.93282950e+00, -6.26476109e-01, -1.15632713e+00,
        -1.00119340e+00,  3.69065791e-01, -2.20706016e-01,
         3.56416732e-01, -1.41866779e+00],
       [ 1.97184241e+00, -6.12495840e-01, -1.11422789e+00,
        -1.13534224e+00,  4.25088674e-01, -2.99401909e-01,
         3.12799543e-01, -1.51434958e+00],
       [ 1.91326463e+00, -6.43817306e-01, -1.06621575e+00,
        -9.61439490e-01,  4.31791753e-01, -1.62822068e-01,
         3.20730507e-01, -1.34899998e+00],
       [ 1.89955437e+00, -6.45217419e-01, -1.16737449e+00,
        -9.45344687e-01,  3.46830815e-01, -1.32301942e-01,
         3.70682448e-01, -1.38514423e+00],
       [ 1.90970731e+00, -6.47299945e-01, -1.18337560e+00,
        -9.59065139e-01,  3.35513622e-01, -1.38860285e-01,
         3.66929740e-01, -1.40478647e+00],
       [ 1.91122103e+00, -6.46171451e-01, -1.18802869e+00,
        -9.69693899e-01,  3.34766120e-01, -1.42085701e-01,
         3.66073489e-01, -1.41402304e+00],
       [ 1.90702617e+00, -5.65831363e-01, -1.12429774e+00,
        -1.15541637e+00,  3.83106083e-01, -2.81411648e-01,
         2.89676011e-01, -1.47704375e+00],
       [ 1.92770505e+00, -6.03227198e-01, -1.16529119e+00,
        -1.09050727e+00,  3.77150923e-01, -2.43371770e-01,
         3.06166887e-01, -1.48175609e+00],
       [ 1.94313753e+00, -5.93254447e-01, -1.22109926e+00,
        -1.13172662e+00,  3.54144007e-01, -2.85734832e-01,
         3.43324661e-01, -1.54723978e+00],
       [ 1.92355871e+00, -6.29691243e-01, -1.25395000e+00,
        -1.03509200e+00,  3.07253569e-01, -1.71884835e-01,
         3.59047562e-01, -1.47740901e+00],
       [ 1.93093336e+00, -6.30476296e-01, -1.26189268e+00,
        -1.04671192e+00,  3.03542703e-01, -1.76571488e-01,
         3.56562048e-01, -1.49124229e+00],
       [ 1.93817055e+00, -5.50495088e-01, -1.18928802e+00,
        -1.23721254e+00,  3.67559731e-01, -3.18658799e-01,
         2.97932684e-01, -1.57083201e+00],
       [ 1.91755712e+00, -6.06318176e-01, -1.27386069e+00,
        -1.09276688e+00,  3.09648186e-01, -2.17647061e-01,
         3.46356332e-01, -1.53075230e+00],
       [ 1.93424034e+00, -6.05292916e-01, -1.34725046e+00,
        -1.11100698e+00,  2.63680458e-01, -2.06016168e-01,
         3.56353670e-01, -1.55789363e+00],
       [ 1.99252915e+00, -5.51320493e-01, -1.25147748e+00,
        -1.29977667e+00,  3.62884670e-01, -3.54013264e-01,
         3.13987195e-01, -1.66542518e+00],
       [ 1.93008256e+00, -5.96912324e-01, -1.30603051e+00,
        -1.14220321e+00,  3.05273622e-01, -2.44740471e-01,
         3.36568981e-01, -1.58461583e+00],
       [ 1.93951452e+00, -5.93381107e-01, -1.39868498e+00,
        -1.15841365e+00,  2.42868036e-01, -2.24745080e-01,
         3.54681820e-01, -1.61027861e+00],
       [ 2.00748873e+00, -5.45834064e-01, -1.31546068e+00,
        -1.33776188e+00,  3.46511334e-01, -3.75234991e-01,
         3.32377762e-01, -1.72847807e+00],
       [ 2.00748873e+00, -5.45834064e-01, -1.31546068e+00,
        -1.33776188e+00,  3.46511334e-01, -3.75234991e-01,
         3.32377762e-01, -1.72847807e+00],
       [ 2.00748873e+00, -5.45834064e-01, -1.31546068e+00,
        -1.33776188e+00,  3.46511334e-01, -3.75234991e-01,
         3.32377762e-01, -1.72847807e+00],
       [ 2.00748873e+00, -5.45834064e-01, -1.31546068e+00,
        -1.33776188e+00,  3.46511334e-01, -3.75234991e-01,
         3.32377762e-01, -1.72847807e+00],
       [ 2.00748873e+00, -5.45834064e-01, -1.31546068e+00,
        -1.33776188e+00,  3.46511334e-01, -3.75234991e-01,
         3.32377762e-01, -1.72847807e+00],
       [ 1.96325564e+00, -5.38319111e-01, -1.27672434e+00,
        -1.31453407e+00,  3.41607541e-01, -3.41884464e-01,
         3.01124603e-01, -1.66292858e+00],
       [ 1.97245908e+00, -6.12936616e-01, -1.34298623e+00,
        -1.16027796e+00,  2.70228744e-01, -2.31451377e-01,
         3.37794453e-01, -1.61941671e+00],
       [ 1.96304309e+00, -5.35883725e-01, -1.25887322e+00,
        -1.33744037e+00,  3.52143079e-01, -3.57750297e-01,
         3.02489668e-01, -1.68822646e+00],
       [ 1.96552515e+00, -5.46404064e-01, -1.28921616e+00,
        -1.31729519e+00,  3.43601525e-01, -3.40312183e-01,
         2.91526467e-01, -1.69374561e+00],
       [ 1.96634603e+00, -5.29937267e-01, -1.33307099e+00,
        -1.36873496e+00,  3.23950559e-01, -3.77468646e-01,
         3.31460595e-01, -1.75494421e+00],
       [ 1.90700734e+00, -5.85053921e-01, -1.33835006e+00,
        -1.19682717e+00,  2.87858695e-01, -2.40641192e-01,
         3.36364180e-01, -1.64016080e+00],
       [ 1.91861236e+00, -5.87031543e-01, -1.40073884e+00,
        -1.19935429e+00,  2.41472423e-01, -2.19388559e-01,
         3.49217683e-01, -1.64482009e+00],
       [ 1.92223418e+00, -5.89427352e-01, -1.38903594e+00,
        -1.18910503e+00,  2.45075285e-01, -2.15356469e-01,
         3.48364800e-01, -1.63405967e+00],
       [ 1.88086164e+00, -5.59420049e-01, -1.33882570e+00,
        -1.22649634e+00,  2.83867270e-01, -2.61161000e-01,
         3.36082995e-01, -1.64702749e+00],
       [ 1.85781312e+00, -5.69341421e-01, -1.36274624e+00,
        -1.17422819e+00,  2.57491231e-01, -2.05738232e-01,
         3.52003574e-01, -1.59762549e+00],
       [ 1.84147167e+00, -5.74967980e-01, -1.35209954e+00,
        -1.11306798e+00,  2.42242664e-01, -1.57713562e-01,
         3.67537469e-01, -1.52496946e+00],
       [ 1.77153027e+00, -5.89781046e-01, -1.24255431e+00,
        -9.69425321e-01,  3.05860966e-01, -5.09422012e-02,
         3.99113446e-01, -1.33427000e+00],
       [ 1.66845691e+00, -6.27707601e-01, -9.51829731e-01,
        -5.90460062e-01,  4.33057517e-01,  2.42316276e-01,
         5.22780120e-01, -8.41721058e-01],
       [ 1.65332103e+00, -8.05472076e-01, -6.34556711e-01,
         2.53736209e-02,  4.05002683e-01,  7.26153851e-01,
         6.45752966e-01, -1.24317445e-01],
       [ 1.82296741e+00, -8.55861485e-01, -7.73688793e-01,
        -1.25806127e-02,  4.06319231e-01,  6.67212307e-01,
         6.65659666e-01, -2.63246298e-01]], dtype=float32), 'ground_truth': array([[ 3.04322628, -1.09030238,  0.10482089,  0.25501101,  1.14226931,
         1.10384467,  1.25316821, -0.09025768],
       [ 3.05543034, -1.10532034,  0.11702494,  0.23999305,  1.15447337,
         1.0888267 ,  1.26537227, -0.10527564],
       [ 3.06599277, -1.12057719,  0.12758738,  0.2247362 ,  1.1650358 ,
         1.07356985,  1.2759347 , -0.12053249],
       [ 3.07670559, -1.13663409,  0.1383002 ,  0.2086793 ,  1.17574862,
         1.05751295,  1.28664753, -0.1365894 ],
       [ 3.08561696, -1.15279594,  0.14721157,  0.19251745,  1.18465999,
         1.0413511 ,  1.2955589 , -0.15275125],
       [ 3.09479249, -1.16976466,  0.15638709,  0.17554873,  1.19383552,
         1.02438238,  1.30473442, -0.16971997],
       [ 3.10227597, -1.18679294,  0.16387058,  0.15852045,  1.201319  ,
         1.0073541 ,  1.3122179 , -0.18674825],
       [ 3.11012026, -1.20464223,  0.17171487,  0.14067116,  1.20916329,
         0.98950481,  1.32006219, -0.20459754],
       [ 3.11628207, -1.22248208,  0.17787668,  0.12283131,  1.2153251 ,
         0.97166496,  1.326224  , -0.22243739],
       [ 3.12262346, -1.24103836,  0.18421807,  0.10427503,  1.22166649,
         0.95310868,  1.3325654 , -0.24099367],
       [ 3.12741013, -1.25956461,  0.18900473,  0.08574878,  1.22645316,
         0.93458243,  1.33735206, -0.25951991],
       [ 3.13261751, -1.27888628,  0.19421212,  0.06642711,  1.23166054,
         0.91526076,  1.34255944, -0.27884159],
       [ 3.13611707, -1.29804728,  0.19771168,  0.04726611,  1.2351601 ,
         0.89609976,  1.34605901, -0.29800259],
       [ 3.14009427, -1.31800039,  0.20168887,  0.027313  ,  1.2391373 ,
         0.87614665,  1.3500362 , -0.3179557 ],
       [ 3.14243533, -1.33776613,  0.20402993,  0.00754726,  1.24147836,
         0.85638091,  1.35237726, -0.33772144],
       [ 3.14528315, -1.35830695,  0.20687775, -0.01299356,  1.24432618,
         0.83584009,  1.35522508, -0.35826226],
       [ 3.14648777, -1.37860738,  0.20808238, -0.03329399,  1.2455308 ,
         0.81553966,  1.35642971, -0.37856269],
       [ 3.14824704, -1.39967167,  0.20984164, -0.05435827,  1.24729007,
         0.79447538,  1.35818897, -0.39962697],
       [ 3.14839491, -1.42046637,  0.20998952, -0.07515298,  1.24743794,
         0.77368067,  1.35833684, -0.42042168],
       [ 3.14912879, -1.44200632,  0.21072339, -0.09669293,  1.24817182,
         0.75214072,  1.35907072, -0.44196163],
       [ 3.14830315, -1.46326224,  0.20989775, -0.11794884,  1.24734618,
         0.73088481,  1.35824508, -0.46321754],
       [ 3.14807487, -1.48523553,  0.20966948, -0.13992214,  1.2471179 ,
         0.70891151,  1.3580168 , -0.48519084],
       [ 3.14632206, -1.50690691,  0.20791666, -0.16159352,  1.24536509,
         0.68724014,  1.35626399, -0.50686221],
       [ 3.14520053, -1.52928033,  0.20679514, -0.18396694,  1.24424356,
         0.66486671,  1.35514246, -0.52923563],
       [ 3.14258784, -1.55133575,  0.20418244, -0.20602236,  1.24163087,
         0.64281129,  1.35252977, -0.55129106],
       [ 3.14063794, -1.57407907,  0.20223254, -0.22876568,  1.23968097,
         0.62006798,  1.35057987, -0.57403437],
       [ 3.13722782, -1.59648952,  0.19882242, -0.25117613,  1.23627085,
         0.59765752,  1.34716975, -0.59644482],
       [ 3.1345097 , -1.61957477,  0.19610431, -0.27426138,  1.23355273,
         0.57457227,  1.34445164, -0.61953008],
       [ 3.38021478,  1.00974878,  0.19195468, -0.29700003,  1.2294031 ,
         0.55183362,  1.340302  , -0.64226872],
       [ 3.37678425,  0.98634743,  0.18852414, -0.32040138,  1.22597257,
         0.52843227,  1.33687147, -0.66567007],
       [ 3.37195883,  0.9633005 ,  0.18369872, -0.3434483 ,  1.22114715,
         0.50538535,  1.33204605, -0.688717  ],
       [ 3.36789326,  0.9395956 ,  0.17963316, -0.36715321,  1.21708158,
         0.48168044,  1.32798048, -0.71242191],
       [ 3.36244022,  0.91626282,  0.17418011, -0.39048599,  1.21162853,
         0.45834766,  1.32252744, -0.73575468],
       [ 3.3577583 ,  0.89229104,  0.16949819, -0.41445776,  1.20694661,
         0.43437589,  1.31784552, -0.75972646],
       [ 3.35173907,  0.86868633,  0.16347896, -0.43806247,  1.20092738,
         0.41077118,  1.31182629, -0.78333117],
       [ 3.3465141 ,  0.84445539,  0.158254  , -0.46229342,  1.19570242,
         0.38654023,  1.30660132, -0.80756211],
       [ 3.33999018,  0.82058834,  0.15173008, -0.48616046,  1.1891785 ,
         0.36267319,  1.3000774 , -0.83142916],
       [ 3.33426037,  0.79612038,  0.14600026, -0.51062842,  1.18344868,
         0.33820523,  1.29434759, -0.85589712],
       [ 3.32729954,  0.77199519,  0.13903943, -0.53475361,  1.17648786,
         0.31408004,  1.28738676, -0.88002231],
       [ 3.32121334,  0.74726226,  0.13295324, -0.55948654,  1.17040166,
         0.28934711,  1.28130056, -0.90475524],
       [ 3.3139922 ,  0.7228306 ,  0.12573209, -0.58391821,  1.16318051,
         0.26491544,  1.27407942, -0.9291869 ],
       [ 3.30747568,  0.69790797,  0.11921557, -0.60884083,  1.156664  ,
         0.23999282,  1.2675629 , -0.95410953],
       [ 3.29997126,  0.67321425,  0.11171116, -0.63353455,  1.14915958,
         0.2152991 ,  1.26005848, -0.97880325],
       [ 3.2932067 ,  0.64805859,  0.1049466 , -0.65869021,  1.14239502,
         0.19014344,  1.25329392, -1.00395891],
       [ 3.28581536,  0.62298739,  0.09755526, -0.68376141,  1.13500368,
         0.16507224,  1.24590258, -1.02903011],
       [ 3.27891717,  0.59760842,  0.09065706, -0.70914038,  1.12810548,
         0.13969327,  1.23900439, -1.05440908],
       [ 3.27181248,  0.57217897,  0.08355238, -0.73456984,  1.1210008 ,
         0.11426381,  1.2318997 , -1.07983853],
       [ 3.26499737,  0.54657287,  0.07673727, -0.76017593,  1.11418569,
         0.08865772,  1.22508459, -1.10544463],
       [ 3.2579365 ,  0.52092204,  0.06967639, -0.78582676,  1.10712481,
         0.06300689,  1.21802372, -1.13109546],
       [ 3.25127937,  0.49510952,  0.06301926, -0.81163928,  1.10046769,
         0.03719437,  1.21136659, -1.15690798],
       [ 3.24315138,  0.46935994,  0.05489128, -0.83738887,  1.0923397 ,
         0.01144478,  1.2032386 , -1.18265756],
       [ 3.23465003,  0.4435747 ,  0.04638993, -0.8631741 ,  1.08383835,
        -0.01434045,  1.19473725, -1.2084428 ],
       [ 3.22623676,  0.41772228,  0.03797665, -0.88902653,  1.07542508,
        -0.04019288,  1.18632398, -1.23429523],
       [ 3.21786686,  0.39181724,  0.02960675, -0.91493157,  1.06705518,
        -0.06609792,  1.17795408, -1.26020026],
       [ 3.20947847,  0.36587977,  0.02121837, -0.94086904,  1.05866679,
        -0.09203539,  1.16956569, -1.28613774],
       [ 3.20101244,  0.33993306,  0.01275233, -0.96681574,  1.05020075,
        -0.11798209,  1.16109966, -1.31208444],
       [ 3.19241317,  0.31400304,  0.00415306, -0.99274577,  1.04160149,
        -0.14391212,  1.15250039, -1.33801447],
       [ 3.18362877,  0.2881181 , -0.00463134, -1.01863071,  1.03281708,
        -0.16979706,  1.14371599, -1.36389941],
       [ 3.17461109,  0.26230897, -0.01364901, -1.04443983,  1.02379941,
        -0.19560618,  1.13469831, -1.38970853],
       [ 3.16531583,  0.23660851, -0.02294427, -1.07014029,  1.01450415,
        -0.22130664,  1.12540305, -1.41540899],
       [ 3.15570255,  0.21105148, -0.03255756, -1.09569732,  1.00489086,
        -0.24686367,  1.11578977, -1.44096602],
       [ 3.14573472,  0.18567435, -0.04252539, -1.12107446,  0.99492304,
        -0.27224081,  1.10582194, -1.46634315],
       [ 3.1353798 ,  0.16051508, -0.05288031, -1.14623373,  0.98456811,
        -0.29740008,  1.09546702, -1.49150242],
       [ 3.1246092 ,  0.13561292, -0.06365091, -1.17113588,  0.97379752,
        -0.32230223,  1.08469642, -1.51640458],
       [ 3.11339835,  0.11100819, -0.07486176, -1.19574061,  0.96258666,
        -0.34690696,  1.07348557, -1.54100931],
       [ 3.10180647,  0.08660835, -0.08645364, -1.22014045,  0.95099478,
        -0.3713068 ,  1.06189369, -1.56540915],
       [ 3.09006835,  0.06195597, -0.09819175, -1.24479284,  0.93925667,
        -0.39595919,  1.05015557, -1.59006154],
       [ 3.07836414,  0.03671112, -0.10989596, -1.27003769,  0.92755246,
        -0.42120404,  1.03845136, -1.61530638],
       [ 3.06553742,  0.01281295, -0.12272268, -1.29393586,  0.91472574,
        -0.4451022 ,  1.02562464, -1.63920455],
       [ 3.05238325, -0.01102029, -0.13587686, -1.31776909,  0.90157156,
        -0.46893544,  1.01247047, -1.66303779],
       [ 3.03923604, -0.03529825, -0.14902406, -1.34204706,  0.88842436,
        -0.49321341,  0.99932326, -1.68731576],
       [ 3.0248598 , -0.05806452, -0.1634003 , -1.36481333,  0.87404812,
        -0.51597968,  0.98494702, -1.71008202],
       [ 3.01023873, -0.08082358, -0.17802138, -1.38757238,  0.85942704,
        -0.53873873,  0.97032595, -1.73284108],
       [ 2.9953344 , -0.10352679, -0.1929257 , -1.41027559,  0.84452272,
        -0.56144194,  0.95542162, -1.75554429],
       [ 2.97961461, -0.1252397 , -0.2086455 , -1.43198851,  0.82880293,
        -0.58315486,  0.93970183, -1.7772572 ],
       [ 2.96420188, -0.14793078, -0.22405823, -1.45467959,  0.8133902 ,
        -0.60584594,  0.9242891 , -1.79994828],
       [ 2.94853818, -0.17053474, -0.23972192, -1.47728355,  0.7977265 ,
        -0.6284499 ,  0.9086254 , -1.82255224],
       [ 2.93173658, -0.19162349, -0.25652353, -1.49837229,  0.7809249 ,
        -0.64953864,  0.8918238 , -1.84364099],
       [ 2.91486505, -0.21292533, -0.27339506, -1.51967413,  0.76405336,
        -0.67084048,  0.87495227, -1.86494283],
       [ 2.8977108 , -0.23409349, -0.29054931, -1.54084229,  0.74689912,
        -0.69200864,  0.85779802, -1.88611099],
       [ 2.88023338, -0.255046  , -0.30802673, -1.56179481,  0.72942169,
        -0.71296116,  0.8403206 , -1.90706351],
       [ 2.8622861 , -0.27551102, -0.325974  , -1.58225982,  0.71147442,
        -0.73342617,  0.82237332, -1.92752852],
       [ 2.8437832 , -0.29527494, -0.34447691, -1.60202374,  0.69297151,
        -0.75319009,  0.80387042, -1.94729244],
       [ 2.82552793, -0.31587403, -0.36273218, -1.62262283,  0.67471625,
        -0.77378918,  0.78561515, -1.96789153],
       [ 2.8067273 , -0.33576883, -0.38153281, -1.64251763,  0.65591561,
        -0.79368398,  0.76681452, -1.98778633],
       [ 2.78767159, -0.35551155, -0.40058852, -1.66226036,  0.6368599 ,
        -0.81342671,  0.7477588 , -2.00752906],
       [ 2.76826801, -0.37490746, -0.4199921 , -1.68165626,  0.61745633,
        -0.83282261,  0.72835523, -2.02692496],
       [ 2.74836925, -0.39362111, -0.43989086, -1.70036992,  0.59755757,
        -0.85153627,  0.70845647, -2.04563862],
       [ 2.72833438, -0.41237289, -0.45992573, -1.7191217 ,  0.57752269,
        -0.87028805,  0.6884216 , -2.0643904 ],
       [ 2.70833069, -0.43157354, -0.47992941, -1.73832234,  0.55751901,
        -0.88948869,  0.66841791, -2.08359104],
       [ 2.68761007, -0.44951598, -0.50065003, -1.75626478,  0.53679839,
        -0.90743113,  0.64769729, -2.10153348],
       [ 2.66674731, -0.46746154, -0.5215128 , -1.77421034,  0.51593563,
        -0.92537669,  0.62683453, -2.11947904],
       [ 2.64594866, -0.48596553, -0.54231145, -1.79271434,  0.49513698,
        -0.94388069,  0.60603588, -2.13798303],
       [ 2.62457165, -0.50341938, -0.56368846, -1.81016819,  0.47375997,
        -0.96133454,  0.58465887, -2.15543688],
       [ 2.60323466, -0.5213361 , -0.58502544, -1.82808491,  0.45242298,
        -0.97925126,  0.56332188, -2.1733536 ],
       [ 2.58151212, -0.53865206, -0.60674799, -1.84540087,  0.43070043,
        -0.99656722,  0.54159934, -2.19066957],
       [ 2.55930305, -0.55509198, -0.62895706, -1.86184078,  0.40849137,
        -1.01300713,  0.51939027, -2.20710948],
       [ 2.53731357, -0.57243331, -0.65094653, -1.87918211,  0.38650189,
        -1.03034846,  0.49740079, -2.22445081],
       [ 2.51469457, -0.58848424, -0.67356554, -1.89523305,  0.36388288,
        -1.0463994 ,  0.47478179, -2.24050174],
       [ 2.49195326, -0.60450975, -0.69630684, -1.91125855,  0.34114158,
        -1.0624249 ,  0.45204048, -2.25652725],
       [ 2.46908422, -0.62052902, -0.71917588, -1.92727783,  1.09945796,
        -0.05604714,  0.42917144, -2.27254652],
       [ 2.44596893, -0.63618466, -0.74229118, -1.94293347,  1.07634267,
        -0.07170278,  0.40605615, -2.28820217],
       [ 2.42250721, -0.65108056, -0.76575289, -1.95782936,  1.05288095,
        -0.08659868,  0.38259443, -2.30309806],
       [ 2.39893035, -0.6659547 , -0.78932976, -1.9727035 ,  1.02930409,
        -0.10147282,  0.35901757, -2.3179722 ],
       [ 2.37514832, -0.68048104, -0.81311179, -1.98722984,  1.00552206,
        -0.11599916,  0.33523554, -2.33249854],
       [ 2.35110826, -0.69428287, -0.83715185, -2.00103167,  0.981482  ,
        -0.12980099,  0.31119548, -2.34630037],
       [ 2.32689329, -0.70757682, -0.86136682, -2.01432562,  0.95726703,
        -0.14309494,  0.28698051, -2.35959432],
       [ 2.30253205, -0.720453  , -0.88572806, -2.0272018 ,  0.93290579,
        -0.15597111,  0.26261927, -2.3724705 ],
       [ 2.27802756, -0.7328686 , -0.91023255, -2.0396174 ,  0.9084013 ,
        -0.16838672,  0.23811478, -2.3848861 ],
       [ 2.25338573, -0.74477703, -0.93487438, -2.05152584,  0.88375947,
        -0.18029515,  0.21347295, -2.39679454],
       [ 2.2286161 , -0.75613335, -0.95964401, -2.06288215,  0.85898984,
        -0.19165147,  0.18870332, -2.40815085],
       [ 2.20373171, -0.76689463, -0.98452839, -2.07364344,  0.83410545,
        -0.20241275,  0.16381893, -2.41891214],
       [ 2.17874896, -0.77702018, -1.00951115, -2.08376898,  0.8091227 ,
        -0.2125383 ,  0.13883618, -2.42903768],
       [ 2.15368741, -0.78647162, -1.0345727 , -2.09322043,  0.78406115,
        -0.22198974,  0.11377463, -2.43848913],
       [ 2.12856965, -0.79521311, -1.05969046, -2.10196192,  0.75894339,
        -0.23073123,  0.08865687, -2.44723061],
       [ 2.10342108, -0.80321141, -1.08483903, -2.10996021,  0.73379482,
        -0.23872953,  0.0635083 , -2.45522891],
       [ 2.07826974, -0.81043603, -1.10999036, -2.11718484,  0.70864348,
        -0.24595415,  0.03835696, -2.46245353],
       [ 2.05314614, -0.81685938, -1.13511397, -2.12360818,  0.68351988,
        -0.25237749,  0.01323336, -2.46887688],
       [ 2.02808299, -0.8224568 , -1.16017711, -2.1292056 ,  0.65845673,
        -0.25797492, -0.01182979, -2.4744743 ],
       [ 2.00311507, -0.82720672, -1.18514504, -2.13395552,  0.63348881,
        -0.26272484, -0.03679771, -2.47922422]]), 'data_points': 600}, 6: {'r2': -4.633843421936035, 'mse': 0.7302856719555668, 'train_losses': [1.4621829986572266, 1.3991938829421997, 1.33756685256958, 1.2762601375579834, 1.2145648002624512, 1.1517653465270996, 1.0872292518615723, 1.0209585428237915, 0.9532131552696228, 0.884748637676239, 0.8167915344238281, 0.7511786222457886, 0.6900918483734131, 0.6360089182853699, 0.5912374258041382, 0.5571698546409607, 0.5333235859870911, 0.5169562101364136, 0.5036739706993103, 0.48904499411582947, 0.47097429633140564, 0.44866499304771423, 0.4233818054199219, 0.39722031354904175, 0.37193387746810913, 0.34877875447273254, 0.3282366394996643, 0.3104228973388672, 0.2950575649738312, 0.2813180685043335], 'test_losses': [1.4354192018508911, 1.3720604181289673, 1.311151385307312, 1.2514125108718872, 1.1917741298675537, 1.1311558485031128, 1.0686851739883423, 1.0037579536437988, 0.9365423917770386, 0.8681326508522034, 0.7997316718101501, 0.7329995632171631, 0.6702311635017395, 0.6139661073684692, 0.5667436718940735, 0.5309047102928162, 0.507849395275116, 0.4975425899028778, 0.49809011816978455, 0.5065814852714539, 0.5206406712532043, 0.5383408069610596, 0.5585424900054932, 0.5807085633277893, 0.6043301820755005, 0.6289209723472595, 0.654309868812561, 0.6798076629638672, 0.7053775787353516, 0.73028564453125], 'predictions': array([[ 1.09305859e+00,  4.26184386e-01, -2.09999895e+00,
        -3.77151936e-01, -7.24623799e-01,  9.84078884e-01,
         2.15647697e-01, -3.36835414e-01],
       [ 1.02831984e+00,  3.95878553e-01, -2.05549312e+00,
        -3.60505223e-01, -7.41874874e-01,  9.91918027e-01,
         2.12527618e-01, -2.62773782e-01],
       [ 1.08288693e+00,  3.73979270e-01, -1.85115170e+00,
        -3.86631340e-01, -5.61226368e-01,  8.52756202e-01,
         2.40486860e-01, -3.36540103e-01],
       [ 9.12170231e-01,  3.62954348e-01, -1.78771830e+00,
        -3.26192737e-01, -6.53211415e-01,  8.79292607e-01,
         1.31701753e-01, -2.11258084e-01],
       [ 1.19119847e+00,  3.62518042e-01, -1.50414360e+00,
        -4.46233124e-01, -2.93439806e-01,  6.74137712e-01,
         2.01451018e-01, -4.93628591e-01],
       [ 1.11861193e+00,  3.53199482e-01, -1.61119950e+00,
        -4.17994946e-01, -4.19504344e-01,  7.47113764e-01,
         1.47781864e-01, -4.01470006e-01],
       [ 1.11704028e+00,  3.62726152e-01, -1.69084716e+00,
        -4.06566620e-01, -4.72129077e-01,  7.90961444e-01,
         1.50149688e-01, -3.81832480e-01],
       [ 1.25812662e+00,  3.69418293e-01, -1.62036407e+00,
        -4.66934294e-01, -3.33482593e-01,  7.16671467e-01,
         1.84678614e-01, -5.16403019e-01],
       [ 1.22494149e+00,  3.45730871e-01, -1.66670954e+00,
        -4.75251585e-01, -3.80730152e-01,  7.40716100e-01,
         1.61880329e-01, -4.74524707e-01],
       [ 1.29869652e+00,  3.51481348e-01, -1.64876580e+00,
        -5.05186200e-01, -3.01247358e-01,  7.12876916e-01,
         1.96388885e-01, -5.49191356e-01],
       [ 1.19992316e+00,  3.31865758e-01, -1.73568320e+00,
        -4.77765054e-01, -4.31115896e-01,  7.78245151e-01,
         1.56609952e-01, -4.39483106e-01],
       [ 8.76980305e-01,  3.22342515e-01, -2.14262486e+00,
        -3.55213732e-01, -8.85791421e-01,  1.05460322e+00,
         1.45676702e-01, -1.50649518e-01],
       [ 1.13672113e+00,  3.68027180e-01, -2.06383419e+00,
        -4.18788671e-01, -6.83323979e-01,  9.75485384e-01,
         2.18842119e-01, -3.47025335e-01],
       [ 1.28322065e+00,  3.43951702e-01, -1.71858943e+00,
        -4.65093076e-01, -3.75432342e-01,  7.86362588e-01,
         2.41310745e-01, -4.76807684e-01],
       [ 1.19738555e+00,  3.30652267e-01, -1.64033723e+00,
        -4.54788715e-01, -3.98064494e-01,  7.67109275e-01,
         1.58740476e-01, -4.23798680e-01],
       [ 1.27837205e+00,  3.40846956e-01, -1.62108481e+00,
        -4.86281395e-01, -3.21108848e-01,  7.40937591e-01,
         2.01967597e-01, -4.96755838e-01],
       [ 1.25458467e+00,  3.23659003e-01, -1.66675150e+00,
        -4.90940332e-01, -3.66500318e-01,  7.61630654e-01,
         1.70513541e-01, -4.67480958e-01],
       [ 8.06075633e-01,  2.87014276e-01, -2.10053611e+00,
        -3.29680234e-01, -9.20421958e-01,  1.05686331e+00,
         1.17695563e-01, -7.46619776e-02],
       [ 1.17035890e+00,  3.58477294e-01, -2.04585052e+00,
        -4.25328106e-01, -6.63370848e-01,  9.88048792e-01,
         2.32510179e-01, -3.48245174e-01],
       [ 1.05714333e+00,  3.52252275e-01, -2.04892969e+00,
        -3.74474496e-01, -7.51025498e-01,  1.05399501e+00,
         2.22846821e-01, -2.21200541e-01],
       [ 1.16907120e+00,  3.52548033e-01, -1.98380506e+00,
        -3.94324571e-01, -6.36486590e-01,  9.80897725e-01,
         2.47466385e-01, -3.31050575e-01],
       [ 1.17400670e+00,  3.56331408e-01, -1.86418319e+00,
        -3.88524413e-01, -5.67049503e-01,  9.40166235e-01,
         2.58509159e-01, -3.32133293e-01],
       [ 1.34569073e+00,  3.39306563e-01, -1.44594455e+00,
        -4.77987498e-01, -1.93777233e-01,  6.83233559e-01,
         2.48825788e-01, -5.67974687e-01],
       [ 1.25328660e+00,  3.67365122e-01, -1.54617548e+00,
        -4.42324191e-01, -3.29641670e-01,  7.50462770e-01,
         2.02284068e-01, -4.76571083e-01],
       [ 1.23713362e+00,  3.61666799e-01, -1.62380147e+00,
        -4.35571790e-01, -3.84833932e-01,  8.03180814e-01,
         2.07032844e-01, -4.35348898e-01],
       [ 1.35329390e+00,  3.67788792e-01, -1.55374002e+00,
        -4.74770039e-01, -2.72925705e-01,  7.52521455e-01,
         2.39097327e-01, -5.39737046e-01],
       [ 1.35369742e+00,  3.71394843e-01, -1.62807453e+00,
        -4.64474112e-01, -3.23845387e-01,  7.96824634e-01,
         2.27192059e-01, -5.10330200e-01],
       [ 1.47297454e+00,  3.76609027e-01, -1.55736160e+00,
        -5.03406882e-01, -2.07023665e-01,  7.48739183e-01,
         2.60335058e-01, -6.26191735e-01],
       [ 1.42330384e+00,  3.86208802e-01, -1.66497195e+00,
        -4.71123308e-01, -3.09933037e-01,  8.19299221e-01,
         2.45048478e-01, -5.43725491e-01],
       [ 1.44135070e+00,  3.91311735e-01, -1.71032298e+00,
        -4.62718368e-01, -3.29614997e-01,  8.49736512e-01,
         2.64094144e-01, -5.44960022e-01],
       [ 1.60045564e+00,  3.97932321e-01, -1.57417154e+00,
        -5.31454325e-01, -1.48368955e-01,  7.53110647e-01,
         2.83299655e-01, -7.17810631e-01],
       [ 1.60045564e+00,  3.97932321e-01, -1.57417154e+00,
        -5.31454325e-01, -1.48368955e-01,  7.53110647e-01,
         2.83299655e-01, -7.17810631e-01],
       [ 1.60045564e+00,  3.97932321e-01, -1.57417154e+00,
        -5.31454325e-01, -1.48368955e-01,  7.53110647e-01,
         2.83299655e-01, -7.17810631e-01],
       [ 1.60045564e+00,  3.97932321e-01, -1.57417154e+00,
        -5.31454325e-01, -1.48368955e-01,  7.53110647e-01,
         2.83299655e-01, -7.17810631e-01],
       [ 1.60045564e+00,  3.97932321e-01, -1.57417154e+00,
        -5.31454325e-01, -1.48368955e-01,  7.53110647e-01,
         2.83299655e-01, -7.17810631e-01],
       [ 1.48988044e+00,  3.94348502e-01, -1.86800504e+00,
        -4.56110895e-01, -4.05410588e-01,  9.24806774e-01,
         3.28988045e-01, -5.84621906e-01],
       [ 1.50255692e+00,  3.65374565e-01, -1.79490495e+00,
        -4.62041169e-01, -3.79253179e-01,  8.54045510e-01,
         2.90297508e-01, -6.81954145e-01],
       [ 1.50553536e+00,  3.50707412e-01, -1.65507770e+00,
        -4.68073905e-01, -3.02370876e-01,  8.20648789e-01,
         3.39692712e-01, -6.72089934e-01],
       [ 1.43665886e+00,  3.38384122e-01, -1.53902519e+00,
        -4.73822266e-01, -2.49161422e-01,  7.97625363e-01,
         3.89365703e-01, -5.94416261e-01],
       [ 1.34448397e+00,  2.70473331e-01, -1.56856894e+00,
        -4.55524534e-01, -3.15713048e-01,  7.64862001e-01,
         3.30402702e-01, -5.91857910e-01],
       [ 1.19586849e+00,  2.46901602e-01, -1.50927353e+00,
        -4.36005890e-01, -3.37251455e-01,  7.38887548e-01,
         3.48781824e-01, -4.68784153e-01],
       [ 1.05179572e+00,  1.95955977e-01, -1.55096316e+00,
        -4.17931855e-01, -4.34246778e-01,  7.03086376e-01,
         2.69736767e-01, -4.52431679e-01],
       [ 9.78364170e-01,  2.04907238e-01, -1.53144360e+00,
        -4.21479523e-01, -4.34696108e-01,  6.90675616e-01,
         2.89086223e-01, -3.82563561e-01],
       [ 9.34762239e-01,  1.90177709e-01, -1.56077015e+00,
        -4.32575375e-01, -4.84929919e-01,  6.45537972e-01,
         2.12366372e-01, -4.23435003e-01],
       [ 7.37955332e-01,  2.22743839e-01, -1.57021368e+00,
        -3.61340404e-01, -6.13223076e-01,  7.06856906e-01,
         2.29423374e-01, -2.22627088e-01],
       [ 8.59459519e-01,  1.79320529e-01, -1.55838025e+00,
        -4.37700242e-01, -5.19819438e-01,  6.26315892e-01,
         1.80476040e-01, -3.95870239e-01],
       [ 7.55938828e-01,  1.82742372e-01, -1.54744720e+00,
        -4.10168111e-01, -5.47067106e-01,  6.56798601e-01,
         2.18267173e-01, -3.01392078e-01],
       [ 7.73564041e-01,  1.68078721e-01, -1.50346065e+00,
        -4.44438666e-01, -5.42275786e-01,  6.06363475e-01,
         1.51212052e-01, -3.55501503e-01],
       [ 6.91018760e-01,  1.84849292e-01, -1.54035139e+00,
        -4.41842437e-01, -5.39272726e-01,  5.98962665e-01,
         1.55391335e-01, -3.10211092e-01],
       [ 5.62923312e-01,  1.88151985e-01, -1.52247584e+00,
        -4.36813235e-01, -6.60496235e-01,  5.97891569e-01,
         7.99149349e-02, -2.64997452e-01],
       [ 4.52057868e-01,  2.17454880e-01, -1.53451121e+00,
        -4.18859899e-01, -7.02998221e-01,  5.78171730e-01,
         4.86476533e-02, -2.37524137e-01],
       [ 3.61351073e-01,  1.87476262e-01, -1.56554258e+00,
        -4.05267239e-01, -7.93661356e-01,  6.14281476e-01,
        -6.74327556e-03, -1.91052258e-01],
       [ 3.04002345e-01,  1.70843557e-01, -1.63098586e+00,
        -3.96929353e-01, -8.48736584e-01,  6.41298711e-01,
        -4.42737490e-02, -1.48282185e-01],
       [ 2.71000862e-01,  1.71897978e-01, -1.61728537e+00,
        -3.91194701e-01, -8.67108345e-01,  6.48070514e-01,
        -6.67109191e-02, -1.34325489e-01],
       [ 2.45279953e-01,  1.75609812e-01, -1.58762777e+00,
        -3.89914572e-01, -8.66148114e-01,  6.46900713e-01,
        -8.33817273e-02, -1.27379373e-01],
       [ 2.30666295e-01,  1.83193699e-01, -1.55422628e+00,
        -3.86838347e-01, -8.58216286e-01,  6.40494406e-01,
        -9.01080593e-02, -1.27051726e-01],
       [ 2.17543095e-01,  1.83907434e-01, -1.57424140e+00,
        -3.83121610e-01, -8.74740243e-01,  6.45879269e-01,
        -1.07442290e-01, -1.15313821e-01],
       [ 2.14818448e-01,  1.87902048e-01, -1.60108805e+00,
        -3.79824311e-01, -8.85404289e-01,  6.53184116e-01,
        -1.22787364e-01, -1.06160626e-01],
       [ 2.42451102e-01,  2.02881575e-01, -1.56193054e+00,
        -3.77575934e-01, -8.44915271e-01,  6.36489391e-01,
        -1.20218873e-01, -1.26275986e-01],
       [ 2.81227648e-01,  2.17674568e-01, -1.52584505e+00,
        -3.84041637e-01, -8.00883055e-01,  6.24384522e-01,
        -1.16581067e-01, -1.50559023e-01],
       [ 3.21328104e-01,  2.31653348e-01, -1.49230838e+00,
        -3.92641366e-01, -7.60677636e-01,  6.15395904e-01,
        -1.12241395e-01, -1.72465056e-01],
       [ 3.26453418e-01,  2.29204327e-01, -1.47100306e+00,
        -3.96614462e-01, -7.44005740e-01,  6.08331442e-01,
        -1.11799031e-01, -1.67560264e-01],
       [ 3.20887446e-01,  2.20457971e-01, -1.46237707e+00,
        -3.98572803e-01, -7.40541935e-01,  6.05257392e-01,
        -1.11300223e-01, -1.57493383e-01],
       [ 3.40233594e-01,  2.27308288e-01, -1.41008866e+00,
        -3.93125206e-01, -7.04295039e-01,  5.88507473e-01,
        -1.00470558e-01, -1.67835608e-01],
       [ 3.64876956e-01,  2.38262683e-01, -1.35879445e+00,
        -3.88842642e-01, -6.68404520e-01,  5.74785173e-01,
        -8.92523453e-02, -1.81196272e-01],
       [ 3.85445744e-01,  2.50794441e-01, -1.30184293e+00,
        -3.90343159e-01, -6.28946900e-01,  5.53805709e-01,
        -8.03585947e-02, -1.97370395e-01],
       [ 3.76178145e-01,  2.55367547e-01, -1.27925372e+00,
        -3.91085505e-01, -6.15019917e-01,  5.43309629e-01,
        -7.51809329e-02, -1.95701495e-01],
       [ 3.64736885e-01,  2.59064794e-01, -1.26008356e+00,
        -3.90226662e-01, -6.04292095e-01,  5.35320997e-01,
        -7.22589642e-02, -1.91456333e-01],
       [ 3.70158136e-01,  2.65707552e-01, -1.24000323e+00,
        -3.89011234e-01, -5.87981939e-01,  5.27726710e-01,
        -6.69506118e-02, -1.97437257e-01],
       [ 3.58308554e-01,  2.67376751e-01, -1.24882996e+00,
        -3.80060613e-01, -5.95845878e-01,  5.30276775e-01,
        -6.14633523e-02, -1.83002353e-01],
       [ 4.64836985e-01,  2.71250576e-01, -1.42559206e+00,
        -4.44550067e-01, -6.17743492e-01,  5.46861708e-01,
        -4.06450592e-02, -2.69182503e-01],
       [ 4.67339337e-01,  2.73970038e-01, -1.54630911e+00,
        -4.71238106e-01, -6.48838043e-01,  5.72786987e-01,
        -5.56144565e-02, -2.90555894e-01],
       [ 4.74322855e-01,  2.74883211e-01, -1.68469834e+00,
        -5.02232969e-01, -6.88075662e-01,  6.08451128e-01,
        -6.65131211e-02, -3.11320931e-01],
       [ 4.88576502e-01,  2.83465832e-01, -1.78812873e+00,
        -5.25208235e-01, -7.16616452e-01,  6.24915123e-01,
        -7.05505833e-02, -3.32083315e-01],
       [ 4.88577008e-01,  2.90068716e-01, -1.87186170e+00,
        -5.42450607e-01, -7.46745586e-01,  6.35093927e-01,
        -7.79034197e-02, -3.49830598e-01],
       [ 4.75624859e-01,  2.97048301e-01, -1.97473574e+00,
        -5.52229047e-01, -7.96171606e-01,  6.60326064e-01,
        -8.99491981e-02, -3.59148651e-01],
       [ 4.49185401e-01,  3.03913563e-01, -2.10207772e+00,
        -5.59901297e-01, -8.63240242e-01,  7.05120027e-01,
        -1.04632810e-01, -3.61076683e-01],
       [ 4.29354310e-01,  3.04838449e-01, -2.20864224e+00,
        -5.68710089e-01, -9.18640196e-01,  7.41168857e-01,
        -1.19688101e-01, -3.66867423e-01],
       [ 4.26947206e-01,  2.98859298e-01, -2.27431846e+00,
        -5.75666189e-01, -9.44673240e-01,  7.55549192e-01,
        -1.33926690e-01, -3.71741682e-01],
       [ 4.17537361e-01,  2.95201570e-01, -2.34556937e+00,
        -5.82865715e-01, -9.77728963e-01,  7.83954442e-01,
        -1.42748713e-01, -3.60267103e-01],
       [ 4.05123442e-01,  2.94803202e-01, -2.41189408e+00,
        -5.88680744e-01, -1.00928628e+00,  8.12791288e-01,
        -1.51404321e-01, -3.50661516e-01],
       [ 3.72604996e-01,  2.99981683e-01, -2.49776721e+00,
        -5.87324917e-01, -1.05788815e+00,  8.48402560e-01,
        -1.61104128e-01, -3.41434538e-01],
       [ 3.45520467e-01,  3.04952800e-01, -2.57713461e+00,
        -5.82991540e-01, -1.10110414e+00,  8.78601611e-01,
        -1.69758901e-01, -3.32616597e-01],
       [ 3.34538370e-01,  3.10044289e-01, -2.64500594e+00,
        -5.82148671e-01, -1.13981616e+00,  9.08605218e-01,
        -1.79018050e-01, -3.22430223e-01],
       [ 3.30011129e-01,  3.14886570e-01, -2.70421886e+00,
        -5.82700849e-01, -1.17411983e+00,  9.33728874e-01,
        -1.86866343e-01, -3.17789972e-01],
       [ 3.21204334e-01,  3.16747636e-01, -2.75238109e+00,
        -5.82236886e-01, -1.20762658e+00,  9.57158804e-01,
        -1.93546310e-01, -3.07693928e-01],
       [ 3.08977336e-01,  3.15765649e-01, -2.79046297e+00,
        -5.81170082e-01, -1.23884451e+00,  9.76269782e-01,
        -1.98756024e-01, -2.94762284e-01],
       [ 2.98510879e-01,  3.06628019e-01, -2.82967234e+00,
        -5.83549798e-01, -1.27111161e+00,  9.99935508e-01,
        -2.08802223e-01, -2.80467033e-01],
       [ 2.87176996e-01,  2.96511590e-01, -2.85949683e+00,
        -5.85794032e-01, -1.30002511e+00,  1.02188444e+00,
        -2.15732485e-01, -2.65199095e-01],
       [ 2.81342745e-01,  2.90612280e-01, -2.88252401e+00,
        -5.88097394e-01, -1.32073843e+00,  1.03850079e+00,
        -2.18757004e-01, -2.54315019e-01],
       [ 2.76357919e-01,  2.88319647e-01, -2.89853311e+00,
        -5.90144932e-01, -1.33760214e+00,  1.05241358e+00,
        -2.18592763e-01, -2.45647654e-01],
       [ 2.74277210e-01,  2.83762276e-01, -2.91107440e+00,
        -5.92939973e-01, -1.35213315e+00,  1.06500232e+00,
        -2.18190432e-01, -2.35971630e-01],
       [ 2.78304905e-01,  2.76694208e-01, -2.93609691e+00,
        -6.01149321e-01, -1.36791134e+00,  1.07782531e+00,
        -2.25706622e-01, -2.31354043e-01],
       [ 2.85482287e-01,  2.65432447e-01, -2.96348381e+00,
        -6.11672759e-01, -1.38222647e+00,  1.08713591e+00,
        -2.40414664e-01, -2.28880942e-01],
       [ 2.95685798e-01,  2.45507732e-01, -2.97738194e+00,
        -6.25615060e-01, -1.39611614e+00,  1.10930085e+00,
        -2.46783584e-01, -1.94402531e-01],
       [ 3.01876605e-01,  2.24638268e-01, -2.96952963e+00,
        -6.24720752e-01, -1.41089344e+00,  1.12774432e+00,
        -2.51812428e-01, -1.47063181e-01],
       [ 3.01964939e-01,  1.95146337e-01, -2.95963526e+00,
        -6.16480112e-01, -1.43640327e+00,  1.15254450e+00,
        -2.58161604e-01, -8.53061080e-02],
       [ 3.13086271e-01,  1.70940205e-01, -2.93804431e+00,
        -6.07608378e-01, -1.44272542e+00,  1.17132366e+00,
        -2.57071286e-01, -3.74511033e-02],
       [ 3.28694701e-01,  1.50490925e-01, -2.91112971e+00,
        -5.98422766e-01, -1.44598806e+00,  1.19077146e+00,
        -2.55989313e-01,  4.63804137e-03],
       [ 3.49409401e-01,  1.29121438e-01, -2.88500929e+00,
        -5.91631651e-01, -1.44716358e+00,  1.21109366e+00,
        -2.53811359e-01,  4.42579873e-02],
       [ 3.63472223e-01,  9.76022929e-02, -2.88166642e+00,
        -5.85091174e-01, -1.47224796e+00,  1.24806130e+00,
        -2.57328659e-01,  9.79160443e-02],
       [ 3.88606191e-01,  8.07655379e-02, -2.85219240e+00,
        -5.80277085e-01, -1.46149755e+00,  1.27387238e+00,
        -2.51312643e-01,  1.36277601e-01],
       [ 4.16821331e-01,  7.30122700e-02, -2.81184649e+00,
        -5.70983231e-01, -1.43529749e+00,  1.29356396e+00,
        -2.39412397e-01,  1.67753652e-01],
       [ 4.40028548e-01,  6.26770034e-02, -2.79456854e+00,
        -5.58700264e-01, -1.42238450e+00,  1.31685114e+00,
        -2.35003695e-01,  1.98147908e-01],
       [ 4.62024391e-01,  4.93436903e-02, -2.77119970e+00,
        -5.44029534e-01, -1.40715587e+00,  1.34205198e+00,
        -2.29003832e-01,  2.30136901e-01],
       [ 4.94144887e-01,  4.82325703e-02, -2.70933056e+00,
        -5.30479848e-01, -1.35429657e+00,  1.33485496e+00,
        -2.15599120e-01,  2.38809690e-01],
       [ 5.01546741e-01,  3.15155946e-02, -2.70777035e+00,
        -4.88594770e-01, -1.38621175e+00,  1.36889291e+00,
        -2.18561888e-01,  2.75364876e-01],
       [ 5.00385046e-01,  1.89501960e-02, -2.64832211e+00,
        -4.47397679e-01, -1.39505160e+00,  1.36426759e+00,
        -2.10385472e-01,  2.88957089e-01],
       [ 6.31145358e-01,  1.88030265e-02, -2.29337621e+00,
        -5.20855725e-01, -1.06933248e+00,  1.15464282e+00,
        -1.98611736e-01,  8.77478942e-02],
       [ 7.25808501e-01,  3.52698639e-02, -2.06717634e+00,
        -5.86360455e-01, -7.97862411e-01,  9.79658067e-01,
        -1.53502166e-01, -5.43936677e-02],
       [ 5.79812944e-01,  5.14907821e-04, -2.57626772e+00,
        -4.77052987e-01, -1.27901793e+00,  1.37161040e+00,
        -2.17126757e-01,  2.89107680e-01],
       [ 5.68870842e-01, -1.31022567e-02, -2.56063032e+00,
        -4.27430123e-01, -1.31445432e+00,  1.37560582e+00,
        -2.21287236e-01,  3.02017093e-01],
       [ 7.12671101e-01, -8.78618539e-06, -2.18610239e+00,
        -5.05240142e-01, -9.80647564e-01,  1.15741181e+00,
        -2.13527322e-01,  7.85250887e-02],
       [ 7.14200735e-01, -3.37927742e-03, -2.19355464e+00,
        -5.01673937e-01, -9.87530172e-01,  1.17810953e+00,
        -2.14309335e-01,  1.09872364e-01],
       [ 7.17923820e-01, -1.42284185e-02, -2.22005463e+00,
        -5.03113866e-01, -1.00460231e+00,  1.23111343e+00,
        -1.98831826e-01,  1.86598212e-01],
       [ 6.39882207e-01, -3.50268558e-02, -2.43492508e+00,
        -4.27378088e-01, -1.20270967e+00,  1.37484205e+00,
        -2.33573243e-01,  3.04794848e-01],
       [ 6.27771735e-01, -3.49299349e-02, -2.31520176e+00,
        -3.89240414e-01, -1.15223348e+00,  1.30057204e+00,
        -2.36479193e-01,  2.56490260e-01],
       [ 6.67342961e-01, -3.64510715e-02, -2.23125362e+00,
        -4.22651678e-01, -1.06529832e+00,  1.23262179e+00,
        -2.55036622e-01,  1.74794376e-01],
       [ 8.45869660e-01, -2.30584405e-02, -1.84746146e+00,
        -5.70051789e-01, -6.70392334e-01,  1.00033021e+00,
        -1.73231736e-01, -1.65624730e-02],
       [ 7.20908344e-01, -1.68272983e-02, -2.25943375e+00,
        -4.53954577e-01, -1.04000235e+00,  1.31457090e+00,
        -2.31309310e-01,  2.63353407e-01]], dtype=float32), 'ground_truth': array([[ 5.55105338e-01,  3.24637857e-01, -2.63315477e+00,
        -9.82110947e-01, -8.14520923e-01,  8.89119738e-01,
         9.07795908e-01, -9.92762319e-01],
       [ 5.74178564e-01,  3.07804135e-01, -2.61408154e+00,
        -9.98944669e-01, -7.95447696e-01,  8.72286016e-01,
         9.26869135e-01, -1.00959604e+00],
       [ 5.93148789e-01,  2.90701923e-01, -2.59511132e+00,
        -1.01604688e+00, -7.76477471e-01,  8.55183805e-01,
         9.45839360e-01, -1.02669825e+00],
       [ 6.12057957e-01,  2.73355957e-01, -2.57620215e+00,
        -1.03339285e+00, -7.57568304e-01,  8.37837838e-01,
         9.64748528e-01, -1.04404422e+00],
       [ 6.31176855e-01,  2.56036455e-01, -2.55708325e+00,
        -1.05071235e+00, -7.38449405e-01,  8.20518337e-01,
         9.83867426e-01, -1.06136372e+00],
       [ 6.50085929e-01,  2.38304619e-01, -2.53817418e+00,
        -1.06844418e+00, -7.19540331e-01,  8.02786501e-01,
         1.00277650e+00, -1.07909556e+00],
       [ 6.69351269e-01,  2.20785826e-01, -2.51890884e+00,
        -1.08596298e+00, -7.00274991e-01,  7.85267708e-01,
         1.02204184e+00, -1.09661435e+00],
       [ 6.88153110e-01,  2.02477099e-01, -2.50010700e+00,
        -1.10427170e+00, -6.81473150e-01,  7.66958981e-01,
         1.04084368e+00, -1.11492308e+00],
       [ 7.06632342e-01,  1.83560854e-01, -2.48162776e+00,
        -1.12318795e+00, -6.62993918e-01,  7.48042736e-01,
         1.05932291e+00, -1.13383932e+00],
       [ 7.25411111e-01,  1.64822700e-01, -2.46284900e+00,
        -1.14192610e+00, -6.44215149e-01,  7.29304582e-01,
         1.07810168e+00, -1.15257748e+00],
       [ 7.45161098e-01,  1.46958433e-01, -2.44309901e+00,
        -1.15979037e+00, -6.24465162e-01,  7.11440314e-01,
         1.09785167e+00, -1.17044174e+00],
       [ 7.64990379e-01,  1.29026993e-01, -2.42326973e+00,
        -1.17772181e+00, -6.04635881e-01,  6.93508875e-01,
         1.11768095e+00, -1.18837318e+00],
       [ 7.85116327e-01,  1.11316828e-01, -2.40314378e+00,
        -1.19543198e+00, -5.84509933e-01,  6.75798709e-01,
         1.13780690e+00, -1.20608335e+00],
       [ 8.05082493e-01,  9.32326458e-02, -2.38317761e+00,
        -1.21351616e+00, -5.64543767e-01,  6.57714527e-01,
         1.15777306e+00, -1.22416753e+00],
       [ 8.24542098e-01,  7.42343079e-02, -2.36371801e+00,
        -1.23251450e+00, -5.45084162e-01,  6.38716189e-01,
         1.17723267e+00, -1.24316587e+00],
       [ 8.44220019e-01,  5.53732695e-02, -2.34404009e+00,
        -1.25137553e+00, -5.25406242e-01,  6.19855151e-01,
         1.19691059e+00, -1.26202691e+00],
       [ 8.63833911e-01,  3.63052410e-02, -2.32442620e+00,
        -1.27044356e+00, -5.05792350e-01,  6.00787122e-01,
         1.21652448e+00, -1.28109493e+00],
       [ 8.83909876e-01,  1.76468205e-02, -2.30435023e+00,
        -1.28910198e+00, -4.85716385e-01,  5.82128702e-01,
         1.23660045e+00, -1.29975336e+00],
       [ 9.04494971e-01, -5.89348486e-04, -2.28376514e+00,
        -1.30733815e+00, -4.65131290e-01,  5.63892533e-01,
         1.25718554e+00, -1.31798952e+00],
       [ 9.25507400e-01, -1.84497004e-02, -2.26275271e+00,
        -1.32519850e+00, -4.44118860e-01,  5.46032181e-01,
         1.27819797e+00, -1.33584988e+00],
       [ 9.46680970e-01, -3.61769414e-02, -2.24157914e+00,
        -1.34292575e+00, -4.22945291e-01,  5.28304940e-01,
         1.29937154e+00, -1.35357712e+00],
       [ 9.67794046e-01, -5.40674294e-02, -2.22046606e+00,
        -1.36081623e+00, -4.01832214e-01,  5.10414452e-01,
         1.32048462e+00, -1.37146760e+00],
       [ 9.89137062e-01, -7.17004210e-02, -2.19912305e+00,
        -1.37844922e+00, -3.80489199e-01,  4.92781461e-01,
         1.34182763e+00, -1.38910060e+00],
       [ 1.01047994e+00, -8.94519229e-02, -2.17778017e+00,
        -1.39620073e+00, -3.59146321e-01,  4.75029959e-01,
         1.36317051e+00, -1.40685210e+00],
       [ 1.03210105e+00, -1.06820134e-01, -2.15615906e+00,
        -1.41356894e+00, -3.37525209e-01,  4.57661748e-01,
         1.38479162e+00, -1.42422031e+00],
       [ 1.05378923e+00, -1.24223610e-01, -2.13447088e+00,
        -1.43097241e+00, -3.15837029e-01,  4.40258271e-01,
         1.40647980e+00, -1.44162379e+00],
       [ 1.07572610e+00, -1.41263913e-01, -2.11253401e+00,
        -1.44801272e+00, -2.93900161e-01,  4.23217969e-01,
        -9.64186681e-01, -1.79328141e+00],
       [ 1.09735915e+00, -1.59452548e-01, -2.09090096e+00,
        -1.46620135e+00, -2.72267115e-01,  4.05029333e-01,
        -9.42553636e-01, -1.81147005e+00],
       [ 1.11786599e+00, -1.77298729e-01, -2.07039412e+00,
        -1.48404753e+00, -2.51760275e-01,  3.87183152e-01,
        -9.22046795e-01, -1.82931623e+00],
       [ 1.13649705e+00, -1.94003805e-01, -2.05176306e+00,
        -1.50075261e+00, -2.33129209e-01,  3.70478076e-01,
        -9.03415729e-01, -1.84602131e+00],
       [ 1.15445972e+00, -2.10125915e-01, -2.03380039e+00,
        -1.51687472e+00, -2.15166543e-01,  3.54355967e-01,
        -8.85453064e-01, -1.86214342e+00],
       [ 1.17159607e+00, -2.25522401e-01, -2.01666404e+00,
        -1.53227120e+00, -1.98030190e-01,  3.38959481e-01,
        -8.68316711e-01, -1.87753990e+00],
       [ 1.18811522e+00, -2.40387435e-01, -2.00014488e+00,
        -1.54713624e+00, -1.81511036e-01,  3.24094446e-01,
        -8.51797557e-01, -1.89240494e+00],
       [ 1.20387756e+00, -2.54557033e-01, -1.98438254e+00,
        -1.56130584e+00, -1.65748698e-01,  3.09924849e-01,
        -8.36035219e-01, -1.90657453e+00],
       [ 1.21906831e+00, -2.68244414e-01, -1.96919180e+00,
        -1.57499322e+00, -1.50557954e-01,  2.96237468e-01,
        -8.20844474e-01, -1.92026191e+00],
       [ 1.23356939e+00, -2.81265518e-01, -1.95469072e+00,
        -1.58801432e+00, -1.36056870e-01,  2.83216364e-01,
        -8.06343390e-01, -1.93328302e+00],
       [ 1.24792091e+00, -2.93546943e-01, -1.94033920e+00,
        -1.60029575e+00, -1.21705353e-01,  2.70934938e-01,
        -7.91991873e-01, -1.94556444e+00],
       [ 1.26139226e+00, -3.05438644e-01, -1.92686785e+00,
        -1.61218745e+00, -1.08233999e-01,  2.59043237e-01,
        -7.78520519e-01, -1.95745615e+00],
       [ 1.27450112e+00, -3.16869690e-01, -1.91375898e+00,
        -1.62361849e+00, -9.51251383e-02,  2.47612191e-01,
        -7.65411659e-01, -1.96888719e+00],
       [ 1.28683177e+00, -3.27854630e-01, -1.90142833e+00,
        -1.63460343e+00, -8.27944880e-02,  2.36627251e-01,
        -7.53081008e-01, -1.97987213e+00],
       [ 1.29866115e+00, -3.38510259e-01, -1.88959895e+00,
        -1.64525906e+00, -7.09651072e-02,  2.25971622e-01,
        -7.41251627e-01, -1.99052776e+00],
       [ 1.30997697e+00, -3.48586331e-01, -1.87828313e+00,
        -1.65533514e+00, -5.96492872e-02,  2.15895550e-01,
        -7.29935807e-01, -2.00060383e+00],
       [ 1.32066870e+00, -3.57859015e-01, -1.86759141e+00,
        -1.66460782e+00, -4.89575623e-02,  2.06622867e-01,
        -7.19244083e-01, -2.00987652e+00],
       [ 1.33076273e+00, -3.66205766e-01, -1.85749737e+00,
        -1.67295457e+00, -3.88635284e-02,  1.98276116e-01,
        -7.09150049e-01, -2.01822327e+00],
       [ 1.34013691e+00, -3.73085962e-01, -1.84812319e+00,
        -1.67983477e+00, -2.94893475e-02,  1.91395919e-01,
        -6.99775868e-01, -2.02510346e+00],
       [ 1.34888848e+00, -3.78536580e-01, -1.83937163e+00,
        -1.68528538e+00, -2.07377791e-02,  1.85945301e-01,
        -6.91024299e-01, -2.03055408e+00],
       [ 1.35711200e+00, -3.82597469e-01, -1.83114811e+00,
        -1.68934627e+00, -1.25142628e-02,  1.81884413e-01,
        -6.82800783e-01, -2.03461497e+00],
       [ 1.36489918e+00, -3.85311297e-01, -1.82336093e+00,
        -1.69206010e+00, -4.72708444e-03,  1.79170584e-01,
        -6.75013605e-01, -2.03732880e+00],
       [ 1.37233872e+00, -3.86723483e-01, -1.81592138e+00,
        -1.69347229e+00,  2.71246262e-03,  1.77758399e-01,
        -6.67574058e-01, -2.03874098e+00],
       [ 1.37951618e+00, -3.86882104e-01, -1.80874393e+00,
        -1.69363091e+00,  9.88992086e-03,  1.77599777e-01,
        -6.60396599e-01, -2.03889961e+00],
       [ 1.38651378e+00, -3.85837803e-01, -1.80174633e+00,
        -1.69258661e+00,  1.68875184e-02,  1.78644078e-01,
        -6.53399002e-01, -2.03785530e+00],
       [ 1.39341029e+00, -3.83643670e-01, -1.79484982e+00,
        -1.69039247e+00,  2.37840256e-02,  1.80838211e-01,
        -6.46502495e-01, -2.03566117e+00],
       [ 1.40028088e+00, -3.80355119e-01, -1.78797923e+00,
        -1.68710392e+00,  3.06546191e-02,  1.84126762e-01,
        -6.39631901e-01, -2.03237262e+00],
       [ 1.40719702e+00, -3.76029750e-01, -1.78106309e+00,
        -1.68277855e+00,  3.75707549e-02,  1.88452131e-01,
        -6.32715765e-01, -2.02804725e+00],
       [ 1.41422631e+00, -3.70727200e-01, -1.77403380e+00,
        -1.67747600e+00,  4.46000500e-02,  1.93754682e-01,
        -6.25686470e-01, -2.02274470e+00],
       [ 1.42143244e+00, -3.64508984e-01, -1.76682767e+00,
        -1.67125779e+00,  5.18061744e-02,  1.99972898e-01,
        -6.18480346e-01, -2.01652649e+00],
       [ 1.42887501e+00, -3.57438329e-01, -1.75938509e+00,
        -1.66418713e+00,  5.92487534e-02,  2.07043553e-01,
        -6.11037767e-01, -2.00945583e+00],
       [ 1.43660954e+00, -3.49579996e-01, -1.75165057e+00,
        -1.65632880e+00,  6.69832804e-02,  2.14901885e-01,
        -6.03303240e-01, -2.00159750e+00],
       [ 1.44468730e+00, -3.41000098e-01, -1.74357280e+00,
        -1.64774890e+00,  7.50610416e-02,  2.23481784e-01,
        -5.95225479e-01, -1.99301760e+00],
       [ 1.45315531e+00, -3.31765906e-01, -1.73510479e+00,
        -1.63851471e+00,  8.35290517e-02,  2.32715975e-01,
        -5.86757469e-01, -1.98378341e+00],
       [ 1.46205626e+00, -3.21945660e-01, -1.72620384e+00,
        -1.62869446e+00,  9.24300026e-02,  2.42536222e-01,
        -5.77856518e-01, -1.97396316e+00],
       [ 1.47142848e+00, -3.11608360e-01, -1.71683162e+00,
        -1.61835716e+00,  1.01802223e-01,  2.52873522e-01,
        -5.68484297e-01, -1.96362586e+00],
       [ 1.48039417e+00, -3.01682294e-01, -1.70786593e+00,
        -1.60843110e+00,  1.10767912e-01,  2.62799588e-01,
        -5.59518609e-01, -1.95369980e+00],
       [ 1.48821724e+00, -2.92827551e-01, -1.70004286e+00,
        -1.59957635e+00,  1.18590982e-01,  2.71654330e-01,
        -5.51695538e-01, -1.94484505e+00],
       [ 1.49490043e+00, -2.84954241e-01, -1.69335968e+00,
        -1.59170304e+00,  1.25274169e-01,  2.79527641e-01,
        -5.45012352e-01, -1.93697174e+00],
       [ 1.50044942e+00, -2.77973545e-01, -1.68781068e+00,
        -1.58472235e+00,  1.30823163e-01,  2.86508337e-01,
        -5.39463357e-01, -1.92999105e+00],
       [ 1.50487289e+00, -2.71797865e-01, -1.68338721e+00,
        -1.57854667e+00,  1.35246633e-01,  2.92684016e-01,
        -5.35039887e-01, -1.92381537e+00],
       [ 1.50818249e+00, -2.66340973e-01, -1.68007762e+00,
        -1.57308978e+00,  1.38556230e-01,  2.98140909e-01,
        -5.31730290e-01, -1.91835847e+00],
       [ 1.51039284e+00, -2.61518155e-01, -1.67786727e+00,
        -1.56826696e+00,  1.40766579e-01,  3.02963726e-01,
        -5.29519941e-01, -1.91353566e+00],
       [ 1.51152153e+00, -2.57246366e-01, -1.67673858e+00,
        -1.56399517e+00,  1.41895264e-01,  3.07235516e-01,
        -5.28391256e-01, -1.90926387e+00],
       [ 1.51158906e+00, -2.53444371e-01, -1.67667105e+00,
        -1.56019317e+00,  1.41962799e-01,  3.11037511e-01,
        -5.28323721e-01, -1.90546187e+00],
       [ 1.51061885e+00, -2.50032896e-01, -1.67764126e+00,
        -1.55678170e+00,  1.40992585e-01,  3.14448985e-01,
        -5.29293935e-01, -1.90205040e+00],
       [ 1.50863712e+00, -2.46934776e-01, -1.67962298e+00,
        -1.55368358e+00,  1.39010864e-01,  3.17547106e-01,
        -5.31275657e-01, -1.89895228e+00],
       [ 1.50567291e+00, -2.44075088e-01, -1.68258719e+00,
        -1.55082389e+00,  1.36046653e-01,  3.20406793e-01,
        -5.34239867e-01, -1.89609259e+00],
       [ 1.50175794e+00, -2.41381303e-01, -1.68650217e+00,
        -1.54813011e+00,  1.32131675e-01,  3.23100578e-01,
        -5.38154845e-01, -1.89339880e+00],
       [ 1.49692654e+00, -2.38783414e-01, -1.69133357e+00,
        -1.54553222e+00,  1.27300275e-01,  3.25698468e-01,
        -5.42986245e-01, -1.89080092e+00],
       [ 1.49121559e+00, -2.36214068e-01, -1.69704452e+00,
        -1.54296287e+00,  1.21589327e-01,  3.28267813e-01,
        -5.48697194e-01, -1.88823157e+00],
       [ 1.48466439e+00, -2.33608700e-01, -1.70359571e+00,
        -1.54035750e+00,  1.15038132e-01,  3.30873181e-01,
        -5.55248388e-01, -1.88562620e+00],
       [ 1.47731457e+00, -2.30905648e-01, -1.71094554e+00,
        -1.53765445e+00,  1.07688307e-01,  3.33576234e-01,
        -5.62598213e-01, -1.88292315e+00],
       [ 1.46920992e+00, -2.28046271e-01, -1.71905018e+00,
        -1.53479508e+00,  9.95836639e-02,  3.36435610e-01,
        -5.70702856e-01, -1.88006377e+00],
       [ 1.46039634e+00, -2.24975063e-01, -1.72786377e+00,
        -1.53172387e+00,  9.07700785e-02,  3.39506819e-01,
        -5.79516442e-01, -1.87699256e+00],
       [ 1.45092161e+00, -2.21639748e-01, -1.73733849e+00,
        -1.52838855e+00,  8.12953541e-02,  3.42842134e-01,
        -5.88991166e-01, -1.87365725e+00],
       [ 1.44083534e+00, -2.17991380e-01, -1.74742477e+00,
        -1.52474018e+00,  7.12090754e-02,  3.46490501e-01,
        -5.99077445e-01, -1.87000888e+00],
       [ 1.43018872e+00, -2.13984431e-01, -1.75807139e+00,
        -1.52073324e+00,  6.05624555e-02,  3.50497450e-01,
        -6.09724065e-01, -1.86600193e+00],
       [ 1.41903444e+00, -2.09576866e-01, -1.76922567e+00,
        -1.51632567e+00,  4.94081757e-02,  3.54905015e-01,
        -6.20878345e-01, -1.86159437e+00],
       [ 1.40742648e+00, -2.04730216e-01, -1.78083363e+00,
        -1.51147902e+00,  3.78002199e-02,  3.59751666e-01,
        -6.32486300e-01, -1.85674772e+00],
       [ 1.39541996e+00, -1.99409634e-01, -1.79284014e+00,
        -1.50615844e+00,  2.57937023e-02,  3.65072247e-01,
        -6.44492818e-01, -1.85142714e+00],
       [ 1.38307095e+00, -1.93583953e-01, -1.80518916e+00,
        -1.50033276e+00,  1.34446905e-02,  3.70897929e-01,
        -6.56841830e-01, -1.84560145e+00],
       [ 1.37043628e+00, -1.87225719e-01, -1.81782382e+00,
        -1.49397452e+00,  8.10024067e-04,  3.77256162e-01,
        -6.69476496e-01, -1.83924322e+00],
       [ 1.35757339e+00, -1.80311227e-01, -1.83068672e+00,
        -1.48706003e+00, -1.20528708e-02,  3.84170655e-01,
        -6.82339391e-01, -1.83232873e+00],
       [ 1.34454009e+00, -1.72820536e-01, -1.84372002e+00,
        -1.47956934e+00, -2.50861698e-02,  3.91661345e-01,
        -6.95372690e-01, -1.82483804e+00],
       [ 1.33139442e+00, -1.64737484e-01, -1.85686569e+00,
        -1.47148629e+00, -3.82318419e-02,  3.99744397e-01,
        -7.08518362e-01, -1.81675499e+00],
       [ 1.31819442e+00, -1.56049679e-01, -1.87006569e+00,
        -1.46279848e+00, -5.14318417e-02,  4.08432202e-01,
        -7.21718362e-01, -1.80806718e+00],
       [ 1.30499796e+00, -1.46748491e-01, -1.88326215e+00,
        -1.45349729e+00, -6.46283037e-02,  4.17733391e-01,
        -7.34914824e-01, -1.79876599e+00],
       [ 1.29186252e+00, -1.36829023e-01, -1.89639758e+00,
        -1.44357783e+00, -7.77637366e-02,  4.27652858e-01,
        -7.48050257e-01, -1.78884652e+00],
       [ 1.27884504e+00, -1.26290081e-01, -1.90941506e+00,
        -1.43303889e+00, -9.07812172e-02,  4.38191800e-01,
        -7.61067737e-01, -1.77830758e+00],
       [ 1.26600168e+00, -1.15134121e-01, -1.92225843e+00,
        -1.42188292e+00, -1.03624583e-01,  4.49347761e-01,
        -7.73911103e-01, -1.76715162e+00],
       [ 1.25321585e+00, -1.03400688e-01, -1.93504425e+00,
        -1.41014949e+00, -1.16410406e-01,  4.61081194e-01,
        -7.86696927e-01, -1.75541819e+00],
       [ 1.24055469e+00, -9.10702806e-02, -1.94770542e+00,
        -1.39781908e+00, -1.29071575e-01,  4.73411601e-01,
        -7.99358095e-01, -1.74308778e+00],
       [ 1.22744855e+00, -7.82183415e-02, -1.96081156e+00,
        -1.38496715e+00, -1.42177714e-01,  4.86263540e-01,
        -8.12464234e-01, -1.73023584e+00],
       [ 1.21382371e+00, -6.48712227e-02, -1.97443640e+00,
        -1.37162003e+00, -1.55802551e-01,  4.99610659e-01,
        -8.26089071e-01, -1.71688872e+00],
       [ 1.20158650e+00, -5.07302498e-02, -1.98667361e+00,
        -1.35747905e+00, -1.68039764e-01,  5.13751632e-01,
        -8.38326284e-01, -1.70274775e+00],
       [ 1.19027976e+00, -3.59174199e-02, -1.99798035e+00,
        -1.34266622e+00, -1.79346506e-01,  5.28564462e-01,
        -8.49633026e-01, -1.68793492e+00],
       [ 1.17859238e+00, -2.06504596e-02, -2.00966772e+00,
        -1.32739926e+00, -1.91033877e-01,  5.43831422e-01,
        -8.61320397e-01, -1.67266796e+00],
       [ 1.16620966e+00, -4.95746448e-03, -2.02205045e+00,
        -1.31170627e+00, -2.03416599e-01,  5.59524417e-01,
        -8.73703120e-01, -1.65697497e+00],
       [ 1.15453272e+00,  1.13038388e-02, -2.03372738e+00,
        -1.29544497e+00, -2.15093536e-01,  5.75785720e-01,
        -8.85380056e-01, -1.64071366e+00],
       [ 1.14372448e+00,  2.81636908e-02, -2.04453563e+00,
        -1.27858511e+00, -2.25901784e-01,  5.92645572e-01,
        -8.96188305e-01, -1.62385381e+00],
       [ 1.13363413e+00,  4.55615931e-02, -2.05462598e+00,
        -1.26118721e+00, -2.35992135e-01,  6.10043475e-01,
        -9.06278655e-01, -1.60645591e+00],
       [ 1.12258077e+00,  6.32749267e-02, -2.06567934e+00,
        -1.24347388e+00, -2.47045493e-01,  6.27756808e-01,
        -9.17332013e-01, -1.58874257e+00],
       [ 1.11141563e+00,  8.13676333e-02, -2.07684447e+00,
        -1.22538117e+00, -2.58210626e-01,  6.45849515e-01,
        -9.28497146e-01, -1.57064987e+00],
       [ 1.10115782e+00,  9.99926640e-02, -2.08710228e+00,
        -1.20675614e+00, -2.68468436e-01,  6.64474545e-01,
        -9.38754956e-01, -1.55202484e+00],
       [ 1.09209377e+00,  1.19199436e-01, -2.09616634e+00,
        -1.18754937e+00, -2.77532493e-01,  6.83681318e-01,
        -9.47819013e-01, -1.53281807e+00],
       [ 1.08293373e+00,  1.38733063e-01, -2.10532638e+00,
        -1.16801574e+00, -2.86692531e-01,  7.03214944e-01,
        -9.56979052e-01, -1.51328444e+00],
       [ 1.07406329e+00,  1.58642622e-01, -2.11419682e+00,
        -1.14810618e+00, -2.95562971e-01,  7.23124503e-01,
        -9.65849491e-01, -1.49337488e+00],
       [ 1.06549429e+00,  1.78910121e-01, -2.12276582e+00,
        -1.12783868e+00, -3.04131975e-01,  7.43392002e-01,
        -9.74418495e-01, -1.47310738e+00],
       [ 1.05669303e+00,  1.99509416e-01, -2.13156708e+00,
        -1.10723939e+00, -3.12933229e-01,  7.63991298e-01,
        -9.83219749e-01, -1.45250809e+00],
       [ 1.04892447e+00,  2.20463511e-01, -2.13933564e+00,
        -1.08628529e+00, -3.20701790e-01,  7.84945393e-01,
        -9.90988310e-01, -1.43155399e+00],
       [ 1.04159088e+00,  2.41706521e-01, -2.14666923e+00,
        -1.06504228e+00, -3.28035382e-01,  8.06188402e-01,
        -9.98321902e-01, -1.41031098e+00],
       [ 1.03447112e+00,  2.63237444e-01, -2.15378898e+00,
        -1.04351136e+00, -3.35155136e-01,  8.27719325e-01,
        -1.00544166e+00, -1.38878006e+00],
       [ 1.02759387e+00,  2.85063169e-01, -2.16066624e+00,
        -1.02168564e+00, -3.42032390e-01,  8.49545050e-01,
        -1.01231891e+00, -1.36695433e+00]]), 'data_points': 600}, 7: {'r2': -7.784401893615723, 'mse': 1.0494564088931861, 'train_losses': [2.1732935905456543, 2.0852837562561035, 1.9957069158554077, 1.9026325941085815, 1.8056453466415405, 1.7047275304794312, 1.6000703573226929, 1.4927064180374146, 1.3842819929122925, 1.2772363424301147, 1.1749948263168335, 1.081651210784912, 1.001645565032959, 0.9390486478805542, 0.8964367508888245, 0.8725777268409729, 0.8616415858268738, 0.8550903797149658, 0.844740092754364, 0.8259326815605164, 0.7982218861579895, 0.7639293670654297, 0.726678192615509, 0.6899711489677429, 0.6568291783332825, 0.6282370686531067, 0.6040029525756836, 0.5831131339073181, 0.564361035823822, 0.5463858842849731], 'test_losses': [1.4250458478927612, 1.3759236335754395, 1.3254281282424927, 1.2734311819076538, 1.2206453084945679, 1.167955756187439, 1.1168774366378784, 1.0696330070495605, 1.0298055410385132, 1.0020467042922974, 0.9918492436408997, 1.0034805536270142, 1.0414150953292847, 1.1076265573501587, 1.1990859508514404, 1.3061779737472534, 1.4133000373840332, 1.5037232637405396, 1.5640456676483154, 1.5889308452606201, 1.581127405166626, 1.5467709302902222, 1.4940333366394043, 1.4295051097869873, 1.3601421117782593, 1.2908934354782104, 1.224269151687622, 1.1619418859481812, 1.1038448810577393, 1.0494563579559326], 'predictions': array([[ 6.55882895e-01,  1.10384606e-01, -1.43815660e+00,
        -4.79004800e-01, -6.13385201e-01,  1.40650868e+00,
         2.22602934e-01,  1.88776597e-01],
       [ 7.47427583e-01,  1.92535385e-01, -1.47358561e+00,
        -4.53577399e-01, -6.28731847e-01,  1.44136596e+00,
         2.50280708e-01,  3.34638208e-01],
       [ 7.35585332e-01,  1.58930942e-01, -1.45517170e+00,
        -4.54306632e-01, -5.84002078e-01,  1.38453889e+00,
         2.12897614e-01,  2.46158957e-01],
       [ 7.06411242e-01,  1.41817376e-01, -1.42708135e+00,
        -4.61111844e-01, -5.80175221e-01,  1.36486125e+00,
         1.87840000e-01,  2.08912209e-01],
       [ 7.70960927e-01,  2.02168137e-01, -1.41207385e+00,
        -4.25318986e-01, -5.87062836e-01,  1.41268504e+00,
         2.17472777e-01,  3.48456889e-01],
       [ 7.16169715e-01,  8.21248293e-02, -1.45615470e+00,
        -4.58353341e-01, -6.61468446e-01,  1.45633352e+00,
         1.62207961e-01,  2.36462012e-01],
       [ 7.38231957e-01,  2.02218771e-01, -1.45026934e+00,
        -4.56603795e-01, -6.48367763e-01,  1.48872256e+00,
         2.41574913e-01,  3.74899447e-01],
       [ 7.71430731e-01,  1.70885980e-01, -1.42076588e+00,
        -4.45639849e-01, -5.92938483e-01,  1.42574084e+00,
         1.99740380e-01,  2.89455384e-01],
       [ 7.26398528e-01,  1.32800147e-01, -1.37730384e+00,
        -4.43518311e-01, -5.76261222e-01,  1.36784601e+00,
         1.62112594e-01,  2.23599717e-01],
       [ 7.76856124e-01,  2.04358593e-01, -1.43334961e+00,
        -4.38733608e-01, -6.30312145e-01,  1.49157679e+00,
         2.19398707e-01,  3.89616668e-01],
       [ 7.27510154e-01,  1.10585943e-01, -1.35982382e+00,
        -4.46119577e-01, -5.98560452e-01,  1.40747702e+00,
         1.66657433e-01,  2.30484813e-01],
       [ 7.81290770e-01,  1.96019068e-01, -1.42628193e+00,
        -4.41771924e-01, -6.34459734e-01,  1.50143659e+00,
         2.17437655e-01,  3.90497237e-01],
       [ 8.01842749e-01,  1.58988342e-01, -1.34791303e+00,
        -4.13529843e-01, -5.57069123e-01,  1.37205791e+00,
         1.44341126e-01,  2.94928908e-01],
       [ 7.35477448e-01,  1.04616247e-01, -1.35765254e+00,
        -4.33057338e-01, -6.17402554e-01,  1.43930876e+00,
         1.52721062e-01,  2.37293556e-01],
       [ 8.01782608e-01,  1.92442954e-01, -1.40534914e+00,
        -4.34210300e-01, -6.27648234e-01,  1.49897051e+00,
         1.97028473e-01,  3.93024832e-01],
       [ 7.93425620e-01,  1.08506501e-01, -1.33289242e+00,
        -4.21485186e-01, -5.73185980e-01,  1.37646687e+00,
         1.20322719e-01,  2.46222124e-01],
       [ 8.16501319e-01,  1.90392345e-01, -1.39932311e+00,
        -4.31375414e-01, -6.25753582e-01,  1.50111234e+00,
         1.88008592e-01,  3.94549668e-01],
       [ 8.10408235e-01,  1.04288302e-01, -1.32138598e+00,
        -4.12431955e-01, -5.69735527e-01,  1.36817074e+00,
         1.09767191e-01,  2.51119018e-01],
       [ 8.21106553e-01,  1.92039683e-01, -1.41123295e+00,
        -4.35647249e-01, -6.32961810e-01,  1.51244175e+00,
         1.83733985e-01,  3.97039294e-01],
       [ 8.16334665e-01,  1.01109698e-01, -1.32832897e+00,
        -4.14532900e-01, -5.76156557e-01,  1.37248564e+00,
         1.09229393e-01,  2.53204077e-01],
       [ 8.20952773e-01,  1.95278630e-01, -1.42869341e+00,
        -4.41764653e-01, -6.42672300e-01,  1.52532995e+00,
         1.81056544e-01,  4.00063992e-01],
       [ 8.16524982e-01,  9.82999206e-02, -1.33879995e+00,
        -4.19364959e-01, -5.85140288e-01,  1.37638795e+00,
         1.11080475e-01,  2.54422426e-01],
       [ 8.27447236e-01,  1.94214061e-01, -1.41944408e+00,
        -4.40421700e-01, -6.41328335e-01,  1.52539384e+00,
         1.69477776e-01,  3.99080902e-01],
       [ 8.22679937e-01,  9.56859663e-02, -1.33170378e+00,
        -4.16858792e-01, -5.86234391e-01,  1.37304747e+00,
         1.05690129e-01,  2.57140100e-01],
       [ 8.34945083e-01,  1.91537112e-01, -1.40121806e+00,
        -4.36517537e-01, -6.35967135e-01,  1.52007246e+00,
         1.55802131e-01,  3.96388203e-01],
       [ 8.32289338e-01,  9.35051143e-02, -1.31102812e+00,
        -4.08731788e-01, -5.81287861e-01,  1.36396158e+00,
         9.53709707e-02,  2.60828137e-01],
       [ 8.40761602e-01,  1.89392835e-01, -1.38796091e+00,
        -4.33610231e-01, -6.31863594e-01,  1.51593614e+00,
         1.43997863e-01,  3.93448740e-01],
       [ 8.51326883e-01,  6.80165514e-02, -1.36040783e+00,
        -3.90603364e-01, -6.42941535e-01,  1.40044940e+00,
         7.91638941e-02,  3.10705811e-01],
       [ 8.76261890e-01,  1.54526904e-01, -1.49694061e+00,
        -4.60587084e-01, -6.95719838e-01,  1.61094332e+00,
         1.38338998e-01,  4.07238096e-01],
       [ 8.88679326e-01,  1.47222430e-01, -1.52865338e+00,
        -4.80276108e-01, -7.08451569e-01,  1.64104688e+00,
         1.44626111e-01,  3.92225266e-01],
       [ 8.68059576e-01,  1.20743878e-01, -1.56571555e+00,
        -4.92397189e-01, -7.28228331e-01,  1.65674996e+00,
         1.42715722e-01,  3.63164544e-01],
       [ 8.89254868e-01,  1.40771404e-01, -1.59042799e+00,
        -5.00492036e-01, -7.21314311e-01,  1.65757036e+00,
         1.55540496e-01,  3.76667976e-01],
       [ 8.38258922e-01,  9.05627683e-02, -1.65194654e+00,
        -5.19764304e-01, -7.59231389e-01,  1.67904842e+00,
         1.58560321e-01,  3.22665960e-01],
       [ 8.97820890e-01,  1.06331408e-01, -1.59150279e+00,
        -4.77690458e-01, -6.86550796e-01,  1.56585896e+00,
         1.38064161e-01,  3.29882264e-01],
       [ 8.80732119e-01,  9.50029790e-02, -1.65487456e+00,
        -5.10735393e-01, -7.24881232e-01,  1.65492010e+00,
         1.63193673e-01,  3.25058937e-01],
       [ 8.77359331e-01,  5.87694459e-02, -1.53235805e+00,
        -4.45222676e-01, -6.48301840e-01,  1.45241845e+00,
         1.28446668e-01,  2.89183348e-01],
       [ 8.74036789e-01,  6.45250380e-02, -1.67003071e+00,
        -5.06212831e-01, -7.21261799e-01,  1.61943376e+00,
         1.65906012e-01,  2.92412817e-01],
       [ 8.62842381e-01,  1.02215195e-02, -1.52163780e+00,
        -4.34780985e-01, -6.33451939e-01,  1.38176072e+00,
         1.16576381e-01,  2.33202755e-01],
       [ 8.61476541e-01,  4.10519764e-02, -1.66218436e+00,
        -4.95068938e-01, -7.09518373e-01,  1.56232071e+00,
         1.69809520e-01,  2.57119805e-01],
       [ 8.40331554e-01, -6.43885210e-02, -1.65542078e+00,
        -4.87607688e-01, -6.81663811e-01,  1.38378787e+00,
         1.28350571e-01,  9.96542275e-02],
       [ 8.31564844e-01,  1.57914534e-02, -1.67103553e+00,
        -4.97137100e-01, -7.19496548e-01,  1.52385688e+00,
         1.76699609e-01,  1.99229389e-01],
       [ 8.24055433e-01, -9.29926261e-02, -1.62864435e+00,
        -4.79346186e-01, -6.59351647e-01,  1.30875552e+00,
         1.30220145e-01,  4.58021648e-02],
       [ 8.29811692e-01,  1.02623925e-02, -1.63451362e+00,
        -4.72380757e-01, -6.83583081e-01,  1.45563102e+00,
         1.71043009e-01,  2.00450063e-01],
       [ 8.12828183e-01, -9.62543562e-02, -1.64059913e+00,
        -4.76598531e-01, -6.59079969e-01,  1.29524779e+00,
         1.38168961e-01,  3.67125124e-02],
       [ 7.85127819e-01, -2.95420773e-02, -1.66632152e+00,
        -4.82379049e-01, -7.19187498e-01,  1.42733645e+00,
         1.69766903e-01,  1.26518503e-01],
       [ 8.00922453e-01, -1.10271014e-01, -1.63562155e+00,
        -4.75251526e-01, -6.50763750e-01,  1.26183319e+00,
         1.41358674e-01,  1.12734502e-02],
       [ 7.20182896e-01, -7.44849220e-02, -1.68320107e+00,
        -4.88726020e-01, -7.38361716e-01,  1.37302423e+00,
         1.61044478e-01,  6.59892559e-02],
       [ 7.90745556e-01, -1.15935750e-01, -1.64208853e+00,
        -4.74710464e-01, -6.49989009e-01,  1.24861085e+00,
         1.44868344e-01, -3.61478305e-04],
       [ 8.01474810e-01, -2.76186317e-02, -1.61831856e+00,
        -4.49064046e-01, -6.50870919e-01,  1.33316028e+00,
         1.54421315e-01,  1.50396228e-01],
       [ 7.93452263e-01, -4.59890664e-02, -1.63240004e+00,
        -4.51960891e-01, -6.48853958e-01,  1.31200194e+00,
         1.55496925e-01,  1.18063703e-01],
       [ 7.71901369e-01, -6.50744140e-02, -1.53182530e+00,
        -4.19386178e-01, -6.05055809e-01,  1.21612191e+00,
         1.44311041e-01,  9.67764035e-02],
       [ 7.72274494e-01, -4.54644822e-02, -1.65309823e+00,
        -4.54760462e-01, -6.79691374e-01,  1.31607389e+00,
         1.69313237e-01,  1.19120821e-01],
       [ 7.67342210e-01, -1.18888751e-01, -1.62079608e+00,
        -4.54302222e-01, -6.17752135e-01,  1.19860935e+00,
         1.54044703e-01,  3.26332101e-03],
       [ 6.72301888e-01, -1.45616740e-01, -1.67294502e+00,
        -4.81214315e-01, -7.14159966e-01,  1.23514855e+00,
         1.50446683e-01, -4.57964726e-02],
       [ 7.52814472e-01, -1.44181669e-01, -1.66988039e+00,
        -4.76306349e-01, -6.52393281e-01,  1.20348585e+00,
         1.49068505e-01, -4.30002101e-02],
       [ 6.81665897e-01, -1.44841060e-01, -1.70364571e+00,
        -4.86049742e-01, -7.17730880e-01,  1.24527752e+00,
         1.50035068e-01, -4.45122421e-02],
       [ 7.53831506e-01, -1.23067558e-01, -1.67554033e+00,
        -4.70720083e-01, -6.58676684e-01,  1.21769524e+00,
         1.49402723e-01, -2.21631341e-02],
       [ 6.80228829e-01, -1.29331335e-01, -1.72097242e+00,
        -4.87941742e-01, -7.22355306e-01,  1.26345587e+00,
         1.50756776e-01, -2.57673804e-02],
       [ 7.56613076e-01, -1.00299880e-01, -1.66603947e+00,
        -4.58327085e-01, -6.62101984e-01,  1.23064148e+00,
         1.50534153e-01,  5.66350855e-03],
       [ 7.21382260e-01, -1.00378238e-01, -1.70270145e+00,
        -4.69801188e-01, -7.09434867e-01,  1.27711737e+00,
         1.53548211e-01,  8.28842912e-03],
       [ 7.68628776e-01, -3.59223746e-02, -1.59272432e+00,
        -4.11130250e-01, -6.40055358e-01,  1.23732746e+00,
         1.34162754e-01,  1.16774365e-01],
       [ 7.43616700e-01, -2.86200992e-03, -1.65687525e+00,
        -4.32516456e-01, -7.20311224e-01,  1.36731684e+00,
         1.42542243e-01,  1.56611323e-01],
       [ 7.52526283e-01, -7.21037984e-02, -1.65819228e+00,
        -4.37828869e-01, -6.75162554e-01,  1.25465751e+00,
         1.44988492e-01,  4.37182039e-02],
       [ 7.63305724e-01, -3.15121673e-02, -1.66611266e+00,
        -4.27473009e-01, -6.83180928e-01,  1.30974150e+00,
         1.41196221e-01,  1.11867718e-01],
       [ 7.01375365e-01, -6.98880702e-02, -1.68520916e+00,
        -4.43837970e-01, -7.12861061e-01,  1.30766213e+00,
         1.43301561e-01,  7.39605650e-02],
       [ 7.36779392e-01, -5.30738123e-02, -1.67016923e+00,
        -4.27355438e-01, -7.03857481e-01,  1.31455421e+00,
         1.43422142e-01,  9.52054188e-02],
       [ 7.32083678e-01, -5.70098460e-02, -1.66159856e+00,
        -4.25013691e-01, -7.02511132e-01,  1.31874037e+00,
         1.40413031e-01,  1.02642484e-01],
       [ 7.31234491e-01, -5.90653308e-02, -1.65133595e+00,
        -4.21430767e-01, -6.98024333e-01,  1.32256532e+00,
         1.36188880e-01,  1.12246223e-01],
       [ 7.39058137e-01, -5.24942875e-02, -1.65190661e+00,
        -4.14968610e-01, -6.98164344e-01,  1.32943952e+00,
         1.34339675e-01,  1.20076068e-01],
       [ 7.28735507e-01, -4.93443534e-02, -1.66696680e+00,
        -4.14410383e-01, -7.03348577e-01,  1.33264375e+00,
         1.36972323e-01,  1.25266030e-01],
       [ 7.45778322e-01,  1.92489345e-02, -1.60078609e+00,
        -3.83029699e-01, -6.68185353e-01,  1.31074417e+00,
         1.13725081e-01,  2.45047346e-01],
       [ 7.36420929e-01,  3.21226306e-02, -1.66001081e+00,
        -3.97183686e-01, -7.52063155e-01,  1.44034016e+00,
         1.22730330e-01,  2.77915329e-01],
       [ 7.38847435e-01,  3.03651183e-03, -1.64499772e+00,
        -3.94160420e-01, -6.79127753e-01,  1.31446266e+00,
         1.22960523e-01,  2.07671359e-01],
       [ 6.56587064e-01, -5.01225181e-02, -1.62668419e+00,
        -4.05870557e-01, -7.07776308e-01,  1.32613218e+00,
         1.33600116e-01,  1.45729050e-01],
       [ 6.94561779e-01, -2.91953180e-02, -1.67947137e+00,
        -3.97732049e-01, -7.02942789e-01,  1.30117798e+00,
         1.46612003e-01,  1.37406409e-01],
       [ 6.58644199e-01, -4.11188193e-02, -1.68849969e+00,
        -4.08090204e-01, -7.11817086e-01,  1.31545329e+00,
         1.60472870e-01,  1.37792110e-01],
       [ 6.45761251e-01, -2.22426727e-02, -1.66622782e+00,
        -3.90077084e-01, -6.99189186e-01,  1.26796389e+00,
         1.63820133e-01,  1.41881138e-01],
       [ 6.49088025e-01, -6.72203489e-03, -1.62674093e+00,
        -3.71833235e-01, -6.81299746e-01,  1.26036477e+00,
         1.50749072e-01,  1.73083410e-01],
       [ 6.00255013e-01, -2.87424829e-02, -1.57288361e+00,
        -3.64907831e-01, -6.66635156e-01,  1.21638787e+00,
         1.52339831e-01,  1.49243847e-01],
       [ 5.38035274e-01, -3.26066203e-02, -1.50243974e+00,
        -3.44584405e-01, -6.27666056e-01,  1.10464525e+00,
         1.33285269e-01,  1.42104626e-01],
       [ 5.37173033e-01,  1.71803182e-03, -1.55693543e+00,
        -3.73059213e-01, -7.00340271e-01,  1.17823291e+00,
         1.35023594e-01,  2.69862443e-01],
       [ 5.07999778e-01,  2.20586527e-02, -1.59247577e+00,
        -3.77967060e-01, -7.47045398e-01,  1.22390234e+00,
         1.38135940e-01,  3.20052683e-01],
       [ 4.20697808e-01, -8.04785639e-03, -1.76239657e+00,
        -4.70255852e-01, -8.19816887e-01,  1.21632457e+00,
         1.63539514e-01,  2.71577924e-01],
       [ 5.15225589e-01,  2.14251708e-02, -1.68698490e+00,
        -4.09104109e-01, -7.87751555e-01,  1.28214109e+00,
         1.59810290e-01,  3.07849944e-01],
       [ 3.65435869e-01, -1.45860529e-02, -1.81167483e+00,
        -4.99633282e-01, -8.49150538e-01,  1.17780340e+00,
         1.36519000e-01,  1.24493614e-01],
       [ 3.33175957e-01, -3.08905225e-02, -1.87023461e+00,
        -4.96492624e-01, -9.06904876e-01,  1.09939861e+00,
         1.04781508e-01,  1.82734266e-01],
       [ 3.02340865e-01,  6.36776388e-02, -1.80513489e+00,
        -4.57715273e-01, -9.38127458e-01,  1.16250193e+00,
         9.25228372e-02,  2.73047596e-01],
       [ 3.05137694e-01, -1.09861456e-02, -1.78923357e+00,
        -4.74982053e-01, -9.34216857e-01,  1.08529711e+00,
         7.86730722e-02,  2.50625938e-01],
       [ 2.85048991e-01,  8.63626599e-03, -1.75816166e+00,
        -4.57087338e-01, -9.39485013e-01,  1.08795249e+00,
         8.29126984e-02,  2.59687334e-01],
       [ 2.53450900e-01, -4.78450907e-03, -1.72438967e+00,
        -4.55220789e-01, -9.31784451e-01,  1.04264867e+00,
         8.52606073e-02,  2.28419244e-01],
       [ 2.30277851e-01, -1.34700248e-02, -1.70216787e+00,
        -4.58071440e-01, -9.29434538e-01,  1.01087964e+00,
         9.21326056e-02,  2.02394813e-01],
       [ 2.03888193e-01, -2.46607196e-02, -1.72524965e+00,
        -4.69656020e-01, -9.52304184e-01,  1.01139808e+00,
         1.00777276e-01,  1.95966214e-01],
       [ 1.66431978e-01, -3.57321352e-02, -1.70773888e+00,
        -4.69630837e-01, -9.48353827e-01,  9.68330383e-01,
         9.58488211e-02,  1.72175482e-01],
       [ 1.31824836e-01, -4.37568389e-02, -1.67050338e+00,
        -4.67857182e-01, -9.28839803e-01,  9.07433987e-01,
         8.74879286e-02,  1.33824795e-01],
       [ 9.86351967e-02, -5.00626490e-02, -1.63382912e+00,
        -4.66194540e-01, -9.03823853e-01,  8.48334134e-01,
         8.13599005e-02,  9.19982791e-02],
       [ 7.31334910e-02, -4.07502465e-02, -1.60073626e+00,
        -4.69595701e-01, -8.83745313e-01,  7.97159493e-01,
         8.05739835e-02,  5.03873117e-02],
       [ 5.05987071e-02, -2.67049260e-02, -1.56954134e+00,
        -4.74528104e-01, -8.64427090e-01,  7.52432346e-01,
         8.25624615e-02,  1.08146593e-02],
       [ 2.52012536e-02, -2.65805423e-02, -1.58396447e+00,
        -4.94010597e-01, -8.64871740e-01,  7.30305195e-01,
         7.71757513e-02, -2.70242076e-02],
       [-7.68432347e-03, -3.04194968e-02, -1.55488348e+00,
        -5.09408355e-01, -8.54301214e-01,  7.03016281e-01,
         7.65802339e-02, -8.83607790e-02],
       [-8.43112096e-02, -3.58712785e-02, -1.73401403e+00,
        -5.73038161e-01, -9.94407773e-01,  7.38212943e-01,
         9.64748953e-03, -1.44521117e-01],
       [-2.16960516e-02, -3.47585864e-02, -1.63730490e+00,
        -5.41714787e-01, -8.90336215e-01,  7.08102047e-01,
         6.86533302e-02, -9.99065191e-02],
       [-1.25941023e-01, -2.54374165e-02, -1.82194495e+00,
        -6.22304797e-01, -1.04493535e+00,  7.77473807e-01,
         1.59639250e-02, -1.54893458e-01],
       [-4.33242731e-02, -3.39999683e-02, -1.67512465e+00,
        -5.69638491e-01, -9.04035568e-01,  7.09999204e-01,
         6.96861446e-02, -1.28417239e-01],
       [-1.76117852e-01, -1.41511885e-02, -1.90297151e+00,
        -6.70642734e-01, -1.08233404e+00,  7.87835419e-01,
         1.03063444e-02, -1.99290872e-01],
       [-1.10947065e-01, -2.89747883e-02, -1.78072655e+00,
        -6.18177295e-01, -1.00770485e+00,  7.45223284e-01,
         3.13710794e-02, -1.64589614e-01],
       [-1.16063811e-01, -2.64440961e-02, -1.78322315e+00,
        -6.24887288e-01, -1.00425780e+00,  7.39444375e-01,
         3.41697931e-02, -1.75288051e-01],
       [-1.48136944e-01, -2.10872404e-02, -1.83240759e+00,
        -6.53524399e-01, -1.03671086e+00,  7.52967060e-01,
         2.45072357e-02, -1.98656499e-01],
       [-1.69908404e-01, -3.19121853e-02, -1.72218943e+00,
        -6.60383105e-01, -9.38151658e-01,  7.67305970e-01,
         1.23652145e-02, -3.26420516e-01],
       [-2.38998801e-01, -2.07997952e-02, -1.86965597e+00,
        -7.32490480e-01, -1.03290260e+00,  7.06377625e-01,
        -3.82685512e-02, -3.92737597e-01],
       [-1.16002411e-01, -3.66076268e-02, -1.76896691e+00,
        -6.32174194e-01, -9.58723426e-01,  7.14079559e-01,
         5.37957996e-02, -2.19356626e-01],
       [-2.40311205e-01, -2.57832035e-02, -1.87676811e+00,
        -7.28902698e-01, -1.04838443e+00,  7.07137167e-01,
        -4.23804633e-02, -3.89264584e-01],
       [-1.15116701e-01, -3.28368880e-02, -1.77824557e+00,
        -6.24040484e-01, -9.82834935e-01,  7.18859732e-01,
         4.74168174e-02, -1.92195475e-01],
       [-2.77461052e-01, -2.85246633e-02, -1.88773799e+00,
        -7.30837464e-01, -1.05608225e+00,  7.11201191e-01,
        -4.49368432e-02, -4.15253192e-01],
       [-2.51005203e-01, -3.52821387e-02, -1.84111071e+00,
        -7.02872217e-01, -1.01823390e+00,  7.69971371e-01,
        -1.12913391e-02, -3.91392797e-01],
       [-2.63152212e-01, -4.29499969e-02, -1.88683295e+00,
        -7.24040508e-01, -1.07433891e+00,  7.11213529e-01,
        -5.49627692e-02, -4.08139229e-01],
       [-2.12344632e-01, -4.86334041e-02, -1.82150304e+00,
        -6.73496366e-01, -1.01168191e+00,  8.03213239e-01,
        -3.04572657e-03, -3.46960694e-01],
       [-2.70422190e-01, -4.81724367e-02, -1.88625789e+00,
        -7.18155503e-01, -1.08095145e+00,  7.15869725e-01,
        -5.94465770e-02, -4.11934555e-01],
       [-1.35837138e-01, -5.67056090e-02, -1.78841841e+00,
        -6.03662550e-01, -1.02816927e+00,  7.60564864e-01,
         1.02544827e-02, -1.74478963e-01],
       [-1.46780238e-01, -5.53082302e-02, -1.79597962e+00,
        -6.05995357e-01, -1.03401864e+00,  7.63317764e-01,
         9.05407593e-03, -1.79794490e-01],
       [-1.79049581e-01, -6.37732521e-02, -1.83678102e+00,
        -6.37057900e-01, -1.02479613e+00,  7.60324836e-01,
         2.51601264e-02, -2.64465630e-01]], dtype=float32), 'ground_truth': array([[ 2.33927660e+00, -4.91175542e-02,  1.37365599e-02,
        -4.00679698e-01,  4.38319633e-01,  2.14502949e+00,
         5.49218536e-01,  9.50927139e-01],
       [ 2.34392498e+00, -3.98203363e-02,  1.83849365e-02,
        -3.91382480e-01,  4.42968010e-01,  2.15432670e+00,
         5.53866913e-01,  9.60224357e-01],
       [ 2.34790572e+00, -2.97402968e-02,  2.23656772e-02,
        -3.81302440e-01,  4.46948751e-01,  2.16440674e+00,
         5.57847654e-01,  9.70304396e-01],
       [ 2.35321096e+00, -1.98965435e-02,  2.76709169e-02,
        -3.71458687e-01,  4.52253990e-01,  2.17425050e+00,
         5.63152893e-01,  9.80148150e-01],
       [ 2.35962597e+00, -1.00972463e-02,  3.40859305e-02,
        -3.61659390e-01,  4.58669004e-01,  2.18404979e+00,
         5.69567907e-01,  9.89947447e-01],
       [ 2.36549576e+00,  1.16626803e-03,  3.99557152e-02,
        -3.50395875e-01,  4.64538789e-01,  2.19531331e+00,
         5.75437692e-01,  1.00121096e+00],
       [ 2.37263507e+00,  1.21675895e-02,  4.70950278e-02,
        -3.39394554e-01,  4.71678101e-01,  2.20631463e+00,
         5.82577004e-01,  1.01221228e+00],
       [ 2.37944336e+00,  2.43626766e-02,  5.39033201e-02,
        -3.27199467e-01,  4.78486394e-01,  2.21850972e+00,
         5.89385296e-01,  1.02440737e+00],
       [ 2.38766860e+00,  3.60715879e-02,  6.21285569e-02,
        -3.15490555e-01,  4.86711630e-01,  2.23021863e+00,
         5.97610533e-01,  1.03611628e+00],
       [ 2.39635976e+00,  4.81820462e-02,  7.08197165e-02,
        -3.03380097e-01,  4.95402790e-01,  2.24232909e+00,
         6.06301693e-01,  1.04822674e+00],
       [ 2.40452141e+00,  6.15491881e-02,  7.89813677e-02,
        -2.90012955e-01,  5.03564441e-01,  2.25569623e+00,
         6.14463344e-01,  1.06159388e+00],
       [ 2.41415135e+00,  7.43157095e-02,  8.86113067e-02,
        -2.77246434e-01,  5.13194380e-01,  2.26846275e+00,
         6.24093283e-01,  1.07436040e+00],
       [ 2.42332119e+00,  8.82338157e-02,  9.77811450e-02,
        -2.63328328e-01,  5.22364218e-01,  2.28238086e+00,
         6.33263121e-01,  1.08827851e+00],
       [ 2.43378668e+00,  1.01647680e-01,  1.08246639e-01,
        -2.49914463e-01,  5.32829713e-01,  2.29579472e+00,
         6.43728616e-01,  1.10169237e+00],
       [ 2.44376688e+00,  1.16183789e-01,  1.18226837e-01,
        -2.35378354e-01,  5.42809910e-01,  2.31033083e+00,
         6.53708813e-01,  1.11622848e+00],
       [ 2.45500148e+00,  1.30202113e-01,  1.29461431e-01,
        -2.21360030e-01,  5.54044505e-01,  2.32434915e+00,
         6.64943408e-01,  1.13024681e+00],
       [ 2.46572108e+00,  1.45320263e-01,  1.40181033e-01,
        -2.06241880e-01,  5.64764107e-01,  2.33946730e+00,
         6.75663010e-01,  1.14536496e+00],
       [ 2.47766716e+00,  1.59898905e-01,  1.52127117e-01,
        -1.91663239e-01,  5.76710190e-01,  2.35404595e+00,
         6.87609093e-01,  1.15994360e+00],
       [ 2.48907117e+00,  1.75556218e-01,  1.63531123e-01,
        -1.76005925e-01,  5.88114197e-01,  2.36970326e+00,
         6.99013100e-01,  1.17560091e+00],
       [ 2.50167583e+00,  1.90653885e-01,  1.76135788e-01,
        -1.60908259e-01,  6.00718862e-01,  2.38480093e+00,
         7.11617764e-01,  1.19069858e+00],
       [ 2.51371335e+00,  2.06810627e-01,  1.88173306e-01,
        -1.44751516e-01,  6.12756379e-01,  2.40095767e+00,
         7.23655282e-01,  1.20685532e+00],
       [ 2.52692762e+00,  2.22389068e-01,  2.01387580e-01,
        -1.29173075e-01,  6.25970653e-01,  2.41653611e+00,
         7.36869556e-01,  1.22243376e+00],
       [ 2.53955155e+00,  2.39008433e-01,  2.14011501e-01,
        -1.12553711e-01,  6.38594575e-01,  2.43315547e+00,
         7.49493478e-01,  1.23905313e+00],
       [ 2.55245227e+00,  2.54137858e-01,  2.26912229e-01,
        -9.74242852e-02,  6.51495303e-01,  2.44828490e+00,
         7.62394205e-01,  1.25418255e+00],
       [ 2.56324420e+00,  2.68657641e-01,  2.37704156e-01,
        -8.29045021e-02,  6.62287229e-01,  2.46280468e+00,
         7.73186132e-01,  1.26870233e+00],
       [ 2.57250776e+00,  2.82192761e-01,  2.46967715e-01,
        -6.93693825e-02,  6.71550789e-01,  2.47633980e+00,
         7.82449692e-01,  1.28223745e+00],
       [ 2.58076585e+00,  2.94341196e-01,  2.55225805e-01,
        -5.72209469e-02,  6.79808878e-01,  2.48848824e+00,
         7.90707781e-01,  1.29438589e+00],
       [ 2.58779099e+00,  3.05447730e-01,  2.62250943e-01,
        -4.61144130e-02,  6.86834016e-01,  2.49959477e+00,
         7.97732919e-01,  1.30549242e+00],
       [ 2.59374482e+00,  3.15414967e-01,  2.68204781e-01,
        -3.61471762e-02,  6.92787854e-01,  2.50956201e+00,
         8.03686757e-01,  1.31545966e+00],
       [ 2.59899945e+00,  3.23731816e-01,  2.73459411e-01,
        -2.78303272e-02,  6.98042485e-01,  2.51787886e+00,
         8.08941387e-01,  1.32377651e+00],
       [ 2.60272983e+00,  3.31727553e-01,  2.77189787e-01,
        -1.98345905e-02,  7.01772860e-01,  2.52587459e+00,
         8.12671763e-01,  1.33177225e+00],
       [ 2.60576646e+00,  3.38179292e-01,  2.80226418e-01,
        -1.33828517e-02,  7.04809492e-01,  2.53232633e+00,
         8.15708395e-01,  1.33822398e+00],
       [ 2.60737247e+00,  3.44428977e-01,  2.81832431e-01,
        -7.13316647e-03,  7.06415504e-01,  2.53857602e+00,
         8.17314407e-01,  1.34447367e+00],
       [ 2.60842356e+00,  3.48995839e-01,  2.82883513e-01,
        -2.56630410e-03,  7.07466586e-01,  2.54314288e+00,
         8.18365489e-01,  1.34904053e+00],
       [ 2.60799276e+00,  3.53704484e-01,  2.82452717e-01,
         2.14234061e-03,  7.07035791e-01,  2.54785152e+00,
         8.17934694e-01,  1.35374918e+00],
       [ 2.60708128e+00,  3.56727209e-01,  2.81541237e-01,
         5.16506583e-03,  7.06124310e-01,  2.55087425e+00,
         8.17023213e-01,  1.35677190e+00],
       [ 2.60471765e+00,  3.60074448e-01,  2.79177601e-01,
         8.51230430e-03,  7.03760675e-01,  2.55422149e+00,
         8.14659578e-01,  1.36011914e+00],
       [ 2.60198453e+00,  3.61672298e-01,  2.76444484e-01,
         1.01101543e-02,  7.01027558e-01,  2.55581934e+00,
         8.11926460e-01,  1.36171699e+00],
       [ 2.59782536e+00,  3.63748427e-01,  2.72285316e-01,
         1.21862834e-02,  6.96868390e-01,  2.55789547e+00,
         8.07767293e-01,  1.36379312e+00],
       [ 2.59330103e+00,  3.64247122e-01,  2.67760987e-01,
         1.26849786e-02,  6.92344060e-01,  2.55839416e+00,
         8.03242963e-01,  1.36429182e+00],
       [ 2.58745550e+00,  3.65193375e-01,  2.61915452e-01,
         1.36312312e-02,  6.86498526e-01,  2.55934042e+00,
         7.97397429e-01,  1.36523807e+00],
       [ 2.58133239e+00,  3.64555791e-01,  2.55792342e-01,
         1.29936478e-02,  6.80375415e-01,  2.55870283e+00,
         7.91274318e-01,  1.36460048e+00],
       [ 2.57392450e+00,  3.64449049e-01,  2.48384453e-01,
         1.28869061e-02,  6.72967526e-01,  2.55859609e+00,
         7.83866429e-01,  1.36449374e+00],
       [ 2.56628861e+00,  3.62832349e-01,  2.40748564e-01,
         1.12702060e-02,  6.65331638e-01,  2.55697939e+00,
         7.76230541e-01,  1.36287704e+00],
       [ 2.55749017e+00,  3.61637072e-01,  2.31950124e-01,
         1.00749289e-02,  6.56533197e-01,  2.55578411e+00,
         7.67432100e-01,  1.36168177e+00],
       [ 2.54806222e+00,  3.59890784e-01,  2.22522179e-01,
         8.32864045e-03,  6.47105252e-01,  2.55403782e+00,
         7.58004155e-01,  1.35993548e+00],
       [ 2.53810450e+00,  3.57445575e-01,  2.12564458e-01,
         5.88343118e-03,  6.37147531e-01,  2.55159262e+00,
         7.48046434e-01,  1.35749027e+00],
       [ 2.52718250e+00,  3.55286878e-01,  2.01642453e-01,
         3.72473478e-03,  6.26225527e-01,  2.54943392e+00,
         7.37124429e-01,  1.35533157e+00],
       [ 2.51614094e+00,  3.51659117e-01,  1.90600900e-01,
         9.69740982e-05,  6.15183973e-01,  2.54580616e+00,
         7.26082876e-01,  1.35170381e+00],
       [ 2.50429850e+00,  3.48112135e-01,  1.78758454e-01,
        -3.45000849e-03,  6.03341527e-01,  2.54225918e+00,
         7.14240430e-01,  1.34815683e+00],
       [ 2.49223085e+00,  3.43507839e-01,  1.66690801e-01,
        -8.05430423e-03,  5.91273875e-01,  2.53765488e+00,
         7.02172778e-01,  1.34355253e+00],
       [ 2.47938310e+00,  3.39038663e-01,  1.53843051e-01,
        -1.25234807e-02,  5.78426125e-01,  2.53318570e+00,
         6.89325028e-01,  1.33908336e+00],
       [ 2.46632395e+00,  3.33689880e-01,  1.40783907e-01,
        -1.78722638e-02,  5.65366981e-01,  2.52783692e+00,
         6.76265884e-01,  1.33373457e+00],
       [ 2.45252615e+00,  3.28437530e-01,  1.26986104e-01,
        -2.31246136e-02,  5.51569177e-01,  2.52258457e+00,
         6.62468080e-01,  1.32848222e+00],
       [ 2.43860113e+00,  3.22324504e-01,  1.13061083e-01,
        -2.92376391e-02,  5.37644157e-01,  2.51647155e+00,
         6.48543060e-01,  1.32236920e+00],
       [ 2.42405764e+00,  3.16152371e-01,  9.85175951e-02,
        -3.54097724e-02,  5.23100669e-01,  2.51029941e+00,
         6.33999571e-01,  1.31619706e+00],
       [ 2.40939619e+00,  3.09245138e-01,  8.38561480e-02,
        -4.23170050e-02,  5.08439221e-01,  2.50339218e+00,
         6.19338124e-01,  1.30928983e+00],
       [ 2.39356106e+00,  3.02988876e-01,  6.80210166e-02,
        -4.85732676e-02,  4.92604090e-01,  2.49713592e+00,
         6.03502993e-01,  1.30303357e+00],
       [ 2.37814531e+00,  2.95354886e-01,  5.26052656e-02,
        -5.62072570e-02,  4.77188339e-01,  2.48950193e+00,
         5.88087242e-01,  1.29539958e+00],
       [ 2.36241229e+00,  2.87353061e-01,  3.68722499e-02,
        -6.42090826e-02,  4.61455323e-01,  2.48150010e+00,
         5.72354226e-01,  1.28739775e+00],
       [ 2.34629203e+00,  2.79078027e-01,  2.07519863e-02,
        -7.24841165e-02,  4.45335060e-01,  2.47322507e+00,
         5.56233963e-01,  1.27912272e+00],
       [ 2.33020238e+00,  2.70091269e-01,  4.66233595e-03,
        -8.14708747e-02,  4.29245409e-01,  2.46423831e+00,
         5.40144312e-01,  1.27013596e+00],
       [ 2.31376582e+00,  2.60834521e-01, -1.17742189e-02,
        -9.07276220e-02,  4.12808855e-01,  2.45498156e+00,
         5.23707757e-01,  1.26087921e+00],
       [ 2.29722341e+00,  2.51077778e-01, -2.83166298e-02,
        -1.00484365e-01,  3.96266444e-01,  2.44522482e+00,
         5.07165347e-01,  1.25112247e+00],
       [ 2.28055689e+00,  2.40865605e-01, -4.49831507e-02,
        -1.10696539e-01,  3.79599923e-01,  2.43501265e+00,
         4.90498826e-01,  1.24091030e+00],
       [ 2.26376554e+00,  2.30217736e-01, -6.17745035e-02,
        -1.21344407e-01,  3.62808570e-01,  2.42436478e+00,
         4.73707473e-01,  1.23026243e+00],
       [ 2.24694100e+00,  2.19078264e-01, -7.85990444e-02,
        -1.32483879e-01,  3.45984029e-01,  2.41322531e+00,
         4.56882932e-01,  1.21912296e+00],
       [ 2.22907278e+00,  2.08231200e-01, -9.64672671e-02,
        -1.43330944e-01,  3.28115806e-01,  2.40237824e+00,
         4.39014709e-01,  1.20827589e+00],
       [ 2.21210180e+00,  1.96181991e-01, -1.13438239e-01,
        -1.55380152e-01,  3.11144834e-01,  2.39032903e+00,
         4.22043737e-01,  1.19622668e+00],
       [ 2.19444533e+00,  1.84188178e-01, -1.31094709e-01,
        -1.67373965e-01,  2.93488364e-01,  2.37833522e+00,
         4.04387267e-01,  1.18423287e+00],
       [ 2.17754067e+00,  1.71156612e-01, -1.47999375e-01,
        -1.80405532e-01,  2.76583698e-01,  2.36530365e+00,
         3.87482601e-01,  1.17120130e+00],
       [ 2.16040466e+00,  1.57873402e-01, -1.65135380e-01,
        -1.93688741e-01,  2.59447693e-01,  2.35202044e+00,
         3.70346596e-01,  1.15791810e+00],
       [ 2.14361604e+00,  1.43949152e-01, -1.81924003e-01,
        -2.07612991e-01,  2.42659071e-01,  2.33809619e+00,
         3.53557973e-01,  1.14399385e+00],
       [ 2.12664923e+00,  1.29757604e-01, -1.98890813e-01,
        -2.21804540e-01,  2.25692260e-01,  2.32390464e+00,
         3.36591163e-01,  1.12980230e+00],
       [ 2.10976545e+00,  1.15137111e-01, -2.15774594e-01,
        -2.36425033e-01,  2.08808480e-01,  2.30928415e+00,
         3.19707383e-01,  1.11518180e+00],
       [ 2.09331953e+00,  9.99241249e-02, -2.32220518e-01,
        -2.51638018e-01,  1.92362556e-01,  2.29407117e+00,
         3.03261459e-01,  1.09996882e+00],
       [ 2.07610597e+00,  8.47268879e-02, -2.49434073e-01,
        -2.66835255e-01,  1.75149001e-01,  2.27887393e+00,
         2.86047904e-01,  1.08477158e+00],
       [ 2.05834902e+00,  6.94408027e-02, -2.67191024e-01,
        -2.82121341e-01,  1.57392050e-01,  2.26358784e+00,
         2.68290953e-01,  1.06948550e+00],
       [ 2.04132566e+00,  5.48761372e-02, -2.84214385e-01,
        -2.96686006e-01,  1.40368689e-01,  2.24902318e+00,
         2.51267591e-01,  1.05492083e+00],
       [ 2.02468772e+00,  4.09321793e-02, -3.00852329e-01,
        -3.10629964e-01,  1.23730745e-01,  2.23507922e+00,
         2.34629648e-01,  1.04097687e+00],
       [ 2.00928801e+00,  2.63376715e-02, -3.16252035e-01,
        -3.25224472e-01,  1.08331039e-01,  2.22048471e+00,
         2.19229941e-01,  1.02638236e+00],
       [ 1.99452196e+00,  1.13602160e-02, -3.31018082e-01,
        -3.40201927e-01,  9.35649913e-02,  2.20550726e+00,
         2.04463894e-01,  1.01140491e+00],
       [ 1.97863965e+00, -3.31447893e-03, -3.46900398e-01,
        -3.54876622e-01,  7.76826755e-02,  2.19083256e+00,
         1.88581578e-01,  9.96730214e-01],
       [ 1.96293673e+00, -1.84982674e-02, -3.62603312e-01,
        -3.70060411e-01,  6.19797617e-02,  2.17564877e+00,
         1.72878665e-01,  9.81546426e-01],
       [ 1.94673966e+00, -3.36957383e-02, -3.78800379e-01,
        -3.85257882e-01,  4.57826941e-02,  2.16045130e+00,
         1.56681597e-01,  9.66348955e-01],
       [ 1.93034978e+00, -4.90562598e-02, -3.95190266e-01,
        -4.00618403e-01,  2.93928078e-02,  2.14509078e+00,
         1.40291711e-01,  9.50988433e-01],
       [ 1.91386670e+00, -6.46289377e-02, -4.11673340e-01,
        -4.16191081e-01,  1.29097335e-02,  2.12951810e+00,
         1.23808636e-01,  9.35415755e-01],
       [ 1.89725315e+00, -8.03661791e-02, -4.28286896e-01,
        -4.31928322e-01, -3.70382218e-03,  2.11378086e+00,
         1.07195081e-01,  9.19678514e-01],
       [ 1.88047060e+00, -9.62154422e-02, -4.45069443e-01,
        -4.47777586e-01, -2.04863697e-02,  2.09793160e+00,
         9.04125332e-02,  9.03829251e-01],
       [ 1.86348463e+00, -1.12123427e-01, -4.62055409e-01,
        -4.63685570e-01, -3.74723358e-02,  2.08202361e+00,
         7.34265671e-02,  8.87921266e-01],
       [ 1.84626510e+00, -1.28036443e-01, -4.79274941e-01,
        -4.79598587e-01, -5.46918671e-02,  2.06611060e+00,
         5.62070358e-02,  8.72008250e-01],
       [ 1.82878613e+00, -1.43900614e-01, -4.96753914e-01,
        -4.95462758e-01, -7.21708408e-02,  2.05024643e+00,
         3.87280621e-02,  8.56144079e-01],
       [ 1.81103064e+00, -1.59671959e-01, -5.14509408e-01,
        -5.11234103e-01, -8.99263350e-02,  2.03447508e+00,
         2.09725679e-02,  8.40372734e-01],
       [ 1.79304975e+00, -1.75474976e-01, -5.32490299e-01,
        -5.27037120e-01, -1.07907225e-01,  2.01867206e+00,
         2.99167781e-03,  8.24569717e-01],
       [ 1.77479373e+00, -1.91242156e-01, -5.50746313e-01,
        -5.42804299e-01, -1.26163240e-01,  2.00290489e+00,
        -1.52643370e-02,  8.08802537e-01],
       [ 1.75648062e+00, -2.07656034e-01, -5.69059427e-01,
        -5.59218178e-01, -1.44476353e-01,  1.98649101e+00,
        -3.35774505e-02,  7.92388659e-01],
       [ 1.73753204e+00, -2.23076473e-01, -5.88008004e-01,
        -5.74638616e-01, -1.63424930e-01,  1.97107057e+00,
        -5.25260272e-02,  7.76968220e-01],
       [ 1.71845487e+00, -2.38949114e-01, -6.07085173e-01,
        -5.90511258e-01, -1.82502099e-01,  1.95519793e+00,
        -7.16031963e-02,  7.61095579e-01],
       [ 1.69879413e+00, -2.53842128e-01, -6.26745917e-01,
        -6.05404272e-01, -2.02162843e-01,  1.94030491e+00,
        -9.12639403e-02,  7.46202565e-01],
       [ 1.67907062e+00, -2.69416740e-01, -6.46469426e-01,
        -6.20978883e-01, -2.21886353e-01,  1.92473030e+00,
        -1.10987450e-01,  7.30627953e-01],
       [ 1.65884800e+00, -2.84190324e-01, -6.66692046e-01,
        -6.35752467e-01, -2.42108973e-01,  1.90995672e+00,
        -1.31210070e-01,  7.15854369e-01],
       [ 1.63830614e+00, -2.98724354e-01, -6.87233904e-01,
        -6.50286498e-01, -2.62650831e-01,  1.89542269e+00,
        -1.51751928e-01,  7.01320339e-01],
       [ 1.61750316e+00, -3.13204820e-01, -7.08036886e-01,
        -6.64766963e-01, -2.83453812e-01,  1.88094222e+00,
        -1.72554909e-01,  6.86839874e-01],
       [ 1.59631852e+00, -3.27146855e-01, -7.29221526e-01,
        -6.78708999e-01, -3.04638453e-01,  1.86700019e+00,
        -1.93739550e-01,  6.72897838e-01],
       [ 1.57510476e+00, -3.41861981e-01, -7.50435288e-01,
        -6.93424124e-01, -3.25852215e-01,  1.85228506e+00,
        -2.14953312e-01,  6.58182712e-01],
       [ 1.55333035e+00, -3.55323314e-01, -7.72209695e-01,
        -7.06885457e-01, -3.47626622e-01,  1.83882373e+00,
        -2.36727719e-01,  6.44721379e-01],
       [ 1.53156828e+00, -3.69572238e-01, -7.93971761e-01,
        -7.21134382e-01, -3.69388688e-01,  1.82457480e+00,
        -2.58489785e-01,  6.30472455e-01],
       [ 1.50926425e+00, -3.82647481e-01, -8.16275796e-01,
        -7.34209624e-01, -3.91692723e-01,  1.81149956e+00,
        -2.80793820e-01,  6.17397212e-01],
       [ 1.48700067e+00, -3.96482433e-01, -8.38539377e-01,
        -7.48044576e-01, -4.13956303e-01,  1.79766461e+00,
        -3.03057401e-01,  6.03562260e-01],
       [ 1.46431775e+00, -4.09547117e-01, -8.61222298e-01,
        -7.61109260e-01, -4.36639225e-01,  1.78459992e+00,
        -3.25740322e-01,  5.90497576e-01],
       [ 1.44167188e+00, -4.23197395e-01, -8.83868160e-01,
        -7.74759538e-01, -4.59285087e-01,  1.77094965e+00,
        -3.48386184e-01,  5.76847298e-01],
       [ 1.41846825e+00, -4.35744304e-01, -9.07071795e-01,
        -7.87306447e-01, -4.82488722e-01,  1.75840274e+00,
        -3.71589819e-01,  5.64300389e-01],
       [ 1.39541688e+00, -4.49097662e-01, -9.30123168e-01,
        -8.00659805e-01, -5.05540095e-01,  1.74504938e+00,
        -3.94641192e-01,  5.50947031e-01],
       [ 1.37189169e+00, -4.61611018e-01, -9.53648353e-01,
        -8.13173161e-01, -5.29065280e-01,  1.73253602e+00,
        -4.18166377e-01,  5.38433675e-01],
       [ 1.34820816e+00, -4.74083617e-01, -9.77331889e-01,
        -8.25645760e-01, -5.52748815e-01,  1.72006342e+00,
        -4.41849912e-01,  5.25961076e-01],
       [ 1.32430496e+00, -4.86344014e-01, -1.00123508e+00,
        -8.37906157e-01, -5.76652011e-01,  1.70780303e+00,
        -4.65753108e-01,  5.13700679e-01],
       [ 1.30062380e+00, -4.99493473e-01, -1.02491624e+00,
        -8.51055616e-01, -6.00333168e-01,  1.69465357e+00,
        -4.89434265e-01,  5.00551220e-01],
       [ 1.27661841e+00, -5.12130625e-01, -1.04892164e+00,
        -8.63692769e-01, -6.24338565e-01,  1.68201642e+00,
        -5.13439662e-01,  4.87914068e-01],
       [ 1.25274063e+00, -5.25279379e-01, -1.07279942e+00,
        -8.76841522e-01, -6.48216343e-01,  1.66886766e+00,
        -5.37317440e-01,  4.74765314e-01],
       [ 1.22839227e+00, -5.37672008e-01, -1.09714777e+00,
        -8.89234151e-01, -6.72564696e-01,  1.65647503e+00,
        -5.61665793e-01,  4.62372685e-01]]), 'data_points': 600}, 8: {'r2': -8.44845962524414, 'mse': 0.4039056788185639, 'train_losses': [1.33001708984375, 1.2740368843078613, 1.2177082300186157, 1.1595244407653809, 1.0985524654388428, 1.0342763662338257, 0.96675705909729, 0.896384060382843, 0.8240950107574463, 0.7516055703163147, 0.6813377737998962, 0.6158627867698669, 0.5581734776496887, 0.5110954642295837, 0.4762573838233948, 0.45335784554481506, 0.4393610954284668, 0.42923504114151, 0.4175814688205719, 0.40145841240882874, 0.38083305954933167, 0.35664889216423035, 0.3315314054489136, 0.3076692223548889, 0.28666290640830994, 0.26947587728500366, 0.25585201382637024, 0.24502302706241608, 0.23584572970867157, 0.22722679376602173], 'test_losses': [1.562715768814087, 1.5031657218933105, 1.4427179098129272, 1.3802375793457031, 1.3142231702804565, 1.2442810535430908, 1.1705538034439087, 1.0930942296981812, 1.0122648477554321, 0.9289973974227905, 0.8455412983894348, 0.7637494206428528, 0.6861957907676697, 0.6154301762580872, 0.5543050169944763, 0.5042133927345276, 0.465122252702713, 0.434895396232605, 0.41098833084106445, 0.3912089765071869, 0.37485024333000183, 0.36211109161376953, 0.3538506329059601, 0.35059547424316406, 0.3525533080101013, 0.3590303659439087, 0.36892399191856384, 0.3806861639022827, 0.39271560311317444, 0.4039057195186615], 'predictions': array([[ 0.80289495,  0.18328205, -1.6707256 , -0.64679   , -0.42447162,
         0.32076147,  0.05036812, -0.7662161 ],
       [ 0.7900338 ,  0.19401674, -1.7633116 , -0.7528855 , -0.44593063,
         0.2633747 ,  0.09469617, -0.91016304],
       [ 0.8103811 ,  0.21014757, -1.8093549 , -0.6878671 , -0.50367296,
         0.39547536,  0.06681915, -0.7543139 ],
       [ 0.8119414 ,  0.1849231 , -1.6962535 , -0.6601029 , -0.43422702,
         0.3233195 ,  0.03627035, -0.7911229 ],
       [ 0.795801  ,  0.19247492, -1.7625102 , -0.76267207, -0.44043052,
         0.24977012,  0.07457691, -0.9375083 ],
       [ 0.8120923 ,  0.20564437, -1.8499086 , -0.717045  , -0.51854396,
         0.3951427 ,  0.05715332, -0.78799146],
       [ 0.8073381 ,  0.17968222, -1.7631981 , -0.7008621 , -0.45726326,
         0.32119992,  0.03002825, -0.8411949 ],
       [ 0.7908897 ,  0.19902924, -1.8515512 , -0.8052455 , -0.47506335,
         0.2649725 ,  0.06840058, -0.9713422 ],
       [ 0.8061369 ,  0.19458002, -1.9039407 , -0.7575828 , -0.53347653,
         0.38702655,  0.05275075, -0.84629667],
       [ 0.812651  ,  0.19565366, -1.93198   , -0.77441555, -0.5443348 ,
         0.39098382,  0.06307077, -0.8598016 ],
       [ 0.81292075,  0.18442623, -1.9333218 , -0.78222597, -0.5345886 ,
         0.37506303,  0.05932569, -0.8891222 ],
       [ 0.8172929 ,  0.20304519, -1.9578456 , -0.79494977, -0.5526102 ,
         0.3943288 ,  0.07775287, -0.85744387],
       [ 0.82070005,  0.15814134, -1.8940485 , -0.78265345, -0.49552935,
         0.32608318,  0.03668078, -0.9422268 ],
       [ 0.8030904 ,  0.1839478 , -1.9745578 , -0.87172824, -0.5131981 ,
         0.28028038,  0.07198085, -1.0369097 ],
       [ 0.81958234,  0.17639598, -2.0090349 , -0.8283415 , -0.565333  ,
         0.39817575,  0.06151908, -0.92196906],
       [ 0.8848456 ,  0.13840398, -1.9598992 , -0.86232543, -0.46458986,
         0.21910821,  0.07591711, -1.1415064 ],
       [ 0.7992146 ,  0.16842197, -2.0465672 , -0.8766016 , -0.55428386,
         0.3584616 ,  0.05338935, -0.9917028 ],
       [ 0.82199585,  0.1641347 , -2.0509524 , -0.85926574, -0.5789519 ,
         0.4069032 ,  0.06064518, -0.94931376],
       [ 0.8276432 ,  0.16674933, -2.0606058 , -0.86470187, -0.5855285 ,
         0.41352624,  0.07083   , -0.9456859 ],
       [ 0.8366291 ,  0.14404504, -2.0703301 , -0.87953925, -0.57545686,
         0.39857045,  0.07388044, -0.9839615 ],
       [ 0.82096404,  0.1352952 , -2.0933251 , -0.91628444, -0.5543175 ,
         0.33497348,  0.06728473, -1.0674732 ],
       [ 0.82096404,  0.1352952 , -2.0933251 , -0.91628444, -0.5543175 ,
         0.33497348,  0.06728473, -1.0674732 ],
       [ 0.82096404,  0.1352952 , -2.0933251 , -0.91628444, -0.5543175 ,
         0.33497348,  0.06728473, -1.0674732 ],
       [ 0.82096404,  0.1352952 , -2.0933251 , -0.91628444, -0.5543175 ,
         0.33497348,  0.06728473, -1.0674732 ],
       [ 0.82096404,  0.1352952 , -2.0933251 , -0.91628444, -0.5543175 ,
         0.33497348,  0.06728473, -1.0674732 ],
       [ 0.8164506 ,  0.17549993, -2.0816698 , -0.8883627 , -0.59576577,
         0.41577005,  0.07246122, -0.9416227 ],
       [ 0.8686864 ,  0.08635277, -2.0932453 , -0.90439   , -0.5493959 ,
         0.3462496 ,  0.04613158, -1.0849403 ],
       [ 0.8433664 ,  0.13751908, -2.1575708 , -0.96500206, -0.5684927 ,
         0.30965462,  0.08160952, -1.1395382 ],
       [ 0.8321387 ,  0.1487047 , -2.1293695 , -0.9166935 , -0.61077464,
         0.4348318 ,  0.06373344, -0.9792446 ],
       [ 0.8880592 ,  0.06724235, -2.1465755 , -0.9448097 , -0.56108886,
         0.33712125,  0.07036299, -1.1414442 ],
       [ 0.85720676,  0.10947293, -2.1779723 , -0.9861768 , -0.569381  ,
         0.29807436,  0.10409576, -1.1839142 ],
       [ 0.8943129 ,  0.09341276, -2.1992624 , -0.9846834 , -0.5658387 ,
         0.29295856,  0.08822595, -1.2229683 ],
       [ 0.87082326,  0.10736661, -2.248463  , -1.0072649 , -0.6003383 ,
         0.34390894,  0.06419504, -1.1914736 ],
       [ 0.98182887,  0.04917515, -2.289636  , -1.0375223 , -0.5704996 ,
         0.30622196,  0.07993404, -1.3409058 ],
       [ 0.887076  ,  0.08942582, -2.2665992 , -1.0271329 , -0.60234493,
         0.33578828,  0.08043072, -1.2242494 ],
       [ 0.88336354,  0.08021466, -2.220522  , -1.0005019 , -0.6110642 ,
         0.4364766 ,  0.06453889, -1.0858355 ],
       [ 1.0317578 ,  0.00711376, -2.3232372 , -1.0897616 , -0.5782316 ,
         0.25842485,  0.16899405, -1.3999842 ],
       [ 0.9512713 ,  0.03786224, -2.1570399 , -1.0516995 , -0.5275368 ,
         0.22309051,  0.1743149 , -1.2733754 ],
       [ 0.95315677,  0.08773638, -1.9873916 , -0.97250617, -0.48074487,
         0.15517011,  0.22856215, -1.1234648 ],
       [ 0.7216805 ,  0.24162582, -1.858043  , -0.7233077 , -0.5213764 ,
         0.31229052,  0.13251306, -0.7794606 ],
       [ 0.66598445,  0.3487027 , -1.6523036 , -0.49911675, -0.5149983 ,
         0.41680652,  0.04024632, -0.46635792],
       [ 0.63957334,  0.37332493, -1.5698853 , -0.41882268, -0.5144998 ,
         0.4414039 ,  0.023777  , -0.37864676],
       [ 0.6511911 ,  0.3706767 , -1.5411686 , -0.40157124, -0.5014133 ,
         0.44425613,  0.02219987, -0.36002192],
       [ 0.67176515,  0.36429292, -1.529654  , -0.397908  , -0.4862186 ,
         0.4423756 ,  0.02441256, -0.35797673],
       [ 0.7032028 ,  0.35386303, -1.5166543 , -0.39932638, -0.46535143,
         0.4359066 ,  0.02698431, -0.3631272 ],
       [ 0.73247004,  0.34873113, -1.5026834 , -0.4040585 , -0.4429886 ,
         0.41889855,  0.03446392, -0.3783732 ],
       [ 0.76058906,  0.34217873, -1.5107276 , -0.4215262 , -0.4238543 ,
         0.40633813,  0.04548624, -0.39719468],
       [ 0.78844154,  0.33424136, -1.5594314 , -0.4572164 , -0.41811514,
         0.3984345 ,  0.06113044, -0.42524529],
       [ 0.8115464 ,  0.32736728, -1.612605  , -0.49697667, -0.41485697,
         0.3895274 ,  0.07729512, -0.4548116 ],
       [ 0.83222586,  0.3155346 , -1.6589255 , -0.53621405, -0.4104032 ,
         0.38027596,  0.09329633, -0.48376736],
       [ 0.8520727 ,  0.3099261 , -1.6959727 , -0.5622669 , -0.41254696,
         0.375476  ,  0.11433022, -0.50648546],
       [ 0.86115515,  0.30551475, -1.7278208 , -0.5836208 , -0.4212983 ,
         0.36130422,  0.13588841, -0.5343966 ],
       [ 0.87522256,  0.31633088, -1.7640084 , -0.6053008 , -0.43187416,
         0.34559768,  0.16720594, -0.5675748 ],
       [ 0.8928278 ,  0.33399475, -1.8057734 , -0.6233344 , -0.44219652,
         0.32979092,  0.21219464, -0.60508746],
       [ 0.9245887 ,  0.34994057, -1.8671843 , -0.6478968 , -0.45504552,
         0.31963742,  0.27784795, -0.65862215],
       [ 0.9481818 ,  0.37967384, -1.8744048 , -0.6302649 , -0.46298125,
         0.31136423,  0.32844844, -0.6820908 ],
       [ 0.97168183,  0.43287304, -1.887763  , -0.60022944, -0.48625293,
         0.31026778,  0.3788718 , -0.6925772 ],
       [ 1.0064131 ,  0.48055276, -1.9019594 , -0.57482773, -0.5040897 ,
         0.3114618 ,  0.4298845 , -0.70582473],
       [ 1.0608741 ,  0.5066021 , -1.9449233 , -0.5739514 , -0.5132136 ,
         0.31587347,  0.49241063, -0.74178594],
       [ 1.1015308 ,  0.48558035, -1.9072291 , -0.56804293, -0.48096767,
         0.2770764 ,  0.5313135 , -0.7522301 ],
       [ 1.1336826 ,  0.44489154, -1.8217424 , -0.5617437 , -0.42727047,
         0.23985444,  0.54287666, -0.74891984],
       [ 1.1782318 ,  0.39893284, -1.7795223 , -0.5920289 , -0.3841586 ,
         0.21216054,  0.56263494, -0.7865792 ],
       [ 1.2174481 ,  0.327782  , -1.8154193 , -0.66208714, -0.36768502,
         0.18046546,  0.6038632 , -0.88287914],
       [ 1.2478393 ,  0.25073415, -1.8524717 , -0.7372483 , -0.36289415,
         0.15859096,  0.6251747 , -0.970582  ],
       [ 1.2754962 ,  0.16860016, -1.8874488 , -0.810277  , -0.35444134,
         0.14593102,  0.6423816 , -1.0576192 ],
       [ 1.3071116 ,  0.1095807 , -1.9074302 , -0.8550415 , -0.33082664,
         0.13802296,  0.64953965, -1.1305193 ],
       [ 1.3059283 ,  0.08785108, -1.924448  , -0.87823135, -0.33868888,
         0.15816665,  0.6207058 , -1.1435469 ],
       [ 1.28058   ,  0.07891149, -1.9271754 , -0.8919896 , -0.35755488,
         0.19176091,  0.5566919 , -1.1325431 ],
       [ 1.2661237 ,  0.06380235, -1.9866561 , -0.92460203, -0.3893487 ,
         0.22262695,  0.5184932 , -1.1576388 ],
       [ 1.2850937 ,  0.10136449, -2.0798395 , -0.90736765, -0.4706973 ,
         0.33121392,  0.4922618 , -1.0916004 ],
       [ 1.1704177 ,  0.16211   , -2.0790846 , -0.87322164, -0.52109516,
         0.39382297,  0.37818125, -0.9895369 ],
       [ 1.085903  ,  0.11049385, -2.0016773 , -0.8521145 , -0.4838916 ,
         0.38059855,  0.2678558 , -0.94350773],
       [ 1.075202  ,  0.06481576, -1.9614333 , -0.83569956, -0.42604607,
         0.3433702 ,  0.23621343, -0.971509  ],
       [ 0.948321  ,  0.28564957, -2.0398576 , -0.7739598 , -0.6248467 ,
         0.5655112 ,  0.12407999, -0.72628826],
       [ 0.92420524,  0.21133927, -1.9670727 , -0.76173425, -0.55706847,
         0.54690963,  0.03922249, -0.67142975],
       [ 0.9138718 ,  0.19031648, -2.0825922 , -0.8214612 , -0.60879236,
         0.5555845 ,  0.06880552, -0.7911613 ],
       [ 0.87931603,  0.20378709, -2.0028257 , -0.7700179 , -0.59079385,
         0.5819006 , -0.01531394, -0.65600985],
       [ 0.87961817,  0.17962213, -2.1061594 , -0.83261704, -0.6295743 ,
         0.5845581 ,  0.01561847, -0.7765447 ],
       [ 0.85078907,  0.1926236 , -2.0385518 , -0.7869818 , -0.6293555 ,
         0.6236438 , -0.06509764, -0.6399652 ],
       [ 0.85092443,  0.17142564, -2.111248  , -0.8361601 , -0.64785105,
         0.60200197, -0.02145387, -0.75342584],
       [ 0.825323  ,  0.18337558, -2.0619159 , -0.7963526 , -0.6624511 ,
         0.6580964 , -0.1105272 , -0.6195382 ],
       [ 0.8266534 ,  0.16430916, -2.111154  , -0.8362946 , -0.6626889 ,
         0.61772346, -0.05462087, -0.72846675],
       [ 0.8066936 ,  0.1774429 , -2.077912  , -0.7976797 , -0.689675  ,
         0.6839817 , -0.14102991, -0.59619695],
       [ 0.80895424,  0.15926886, -2.109717  , -0.83432627, -0.67484593,
         0.6332524 , -0.08248662, -0.70320374],
       [ 0.7905023 ,  0.17144209, -2.0882623 , -0.79688406, -0.7139577 ,
         0.7095169 , -0.16982199, -0.5705126 ],
       [ 0.7904736 ,  0.15460657, -2.1053236 , -0.8300792 , -0.69024223,
         0.65310585, -0.11172539, -0.6693588 ],
       [ 0.77627534,  0.16335854, -2.0919294 , -0.793291  , -0.73632896,
         0.73289037, -0.19714428, -0.5422981 ],
       [ 0.7724145 ,  0.1530325 , -2.0972002 , -0.82058406, -0.7067017 ,
         0.67518854, -0.14068381, -0.6287735 ],
       [ 0.75590056,  0.14381284, -2.0782285 , -0.7873344 , -0.71802884,
         0.7055697 , -0.21789598, -0.57599795],
       [ 0.7524994 ,  0.15374638, -2.0810416 , -0.80520576, -0.7225743 ,
         0.69744956, -0.17075855, -0.5805913 ],
       [ 0.7559946 ,  0.16024059, -2.0881922 , -0.7774065 , -0.78788555,
         0.7930471 , -0.24382594, -0.45870805],
       [ 0.7293231 ,  0.15377371, -2.050242  , -0.78036827, -0.7403505 ,
         0.7193943 , -0.20433705, -0.5175634 ],
       [ 0.7539887 ,  0.16374408, -2.0708184 , -0.75941545, -0.81484735,
         0.82823026, -0.2638906 , -0.39364502],
       [ 0.70300984,  0.15768184, -2.0050716 , -0.7419753 , -0.7605086 ,
         0.7433495 , -0.23997684, -0.43753558],
       [ 0.7838213 ,  0.19838   , -2.052399  , -0.7255316 , -0.84978163,
         0.88901603, -0.2635248 , -0.28569114],
       [ 0.6875584 ,  0.15081714, -1.9266672 , -0.68850756, -0.664602  ,
         0.6711424 , -0.2511233 , -0.46382383],
       [ 0.66064006,  0.16198915, -1.905124  , -0.6615966 , -0.7745183 ,
         0.7658418 , -0.28439617, -0.3018    ],
       [ 0.7930513 ,  0.20806143, -2.0092523 , -0.6727477 , -0.8398661 ,
         0.9060307 , -0.2553908 , -0.20540774],
       [ 0.79652333,  0.21359983, -2.0081556 , -0.6656631 , -0.8318907 ,
         0.8984374 , -0.23359975, -0.2006416 ],
       [ 0.7737271 ,  0.20305829, -1.9717351 , -0.65263265, -0.80965894,
         0.8719587 , -0.23218814, -0.19584166],
       [ 0.7384742 ,  0.1930394 , -1.9136038 , -0.62617564, -0.77882063,
         0.8208089 , -0.22221366, -0.19634561],
       [ 0.68984497,  0.19876555, -1.836469  , -0.58687985, -0.7225782 ,
         0.6992897 , -0.19183628, -0.23251964],
       [ 0.6249178 ,  0.22321291, -1.8082738 , -0.5647607 , -0.6845292 ,
         0.5680814 , -0.03810077, -0.27980125],
       [ 0.6008099 ,  0.25865293, -1.775593  , -0.5531824 , -0.6371815 ,
         0.46508694,  0.04826548, -0.32190856],
       [ 0.6031732 ,  0.2830411 , -1.8486582 , -0.59235626, -0.6614553 ,
         0.46662596,  0.1225253 , -0.37762803],
       [ 0.63213825,  0.26096302, -1.9247334 , -0.6285159 , -0.6751394 ,
         0.4063893 ,  0.1822894 , -0.4890379 ],
       [ 0.682896  ,  0.40191698, -2.0924275 , -0.6442879 , -0.74849343,
         0.47279617,  0.3161744 , -0.50905925],
       [ 0.7309109 ,  0.33876285, -2.0964386 , -0.658741  , -0.7567923 ,
         0.43006256,  0.32549492, -0.5855207 ],
       [ 0.7178418 ,  0.4588795 , -2.1914105 , -0.6531071 , -0.83064115,
         0.5142422 ,  0.377393  , -0.52068037],
       [ 0.7467647 ,  0.4273766 , -2.1914036 , -0.6539438 , -0.8897317 ,
         0.6580724 ,  0.29415515, -0.3835289 ],
       [ 0.73169005,  0.47464025, -2.2806807 , -0.68427885, -0.87832314,
         0.53402835,  0.40994373, -0.5499538 ],
       [ 0.7263568 ,  0.38995492, -2.2774167 , -0.7063636 , -0.82407707,
         0.4401632 ,  0.42261103, -0.6299956 ],
       [ 0.76254463,  0.5145375 , -2.3443236 , -0.6882151 , -0.89078814,
         0.5386133 ,  0.44108042, -0.5777532 ],
       [ 0.74763185,  0.3778719 , -2.308439  , -0.71958435, -0.817577  ,
         0.42005455,  0.44315466, -0.6749547 ],
       [ 0.7887135 ,  0.5321523 , -2.38195   , -0.69421345, -0.8943843 ,
         0.53579545,  0.46249247, -0.6032657 ],
       [ 0.79716533,  0.4899596 , -2.3105366 , -0.6809629 , -0.8944386 ,
         0.6207568 ,  0.38164955, -0.4872879 ],
       [ 0.8065997 ,  0.51757324, -2.3888102 , -0.7025724 , -0.90476197,
         0.57754827,  0.42815116, -0.5707525 ],
       [ 0.747882  ,  0.38157022, -2.306789  , -0.72757787, -0.8010732 ,
         0.42280188,  0.4470784 , -0.68769306],
       [ 0.78279114,  0.4754536 , -2.3750737 , -0.719079  , -0.8628462 ,
         0.54674065,  0.43169373, -0.6309092 ],
       [ 0.797771  ,  0.4358962 , -2.3047764 , -0.70281684, -0.8536267 ,
         0.6250835 ,  0.34954572, -0.50404555]], dtype=float32), 'ground_truth': array([[ 6.89775515e-01,  9.79566328e-01, -2.49848459e+00,
        -3.27182476e-01, -1.46103617e+00,  5.21651175e-01,
         1.04246609e+00, -3.37833848e-01],
       [ 6.74472839e-01,  9.59546775e-01, -2.51378727e+00,
        -3.47202029e-01, -1.47633885e+00,  5.01631622e-01,
         1.02716341e+00, -3.57853400e-01],
       [ 6.58679080e-01,  9.39903507e-01, -2.52958103e+00,
        -3.66845297e-01, -1.49213260e+00,  4.81988353e-01,
         1.01136965e+00, -3.77496669e-01],
       [ 6.42791108e-01,  9.19795788e-01, -2.54546900e+00,
        -3.86953016e-01, -1.50802058e+00,  4.61880634e-01,
         9.95481679e-01, -3.97604388e-01],
       [ 6.25995710e-01,  9.01008527e-01, -2.56226440e+00,
        -4.05740277e-01, -1.52481597e+00,  4.43093373e-01,
         9.78686280e-01, -4.16391649e-01],
       [ 6.09328100e-01,  8.81318205e-01, -2.57893201e+00,
        -4.25430599e-01, -1.54148358e+00,  4.23403051e-01,
         9.62018671e-01, -4.36081971e-01],
       [ 5.91889278e-01,  8.62706424e-01, -2.59637083e+00,
        -4.44042379e-01, -1.55892241e+00,  4.04791271e-01,
         9.44579849e-01, -4.54693751e-01],
       [ 5.74236865e-01,  8.43988562e-01, -2.61402324e+00,
        -4.62760242e-01, -7.95389396e-01,  1.40847044e+00,
         9.26927435e-01, -4.73411614e-01],
       [ 5.56323717e-01,  8.25290509e-01, -2.63193639e+00,
        -4.81458295e-01, -8.13302544e-01,  1.38977239e+00,
         9.09014288e-01, -4.92109667e-01],
       [ 5.37787189e-01,  8.07397264e-01, -2.65047292e+00,
        -4.99351540e-01, -8.31839071e-01,  1.37187915e+00,
         8.90477760e-01, -5.10002912e-01],
       [ 5.19043647e-01,  7.89450139e-01, -2.66921646e+00,
        -5.17298665e-01, -8.50582613e-01,  1.35393202e+00,
         8.71734218e-01, -5.27950037e-01],
       [ 4.99828156e-01,  7.72047555e-01, -2.68843195e+00,
        -5.34701249e-01, -8.69798105e-01,  1.33652944e+00,
         8.52518727e-01, -5.45352620e-01],
       [ 4.80599690e-01,  7.54172276e-01, -2.70766042e+00,
        -5.52576528e-01, -8.89026570e-01,  1.31865416e+00,
         8.33290261e-01, -5.63227899e-01],
       [ 4.61221856e-01,  7.36189791e-01, -2.72703825e+00,
        -5.70559013e-01, -9.08404404e-01,  1.30067167e+00,
         8.13912427e-01, -5.81210385e-01],
       [ 4.40995296e-01,  7.19581685e-01, -2.74726481e+00,
        -5.87167119e-01, -9.28630965e-01,  1.28406357e+00,
         7.93685867e-01, -5.97818490e-01],
       [ 4.21027336e-01,  7.02014172e-01, -2.76723277e+00,
        -6.04734632e-01, -9.48598925e-01,  1.26649605e+00,
         7.73717907e-01, -6.15386004e-01],
       [ 4.00560611e-01,  6.85117744e-01, -2.78769950e+00,
        -6.21631060e-01, -9.69065650e-01,  1.24959963e+00,
         7.53251181e-01, -6.32282432e-01],
       [ 3.79493962e-01,  6.69122446e-01, -2.80876614e+00,
        -6.37626358e-01, -9.90132299e-01,  1.23360433e+00,
         7.32184533e-01, -6.48277730e-01],
       [ 3.58766056e-01,  6.52015739e-01, -2.82949405e+00,
        -6.54733065e-01, -1.01086020e+00,  1.21649762e+00,
         7.11456626e-01, -6.65384436e-01],
       [ 3.37677905e-01,  6.35349158e-01, -2.85058220e+00,
        -6.71399646e-01, -1.03194836e+00,  1.19983104e+00,
         6.90368476e-01, -6.82051018e-01],
       [ 3.16676565e-01,  6.18238738e-01, -2.87158354e+00,
        -6.88510066e-01, -1.05294970e+00,  1.18272062e+00,
         6.69367135e-01, -6.99161437e-01],
       [ 2.94880166e-01,  6.02360441e-01, -2.89337994e+00,
        -7.04388363e-01, -1.07474609e+00,  1.16684232e+00,
         6.47570737e-01, -7.15039734e-01],
       [ 2.73410706e-01,  5.85629984e-01, -2.91484940e+00,
        -7.21118820e-01, -1.09621555e+00,  1.15011187e+00,
         6.26101277e-01, -7.31770192e-01],
       [ 2.51410654e-01,  5.69617476e-01, -2.93684945e+00,
        -7.37131328e-01, -1.11821561e+00,  1.13409936e+00,
         6.04101225e-01, -7.47782700e-01],
       [ 2.28940934e-01,  5.54224015e-01, -2.95931917e+00,
        -7.52524789e-01, -1.14068533e+00,  1.11870590e+00,
         5.81631505e-01, -7.63176161e-01],
       [ 2.07251609e-01,  5.37867197e-01, -2.98100850e+00,
        -7.68881607e-01, -1.16237465e+00,  1.10234908e+00,
         5.59942179e-01, -7.79532978e-01],
       [ 1.86985370e-01,  5.21931631e-01, -3.00127474e+00,
        -7.84817173e-01, -1.18264089e+00,  1.08641351e+00,
         5.39675941e-01, -7.95468545e-01],
       [ 1.68500354e-01,  5.07232262e-01, -3.01975975e+00,
        -7.99516542e-01, -1.20112591e+00,  1.07171414e+00,
         5.21190924e-01, -8.10167914e-01],
       [ 1.51679511e-01,  4.93798148e-01, -3.03658060e+00,
        -8.12950656e-01, -1.21794675e+00,  1.05828003e+00,
         5.04370081e-01, -8.23602027e-01],
       [ 1.36415277e-01,  4.81638984e-01, -3.05184483e+00,
        -8.25109820e-01, -1.23321098e+00,  1.04612087e+00,
         4.89105848e-01, -8.35761191e-01],
       [ 1.22601152e-01,  4.70760749e-01, -3.06565896e+00,
        -8.35988055e-01, -1.24702511e+00,  1.03524263e+00,
         4.75291722e-01, -8.46639426e-01],
       [ 1.10131460e-01,  4.61166233e-01, -3.07812865e+00,
        -8.45582571e-01, -1.25949480e+00,  1.02564811e+00,
         4.62822030e-01, -8.56233943e-01],
       [ 9.89014902e-02,  4.52854980e-01, -3.08935862e+00,
        -8.53893824e-01, -1.27072477e+00,  1.01733686e+00,
         4.51592061e-01, -8.64545196e-01],
       [ 8.88076591e-02,  4.45823230e-01, -3.09945245e+00,
        -8.60925574e-01, -1.28081860e+00,  1.01030511e+00,
         4.41498230e-01, -8.71576946e-01],
       [ 7.97476759e-02,  4.40063870e-01, -3.10851243e+00,
        -8.66684934e-01, -1.28987858e+00,  1.00454575e+00,
         4.32438247e-01, -8.77336306e-01],
       [ 7.16207153e-02,  4.35566403e-01, -3.11663939e+00,
        -8.71182401e-01, -1.29800555e+00,  1.00004828e+00,
         4.24311286e-01, -8.81833773e-01],
       [ 6.43275927e-02,  4.32316937e-01, -3.12393251e+00,
        -8.74431867e-01, -1.30529867e+00,  9.96798818e-01,
         4.17018163e-01, -8.85083239e-01],
       [ 5.77709400e-02,  4.30298179e-01, -3.13048917e+00,
        -8.76450625e-01, -1.31185532e+00,  9.94780061e-01,
         4.10461511e-01, -8.87101996e-01],
       [ 5.18553835e-02,  4.29489462e-01, -3.13640472e+00,
        -8.77259342e-01, -1.31777088e+00,  9.93971343e-01,
         4.04545954e-01, -8.87910714e-01],
       [ 4.64877201e-02,  4.29866767e-01, -3.14177239e+00,
        -8.76882037e-01, -1.32313854e+00,  9.94348649e-01,
         3.99178291e-01, -8.87533409e-01],
       [ 4.15770924e-02,  4.31402779e-01, -3.14668301e+00,
        -8.75346025e-01, -1.32804917e+00,  9.95884660e-01,
         3.94267663e-01, -8.85997397e-01],
       [ 3.70351612e-02,  4.34066943e-01, -3.15122495e+00,
        -8.72681861e-01, -1.33259110e+00,  9.98548825e-01,
         3.89725732e-01, -8.83333233e-01],
       [ 3.27762739e-02,  4.37825547e-01, -3.15548383e+00,
        -8.68923257e-01, -1.33684999e+00,  1.00230743e+00,
         3.85466845e-01, -8.79574628e-01],
       [ 2.87176284e-02,  4.42641809e-01, -3.15954248e+00,
        -8.64106995e-01, -1.34090863e+00,  1.00712369e+00,
         3.81408199e-01, -8.74758367e-01],
       [ 2.47794316e-02,  4.48475979e-01, -3.16348068e+00,
        -8.58272825e-01, -1.34484683e+00,  1.01295786e+00,
         3.77470002e-01, -8.68924197e-01],
       [ 2.08850509e-02,  4.55285461e-01, -3.16737506e+00,
        -8.51463343e-01, -1.34874121e+00,  1.01976734e+00,
         3.73575622e-01, -8.62114715e-01],
       [ 1.69611592e-02,  4.63024938e-01, -3.17129895e+00,
        -8.43723866e-01, -1.35266510e+00,  1.02750682e+00,
         3.69651730e-01, -8.54375238e-01],
       [ 1.29378711e-02,  4.71646512e-01, -3.17532224e+00,
        -8.35102292e-01, -1.35668839e+00,  1.03612839e+00,
         3.65628442e-01, -8.45753664e-01],
       [ 8.74887116e-03,  4.81099856e-01, -3.17951124e+00,
        -8.25648948e-01, -1.36087739e+00,  1.04558174e+00,
         3.61439442e-01, -8.36300320e-01],
       [ 4.33153232e-03,  4.91332373e-01, -3.18392857e+00,
        -8.15416431e-01, -1.36529473e+00,  1.05581425e+00,
         3.57022103e-01, -8.26067803e-01],
       [-3.72975213e-04,  5.02289367e-01, -3.18863308e+00,
        -8.04459437e-01, -1.36999924e+00,  1.06677125e+00,
         3.52317595e-01, -8.15110809e-01],
       [-5.41958548e-03,  5.13914219e-01, -3.19367969e+00,
        -7.92834585e-01, -1.37504585e+00,  1.07839610e+00,
         3.47270985e-01, -8.03485957e-01],
       [-1.08592491e-02,  5.26148572e-01, -3.19911936e+00,
        -7.80600232e-01, -1.38048551e+00,  1.09063045e+00,
         3.41831322e-01, -7.91251604e-01],
       [-1.67388568e-02,  5.38932524e-01, -3.20499896e+00,
        -7.67816280e-01, -1.38636512e+00,  1.10341441e+00,
         3.35951714e-01, -7.78467651e-01],
       [-2.31011742e-02,  5.52204827e-01, -3.21136128e+00,
        -7.54543977e-01, -1.39272743e+00,  1.11668671e+00,
         3.29589396e-01, -7.65195348e-01],
       [-2.99847887e-02,  5.65903085e-01, -3.21824490e+00,
        -7.40845719e-01, -1.39961105e+00,  1.13038497e+00,
         3.22705782e-01, -7.51497091e-01],
       [-3.74240679e-02,  5.79963963e-01, -3.22568417e+00,
        -7.26784841e-01, -1.40705033e+00,  1.14444584e+00,
         3.15266503e-01, -7.37436213e-01],
       [-4.45293066e-02,  5.93473338e-01, -3.23278941e+00,
        -7.13275466e-01, -1.41415557e+00,  1.15795522e+00,
         3.08161264e-01, -7.23926838e-01],
       [-5.06110202e-02,  6.05710651e-01, -3.23887113e+00,
        -7.01038153e-01, -1.42023728e+00,  1.17019253e+00,
         3.02079550e-01, -7.11689524e-01],
       [-5.58670206e-02,  6.16464557e-01, -3.24412713e+00,
        -6.90284247e-01, -1.42549328e+00,  1.18094644e+00,
         2.96823550e-01, -7.00935619e-01],
       [-6.03246264e-02,  6.25720078e-01, -3.24858473e+00,
        -6.81028726e-01, -1.42995089e+00,  1.19020196e+00,
         2.92365944e-01, -6.91680097e-01],
       [-6.32863326e-02,  6.34567253e-01, -3.25154644e+00,
        -6.72181551e-01, -1.43291259e+00,  1.19904913e+00,
         2.89404238e-01, -6.82832923e-01],
       [-6.59579027e-02,  6.41320472e-01, -3.25421801e+00,
        -6.65428332e-01, -1.43558416e+00,  1.20580235e+00,
         2.86732668e-01, -6.76079703e-01],
       [-6.69317175e-02,  6.48166378e-01, -3.25519182e+00,
        -6.58582425e-01, -1.43655798e+00,  1.21264826e+00,
         2.85758853e-01, -6.69233797e-01],
       [-6.75763355e-02,  6.53159443e-01, -3.25583644e+00,
        -6.53589361e-01, -1.43720260e+00,  1.21764132e+00,
         2.85114235e-01, -6.64240733e-01],
       [-6.66092299e-02,  6.58296068e-01, -3.25486934e+00,
        -6.48452736e-01, -1.43623549e+00,  1.22277795e+00,
         2.86081341e-01, -6.59104108e-01],
       [-6.53871157e-02,  6.61643687e-01, -3.25364722e+00,
        -6.45105117e-01, -1.43501338e+00,  1.22612557e+00,
         2.87303455e-01, -6.55756489e-01],
       [-6.26236570e-02,  6.65196398e-01, -3.25088376e+00,
        -6.41552405e-01, -1.43224992e+00,  1.22967828e+00,
         2.90066914e-01, -6.52203777e-01],
       [-5.96734695e-02,  6.67019805e-01, -3.24793358e+00,
        -6.39728999e-01, -1.42929973e+00,  1.23150169e+00,
         2.93017101e-01, -6.50380370e-01],
       [-5.52470745e-02,  6.69105326e-01, -3.24350718e+00,
        -6.37643478e-01, -1.42487334e+00,  1.23358721e+00,
         2.97443496e-01, -6.48294850e-01],
       [-5.06971587e-02,  6.69516844e-01, -3.23895727e+00,
        -6.37231960e-01, -1.42032342e+00,  1.23399873e+00,
         3.01993412e-01, -6.47883331e-01],
       [-4.47313346e-02,  6.70243296e-01, -3.23299144e+00,
        -6.36505508e-01, -1.41435760e+00,  1.23472518e+00,
         3.07959236e-01, -6.47156880e-01],
       [-3.87005035e-02,  6.69346974e-01, -3.22696061e+00,
        -6.37401830e-01, -1.40832676e+00,  1.23382886e+00,
         3.13990067e-01, -6.48053202e-01],
       [-3.13095848e-02,  6.68814511e-01, -3.21956969e+00,
        -6.37934293e-01, -1.40093585e+00,  1.23329639e+00,
         3.21380986e-01, -6.48585664e-01],
       [-2.39078274e-02,  6.66706728e-01, -3.21216793e+00,
        -6.40042076e-01, -1.39353409e+00,  1.23118861e+00,
         3.28782743e-01, -6.50693448e-01],
       [-1.51976574e-02,  6.65008125e-01, -3.20345776e+00,
        -6.41740679e-01, -1.38482392e+00,  1.22949001e+00,
         3.37492913e-01, -6.52392051e-01],
       [-6.52679387e-03,  6.61778157e-01, -3.19478690e+00,
        -6.44970647e-01, -1.37615305e+00,  1.22626004e+00,
         3.46163777e-01, -6.55622019e-01],
       [ 3.40464517e-03,  6.58999351e-01, -3.18485546e+00,
        -6.47749453e-01, -1.36622162e+00,  1.22348123e+00,
         3.56095216e-01, -6.58400825e-01],
       [ 1.32694739e-02,  6.54757648e-01, -3.17499063e+00,
        -6.51991156e-01, -1.35635679e+00,  1.21923953e+00,
         3.65960045e-01, -6.62642527e-01],
       [ 2.43501069e-02,  6.51008753e-01, -3.16391000e+00,
        -6.55740051e-01, -1.34527615e+00,  1.21549063e+00,
         3.77040678e-01, -6.66391423e-01],
       [ 3.53429438e-02,  6.45859891e-01, -3.15291716e+00,
        -6.60888913e-01, -1.33428332e+00,  1.21034177e+00,
         3.88033514e-01, -6.71540285e-01],
       [ 4.74936321e-02,  6.41228675e-01, -3.14076647e+00,
        -6.65520129e-01, -1.32213263e+00,  1.20571056e+00,
         4.00184203e-01, -6.76171500e-01],
       [ 5.96174507e-02,  6.35367432e-01, -3.12864266e+00,
        -6.71381372e-01, -1.31000881e+00,  1.19984931e+00,
         4.12308021e-01, -6.82032744e-01],
       [ 7.25948455e-02,  6.29672746e-01, -3.11566526e+00,
        -6.77076058e-01, -1.29703142e+00,  1.19415463e+00,
         4.25285416e-01, -6.87727430e-01],
       [ 8.62902558e-02,  6.24030552e-01, -3.10196985e+00,
        -6.82718252e-01, -1.28333600e+00,  1.18851243e+00,
         4.38980826e-01, -6.93369624e-01],
       [ 9.99479754e-02,  6.17193456e-01, -3.08831213e+00,
        -6.89555348e-01, -1.26967829e+00,  1.18167534e+00,
         4.52638546e-01, -7.00206719e-01],
       [ 1.14107202e-01,  6.10112814e-01, -3.07415291e+00,
        -6.96635990e-01, -1.25551906e+00,  1.17459470e+00,
         4.66797773e-01, -7.07287362e-01],
       [ 1.28546415e-01,  6.02449915e-01, -3.05971369e+00,
        -7.04298889e-01, -1.24107985e+00,  1.16693180e+00,
         4.81236986e-01, -7.14950260e-01],
       [ 1.43425775e-01,  5.94529565e-01, -3.04483433e+00,
        -7.12219239e-01, -1.22620049e+00,  1.15901145e+00,
         4.96116345e-01, -7.22870611e-01],
       [ 1.58780776e-01,  5.86438926e-01, -3.02947933e+00,
        -7.20309878e-01, -1.21084548e+00,  1.15092081e+00,
         5.11471347e-01, -7.30961249e-01],
       [ 1.75009281e-01,  5.78857545e-01, -3.01325083e+00,
        -7.27891259e-01, -1.19461698e+00,  1.14333943e+00,
         5.27699852e-01, -7.38542631e-01],
       [ 1.91526482e-01,  5.70915708e-01, -2.99673362e+00,
        -7.35833096e-01, -1.17809978e+00,  1.13539759e+00,
         5.44217053e-01, -7.46484468e-01],
       [ 2.08554653e-01,  5.63076159e-01, -2.97970545e+00,
        -7.43672645e-01, -1.16107161e+00,  1.12755804e+00,
         5.61245223e-01, -7.54324017e-01],
       [ 2.25683409e-01,  5.54529025e-01, -2.96257670e+00,
        -7.52219779e-01, -1.14394285e+00,  1.11901091e+00,
         5.78373980e-01, -7.62871150e-01],
       [ 2.43388166e-01,  5.46342503e-01, -2.94487194e+00,
        -7.60406301e-01, -1.12623809e+00,  1.11082438e+00,
         5.96078737e-01, -7.71057673e-01],
       [ 2.61210501e-01,  5.37422294e-01, -2.92704961e+00,
        -7.69326510e-01, -1.10841576e+00,  1.10190418e+00,
         6.13901071e-01, -7.79977882e-01],
       [ 2.79608574e-01,  5.29017672e-01, -2.90865153e+00,
        -7.77731132e-01, -1.09001769e+00,  1.09349955e+00,
         6.32299145e-01, -7.88382504e-01],
       [ 2.98116139e-01,  5.19777138e-01, -2.89014397e+00,
        -7.86971666e-01, -1.07151012e+00,  1.08425902e+00,
         6.50806709e-01, -7.97623038e-01],
       [ 3.17250416e-01,  5.11393595e-01, -2.87100969e+00,
        -7.95355209e-01, -1.05237584e+00,  1.07587548e+00,
         6.69940987e-01, -8.06006581e-01],
       [ 3.36604387e-01,  5.02555207e-01, -2.85165572e+00,
        -8.04193597e-01, -1.03302187e+00,  1.06703709e+00,
         6.89294958e-01, -8.14844968e-01],
       [ 3.56426057e-01,  4.94286822e-01, -2.83183405e+00,
        -8.12461982e-01, -1.01320020e+00,  1.05876870e+00,
         7.09116627e-01, -8.23113353e-01],
       [ 3.76441914e-01,  4.85354514e-01, -2.81181819e+00,
        -8.21394290e-01, -9.93184347e-01,  1.04983640e+00,
         7.29132484e-01, -8.32045662e-01],
       [ 3.96928944e-01,  4.77249895e-01, -2.79133116e+00,
        -8.29498909e-01, -9.72697317e-01,  1.04173178e+00,
         7.49619514e-01, -8.40150281e-01],
       [ 4.17631494e-01,  4.68496863e-01, -2.77062861e+00,
        -8.38251941e-01, -9.51994767e-01,  1.03297874e+00,
         7.70322064e-01, -8.48903312e-01],
       [ 4.38769677e-01,  4.60704926e-01, -2.74949043e+00,
        -8.46043878e-01, -9.30856584e-01,  1.02518681e+00,
         7.91460247e-01, -8.56695250e-01],
       [ 4.60158262e-01,  4.52497869e-01, -2.72810185e+00,
        -8.54250935e-01, -9.09467999e-01,  1.01697975e+00,
         8.12848833e-01, -8.64902307e-01],
       [ 4.81905442e-01,  4.45143907e-01, -2.70635466e+00,
        -8.61604897e-01, -8.87720818e-01,  1.00962579e+00,
         8.34596013e-01, -8.72256269e-01],
       [ 5.03897623e-01,  4.36988831e-01, -2.68436248e+00,
        -8.69759973e-01, -8.65728638e-01,  1.00147071e+00,
         8.56588193e-01, -8.80411345e-01],
       [ 5.26225216e-01,  4.30042420e-01, -2.66203489e+00,
        -8.76706384e-01, -8.43401045e-01,  9.94524301e-01,
         8.78915787e-01, -8.87357756e-01],
       [ 5.48816788e-01,  4.22642087e-01, -2.63944332e+00,
        -8.84106717e-01, -8.20809473e-01,  9.87123969e-01,
         9.01507359e-01, -8.94758088e-01],
       [ 5.71677470e-01,  4.16251378e-01, -2.61658264e+00,
        -8.90497426e-01, -7.97948791e-01,  9.80733259e-01,
         9.24368040e-01, -9.01148798e-01],
       [ 5.94825374e-01,  4.09029930e-01, -2.59343473e+00,
        -8.97718874e-01, -7.74800887e-01,  9.73511812e-01,
         9.47515945e-01, -9.08370245e-01],
       [ 6.18196379e-01,  4.03120298e-01, -2.57006373e+00,
        -9.03628506e-01, -7.51429882e-01,  9.67602179e-01,
         9.70886950e-01, -9.14279878e-01],
       [ 6.41856847e-01,  3.96499290e-01, -2.54640326e+00,
        -9.10249514e-01, -7.27769414e-01,  9.60981171e-01,
         9.94547418e-01, -9.20900886e-01],
       [ 6.65698908e-01,  3.91159109e-01, -2.52256120e+00,
        -9.15589695e-01, -7.03927353e-01,  9.55640991e-01,
         1.01838948e+00, -9.26241066e-01],
       [ 6.89834482e-01,  3.85103275e-01, -2.49842562e+00,
        -9.21645529e-01, -6.79791778e-01,  9.49585156e-01,
         1.04252505e+00, -9.32296901e-01],
       [ 7.14106697e-01,  3.80381449e-01, -2.47415341e+00,
        -9.26367355e-01, -6.55519564e-01,  9.44863330e-01,
         1.06679727e+00, -9.37018727e-01],
       [ 7.38674229e-01,  3.74967417e-01, -2.44958588e+00,
        -9.31781387e-01, -6.30952031e-01,  9.39449299e-01,
         1.09136480e+00, -9.42432759e-01],
       [ 7.63342390e-01,  3.70815058e-01, -2.42491772e+00,
        -9.35933746e-01, -6.06283870e-01,  9.35296939e-01,
         1.11603296e+00, -9.46585118e-01],
       [ 7.88308415e-01,  3.66008837e-01, -2.39995169e+00,
        -9.40739967e-01, -5.81317846e-01,  9.30490718e-01,
         1.14099899e+00, -9.51391339e-01]]), 'data_points': 600}, 9: {'r2': -3.238415241241455, 'mse': 0.9746033332148166, 'train_losses': [1.0744353532791138, 1.0258623361587524, 0.9754179120063782, 0.922637939453125, 0.8671266436576843, 0.8087509274482727, 0.7477309703826904, 0.684824526309967, 0.6214145421981812, 0.5595418810844421, 0.5016530752182007, 0.45045873522758484, 0.40854325890541077, 0.3779204487800598, 0.35876691341400146, 0.3487556278705597, 0.34341156482696533, 0.33816033601760864, 0.3297926187515259, 0.3172091841697693, 0.3012448251247406, 0.2833668291568756, 0.2650865614414215, 0.24733178317546844, 0.23099613189697266, 0.21637840569019318, 0.20343925058841705, 0.1920139044523239, 0.18189044296741486, 0.17277321219444275], 'test_losses': [1.651586890220642, 1.6081383228302002, 1.5631985664367676, 1.5164426565170288, 1.4677072763442993, 1.416444182395935, 1.3623167276382446, 1.3055949211120605, 1.2464152574539185, 1.1857349872589111, 1.1246267557144165, 1.0643728971481323, 1.0066578388214111, 0.9531040191650391, 0.9070304036140442, 0.8705005049705505, 0.8441354036331177, 0.8273304104804993, 0.8191902041435242, 0.818629264831543, 0.8251619935035706, 0.837198793888092, 0.8534538149833679, 0.8727265000343323, 0.8935307860374451, 0.9141141772270203, 0.9332553148269653, 0.9502838850021362, 0.9640184044837952, 0.9746032953262329], 'predictions': array([[ 1.45995331e+00,  1.99424438e-02, -9.71715987e-01,
        -3.15294743e-01, -1.33236125e-01,  1.15718436e+00,
        -2.28930697e-01,  1.71645910e-01],
       [ 1.65349770e+00,  2.92017916e-03, -8.55921566e-01,
        -3.48094672e-01, -2.13801637e-02,  1.12759507e+00,
        -6.94261640e-02,  8.47223848e-02],
       [ 1.55820107e+00, -1.87083811e-03, -9.44919407e-01,
        -3.56038868e-01, -1.01566210e-01,  1.16758084e+00,
        -1.86010346e-01,  1.37303233e-01],
       [ 1.63182032e+00,  2.26259604e-02, -9.01637554e-01,
        -3.79309356e-01, -6.19444549e-02,  1.16422832e+00,
        -1.27880260e-01,  1.00475140e-01],
       [ 1.56360412e+00,  3.49294730e-02, -9.73031163e-01,
        -3.87540460e-01, -1.19582854e-01,  1.19226623e+00,
        -2.14235589e-01,  1.31047249e-01],
       [ 1.65152764e+00,  4.53399159e-02, -8.99616480e-01,
        -3.95966619e-01, -6.72270656e-02,  1.19076705e+00,
        -1.30497545e-01,  1.14437282e-01],
       [ 1.59203279e+00,  5.79097345e-02, -9.39623773e-01,
        -3.92943770e-01, -1.15056425e-01,  1.28207564e+00,
        -1.98979855e-01,  2.32410446e-01],
       [ 1.77236581e+00,  9.71443951e-02, -8.82093549e-01,
        -4.03281599e-01, -2.74547506e-02,  1.23038113e+00,
        -6.63690940e-02,  1.23658806e-01],
       [ 1.61416268e+00,  8.44558403e-02, -9.95507717e-01,
        -4.19696957e-01, -1.23355038e-01,  1.25570989e+00,
        -2.02294350e-01,  1.67099550e-01],
       [ 1.79034448e+00,  1.25290781e-01, -9.32933867e-01,
        -4.32667375e-01, -3.06364130e-02,  1.18565381e+00,
        -7.01099485e-02,  3.77321541e-02],
       [ 1.62779427e+00,  1.07022777e-01, -1.04882622e+00,
        -4.43221807e-01, -1.25696227e-01,  1.20680118e+00,
        -2.02843532e-01,  7.66730458e-02],
       [ 1.80137289e+00,  1.54364362e-01, -9.78178442e-01,
        -4.58271742e-01, -2.95050610e-02,  1.14007449e+00,
        -7.90912062e-02, -4.88037169e-02],
       [ 1.64071774e+00,  1.35619730e-01, -1.09558129e+00,
        -4.64241862e-01, -1.22736551e-01,  1.13463640e+00,
        -2.00781614e-01, -2.98976731e-02],
       [ 1.53620732e+00,  2.00938255e-01, -1.10295856e+00,
        -4.21065837e-01, -1.70160159e-01,  1.28475857e+00,
        -2.56114632e-01,  1.41938701e-01],
       [ 1.61241341e+00,  1.93171889e-01, -1.12271810e+00,
        -4.19280708e-01, -1.42914414e-01,  1.32172740e+00,
        -2.66626686e-01,  1.35610610e-01],
       [ 1.65127289e+00,  1.43024907e-01, -1.09781098e+00,
        -4.37388718e-01, -1.26368538e-01,  1.17661583e+00,
        -1.92038789e-01,  2.48526987e-02],
       [ 1.68481994e+00,  1.72485530e-01, -1.06440687e+00,
        -4.41196084e-01, -1.10974148e-01,  1.20351708e+00,
        -1.66458651e-01,  5.92516847e-02],
       [ 1.66432714e+00,  1.93456337e-01, -1.08678329e+00,
        -4.54167128e-01, -1.31583571e-01,  1.19207644e+00,
        -1.87064305e-01,  4.92930710e-02],
       [ 1.69019186e+00,  2.25449666e-01, -1.08073235e+00,
        -4.57445294e-01, -1.15422226e-01,  1.19552851e+00,
        -1.73182145e-01,  3.85704078e-02],
       [ 1.64066184e+00,  2.20190257e-01, -1.12192440e+00,
        -4.70422864e-01, -1.59482643e-01,  1.15530717e+00,
        -2.05686539e-01,  1.21535109e-02],
       [ 1.77883101e+00,  2.17036635e-01, -1.05468702e+00,
        -4.47242737e-01, -7.02450871e-02,  1.16841745e+00,
        -1.11419991e-01, -3.61788310e-02],
       [ 1.59336221e+00,  2.11443767e-01, -1.16422868e+00,
        -4.56858218e-01, -1.94272414e-01,  1.14070117e+00,
        -2.28720605e-01,  7.09968619e-03],
       [ 1.45435071e+00,  2.11488783e-01, -1.16473782e+00,
        -3.70819837e-01, -2.45337442e-01,  1.31025040e+00,
        -2.92585790e-01,  2.13311702e-01],
       [ 1.69694948e+00,  2.16139838e-01, -1.07962382e+00,
        -4.05999631e-01, -9.25158635e-02,  1.16841733e+00,
        -1.33212373e-01, -7.76118739e-03],
       [ 1.48077524e+00,  1.66980743e-01, -1.18562686e+00,
        -3.86324823e-01, -2.38128096e-01,  1.16517317e+00,
        -2.55364567e-01,  8.38278234e-02],
       [ 1.48077524e+00,  1.66980743e-01, -1.18562686e+00,
        -3.86324823e-01, -2.38128096e-01,  1.16517317e+00,
        -2.55364567e-01,  8.38278234e-02],
       [ 1.48077524e+00,  1.66980743e-01, -1.18562686e+00,
        -3.86324823e-01, -2.38128096e-01,  1.16517317e+00,
        -2.55364567e-01,  8.38278234e-02],
       [ 1.48077524e+00,  1.66980743e-01, -1.18562686e+00,
        -3.86324823e-01, -2.38128096e-01,  1.16517317e+00,
        -2.55364567e-01,  8.38278234e-02],
       [ 1.48077524e+00,  1.66980743e-01, -1.18562686e+00,
        -3.86324823e-01, -2.38128096e-01,  1.16517317e+00,
        -2.55364567e-01,  8.38278234e-02],
       [ 1.39895666e+00,  1.53274089e-01, -1.18838298e+00,
        -3.45726818e-01, -2.71171153e-01,  1.26047361e+00,
        -2.99156576e-01,  2.14819014e-01],
       [ 1.36806214e+00,  1.40110999e-01, -1.14987051e+00,
        -3.17866057e-01, -2.67792642e-01,  1.30197954e+00,
        -2.93268830e-01,  2.94674307e-01],
       [ 1.34963500e+00,  1.24801025e-01, -1.10074842e+00,
        -2.95418561e-01, -2.56588548e-01,  1.31265020e+00,
        -2.71504641e-01,  3.38311911e-01],
       [ 1.28299308e+00,  1.04530022e-01, -1.09299541e+00,
        -2.63168752e-01, -2.76321054e-01,  1.33358455e+00,
        -2.87853599e-01,  3.94473016e-01],
       [ 1.25489247e+00,  8.96554366e-02, -1.06103277e+00,
        -2.35206619e-01, -2.76569575e-01,  1.33678377e+00,
        -2.77543515e-01,  4.31466311e-01],
       [ 1.23145032e+00,  7.79334679e-02, -1.02386522e+00,
        -2.08206892e-01, -2.72077203e-01,  1.33434117e+00,
        -2.62688756e-01,  4.62203383e-01],
       [ 1.18923068e+00,  6.53472841e-02, -1.00926065e+00,
        -1.88322276e-01, -2.76687086e-01,  1.34390628e+00,
        -2.71238655e-01,  4.98729795e-01],
       [ 1.17141724e+00,  5.53321727e-02, -9.82905507e-01,
        -1.68674886e-01, -2.68795520e-01,  1.36041510e+00,
        -2.67582506e-01,  5.36881149e-01],
       [ 1.14536595e+00,  4.09109816e-02, -9.70305860e-01,
        -1.47365496e-01, -2.68066734e-01,  1.37115526e+00,
        -2.72547871e-01,  5.69583178e-01],
       [ 1.12063026e+00,  9.92750656e-03, -9.81663406e-01,
        -1.22356422e-01, -2.71353990e-01,  1.36187243e+00,
        -2.78645724e-01,  5.74768901e-01],
       [ 1.09934163e+00, -2.16863900e-02, -9.96876001e-01,
        -9.53490362e-02, -2.78574109e-01,  1.35344720e+00,
        -2.81418383e-01,  5.83647370e-01],
       [ 1.08352327e+00, -5.42234518e-02, -1.01405442e+00,
        -7.30171055e-02, -2.91302502e-01,  1.35272598e+00,
        -2.81724274e-01,  5.94304621e-01],
       [ 1.07153738e+00, -9.00193155e-02, -1.02911282e+00,
        -5.27854636e-02, -3.03907454e-01,  1.35266531e+00,
        -2.80657649e-01,  6.03228867e-01],
       [ 1.07412052e+00, -1.31042227e-01, -1.04587746e+00,
        -3.20708975e-02, -3.11875850e-01,  1.34931362e+00,
        -2.75341570e-01,  6.07526243e-01],
       [ 1.06479073e+00, -1.51321694e-01, -1.08152604e+00,
        -1.64784491e-02, -3.36187989e-01,  1.35447919e+00,
        -3.02407086e-01,  6.21834874e-01],
       [ 1.07738602e+00, -1.87509194e-01, -1.07529974e+00,
         3.81972437e-04, -3.27286661e-01,  1.34282970e+00,
        -2.79390424e-01,  6.11318171e-01],
       [ 1.07657099e+00, -2.20299602e-01, -1.09855926e+00,
         9.96117201e-03, -3.45019072e-01,  1.33061504e+00,
        -2.92690039e-01,  5.97211182e-01],
       [ 1.08517456e+00, -2.61477828e-01, -1.14140546e+00,
         2.31240857e-02, -3.65390599e-01,  1.32176363e+00,
        -3.16004783e-01,  5.74195027e-01],
       [ 1.11937284e+00, -3.16197395e-01, -1.11136222e+00,
         3.91925536e-02, -3.31137300e-01,  1.29545450e+00,
        -2.57537961e-01,  5.34121752e-01],
       [ 1.11461306e+00, -3.38102371e-01, -1.19199431e+00,
         4.10039090e-02, -3.83414209e-01,  1.29056025e+00,
        -3.25097054e-01,  5.21934927e-01],
       [ 1.12441671e+00, -3.52411211e-01, -1.18192506e+00,
         5.99703640e-02, -3.68804127e-01,  1.30169749e+00,
        -3.14298689e-01,  5.38875043e-01],
       [ 1.13752878e+00, -3.88659626e-01, -1.16971433e+00,
         5.50356843e-02, -3.56417775e-01,  1.26315415e+00,
        -2.74774998e-01,  4.82465863e-01],
       [ 1.20992255e+00, -3.98151994e-01, -1.06966412e+00,
         6.40814453e-02, -2.68275380e-01,  1.23779428e+00,
        -1.33325070e-01,  4.47862566e-01],
       [ 1.11534309e+00, -3.92760992e-01, -1.21062171e+00,
         4.66583148e-02, -3.91519547e-01,  1.23630285e+00,
        -3.21200937e-01,  4.65589970e-01],
       [ 1.25472152e+00, -4.14755672e-01, -1.01276982e+00,
         7.08179772e-02, -2.22494334e-01,  1.17571604e+00,
        -7.08180368e-02,  3.91732663e-01],
       [ 1.07985294e+00, -3.88572991e-01, -1.17424667e+00,
         4.13082279e-02, -3.90731931e-01,  1.18583548e+00,
        -3.14802438e-01,  4.51366425e-01],
       [ 1.04463899e+00, -3.15850228e-01, -1.12695825e+00,
         7.22401664e-02, -3.76366377e-01,  1.25968003e+00,
        -3.71408015e-01,  5.89602232e-01],
       [ 9.85407829e-01, -3.52554291e-01, -1.17579436e+00,
         4.44591679e-02, -4.39854115e-01,  1.12951553e+00,
        -4.07200247e-01,  4.68754530e-01],
       [ 1.11431253e+00, -4.10403252e-01, -1.01128614e+00,
         4.77656461e-02, -2.98521668e-01,  1.10367072e+00,
        -1.66399390e-01,  3.94702613e-01],
       [ 1.02680850e+00, -3.89180988e-01, -1.14929712e+00,
         3.02007645e-02, -4.05406386e-01,  1.11385226e+00,
        -3.38028699e-01,  4.26089525e-01],
       [ 1.02108312e+00, -3.07322353e-01, -1.06355727e+00,
         6.86142519e-02, -3.51604700e-01,  1.23995936e+00,
        -3.33967954e-01,  5.91353774e-01],
       [ 9.69849944e-01, -3.26334029e-01, -1.10875332e+00,
         5.89632727e-02, -4.27774757e-01,  1.17630541e+00,
        -4.11214232e-01,  5.67498803e-01],
       [ 9.64393556e-01, -3.49731982e-01, -1.12701964e+00,
         1.95762608e-02, -4.35673952e-01,  1.09724987e+00,
        -3.78951848e-01,  4.64760154e-01],
       [ 9.55017328e-01, -3.20173800e-01, -1.04271138e+00,
         6.17829636e-02, -3.90985817e-01,  1.16149664e+00,
        -3.53657693e-01,  5.72207987e-01],
       [ 1.05314660e+00, -3.97105783e-01, -9.32678223e-01,
         4.75920103e-02, -3.11894476e-01,  1.04597044e+00,
        -1.65509388e-01,  3.96558672e-01],
       [ 9.65773046e-01, -3.62500012e-01, -1.06680012e+00,
         1.84059106e-02, -4.16659772e-01,  1.05131233e+00,
        -3.34604114e-01,  4.41980481e-01],
       [ 1.09488010e+00, -4.24057215e-01, -9.07213986e-01,
         4.99345362e-02, -2.79134065e-01,  1.00049746e+00,
        -1.24575503e-01,  3.29913259e-01],
       [ 9.55162227e-01, -3.60783309e-01, -1.04942167e+00,
         1.60628520e-02, -4.18124020e-01,  1.03689921e+00,
        -3.37992817e-01,  4.41595614e-01],
       [ 8.98384690e-01, -3.18716049e-01, -1.04946613e+00,
         5.43761589e-02, -4.46548581e-01,  1.08672738e+00,
        -4.21852767e-01,  5.43573201e-01],
       [ 9.93425548e-01, -4.01981324e-01, -9.38682020e-01,
         3.68799120e-02, -3.52051973e-01,  9.88098323e-01,
        -2.10518956e-01,  3.66217434e-01],
       [ 9.45366979e-01, -3.58649284e-01, -1.03405070e+00,
         1.13995001e-02, -4.18762177e-01,  1.02407444e+00,
        -3.42923552e-01,  4.42895889e-01],
       [ 9.17599082e-01, -3.29890668e-01, -9.88268137e-01,
         5.93971312e-02, -4.03263152e-01,  1.10602474e+00,
        -3.48588407e-01,  5.47131956e-01],
       [ 8.73889148e-01, -3.37423205e-01, -1.06081784e+00,
         5.40239625e-02, -4.83411670e-01,  1.03912187e+00,
        -4.46019918e-01,  5.11640489e-01],
       [ 9.32210505e-01, -3.66686225e-01, -1.00787044e+00,
         1.42427012e-02, -4.16410148e-01,  1.00042176e+00,
        -3.31710339e-01,  4.31711525e-01],
       [ 8.84637892e-01, -3.60525668e-01, -1.09640098e+00,
         4.79522161e-02, -5.09247899e-01,  1.01516318e+00,
        -4.62348431e-01,  4.79482353e-01],
       [ 8.90112340e-01, -3.32460105e-01, -1.03966212e+00,
         6.83650188e-03, -4.47891444e-01,  1.00627232e+00,
        -3.84690821e-01,  4.62167650e-01],
       [ 8.73648822e-01, -3.44704807e-01, -1.06914294e+00,
         4.41252738e-02, -4.87099409e-01,  1.03614008e+00,
        -4.53963488e-01,  5.00698984e-01],
       [ 9.66641605e-01, -4.06307042e-01, -9.36755240e-01,
         4.57316004e-02, -3.75295609e-01,  1.00065839e+00,
        -2.47344747e-01,  3.90698910e-01],
       [ 9.17004943e-01, -3.62163723e-01, -1.01010406e+00,
         5.60825225e-03, -4.30042982e-01,  9.89411712e-01,
        -3.57238919e-01,  4.31360692e-01],
       [ 8.66634607e-01, -3.47398669e-01, -1.06766081e+00,
         3.54098640e-02, -4.96865600e-01,  1.02008152e+00,
        -4.55947250e-01,  4.88395631e-01],
       [ 9.85343099e-01, -4.41269428e-01, -9.24345255e-01,
         3.93993445e-02, -3.67552072e-01,  9.48434651e-01,
        -2.17953324e-01,  3.14908415e-01],
       [ 9.09229875e-01, -3.65210831e-01, -1.00141239e+00,
         3.77702946e-03, -4.33326423e-01,  9.78845119e-01,
        -3.60726327e-01,  4.27491069e-01],
       [ 1.03387952e+00, -4.88923520e-01, -9.24489856e-01,
         4.14624847e-02, -3.42962086e-01,  9.11334991e-01,
        -1.90695792e-01,  2.49154180e-01],
       [ 9.08056438e-01, -3.69748890e-01, -9.99545336e-01,
         3.35600995e-03, -4.35650975e-01,  9.78262067e-01,
        -3.63028526e-01,  4.26928341e-01],
       [ 8.71227980e-01, -3.59752655e-01, -1.07975876e+00,
         2.61872355e-02, -5.15059590e-01,  1.00438857e+00,
        -4.65884596e-01,  4.73376185e-01],
       [ 8.90816629e-01, -3.84330273e-01, -1.10404968e+00,
         2.69739758e-02, -5.26091278e-01,  9.82132554e-01,
        -4.76089597e-01,  4.58087891e-01],
       [ 9.06369388e-01, -3.75321120e-01, -9.94927227e-01,
         2.96852994e-03, -4.38300639e-01,  9.78502572e-01,
        -3.63876462e-01,  4.26637024e-01],
       [ 8.63455474e-01, -3.51607084e-01, -1.07410848e+00,
         1.70601625e-02, -5.17177999e-01,  1.00356007e+00,
        -4.68149513e-01,  4.72834796e-01],
       [ 8.80543351e-01, -3.73985797e-01, -1.08400953e+00,
         1.63339917e-02, -5.27506053e-01,  9.83410239e-01,
        -4.79557335e-01,  4.62205052e-01],
       [ 8.56454194e-01, -3.35783839e-01, -1.00175548e+00,
        -4.62731812e-03, -4.67711896e-01,  9.62186694e-01,
        -4.08523113e-01,  4.56449300e-01],
       [ 8.83096099e-01, -3.74492288e-01, -1.09038138e+00,
         1.45301083e-02, -5.30920982e-01,  9.91558135e-01,
        -4.84486580e-01,  4.67160940e-01],
       [ 8.41745019e-01, -3.32566589e-01, -1.02632535e+00,
        -3.09748779e-04, -4.93040264e-01,  9.64652717e-01,
        -4.39758688e-01,  4.71401483e-01],
       [ 8.45072091e-01, -3.34161788e-01, -1.05887401e+00,
         2.93809152e-03, -5.13885438e-01,  9.96503472e-01,
        -4.71164852e-01,  4.76792753e-01],
       [ 8.51504266e-01, -3.32462817e-01, -1.04782534e+00,
        -2.51818122e-03, -5.21596432e-01,  9.95189667e-01,
        -4.73435998e-01,  4.79528606e-01],
       [ 9.08020914e-01, -4.01729316e-01, -9.15253580e-01,
         1.62962859e-03, -4.06121731e-01,  9.29649591e-01,
        -2.89652228e-01,  3.55547458e-01],
       [ 8.64899933e-01, -3.40192080e-01, -9.62468386e-01,
        -1.67603269e-02, -4.50521648e-01,  9.74541485e-01,
        -3.75913173e-01,  4.55018193e-01],
       [ 9.94005561e-01, -4.75555748e-01, -9.16321576e-01,
         1.78586803e-02, -3.58962685e-01,  9.30562615e-01,
        -2.29105502e-01,  2.82512099e-01],
       [ 8.64151657e-01, -3.38087827e-01, -9.61939633e-01,
        -1.62009057e-02, -4.51239854e-01,  9.88465369e-01,
        -3.77025098e-01,  4.65047210e-01],
       [ 8.55225265e-01, -3.19889009e-01, -1.06547856e+00,
        -6.84654713e-03, -5.26024699e-01,  1.03509164e+00,
        -4.90205973e-01,  5.07978380e-01],
       [ 9.60632622e-01, -4.37036335e-01, -9.09353375e-01,
         1.14320721e-02, -3.70780915e-01,  9.53897595e-01,
        -2.46314257e-01,  3.27277869e-01],
       [ 8.52180898e-01, -3.21240455e-01, -9.56172764e-01,
        -1.98186040e-02, -4.53911811e-01,  1.00348449e+00,
        -3.81373733e-01,  4.85998541e-01],
       [ 9.70372200e-01, -4.32859868e-01, -9.16888356e-01,
         1.49109215e-02, -3.64022583e-01,  9.88862514e-01,
        -2.51940161e-01,  3.54224026e-01],
       [ 8.48612010e-01, -3.12639982e-01, -9.55995560e-01,
        -1.99670754e-02, -4.55195010e-01,  1.02229297e+00,
        -3.83251905e-01,  5.03734171e-01],
       [ 9.85148370e-01, -4.43714738e-01, -9.13216531e-01,
         1.33151254e-02, -3.53834718e-01,  9.89305735e-01,
        -2.42286503e-01,  3.45555276e-01],
       [ 8.44470143e-01, -3.00320059e-01, -9.55127656e-01,
        -2.06219610e-02, -4.55126852e-01,  1.04119813e+00,
        -3.85785669e-01,  5.23088157e-01],
       [ 8.27852905e-01, -2.69600093e-01, -1.02119362e+00,
        -1.90468431e-02, -4.93084818e-01,  1.08914471e+00,
        -4.70327973e-01,  5.62992871e-01],
       [ 9.72141206e-01, -4.30731028e-01, -9.09223139e-01,
         1.29465936e-02, -3.54829997e-01,  1.00955057e+00,
        -2.51469076e-01,  3.73890758e-01],
       [ 8.31341743e-01, -2.84592301e-01, -9.52809215e-01,
        -2.39941832e-02, -4.57792312e-01,  1.05742621e+00,
        -3.94506842e-01,  5.45704961e-01],
       [ 8.96238446e-01, -3.38977963e-01, -9.17338848e-01,
        -6.34447264e-04, -3.98871541e-01,  1.08938420e+00,
        -3.17060143e-01,  5.03979087e-01],
       [ 8.52891922e-01, -2.87055105e-01, -9.58791614e-01,
        -1.50797293e-02, -4.45886433e-01,  1.11970782e+00,
        -3.88055950e-01,  5.78792155e-01],
       [ 8.67557168e-01, -2.66278207e-01, -1.06489098e+00,
        -1.90700702e-02, -5.13935268e-01,  1.17214751e+00,
        -5.15942216e-01,  6.31025553e-01],
       [ 9.50336576e-01, -3.75056595e-01, -9.22859490e-01,
         8.07293598e-03, -3.67168546e-01,  1.11503625e+00,
        -2.84436911e-01,  4.84305292e-01],
       [ 8.36948752e-01, -2.68579841e-01, -9.68186557e-01,
        -2.01234724e-02, -4.55102712e-01,  1.14206576e+00,
        -4.11389440e-01,  6.09315991e-01],
       [ 9.58384335e-01, -3.70979279e-01, -9.31960523e-01,
         6.68280618e-03, -3.67016554e-01,  1.15466392e+00,
        -2.95815945e-01,  5.16968668e-01],
       [ 8.20156217e-01, -2.46878579e-01, -9.84816968e-01,
        -2.14437023e-02, -4.72276479e-01,  1.15997171e+00,
        -4.46718961e-01,  6.41270995e-01],
       [ 9.66577053e-01, -3.66649508e-01, -9.38650310e-01,
         4.45774151e-03, -3.65075111e-01,  1.19080555e+00,
        -3.04957747e-01,  5.49473643e-01],
       [ 8.87344658e-01, -2.80300707e-01, -9.53102469e-01,
        -1.31249307e-02, -4.13174868e-01,  1.22607136e+00,
        -3.85052532e-01,  6.53129876e-01],
       [ 9.07954454e-01, -2.86417305e-01, -9.50456917e-01,
        -8.48427042e-03, -3.95867378e-01,  1.25936997e+00,
        -3.78733009e-01,  6.64351225e-01],
       [ 8.87758076e-01, -2.61534780e-01, -1.05890155e+00,
        -2.16253456e-02, -5.00413775e-01,  1.25859106e+00,
        -5.31269670e-01,  7.06537902e-01],
       [ 8.90990317e-01, -2.31805339e-01, -9.82785821e-01,
        -2.04695141e-04, -4.20362383e-01,  1.34271252e+00,
        -4.41076130e-01,  7.58905768e-01],
       [ 8.43828738e-01, -2.41914734e-01, -1.00330698e+00,
        -1.52773140e-02, -4.83868271e-01,  1.23572266e+00,
        -4.92239505e-01,  7.09047914e-01]], dtype=float32), 'ground_truth': array([[ 2.80304062e+00, -1.01163445e+00, -1.35364769e-01,
         3.33678938e-01,  9.02083654e-01,  1.18251259e+00,
         1.01298256e+00, -1.15897594e-02],
       [ 2.81956643e+00, -9.89834901e-01, -1.18838963e-01,
         3.55478490e-01,  9.18609460e-01,  1.20431214e+00,
         1.02950836e+00,  1.02097924e-02],
       [ 2.83537323e+00, -9.67725502e-01, -1.03032163e-01,
         3.77587889e-01,  9.34416261e-01,  1.22642154e+00,
         1.04531516e+00,  3.23191914e-02],
       [ 2.85144588e+00, -9.45460461e-01, -8.69595173e-02,
         3.99852930e-01,  9.50488906e-01,  1.24868658e+00,
         1.06138781e+00,  5.45842325e-02],
       [ 2.86648629e+00, -9.22862653e-01, -7.19190990e-02,
         4.22450737e-01,  9.65529324e-01,  1.27128439e+00,
         1.07642823e+00,  7.71820400e-02],
       [ 2.88173658e+00, -9.00065336e-01, -5.66688160e-02,
         4.45248054e-01,  9.80779607e-01,  1.29408170e+00,
         1.09167851e+00,  9.99793568e-02],
       [ 2.89579950e+00, -8.76970482e-01, -4.26058895e-02,
         4.68342908e-01,  9.94842534e-01,  1.31717656e+00,
         1.10574144e+00,  1.23074211e-01],
       [ 2.90996383e+00, -8.53652527e-01, -2.84415684e-02,
         4.91660864e-01,  1.00900685e+00,  1.34049451e+00,
         1.11990576e+00,  1.46392166e-01],
       [ 2.92299984e+00, -8.30096983e-01, -1.54055544e-02,
         5.15216408e-01,  1.02204287e+00,  1.36405006e+00,
         1.13294177e+00,  1.69947710e-01],
       [ 2.93610835e+00, -8.06300087e-01, -2.29704303e-03,
         5.39013303e-01,  1.03515138e+00,  1.38784695e+00,
         1.14605028e+00,  1.93744606e-01],
       [ 2.94930511e+00, -7.82243257e-01,  1.08997200e-02,
         5.63070133e-01,  1.04834814e+00,  1.41190378e+00,
         1.15924705e+00,  2.17801436e-01],
       [ 2.96080922e+00, -7.58017468e-01,  2.24038220e-02,
         5.87295923e-01,  1.05985225e+00,  1.43612957e+00,
         1.17075115e+00,  2.42027225e-01],
       [ 2.97170235e+00, -7.33620252e-01,  3.32969594e-02,
         6.11693138e-01,  1.07074538e+00,  1.46052679e+00,
         1.18164429e+00,  2.66424441e-01],
       [ 2.98197173e+00, -7.09074106e-01,  4.35663345e-02,
         6.36239284e-01,  1.08101476e+00,  1.48507293e+00,
         1.19191366e+00,  2.90970587e-01],
       [ 2.99210502e+00, -6.84296361e-01,  5.36996235e-02,
         6.61017030e-01,  1.09114805e+00,  1.50985068e+00,
         1.20204695e+00,  3.15748333e-01],
       [ 3.00120282e+00, -6.59460880e-01,  6.27974288e-02,
         6.85852510e-01,  1.10024585e+00,  1.53468616e+00,
         1.21114475e+00,  3.40583813e-01],
       [ 3.01053687e+00, -6.34275365e-01,  7.21314726e-02,
         7.11038025e-01,  1.10957990e+00,  1.55987168e+00,
         1.22047880e+00,  3.65769328e-01],
       [ 3.01853461e+00, -6.09142602e-01,  8.01292203e-02,
         7.36170789e-01,  1.11757764e+00,  1.58500444e+00,
         1.22847655e+00,  3.90902092e-01],
       [ 3.02628641e+00, -5.83782166e-01,  8.78810135e-02,
         7.61531225e-01,  1.12532944e+00,  1.61036488e+00,
         1.23622834e+00,  4.16262527e-01],
       [ 3.03383014e+00, -5.58163926e-01,  9.54247473e-02,
         7.87149464e-01,  1.13287317e+00,  1.63598311e+00,
         1.24377207e+00,  4.41880767e-01],
       [ 3.03993693e+00, -5.32715750e-01,  1.01531533e-01,
         8.12597640e-01,  1.13897996e+00,  1.66143129e+00,
         1.24987886e+00,  4.67328943e-01],
       [ 3.04527861e+00, -5.07264052e-01,  1.06873218e-01,
         8.38049339e-01,  1.14432164e+00,  1.68688299e+00,
         1.25522054e+00,  4.92780642e-01],
       [ 3.04992184e+00, -4.81812621e-01,  1.11516450e-01,
         8.63500770e-01,  1.14896487e+00,  1.71233442e+00,
         1.25986378e+00,  5.18232072e-01],
       [ 3.05394250e+00, -4.56341462e-01,  1.15537108e-01,
         8.88971929e-01,  1.15298553e+00,  1.73780558e+00,
         1.26388443e+00,  5.43703232e-01],
       [ 3.05721575e+00, -4.30933160e-01,  1.18810356e-01,
         9.14380231e-01,  1.15625878e+00,  1.76321388e+00,
         1.26715768e+00,  5.69111534e-01],
       [ 3.05981415e+00, -4.05561948e-01,  1.21408757e-01,
         9.39751442e-01,  1.15885718e+00,  1.78858509e+00,
         1.26975608e+00,  5.94482745e-01],
       [ 3.06164837e+00, -3.80305156e-01,  1.23242977e-01,
         9.65008235e-01,  1.16069140e+00,  1.81384189e+00,
         1.27159030e+00,  6.19739537e-01],
       [ 3.06271302e+00, -3.55192384e-01,  1.24307625e-01,
         9.90121006e-01,  1.16175605e+00,  1.83895466e+00,
         1.27265495e+00,  6.44852309e-01],
       [ 3.06301666e+00, -3.30238855e-01,  7.37476614e-01,
        -6.81800999e-01,  1.16205969e+00,  1.86390819e+00,
         1.27295859e+00,  6.69805838e-01],
       [ 3.06251893e+00, -3.05509076e-01,  7.36978882e-01,
        -6.57071219e-01,  1.16156196e+00,  1.88863797e+00,
         1.27246086e+00,  6.94535617e-01],
       [ 3.06122048e+00, -2.81033686e-01,  7.35680436e-01,
        -6.32595829e-01,  1.16026351e+00,  1.91311336e+00,
         1.27116241e+00,  7.19011007e-01],
       [ 3.05912040e+00, -2.56845035e-01,  7.33580356e-01,
        -6.08407178e-01,  1.15816343e+00,  1.93730201e+00,
         1.26906233e+00,  7.43199659e-01],
       [ 3.05621464e+00, -2.32981529e-01,  7.30674592e-01,
        -5.84543672e-01,  1.15525767e+00,  1.96116551e+00,
         1.26615657e+00,  7.67063164e-01],
       [ 3.05250273e+00, -2.09479550e-01,  7.26962689e-01,
        -5.61041693e-01,  1.15154576e+00,  1.98466749e+00,
         1.26244467e+00,  7.90565143e-01],
       [ 3.04799725e+00, -1.86350034e-01,  7.22457209e-01,
        -5.37912177e-01,  1.14704028e+00,  2.00779701e+00,
         1.25793918e+00,  8.13694660e-01],
       [ 3.04268136e+00, -1.63670262e-01,  7.17141318e-01,
        -5.15232405e-01,  1.14172439e+00,  2.03047678e+00,
         1.25262329e+00,  8.36374432e-01],
       [ 3.03657887e+00, -1.41428285e-01,  7.11038830e-01,
        -4.92990428e-01,  1.13562190e+00,  2.05271876e+00,
         1.24652081e+00,  8.58616408e-01],
       [ 3.02966504e+00, -1.19769706e-01,  7.04124998e-01,
        -4.71331849e-01,  1.12870807e+00,  2.07437734e+00,
         1.23960697e+00,  8.80274987e-01],
       [ 3.02198182e+00, -9.86370591e-02,  6.96441777e-01,
        -4.50199202e-01,  1.12102485e+00,  2.09550998e+00,
         1.23192375e+00,  9.01407634e-01],
       [ 3.01355707e+00, -7.79321115e-02,  6.88017027e-01,
        -4.29494255e-01,  1.11260010e+00,  2.11621493e+00,
         1.22349900e+00,  9.22112582e-01],
       [ 3.00435394e+00, -5.80389789e-02,  6.78813895e-01,
        -4.09601122e-01,  1.10339697e+00,  2.13610806e+00,
         1.21429587e+00,  9.42005714e-01],
       [ 2.99444595e+00, -3.83455227e-02,  6.68905909e-01,
        -3.89907666e-01,  1.09348898e+00,  2.15580152e+00,
         1.20438789e+00,  9.61699170e-01],
       [ 2.98379643e+00, -1.96502229e-02,  6.58256386e-01,
        -3.71212366e-01,  1.08283946e+00,  2.17449682e+00,
         1.19373836e+00,  9.80394470e-01],
       [ 2.97244356e+00, -1.20128184e-03,  6.46903517e-01,
        -3.52763425e-01,  1.07148659e+00,  2.19294576e+00,
         1.18238549e+00,  9.98843411e-01],
       [ 2.96042384e+00,  1.60584267e-02,  6.34883799e-01,
        -3.35503717e-01,  1.05946687e+00,  2.21020547e+00,
         1.17036578e+00,  1.01610312e+00],
       [ 2.94767193e+00,  3.37013814e-02,  6.22131885e-01,
        -3.17860762e-01,  1.04671496e+00,  2.22784842e+00,
         1.15761386e+00,  1.03374607e+00],
       [ 2.93434343e+00,  4.96640099e-02,  6.08803390e-01,
        -3.01898133e-01,  1.03338646e+00,  2.24381105e+00,
         1.14428537e+00,  1.04970870e+00],
       [ 2.92030002e+00,  6.60072467e-02,  5.94759977e-01,
        -2.85554897e-01,  1.01934305e+00,  2.26015429e+00,
         1.13024195e+00,  1.06605194e+00],
       [ 2.90574750e+00,  8.06935495e-02,  5.80207461e-01,
        -2.70868594e-01,  1.00479053e+00,  2.27484059e+00,
         1.11568944e+00,  1.08073824e+00],
       [ 2.89061684e+00,  9.48505349e-02,  5.65076793e-01,
        -2.56711608e-01,  9.89659866e-01,  2.28899758e+00,
         1.10055877e+00,  1.09489523e+00],
       [ 2.87502247e+00,  1.07865492e-01,  5.49482423e-01,
        -2.43696652e-01,  9.74065497e-01,  2.30201253e+00,
         1.08496440e+00,  1.10791018e+00],
       [ 2.85866559e+00,  1.21636666e-01,  5.33125547e-01,
        -2.29925478e-01,  9.57708621e-01,  2.31578371e+00,
         1.06860752e+00,  1.12168136e+00],
       [ 2.84184729e+00,  1.34543461e-01,  5.16307248e-01,
        -2.17018682e-01,  9.40890321e-01,  2.32869050e+00,
         1.05178922e+00,  1.13458815e+00],
       [ 2.82470296e+00,  1.45723057e-01,  4.99162912e-01,
        -2.05839086e-01,  9.23745986e-01,  2.33987010e+00,
         1.03464489e+00,  1.14576775e+00],
       [ 2.80692843e+00,  1.57333916e-01,  4.81388382e-01,
        -1.94228227e-01,  9.05971456e-01,  2.35148096e+00,
         1.01687036e+00,  1.15737861e+00],
       [ 2.78875154e+00,  1.68058477e-01,  4.63211492e-01,
        -1.83503666e-01,  8.87794565e-01,  2.36220552e+00,
         9.98693468e-01,  1.16810317e+00],
       [ 2.77028532e+00,  1.77345790e-01,  4.44745271e-01,
        -1.74216353e-01,  8.69328345e-01,  2.37149283e+00,
         9.80227248e-01,  1.17739048e+00],
       [ 2.75122746e+00,  1.87092369e-01,  4.25687420e-01,
        -1.64469774e-01,  8.50270494e-01,  2.38123941e+00,
         9.61169397e-01,  1.18713706e+00],
       [ 2.73195764e+00,  1.95333650e-01,  4.06417601e-01,
        -1.56228493e-01,  8.31000674e-01,  2.38948069e+00,
         9.41899577e-01,  1.19537834e+00],
       [ 2.71210520e+00,  2.04029032e-01,  3.86565156e-01,
        -1.47533111e-01,  8.11148230e-01,  2.39817607e+00,
         9.22047133e-01,  1.20407373e+00],
       [ 2.69200579e+00,  2.11635591e-01,  3.66465745e-01,
        -1.39926553e-01,  7.91048818e-01,  2.40578263e+00,
         9.01947721e-01,  1.21168028e+00],
       [ 2.67171827e+00,  2.18078420e-01,  3.46178222e-01,
        -1.33483724e-01,  7.70761295e-01,  2.41222546e+00,
         8.81660198e-01,  1.21812311e+00],
       [ 2.65077109e+00,  2.25336031e-01,  3.25231047e-01,
        -1.26226112e-01,  7.49814121e-01,  2.41948307e+00,
         8.60713024e-01,  1.22538072e+00],
       [ 2.62953244e+00,  2.32028967e-01,  3.03992395e-01,
        -1.19533176e-01,  7.28575468e-01,  2.42617601e+00,
         8.39474371e-01,  1.23207366e+00],
       [ 2.60826202e+00,  2.37050196e-01,  2.82721978e-01,
        -1.14511948e-01,  7.07305052e-01,  2.43119724e+00,
         8.18203954e-01,  1.23709489e+00],
       [ 2.58651523e+00,  2.42377483e-01,  2.60975188e-01,
        -1.09184660e-01,  6.85558261e-01,  2.43652452e+00,
         7.96457164e-01,  1.24242218e+00],
       [ 2.56473533e+00,  2.46340654e-01,  2.39195288e-01,
        -1.05221489e-01,  6.63778361e-01,  2.44048770e+00,
         7.74677264e-01,  1.24638535e+00],
       [ 2.54236218e+00,  2.51002728e-01,  2.16822135e-01,
        -1.00559416e-01,  6.41405208e-01,  2.44514977e+00,
         7.52304111e-01,  1.25104742e+00],
       [ 2.51979893e+00,  2.55002888e-01,  1.94258883e-01,
        -9.65592558e-02,  6.18841957e-01,  2.44914993e+00,
         7.29740859e-01,  1.25504758e+00],
       [ 2.49726246e+00,  2.57637585e-01,  1.71722411e-01,
        -9.39245588e-02,  5.96305485e-01,  2.45178463e+00,
         7.07204388e-01,  1.25768228e+00],
       [ 2.47418357e+00,  2.60877821e-01,  1.48643530e-01,
        -9.06843228e-02,  5.73226604e-01,  2.45502486e+00,
         6.84125507e-01,  1.26092251e+00],
       [ 2.45095213e+00,  2.63479810e-01,  1.25412081e-01,
        -8.80823336e-02,  5.49995155e-01,  2.45762685e+00,
         6.60894057e-01,  1.26352450e+00],
       [ 2.42778395e+00,  2.64796485e-01,  1.02243909e-01,
        -8.67656580e-02,  5.26826982e-01,  2.45894353e+00,
         6.37725885e-01,  1.26484118e+00],
       [ 2.40407830e+00,  2.66756006e-01,  7.85382534e-02,
        -8.48061374e-02,  5.03121327e-01,  2.46090305e+00,
         6.14020230e-01,  1.26680070e+00],
       [ 2.38051642e+00,  2.67332620e-01,  5.49763775e-02,
        -8.42295234e-02,  4.79559451e-01,  2.46147966e+00,
         5.90458354e-01,  1.26737731e+00],
       [ 2.35643950e+00,  2.68481095e-01,  3.08994557e-02,
        -8.30810486e-02,  4.55482529e-01,  2.46262814e+00,
         5.66381432e-01,  1.26852579e+00],
       [ 2.33230715e+00,  2.68920239e-01,  6.76710751e-03,
        -8.26419045e-02,  4.31350181e-01,  2.46306728e+00,
         5.42249084e-01,  1.26896493e+00],
       [ 2.30833135e+00,  2.68114027e-01, -1.72086923e-02,
        -8.34481167e-02,  4.07374381e-01,  2.46226107e+00,
         5.18273284e-01,  1.26815872e+00],
       [ 2.28375069e+00,  2.68142263e-01, -4.17893500e-02,
        -8.34198806e-02,  3.82793723e-01,  2.46228930e+00,
         4.93692626e-01,  1.26818696e+00],
       [ 2.25911288e+00,  2.67587708e-01, -6.64271679e-02,
        -8.39744354e-02,  3.58155906e-01,  2.46173475e+00,
         4.69054808e-01,  1.26763240e+00],
       [ 2.23468894e+00,  2.65747835e-01, -9.08511035e-02,
        -8.58143082e-02,  3.33731970e-01,  2.45989488e+00,
         4.44630873e-01,  1.26579253e+00],
       [ 2.20983202e+00,  2.64347767e-01, -1.15708023e-01,
        -8.72143767e-02,  3.08875050e-01,  2.45849481e+00,
         4.19773953e-01,  1.26439246e+00],
       [ 2.18516083e+00,  2.61869007e-01, -1.40379215e-01,
        -8.96931359e-02,  2.84203859e-01,  2.45601605e+00,
         3.95102761e-01,  1.26191370e+00],
       [ 2.16004399e+00,  2.59827065e-01, -1.65496058e-01,
        -9.17350788e-02,  2.59087016e-01,  2.45397411e+00,
         3.69985919e-01,  1.25987176e+00],
       [ 2.13463403e+00,  2.57911138e-01, -1.90906013e-01,
        -9.36510056e-02,  2.33677060e-01,  2.45205818e+00,
         3.44575963e-01,  1.25795583e+00],
       [ 2.10958722e+00,  2.54535381e-01, -2.15952827e-01,
        -9.70267619e-02,  2.08630247e-01,  2.44868242e+00,
         3.19529150e-01,  1.25458007e+00],
       [ 2.08465507e+00,  2.50416351e-01, -2.40884973e-01,
        -1.01145793e-01,  1.83698101e-01,  2.44456339e+00,
         2.94597004e-01,  1.25046104e+00],
       [ 2.05915130e+00,  2.47049571e-01, -2.66388747e-01,
        -1.04512573e-01,  1.58194326e-01,  2.44119661e+00,
         2.69093229e-01,  1.24709426e+00],
       [ 2.03399932e+00,  2.42474857e-01, -2.91540727e-01,
        -1.09087286e-01,  1.33042347e-01,  2.43662190e+00,
         2.43941250e-01,  1.24251955e+00],
       [ 2.00833349e+00,  2.38479742e-01, -3.17206550e-01,
        -1.13082402e-01,  1.07376523e-01,  2.43262678e+00,
         2.18275426e-01,  1.23852443e+00],
       [ 1.98275910e+00,  2.33861583e-01, -3.42780944e-01,
        -1.17700560e-01,  8.18021291e-02,  2.42800862e+00,
         1.92701032e-01,  1.23390628e+00],
       [ 1.95750832e+00,  2.28196910e-01, -3.68031720e-01,
        -1.23365233e-01,  5.65513536e-02,  2.42234395e+00,
         1.67450257e-01,  1.22824160e+00],
       [ 1.93173502e+00,  2.23121963e-01, -3.93805024e-01,
        -1.28440180e-01,  3.07780490e-02,  2.41726900e+00,
         1.41676952e-01,  1.22316666e+00],
       [ 1.90640163e+00,  2.16863373e-01, -4.19138416e-01,
        -1.34698770e-01,  5.44465777e-03,  2.41101041e+00,
         1.16343561e-01,  1.21690807e+00],
       [ 1.88054153e+00,  2.11168267e-01, -4.44998511e-01,
        -1.40393876e-01, -2.04154381e-02,  2.40531531e+00,
         9.04834649e-02,  1.21121296e+00],
       [ 1.85517884e+00,  2.04262355e-01, -4.70361207e-01,
        -1.47299788e-01, -4.57781336e-02,  2.39840940e+00,
         6.51207693e-02,  1.20430705e+00],
       [ 1.82934591e+00,  1.97806408e-01, -4.96194137e-01,
        -1.53755736e-01, -7.16110640e-02,  2.39195345e+00,
         3.92878389e-02,  1.19785110e+00],
       [ 1.80342423e+00,  1.91174940e-01, -5.22115815e-01,
        -1.60387203e-01, -9.75327411e-02,  2.38532198e+00,
         1.33661618e-02,  1.19121963e+00],
       [ 1.77805415e+00,  1.83294858e-01, -5.47485892e-01,
        -1.68267285e-01, -1.22902818e-01,  2.37744190e+00,
        -1.20039152e-02,  1.18333955e+00],
       [ 1.75253501e+00,  1.75381346e-01, -5.73005032e-01,
        -1.76180798e-01, -1.48421959e-01,  2.36952839e+00,
        -3.75230561e-02,  1.17542604e+00],
       [ 1.72732739e+00,  1.66738709e-01, -5.98212659e-01,
        -1.84823434e-01, -1.73629585e-01,  2.36088575e+00,
        -6.27306823e-02,  1.16678340e+00],
       [ 1.70151623e+00,  1.58680078e-01, -6.24023809e-01,
        -1.92882065e-01, -1.99440735e-01,  2.35282712e+00,
        -8.85418326e-02,  1.15872477e+00],
       [ 1.67587191e+00,  1.50108780e-01, -6.49668129e-01,
        -2.01453363e-01, -2.25085056e-01,  2.34425582e+00,
        -1.14186153e-01,  1.15015347e+00],
       [ 1.65076044e+00,  1.40541399e-01, -6.74779605e-01,
        -2.11020744e-01, -2.50196531e-01,  2.33468844e+00,
        -1.39297628e-01,  1.14058609e+00],
       [ 1.62526616e+00,  1.31236782e-01, -7.00273884e-01,
        -2.20325362e-01, -2.75690810e-01,  2.32538382e+00,
        -1.64791907e-01,  1.13128147e+00],
       [ 1.60030581e+00,  1.21016567e-01, -7.25234234e-01,
        -2.30545576e-01, -3.00651160e-01,  2.31516361e+00,
        -1.89752257e-01,  1.12106126e+00],
       [ 1.57498042e+00,  1.11001380e-01, -7.50559628e-01,
        -2.40560763e-01, -3.25976555e-01,  2.30514842e+00,
        -2.15077652e-01,  1.11104607e+00],
       [ 1.55017223e+00,  1.00158094e-01, -7.75367812e-01,
        -2.51404049e-01, -3.50784738e-01,  2.29430514e+00,
        -2.39885835e-01,  1.10020279e+00],
       [ 1.52518253e+00,  8.92894138e-02, -8.00357519e-01,
        -2.62272730e-01, -3.75774445e-01,  2.28343645e+00,
        -2.64875543e-01,  1.08933411e+00],
       [ 1.50016354e+00,  7.82128507e-02, -8.25376504e-01,
        -2.73349293e-01, -4.00793430e-01,  2.27235989e+00,
        -2.89894527e-01,  1.07825754e+00],
       [ 1.47472196e+00,  6.73581994e-02, -8.50818086e-01,
        -2.84203944e-01, -4.26235013e-01,  2.26150524e+00,
        -3.15336110e-01,  1.06740289e+00],
       [ 1.45029749e+00,  5.51857644e-02, -8.75242550e-01,
        -2.96376379e-01, -4.50659477e-01,  2.24933281e+00,
        -3.39760574e-01,  1.05523046e+00],
       [ 1.42583931e+00,  4.28543515e-02, -8.99700732e-01,
        -3.08707792e-01, -4.75117658e-01,  2.23700139e+00,
        -3.64218756e-01,  1.04289904e+00],
       [ 1.40188172e+00,  2.98385172e-02, -9.23658324e-01,
        -3.21723626e-01, -4.99075251e-01,  2.22398556e+00,
        -3.88176348e-01,  1.02988321e+00],
       [ 1.37792217e+00,  1.66553186e-02, -9.47617872e-01,
        -3.34906825e-01, -5.23034798e-01,  2.21080236e+00,
        -4.12135895e-01,  1.01670001e+00],
       [ 1.35400734e+00,  3.24029034e-03, -9.71532706e-01,
        -3.48321853e-01, -5.46949632e-01,  2.19738733e+00,
        -4.36050730e-01,  1.00328498e+00],
       [ 1.33057184e+00, -1.07514274e-02, -9.94968201e-01,
        -3.62313571e-01, -5.70385128e-01,  2.18339561e+00,
        -4.59486225e-01,  9.89293266e-01],
       [ 1.30620176e+00, -2.42423131e-02, -1.01933828e+00,
        -3.75804456e-01, -5.94755211e-01,  2.16990473e+00,
        -4.83856308e-01,  9.75802380e-01],
       [ 1.28295302e+00, -3.88031696e-02, -1.04258702e+00,
        -3.90365313e-01, -6.18003947e-01,  2.15534387e+00,
        -5.07105045e-01,  9.61241524e-01],
       [ 1.26034431e+00, -5.40043522e-02, -1.06519574e+00,
        -4.05566496e-01, -6.40612662e-01,  2.14014269e+00,
        -5.29713759e-01,  9.46040341e-01]]), 'data_points': 600}}, 'improvement': 0.6129816012394529}","{'distance_encoding': {'red': 0.369234564881464, 'magenta': 0.40323943650716154, 'yellow': 0.5085902710725954, 'orange': 0.4082230346808736}, 'direction_encoding': {'red': 0.29662047333377034, 'magenta': 0.26862189796693386, 'yellow': 0.3398219034790638, 'orange': 0.4078623413214336}}","{'dim_0': {'mse': 0.24073946475982666, 'r2': 0.6257895231246948}, 'dim_1': {'mse': 0.486100971698761, 'r2': 0.09840142726898193}}"
policy_encoder,"{'ridge': {'mse': 1.1171835082522747, 'r2': -0.671113033888703, 'feature_importance': array([0.34917223, 0.4259386 , 0.21438244, 0.20484965, 0.07732724,
       0.13557388, 0.17261966, 0.22642726, 0.2325606 , 0.23277526,
       0.25654072, 0.18940464, 0.29180694, 0.19896092, 0.3445676 ,
       0.39030927, 0.43713152, 0.15959744, 0.36344737, 0.59168035,
       0.17030746, 0.11467613, 0.20395353, 0.13183044, 0.20875898,
       0.23740432, 0.12478764, 0.15233734, 0.19728515, 0.24295202,
       0.1715916 , 0.13825172, 0.30164933, 0.3158726 , 0.13574333,
       0.171009  , 0.16111062, 0.20177121, 0.33605304, 0.32733175,
       0.27662402, 0.18932204, 0.14667635, 0.3270412 , 0.31077152,
       0.42074463, 0.14437163, 0.22101748, 0.3852009 , 0.27757323,
       0.41393164, 0.41917813, 0.12048121, 0.42618054, 0.09620684,
       0.3453862 , 0.31965515, 0.1815309 , 0.12857229, 0.33194894,
       0.20557764, 0.42601773, 0.32851738, 0.19864938], dtype=float32), 'predictions': array([[ 1.4980342 , -0.70732445, -1.5300186 , ...,  0.5165962 ,
         0.7176525 , -1.0676173 ],
       [ 1.0678747 , -0.82131106, -1.8569412 , ...,  0.6498033 ,
         0.6210433 , -0.76944   ],
       [ 1.2412158 , -0.620679  , -1.5485234 , ...,  0.6925986 ,
         0.65731525, -0.5352039 ],
       ...,
       [ 1.4432389 , -0.35946104, -1.2248735 , ...,  1.1982208 ,
         0.0110414 , -0.06061465],
       [ 0.95505154, -0.34100077, -1.9674754 , ...,  0.77439845,
         0.10633163, -0.988872  ],
       [ 1.2367172 , -0.44160736, -1.53481   , ...,  1.0013965 ,
         0.09420158, -0.38934124]], dtype=float32), 'ground_truth': array([[ 2.7071576 , -1.1290949 , -0.23124779, ...,  1.06505214,
         0.91709953, -0.12905021],
       [ 2.7061772 , -1.12875704, -0.23222819, ...,  1.06539   ,
         0.91611913, -0.12871234],
       [ 2.70411541, -1.12889366, -0.23428998, ...,  1.06525338,
         0.91405735, -0.12884897],
       ...,
       [ 1.30620176, -0.02424231, -1.01933828, ...,  2.16990473,
        -0.48385631,  0.97580238],
       [ 1.28295302, -0.03880317, -1.04258702, ...,  2.15534387,
        -0.50710504,  0.96124152],
       [ 1.26034431, -0.05400435, -1.06519574, ...,  2.14014269,
        -0.52971376,  0.94604034]])}, 'mlp': {'mse': 0.7906374517620607, 'r2': -0.21450865268707275, 'predictions': array([[ 0.9689304 , -0.39929196, -1.3832158 , ...,  0.9848495 ,
         0.3733859 , -0.35833186],
       [ 1.065419  , -0.39242122, -1.5546235 , ...,  1.0657426 ,
         0.37726665, -0.37756786],
       [ 0.82617164, -0.28839582, -1.2413329 , ...,  0.9522332 ,
         0.35761464, -0.10410104],
       ...,
       [ 1.5027957 , -0.3216728 , -2.0607176 , ...,  1.1130093 ,
         0.05524925, -0.6417485 ],
       [ 1.3187891 , -0.22202067, -2.0468235 , ...,  1.0191067 ,
        -0.03549915, -0.5228614 ],
       [ 1.6100585 , -0.3596956 , -2.2300806 , ...,  1.1816096 ,
         0.11875284, -0.74452794]], dtype=float32), 'train_losses': [1.6742194890975952, 1.5677905082702637, 1.465003490447998, 1.3633488416671753, 1.2630311250686646, 1.168005108833313, 1.0836657285690308, 1.016811728477478, 0.9747973680496216, 0.9620723724365234, 0.9732529520988464, 0.9907194972038269, 0.9979986548423767, 0.9912524223327637, 0.9757393598556519, 0.9587390422821045, 0.9454576373100281, 0.9379937648773193, 0.9358009696006775, 0.9370571970939636, 0.9396494626998901, 0.9418137669563293, 0.9424605369567871, 0.9410406351089478, 0.9375585913658142, 0.9324575066566467, 0.9264235496520996, 0.9202966094017029, 0.9149092435836792, 0.9108839631080627, 0.908477783203125, 0.9073870778083801, 0.9068872928619385, 0.9061240553855896, 0.9045365452766418, 0.9020652174949646, 0.8991235494613647, 0.8961688280105591, 0.8935760259628296, 0.8914563059806824, 0.8897238969802856, 0.8881425261497498, 0.8864127397537231, 0.8844156861305237, 0.8820810914039612, 0.8794370293617249, 0.8765965700149536, 0.8736928105354309, 0.8707824945449829, 0.8679072856903076], 'test_losses': [1.363562822341919, 1.2609552145004272, 1.1624270677566528, 1.0663325786590576, 0.9741469025611877, 0.8901574611663818, 0.8193762898445129, 0.768006443977356, 0.7431181073188782, 0.7487022280693054, 0.7780237793922424, 0.8106483221054077, 0.8272572755813599, 0.8237259984016418, 0.806778073310852, 0.7857280969619751, 0.7674830555915833, 0.75506991147995, 0.7485297918319702, 0.7464847564697266, 0.7470998764038086, 0.7488080859184265, 0.750355064868927, 0.7512378096580505, 0.751330554485321, 0.7509443759918213, 0.750590980052948, 0.7509440183639526, 0.7525733709335327, 0.7555870413780212, 0.7598747611045837, 0.7644874453544617, 0.7682551145553589, 0.770112931728363, 0.769772469997406, 0.7672820091247559, 0.7636098265647888, 0.7598245739936829, 0.7568404674530029, 0.7554065585136414, 0.7555267810821533, 0.7572123408317566, 0.7601805329322815, 0.7640587091445923, 0.7686033844947815, 0.7733585238456726, 0.7781986594200134, 0.782978892326355, 0.7872053980827332, 0.7906374931335449]}, 'time_step_mlp': {0: {'r2': -50.33244705200195, 'mse': 2.188928367346567, 'train_losses': [1.4144841432571411, 1.3359938859939575, 1.2602384090423584, 1.1846972703933716, 1.107674241065979, 1.0291457176208496, 0.9502627849578857, 0.8731747269630432, 0.8012992739677429, 0.7390114068984985, 0.6909444332122803, 0.6589900255203247, 0.64127117395401, 0.6325775384902954, 0.6266777515411377, 0.6185890436172485, 0.6073262691497803, 0.5942100882530212, 0.5808590650558472, 0.5693022608757019, 0.5602978467941284, 0.5541805624961853, 0.5503833293914795, 0.5477358102798462, 0.5450737476348877, 0.5414819121360779, 0.536697268486023, 0.5306578874588013, 0.5234991908073425, 0.5154325366020203], 'test_losses': [1.9924144744873047, 1.9569860696792603, 1.9275749921798706, 1.9041633605957031, 1.8855937719345093, 1.8726316690444946, 1.8693280220031738, 1.879226565361023, 1.9069466590881348, 1.9579840898513794, 2.0372719764709473, 2.1411118507385254, 2.256582736968994, 2.3631296157836914, 2.4453659057617188, 2.4959819316864014, 2.5137252807617188, 2.5065155029296875, 2.4803354740142822, 2.4421753883361816, 2.3975882530212402, 2.3515801429748535, 2.31003999710083, 2.2742316722869873, 2.2444522380828857, 2.2208850383758545, 2.2034642696380615, 2.191466808319092, 2.186227560043335, 2.1889283657073975], 'predictions': array([[ 8.81876051e-01, -3.33553284e-01, -1.51300859e+00,
        -8.86017978e-01, -5.31925321e-01,  5.92445612e-01,
         2.28732482e-01, -4.84442085e-01],
       [ 9.29161906e-01, -3.21973443e-01, -1.69350839e+00,
        -9.99419034e-01, -5.86915612e-01,  6.97910011e-01,
         1.69480503e-01, -3.97106439e-01],
       [ 8.93096566e-01, -3.34633261e-01, -1.53683090e+00,
        -9.00071025e-01, -5.50253570e-01,  5.93046427e-01,
         2.34077021e-01, -4.95602965e-01],
       [ 9.32760060e-01, -3.13052565e-01, -1.74192190e+00,
        -1.03353965e+00, -6.07194066e-01,  7.23754287e-01,
         1.53352901e-01, -3.74274611e-01],
       [ 8.85732472e-01, -3.23257387e-01, -1.53989565e+00,
        -8.98467183e-01, -5.54490447e-01,  6.00822985e-01,
         2.27746248e-01, -4.73424464e-01],
       [ 9.04196322e-01, -3.04993361e-01, -1.68443549e+00,
        -9.87931073e-01, -5.97449124e-01,  6.99370861e-01,
         1.66433468e-01, -3.69874656e-01],
       [ 8.82571816e-01, -3.16854745e-01, -1.54462337e+00,
        -9.03857887e-01, -5.63541114e-01,  6.06437266e-01,
         2.17771351e-01, -4.59016293e-01],
       [ 8.73176694e-01, -2.92366117e-01, -1.64842987e+00,
        -9.62605476e-01, -5.90976596e-01,  6.86807096e-01,
         1.59554929e-01, -3.50563973e-01],
       [ 8.59574139e-01, -3.02583039e-01, -1.55067503e+00,
        -9.03953791e-01, -5.70914030e-01,  6.17703736e-01,
         2.04441443e-01, -4.21870142e-01],
       [ 8.39294493e-01, -2.84186065e-01, -1.57327092e+00,
        -9.09525931e-01, -5.64582646e-01,  6.52701497e-01,
         1.74576387e-01, -3.58624816e-01],
       [ 8.45037639e-01, -2.95791984e-01, -1.54457009e+00,
        -8.99374902e-01, -5.64681172e-01,  6.19758427e-01,
         2.04824701e-01, -4.08512771e-01],
       [ 8.40740979e-01, -2.90719122e-01, -1.53974557e+00,
        -8.96930337e-01, -5.56498110e-01,  6.24854565e-01,
         1.99366212e-01, -3.93392444e-01],
       [ 8.41166079e-01, -2.94302374e-01, -1.52674711e+00,
        -8.93825829e-01, -5.55296481e-01,  6.15242839e-01,
         2.05432475e-01, -4.03138697e-01],
       [ 8.36230636e-01, -2.94551939e-01, -1.53227115e+00,
        -8.98649871e-01, -5.60324132e-01,  6.13703191e-01,
         2.03803211e-01, -3.98297220e-01],
       [ 8.22565377e-01, -2.89653122e-01, -1.53634942e+00,
        -9.04859602e-01, -5.69589913e-01,  6.13831043e-01,
         1.96724832e-01, -3.87863427e-01],
       [ 8.03188682e-01, -2.82359958e-01, -1.52963853e+00,
        -9.02911305e-01, -5.72586715e-01,  6.09830260e-01,
         1.87840506e-01, -3.83260429e-01],
       [ 7.77935147e-01, -2.67313778e-01, -1.51018488e+00,
        -9.00296032e-01, -5.72068095e-01,  6.04247808e-01,
         1.66942090e-01, -3.79123032e-01],
       [ 7.67154753e-01, -2.58671105e-01, -1.50326777e+00,
        -9.08645153e-01, -5.75343847e-01,  6.01376951e-01,
         1.45032808e-01, -3.79066408e-01],
       [ 8.77314031e-01, -3.03642124e-01, -1.76594055e+00,
        -1.11527610e+00, -6.05682254e-01,  6.78448260e-01,
         6.94934949e-02, -4.87424821e-01],
       [ 9.27487969e-01, -3.12308311e-01, -1.86002445e+00,
        -1.15543771e+00, -6.27267480e-01,  7.10063636e-01,
         9.30259675e-02, -5.15808880e-01],
       [ 1.01934767e+00, -4.35990155e-01, -1.79726326e+00,
        -1.21008885e+00, -7.37743378e-01,  5.84522367e-01,
         1.12835176e-01, -7.08416879e-01],
       [ 1.01934767e+00, -4.35990155e-01, -1.79726326e+00,
        -1.21008885e+00, -7.37743378e-01,  5.84522367e-01,
         1.12835176e-01, -7.08416879e-01],
       [ 1.01934767e+00, -4.35990155e-01, -1.79726326e+00,
        -1.21008885e+00, -7.37743378e-01,  5.84522367e-01,
         1.12835176e-01, -7.08416879e-01],
       [ 9.88069594e-01, -3.28562707e-01, -1.66720009e+00,
        -1.13390660e+00, -5.28095663e-01,  5.91942906e-01,
         1.20576665e-01, -8.42710316e-01],
       [ 9.38555062e-01, -4.03680712e-01, -1.58855617e+00,
        -1.14940214e+00, -6.19804144e-01,  5.37300169e-01,
         7.86757469e-02, -7.71034777e-01],
       [ 8.40696931e-01, -3.29429209e-01, -1.65516078e+00,
        -1.10228753e+00, -6.91357553e-01,  6.55517101e-01,
         5.95496185e-02, -4.35273290e-01],
       [ 9.22986090e-01, -3.66653562e-01, -1.53317297e+00,
        -1.15036166e+00, -5.44528067e-01,  5.59783816e-01,
         3.59000266e-02, -7.51343191e-01],
       [ 8.98664892e-01, -4.00368571e-01, -1.54695380e+00,
        -1.13792026e+00, -6.25377715e-01,  5.66592097e-01,
         3.65550444e-02, -6.63809299e-01],
       [ 8.81761014e-01, -3.75309974e-01, -1.52510583e+00,
        -1.12894499e+00, -5.87408185e-01,  5.26252508e-01,
         3.84582914e-02, -6.97442532e-01],
       [ 8.77135992e-01, -3.99563342e-01, -1.52009165e+00,
        -1.13758171e+00, -6.21973813e-01,  5.86970150e-01,
         1.49822216e-02, -6.13367200e-01],
       [ 8.45693469e-01, -3.88300180e-01, -1.54223132e+00,
        -1.13872433e+00, -6.53423429e-01,  6.30858779e-01,
        -1.17737819e-02, -5.11665165e-01],
       [ 8.01202476e-01, -3.48288357e-01, -1.63140881e+00,
        -1.14196587e+00, -7.25282133e-01,  6.78807974e-01,
        -5.21355635e-03, -3.50114822e-01],
       [ 8.13846052e-01, -3.57539654e-01, -1.64498639e+00,
        -1.15152216e+00, -7.31723189e-01,  6.75040424e-01,
         1.87127665e-03, -3.63858402e-01],
       [ 8.13251734e-01, -3.53851438e-01, -1.66328573e+00,
        -1.17303002e+00, -7.36513853e-01,  7.04921722e-01,
        -1.69270113e-02, -3.39844137e-01],
       [ 8.06903720e-01, -3.48916322e-01, -1.57757592e+00,
        -1.10819423e+00, -6.78766787e-01,  6.26971006e-01,
         3.52674164e-02, -4.52029556e-01],
       [ 8.25727284e-01, -3.51244003e-01, -1.70227695e+00,
        -1.22780740e+00, -7.46926367e-01,  7.60147035e-01,
        -6.06027506e-02, -3.24359089e-01],
       [ 8.37747097e-01, -3.71277422e-01, -1.63693213e+00,
        -1.15705097e+00, -7.12608218e-01,  6.50676131e-01,
         1.45023977e-02, -4.36617017e-01],
       [ 8.26132834e-01, -3.40106785e-01, -1.42012501e+00,
        -1.06002116e+00, -5.19080818e-01,  5.35597265e-01,
         5.00358045e-02, -6.43028617e-01],
       [ 9.04368639e-01, -4.18629467e-01, -1.60089660e+00,
        -1.22020435e+00, -6.66908920e-01,  6.71860516e-01,
        -3.94831076e-02, -5.49861550e-01],
       [ 9.05807078e-01, -4.28244680e-01, -1.61120570e+00,
        -1.23115301e+00, -6.75602913e-01,  6.80273890e-01,
        -4.26803231e-02, -5.28344631e-01],
       [ 9.11320508e-01, -4.35710609e-01, -1.61359584e+00,
        -1.23315942e+00, -6.76600397e-01,  6.82478786e-01,
        -4.35064249e-02, -5.21358609e-01],
       [ 9.16550636e-01, -4.42297161e-01, -1.60800552e+00,
        -1.22933877e+00, -6.72200084e-01,  6.81898832e-01,
        -4.41481620e-02, -5.17082095e-01],
       [ 9.21865046e-01, -4.52279270e-01, -1.59557438e+00,
        -1.22997892e+00, -6.64667130e-01,  6.78962886e-01,
        -4.46998477e-02, -5.15789688e-01],
       [ 9.33229864e-01, -4.64831889e-01, -1.58872616e+00,
        -1.23783147e+00, -6.57554686e-01,  6.76449895e-01,
        -4.21202481e-02, -5.26748538e-01],
       [ 9.27547991e-01, -4.63884443e-01, -1.56482387e+00,
        -1.22723925e+00, -6.43030703e-01,  6.62758231e-01,
        -2.81765684e-02, -5.28863847e-01],
       [ 9.21843171e-01, -4.61446375e-01, -1.55145204e+00,
        -1.20625639e+00, -6.35162354e-01,  6.42505348e-01,
        -2.83196452e-03, -5.39856970e-01],
       [ 9.53713715e-01, -4.67622995e-01, -1.72268760e+00,
        -1.13823700e+00, -7.47931004e-01,  5.60870886e-01,
         1.04316086e-01, -5.57673633e-01],
       [ 7.53046274e-01, -3.32445651e-01, -1.50490987e+00,
        -1.04662919e+00, -6.72110856e-01,  6.35157585e-01,
         1.56995724e-03, -2.90565640e-01],
       [ 7.97866702e-01, -3.64930630e-01, -1.59873664e+00,
        -1.11531007e+00, -7.28077769e-01,  6.52682781e-01,
        -3.92548041e-03, -2.97799885e-01],
       [ 8.52672637e-01, -3.90296549e-01, -1.25603783e+00,
        -9.92155135e-01, -4.41942126e-01,  5.00632524e-01,
         6.04826845e-02, -6.13472581e-01],
       [ 8.78106117e-01, -4.09182161e-01, -1.39696324e+00,
        -1.05550361e+00, -5.39778709e-01,  5.31533539e-01,
         8.37224796e-02, -6.18552804e-01],
       [ 9.67292070e-01, -4.55605298e-01, -1.72502851e+00,
        -1.13479698e+00, -7.40141571e-01,  5.52885592e-01,
         1.27888367e-01, -5.95337033e-01],
       [ 8.17876756e-01, -3.26775163e-01, -1.26230705e+00,
        -9.13201869e-01, -4.41253036e-01,  4.54353303e-01,
         2.02185735e-01, -6.75220668e-01],
       [ 8.20054770e-01, -3.00662547e-01, -1.43039775e+00,
        -9.25547063e-01, -5.23673713e-01,  5.25687993e-01,
         2.21034482e-01, -5.87607086e-01],
       [ 7.89461434e-01, -2.99729407e-01, -1.33222008e+00,
        -8.99944603e-01, -4.67626244e-01,  4.75530714e-01,
         2.15783745e-01, -6.31483614e-01],
       [ 8.04714859e-01, -3.08548391e-01, -1.40494585e+00,
        -9.57669318e-01, -5.10394216e-01,  5.04263818e-01,
         2.00610161e-01, -6.38103187e-01],
       [ 8.00210655e-01, -3.11047643e-01, -1.50580466e+00,
        -1.05706847e+00, -5.85283935e-01,  5.89804769e-01,
         1.33805141e-01, -5.63809931e-01],
       [ 9.04170752e-01, -3.76590014e-01, -1.58194268e+00,
        -1.19443655e+00, -5.96897006e-01,  6.10598266e-01,
         1.36073634e-01, -6.91807389e-01],
       [ 9.13417876e-01, -4.08149004e-01, -1.60070300e+00,
        -1.24760747e+00, -6.15383387e-01,  6.44892991e-01,
         9.34068710e-02, -6.41561091e-01],
       [ 9.37109351e-01, -4.52322066e-01, -1.59981334e+00,
        -1.28671920e+00, -6.17516577e-01,  6.73215508e-01,
         4.75475453e-02, -5.91904759e-01],
       [ 9.66914952e-01, -4.93311912e-01, -1.60577428e+00,
        -1.33109140e+00, -6.20687246e-01,  6.95292830e-01,
         8.68606381e-03, -5.67201853e-01],
       [ 1.00334585e+00, -5.40750086e-01, -1.63006580e+00,
        -1.39404857e+00, -6.28129065e-01,  7.18751371e-01,
        -2.91867368e-02, -5.54129422e-01],
       [ 1.01314509e+00, -5.60138822e-01, -1.63835394e+00,
        -1.42047644e+00, -6.30390942e-01,  7.32654274e-01,
        -5.52902855e-02, -5.34248412e-01],
       [ 1.01676095e+00, -5.72951019e-01, -1.64628136e+00,
        -1.43829167e+00, -6.35646045e-01,  7.44265199e-01,
        -7.31811300e-02, -5.16773105e-01],
       [ 1.01736629e+00, -5.83096743e-01, -1.65281737e+00,
        -1.45128202e+00, -6.41112685e-01,  7.53222048e-01,
        -8.65104869e-02, -5.02257228e-01],
       [ 1.01514101e+00, -5.88408291e-01, -1.66184473e+00,
        -1.45361555e+00, -6.48885310e-01,  7.55406022e-01,
        -9.27646086e-02, -4.90904897e-01],
       [ 1.00709009e+00, -5.88219941e-01, -1.66487968e+00,
        -1.44655538e+00, -6.54331267e-01,  7.51757562e-01,
        -9.44524184e-02, -4.80251163e-01],
       [ 9.93042529e-01, -5.81432819e-01, -1.65194070e+00,
        -1.42831588e+00, -6.51161194e-01,  7.41018414e-01,
        -8.96313339e-02, -4.72061157e-01],
       [ 9.85178709e-01, -5.75526834e-01, -1.63980925e+00,
        -1.41386521e+00, -6.45255506e-01,  7.29400456e-01,
        -8.33695158e-02, -4.71421123e-01],
       [ 9.84275341e-01, -5.76523304e-01, -1.63650346e+00,
        -1.41048062e+00, -6.43603921e-01,  7.23355234e-01,
        -8.16425011e-02, -4.70745265e-01],
       [ 9.85020578e-01, -5.78522146e-01, -1.63532400e+00,
        -1.40753889e+00, -6.43052042e-01,  7.16633141e-01,
        -7.68798739e-02, -4.74526972e-01],
       [ 9.82529581e-01, -5.77992558e-01, -1.63552129e+00,
        -1.40370750e+00, -6.43089592e-01,  7.09639668e-01,
        -6.91752732e-02, -4.78308231e-01],
       [ 1.00047112e+00, -5.88817298e-01, -1.66615987e+00,
        -1.43069005e+00, -6.55515254e-01,  7.12575793e-01,
        -6.32036179e-02, -4.94473606e-01],
       [ 1.01717567e+00, -5.99081397e-01, -1.69208884e+00,
        -1.45507801e+00, -6.66080594e-01,  7.13431835e-01,
        -5.63986562e-02, -5.10273457e-01],
       [ 1.02630246e+00, -6.04048252e-01, -1.70656610e+00,
        -1.46405721e+00, -6.72614634e-01,  7.10361302e-01,
        -5.02619632e-02, -5.20612538e-01],
       [ 1.02822328e+00, -6.04991317e-01, -1.71099627e+00,
        -1.46389723e+00, -6.75464809e-01,  7.07179368e-01,
        -4.72883098e-02, -5.22570848e-01],
       [ 1.02935684e+00, -6.08670890e-01, -1.70795155e+00,
        -1.47108340e+00, -6.73574030e-01,  7.09278107e-01,
        -4.63997908e-02, -5.22923768e-01],
       [ 1.02924168e+00, -6.12049580e-01, -1.69547021e+00,
        -1.47588670e+00, -6.64952695e-01,  7.11328268e-01,
        -4.83433492e-02, -5.24055898e-01],
       [ 1.03288102e+00, -6.15581810e-01, -1.69564009e+00,
        -1.48165917e+00, -6.63936853e-01,  7.12850273e-01,
        -4.91560400e-02, -5.28155625e-01],
       [ 1.03970742e+00, -6.16706491e-01, -1.71303165e+00,
        -1.48473704e+00, -6.74746990e-01,  7.13304222e-01,
        -4.79555279e-02, -5.31376958e-01],
       [ 1.04300594e+00, -6.14991844e-01, -1.72978890e+00,
        -1.48298562e+00, -6.87103510e-01,  7.12784111e-01,
        -4.60074879e-02, -5.32064497e-01],
       [ 1.04893136e+00, -6.19511664e-01, -1.74512017e+00,
        -1.49093652e+00, -6.96211934e-01,  7.18666971e-01,
        -5.34391776e-02, -5.32142520e-01],
       [ 1.05365074e+00, -6.23160899e-01, -1.76064777e+00,
        -1.50243866e+00, -7.04165697e-01,  7.26475358e-01,
        -6.21170327e-02, -5.31187236e-01],
       [ 1.05931437e+00, -6.29124343e-01, -1.76802230e+00,
        -1.51811099e+00, -7.05751896e-01,  7.36731052e-01,
        -7.17307627e-02, -5.31000614e-01],
       [ 1.06121421e+00, -6.34426117e-01, -1.76401985e+00,
        -1.52911747e+00, -6.99848354e-01,  7.45863974e-01,
        -8.21267217e-02, -5.30640304e-01],
       [ 1.06932604e+00, -6.45133376e-01, -1.77713883e+00,
        -1.55165887e+00, -7.06815958e-01,  7.62550592e-01,
        -9.16334465e-02, -5.34065485e-01],
       [ 1.08359969e+00, -6.55588329e-01, -1.81195223e+00,
        -1.58452511e+00, -7.28549600e-01,  7.85813987e-01,
        -1.04380950e-01, -5.35591125e-01],
       [ 1.09787214e+00, -6.67385399e-01, -1.83004141e+00,
        -1.62546086e+00, -7.41362810e-01,  8.06312799e-01,
        -1.15268990e-01, -5.36914110e-01],
       [ 1.11859250e+00, -6.84129894e-01, -1.85437036e+00,
        -1.67620623e+00, -7.53338456e-01,  8.24711442e-01,
        -1.20197855e-01, -5.49438417e-01],
       [ 1.13245678e+00, -6.96966052e-01, -1.87018967e+00,
        -1.71838582e+00, -7.63461411e-01,  8.39977801e-01,
        -1.25587195e-01, -5.54008901e-01],
       [ 1.13370550e+00, -7.04102635e-01, -1.85089540e+00,
        -1.74676991e+00, -7.57744670e-01,  8.49490881e-01,
        -1.31356955e-01, -5.50247967e-01],
       [ 1.14075685e+00, -7.14520991e-01, -1.83330977e+00,
        -1.77692664e+00, -7.50210822e-01,  8.59951079e-01,
        -1.37457103e-01, -5.49617946e-01],
       [ 1.14495718e+00, -7.16859698e-01, -1.83681107e+00,
        -1.78578520e+00, -7.51080990e-01,  8.63862991e-01,
        -1.39082313e-01, -5.53840756e-01],
       [ 1.14648962e+00, -7.15629876e-01, -1.84521866e+00,
        -1.78634977e+00, -7.53397584e-01,  8.65480602e-01,
        -1.39492571e-01, -5.58072329e-01],
       [ 1.13623857e+00, -7.08758891e-01, -1.83176863e+00,
        -1.77163541e+00, -7.48586655e-01,  8.62038314e-01,
        -1.40099972e-01, -5.51140904e-01],
       [ 1.12337756e+00, -6.99035108e-01, -1.81394601e+00,
        -1.74926114e+00, -7.42999375e-01,  8.54887009e-01,
        -1.37397677e-01, -5.42964518e-01],
       [ 1.11633027e+00, -6.92207277e-01, -1.80398536e+00,
        -1.73752570e+00, -7.40418136e-01,  8.53008687e-01,
        -1.35864317e-01, -5.36390424e-01],
       [ 1.12668705e+00, -6.95024610e-01, -1.81197727e+00,
        -1.75044668e+00, -7.40453303e-01,  8.58892500e-01,
        -1.33399665e-01, -5.40958345e-01],
       [ 1.13912809e+00, -7.00610876e-01, -1.82075286e+00,
        -1.76909935e+00, -7.43081093e-01,  8.66066992e-01,
        -1.31496310e-01, -5.45773089e-01],
       [ 1.15019786e+00, -7.04657793e-01, -1.83026004e+00,
        -1.78138387e+00, -7.47410059e-01,  8.73506248e-01,
        -1.31736517e-01, -5.48557401e-01],
       [ 1.15351808e+00, -7.04595149e-01, -1.82470524e+00,
        -1.77962494e+00, -7.45294809e-01,  8.78203988e-01,
        -1.34469733e-01, -5.45285106e-01],
       [ 1.14713573e+00, -6.99782491e-01, -1.79643035e+00,
        -1.76277471e+00, -7.34052956e-01,  8.74805570e-01,
        -1.34163424e-01, -5.39089620e-01],
       [ 1.14201427e+00, -6.94312871e-01, -1.76361465e+00,
        -1.74436939e+00, -7.22182631e-01,  8.74322712e-01,
        -1.34905502e-01, -5.31093657e-01],
       [ 1.15505898e+00, -7.00954497e-01, -1.76943064e+00,
        -1.75673926e+00, -7.21950591e-01,  8.82942021e-01,
        -1.38232008e-01, -5.34769356e-01],
       [ 1.17013693e+00, -7.09572434e-01, -1.79535043e+00,
        -1.77023542e+00, -7.26890385e-01,  8.88732731e-01,
        -1.39138922e-01, -5.43458998e-01],
       [ 1.16597283e+00, -7.08625913e-01, -1.78826094e+00,
        -1.75736785e+00, -7.23912597e-01,  8.86705458e-01,
        -1.38138652e-01, -5.38291514e-01],
       [ 1.15496397e+00, -7.02298105e-01, -1.76857686e+00,
        -1.72821295e+00, -7.13051319e-01,  8.79283190e-01,
        -1.36957914e-01, -5.29354155e-01],
       [ 1.12852669e+00, -6.85944974e-01, -1.72516668e+00,
        -1.67426920e+00, -6.93663538e-01,  8.59318018e-01,
        -1.30481318e-01, -5.18728614e-01],
       [ 1.10038733e+00, -6.67555571e-01, -1.68378735e+00,
        -1.61840308e+00, -6.75228238e-01,  8.35281014e-01,
        -1.20926321e-01, -5.10977387e-01],
       [ 1.12134087e+00, -6.78096056e-01, -1.73862386e+00,
        -1.63084245e+00, -6.80480301e-01,  8.33324909e-01,
        -1.12641007e-01, -5.34768403e-01],
       [ 1.15984297e+00, -6.99830413e-01, -1.82203305e+00,
        -1.67078197e+00, -6.94753230e-01,  8.42895448e-01,
        -1.07241891e-01, -5.73752463e-01],
       [ 1.19621623e+00, -7.21451461e-01, -1.89307821e+00,
        -1.70356548e+00, -7.09060848e-01,  8.47707868e-01,
        -1.01573147e-01, -6.14627242e-01],
       [ 1.20673096e+00, -7.18624175e-01, -1.89964890e+00,
        -1.69919431e+00, -7.01565981e-01,  8.44667614e-01,
        -9.61901993e-02, -6.29961193e-01],
       [ 1.20928836e+00, -7.08687127e-01, -1.89087045e+00,
        -1.68515980e+00, -6.89036846e-01,  8.39799404e-01,
        -8.89750421e-02, -6.31640613e-01],
       [ 1.24543917e+00, -7.08821177e-01, -1.95729017e+00,
        -1.70691490e+00, -6.97322786e-01,  8.31584036e-01,
        -6.17134534e-02, -6.89107120e-01],
       [ 1.29035568e+00, -7.11745024e-01, -2.03687382e+00,
        -1.75527716e+00, -7.13029087e-01,  8.20040405e-01,
        -7.16996193e-03, -7.81225145e-01],
       [ 1.31273377e+00, -7.06650972e-01, -2.10588789e+00,
        -1.77723479e+00, -7.34339893e-01,  8.03575516e-01,
         3.96233648e-02, -8.41356039e-01],
       [ 1.31972349e+00, -6.89949930e-01, -2.14907527e+00,
        -1.77447796e+00, -7.52068698e-01,  7.78223634e-01,
         8.54690298e-02, -8.87501597e-01],
       [ 1.10244703e+00, -5.55208743e-01, -1.89970601e+00,
        -1.41491914e+00, -7.47787297e-01,  6.84660792e-01,
         1.15084358e-01, -6.78183377e-01],
       [ 1.09702981e+00, -5.42303026e-01, -1.88484430e+00,
        -1.39852345e+00, -7.39804566e-01,  6.81340933e-01,
         1.36746749e-01, -6.98632479e-01]], dtype=float32), 'ground_truth': array([[ 2.55000281, -1.14019673, -0.38840258,  0.20511666,  0.64904584,
         1.05395031,  0.75994474, -0.14015204],
       [ 2.57610514, -1.14754134, -0.36230025,  0.19777205,  0.67514817,
         1.0466057 ,  0.78604707, -0.14749665],
       [ 2.60224393, -1.15391926, -0.33616146,  0.19139413,  0.70128696,
         1.04022778,  0.81218586, -0.15387456],
       [ 2.62853566, -1.16019066, -0.30986973,  0.18512273,  0.72757869,
         1.03395638,  0.8384776 , -0.16014597],
       [ 2.65481835, -1.16560029, -0.28358704,  0.1797131 ,  0.75386138,
         1.02854675,  0.86476029, -0.1655556 ],
       [ 2.68119664, -1.17067107, -0.25720875,  0.17464232,  0.78023967,
         1.02347597,  0.89113858, -0.17062638],
       [ 2.70753926, -1.17500573, -0.23086613,  0.17030766,  0.80658229,
         1.01914131,  0.9174812 , -0.17496104],
       [ 2.73389402, -1.17880845, -0.20451137,  0.16650494,  0.83293705,
         1.01533859,  0.94383595, -0.17876376],
       [ 2.76019756, -1.18195974, -0.17820783,  0.16335365,  0.85924059,
         1.0121873 ,  0.9701395 , -0.18191505],
       [ 2.78644348, -1.18448281, -0.15196192,  0.16083058,  0.88548651,
         1.00966423,  0.99638541, -0.18443812],
       [ 2.81259895, -1.18634392, -0.12580645,  0.15896947,  0.91164198,
         1.00780312,  1.02254088, -0.18629922],
       [ 2.83863609, -1.18752278, -0.0997693 ,  0.15779061,  0.93767912,
         1.00662426,  1.04857803, -0.18747809],
       [ 2.86452144, -1.18799485, -0.07388395,  0.15731854,  0.96356447,
         1.00615219,  1.07446338, -0.18795015],
       [ 2.89021926, -1.18773799, -0.04818613,  0.1575754 ,  0.98926229,
         1.00640905,  1.10016119, -0.1876933 ],
       [ 2.91569206, -1.18673325, -0.02271334,  0.15858014,  1.01473509,
         1.00741379,  1.12563399, -0.18668855],
       [ 2.94199112, -1.18587465,  0.00358573,  0.15943874,  1.04103415,
         1.00827239,  1.15193305, -0.18582995],
       [ 2.96645413, -1.18447504,  0.02804874,  0.16083835,  1.06549716,
         1.009672  ,  1.17639606, -0.18443035],
       [ 2.99017184, -1.18315094,  0.05176645,  0.16216245,  1.08921487,
         1.0109961 ,  1.20011377, -0.18310624],
       [ 3.01374748, -1.18104804,  0.07534209,  0.16426535,  1.11279051,
         1.013099  ,  1.22368942, -0.18100335],
       [ 3.03593174, -1.178845  ,  0.09752634,  0.16646839,  1.13497477,
         1.01530204,  1.24587367, -0.17880031],
       [ 3.05747272, -1.1767634 ,  0.11906733,  0.16854999,  1.15651575,
         1.01738364,  1.26741465, -0.17671871],
       [ 3.07789595, -1.17477518,  0.13949056,  0.17053821,  1.17693898,
         1.01937186,  1.28783788, -0.17473049],
       [ 3.09727759, -1.17389749,  0.15887219,  0.1714159 ,  1.19632062,
         1.02024955,  1.30721952, -0.1738528 ],
       [ 3.11605667, -1.17289476,  0.17765128,  0.17241863,  1.2150997 ,
         1.02125228,  1.32599861, -0.17285006],
       [ 3.13455112, -1.17091545,  0.19614573,  0.17439794,  1.23359415,
         1.02323159,  1.34449305, -0.17087076],
       [ 3.15283967, -1.16801539,  0.21443427,  0.177298  ,  1.2518827 ,
         1.02613165,  1.3627816 , -0.1679707 ],
       [ 3.17070028, -1.16414694,  0.23229489,  0.18116645,  1.26974331,
         1.0300001 ,  1.38064221, -0.16410224],
       [ 3.18848162, -1.15943787,  0.25007623,  0.18587552,  1.28752465,
         1.03470917,  1.39842355, -0.15939318],
       [ 3.20545907, -1.15372758,  0.26705368,  0.19158581,  1.3045021 ,
         1.04041946,  1.415401  , -0.15368289],
       [ 3.22222875, -1.14719965,  0.28382335,  0.19811374,  1.32127178,
         1.04694739,  1.43217068, -0.14715496],
       [ 3.23797763, -1.1410119 ,  0.29957223,  0.20430149,  1.33702066,
         1.05313514,  1.44791956, -0.14096721],
       [ 3.25290318, -1.13623288,  0.31449778,  0.20908051,  1.35194621,
         1.05791416,  1.46284511, -0.13618819],
       [ 3.26718627, -1.13283187,  0.32878088,  0.21248152,  1.3662293 ,
         1.06131517,  1.4771282 , -0.13278718],
       [ 3.28093474, -1.13076018,  0.34252934,  0.21455321,  1.37997777,
         1.06338686,  1.49087667, -0.13071548],
       [ 3.29424192, -1.12996513,  0.35583653,  0.21534826,  1.39328495,
         1.06418191,  1.50418386, -0.12992043],
       [ 3.30719691, -1.1303916 ,  0.36879152,  0.21492179,  1.40623994,
         1.06375544,  1.51713885, -0.13034691],
       [ 3.31988482, -1.13198218,  0.38147943,  0.21333121,  1.41892785,
         1.06216486,  1.52982675, -0.13193749],
       [ 3.33238669, -1.1346773 ,  0.3939813 ,  0.21063609,  1.43142972,
         1.05946974,  1.54232862, -0.1346326 ],
       [ 3.34445571, -1.13745264,  0.40605032,  0.20786075,  1.44349874,
         1.0566944 ,  1.55439764, -0.13740795],
       [ 3.35693797, -1.13882254,  0.41853258,  0.20649085,  1.455981  ,
         1.0553245 ,  1.5668799 , -0.13877785],
       [ 3.36817972, -1.1392229 ,  0.42977433,  0.20609049,  1.46722275,
         1.05492414,  1.57812165, -0.1391782 ],
       [ 3.37860023, -1.13855139,  0.44019484,  0.206762  ,  1.47764326,
         1.05559565,  1.58854216, -0.13850669],
       [ 3.38815946, -1.13824487,  0.44975407,  0.20706852,  1.48720249,
         1.05590217,  1.5981014 , -0.13820018],
       [ 3.39707664, -1.13799839,  0.45867124,  0.207315  ,  1.49611966,
         1.05614865,  1.60701857, -0.13795369],
       [ 3.40639577, -1.13612992,  0.46799037,  0.20918347,  1.5054388 ,
         1.05801712,  1.6163377 , -0.13608523],
       [ 3.41540997, -1.13306635,  0.47700458,  0.21224704,  1.514453  ,
         1.06108069,  1.6253519 , -0.13302166],
       [ 3.42349991, -1.12918384,  0.48509451,  0.21612955,  1.52254294,
         1.0649632 ,  1.63344184, -0.12913915],
       [ 3.4310268 , -1.12437487,  0.49262141,  0.22093852,  1.53006983,
         1.06977217,  1.64096874, -0.12433018],
       [ 3.43802375, -1.11869086,  0.49961836,  0.22662253,  1.53706678,
         1.07545618,  1.64796568, -0.11864616],
       [ 3.4447865 , -1.11339903,  0.50638111,  0.23191436,  1.54382953,
         1.08074801,  1.65472843, -0.11335434],
       [ 3.45160543, -1.10946071,  0.51320004,  0.23585268,  1.55064846,
         1.08468633,  1.66154737, -0.10941602],
       [ 3.45836914, -1.10685206,  0.51996374,  0.23846133,  1.55741216,
         1.08729498,  1.66831107, -0.10680737],
       [ 3.46499508, -1.10553522,  0.52658968,  0.23977817,  1.56403811,
         1.08861182,  1.67493701, -0.10549053],
       [ 3.4714164 , -1.10546641,  0.53301101,  0.23984698,  1.57045943,
         1.08868063,  1.68135833, -0.10542171],
       [ 3.47756912, -1.10659912,  0.53916372,  0.23871427,  1.57661215,
         1.08754792,  1.68751105, -0.10655443],
       [ 3.48339177, -1.10888433,  0.54498638,  0.23642906,  1.5824348 ,
         1.08526271,  1.6933337 , -0.10883964],
       [ 3.48882555, -1.11227056,  0.55042016,  0.23304283,  1.58786858,
         1.08187648,  1.69876748, -0.11222587],
       [ 3.49381448, -1.11670404,  0.55540909,  0.22860935,  1.59285751,
         1.077443  ,  1.70375642, -0.11665935],
       [ 3.49830556, -1.12212882,  0.55990016,  0.22318457,  1.59734859,
         1.07201822,  1.70824749, -0.12208413],
       [ 3.50224887, -1.12848692,  0.56384347,  0.21682647,  1.60129189,
         1.06566012,  1.7121908 , -0.12844223],
       [ 3.50559775, -1.13571846,  0.56719235,  0.20959493,  1.60464078,
         1.05842858,  1.71553968, -0.13567377],
       [ 3.5083089 , -1.14376187,  0.56990351,  0.20155152,  1.60735193,
         1.05038517,  1.71825083, -0.14371718],
       [ 3.51034249, -1.152554  ,  0.5719371 ,  0.19275939,  1.60938552,
         1.04159304,  1.72028442, -0.15250931],
       [ 3.51166226, -1.16203033,  0.57325686,  0.18328306,  1.61070529,
         1.03211671,  1.72160419, -0.16198564],
       [ 3.51223559, -1.17212516,  0.57383019,  0.17318823,  1.61127862,
         1.02202188,  1.72217752, -0.17208047],
       [ 3.5120336 , -1.18277179,  0.57362821,  0.1625416 ,  1.61107663,
         1.01137525,  1.72197554, -0.1827271 ],
       [ 3.51103122, -1.19390269,  0.57262583,  0.1514107 ,  1.61007425,
         1.00024435,  1.72097315, -0.193858  ],
       [ 3.50920719, -1.20544976,  0.5708018 ,  0.13986363,  1.60825022,
         0.98869728,  1.71914913, -0.20540506],
       [ 3.50654416, -1.21734446,  0.56813877,  0.12796893,  1.60558719,
         0.97680258,  1.71648609, -0.21729977],
       [ 3.50302866, -1.2295181 ,  0.56462327,  0.1157953 ,  1.60207169,
         0.96462895,  1.7129706 , -0.2294734 ],
       [ 3.49865116, -1.24190195,  0.56024577,  0.10341144,  1.59769419,
         0.95224509,  1.70859309, -0.24185725],
       [ 3.49340603, -1.25442754,  0.55500063,  0.09088585,  1.59244906,
         0.9397195 ,  1.70334796, -0.25438284],
       [ 3.48729154, -1.26702681,  0.54888614,  0.07828658,  1.58633457,
         0.92712023,  1.69723347, -0.26698212],
       [ 3.48030984, -1.27963236,  0.54190445,  0.06568103,  1.57935287,
         0.91451468,  1.69025177, -0.27958767],
       [ 3.47246692, -1.29217762,  0.53406153,  0.05313577,  1.57150995,
         0.90196943,  1.68240885, -0.29213292],
       [ 3.46377254, -1.30459707,  0.52536715,  0.04071632,  1.56281557,
         0.88954997,  1.67371448, -0.30455237],
       [ 3.45424019, -1.31682645,  0.51583479,  0.02848694,  1.55328322,
         0.87732059,  1.66418212, -0.31678176],
       [ 3.44388698, -1.32880297,  0.50548159,  0.01651042,  1.54293001,
         0.86534407,  1.65382891, -0.32875828],
       [ 3.43273359, -1.34046547,  0.4943282 ,  0.00484793,  1.53177662,
         0.85368158,  1.64267552, -0.34042077],
       [ 3.42080414, -1.35175461,  0.48239875, -0.00644122,  1.51984717,
         0.84239243,  1.63074607, -0.35170992],
       [ 3.40812609, -1.36261311,  0.4697207 , -0.01729972,  1.50716912,
         0.83153393,  1.61806803, -0.36256842],
       [ 3.39473013, -1.37298586,  0.45632473, -0.02767247,  1.49377316,
         0.82116118,  1.60467206, -0.37294117],
       [ 3.38065   , -1.38282013,  0.44224461, -0.03750674,  1.47969303,
         0.81132691,  1.59059193, -0.38277543],
       [ 3.36592242, -1.39206569,  0.42751703, -0.0467523 ,  1.46496545,
         0.80208135,  1.57586435, -0.392021  ],
       [ 3.35058687, -1.40067504,  0.41218147, -0.05536165,  1.4496299 ,
         0.793472  ,  1.5605288 , -0.40063034],
       [ 3.33468547, -1.40860345,  0.39628007, -0.06329006,  1.4337285 ,
         0.78554359,  1.5446274 , -0.40855876],
       [ 3.31826279, -1.41580921,  0.3798574 , -0.07049582,  1.41730582,
         0.77833783,  1.52820472, -0.41576451],
       [ 3.30136569, -1.42225365,  0.3629603 , -0.07694025,  1.40040872,
         0.7718934 ,  1.51130763, -0.42220895],
       [ 3.28404313, -1.42790132,  0.34563774, -0.08258793,  1.38308616,
         0.76624572,  1.49398507, -0.42785662],
       [ 3.26634597, -1.43272008,  0.32794057, -0.08740669,  1.365389  ,
         0.76142696,  1.4762879 , -0.43267539],
       [ 3.24832677, -1.4366812 ,  0.30992138, -0.09136781,  1.3473698 ,
         0.75746584,  1.4582687 , -0.43663651],
       [ 3.23003962, -1.43975941,  0.29163422, -0.09444602,  1.32908264,
         0.75438763,  1.43998155, -0.43971472],
       [ 3.21153989, -1.44193301,  0.27313449, -0.09661962,  1.31058292,
         0.75221403,  1.42148182, -0.44188832],
       [ 3.19288406, -1.44318391,  0.25447866, -0.09787052,  1.29192708,
         0.75096313,  1.40282599, -0.44313922],
       [ 3.17412948, -1.44349768,  0.23572408, -0.09818429,  1.27317251,
         0.75064936,  1.38407141, -0.44345298],
       [ 3.15533416, -1.44286356,  0.21692877, -0.09755017,  1.25437719,
         0.75128348,  1.3652761 , -0.44281887],
       [ 3.13655658, -1.44127455,  0.19815119, -0.09596116,  1.23559961,
         0.75287249,  1.34649851, -0.44122986],
       [ 3.11785542, -1.43872734,  0.17945003, -0.09341395,  1.21689845,
         0.7554197 ,  1.32779735, -0.43868265],
       [ 3.09928939, -1.43522235,  0.16088399, -0.08990896,  1.19833242,
         0.75892469,  1.30923132, -0.43517766],
       [ 3.08091697, -1.43076371,  0.14251158, -0.08545032,  1.17996   ,
         0.76338333,  1.29085891, -0.43071901],
       [ 3.06279625, -1.42535922,  0.12439086, -0.08004583,  1.16183928,
         0.76878782,  1.27273819, -0.42531453],
       [ 3.04498466, -1.41902033,  0.10657926, -0.07370694,  1.14402769,
         0.77512671,  1.25492659, -0.41897564],
       [ 3.02753877, -1.41176207,  0.08913338, -0.06644868,  1.1265818 ,
         0.78238497,  1.2374807 , -0.41171738],
       [ 3.01051412, -1.40360299,  0.07210873, -0.0582896 ,  1.10955715,
         0.79054405,  1.22045605, -0.4035583 ],
       [ 2.99396497, -1.39456508,  0.05555958, -0.04925169,  1.093008  ,
         0.79958196,  1.20390691, -0.39452039],
       [ 2.97794413, -1.38467369,  0.03953873, -0.0393603 ,  1.07698716,
         0.80947335,  1.18788606, -0.384629  ],
       [ 2.96250273, -1.37395743,  0.02409733, -0.02864404,  1.06154576,
         0.82018961,  1.17244466, -0.37391274],
       [ 2.94769008, -1.36244805,  0.00928469, -0.01713466,  1.04673311,
         0.83169899,  1.15763201, -0.36240335],
       [ 2.93355347, -1.35018032, -0.00485193, -0.00486693,  1.0325965 ,
         0.84396672,  1.1434954 , -0.35013563],
       [ 2.92013796, -1.33719192, -0.01826743,  0.00812147,  1.01918099,
         0.85695512,  1.1300799 , -0.33714723],
       [ 2.90719554, -1.32474153, -0.03120985,  0.02057186,  1.00623857,
         0.86940551,  1.11713747, -0.32469683],
       [ 2.89445122, -1.31378598, -0.04395418,  0.03152741,  0.99349425,
         0.88036106,  1.10439315, -0.31374129],
       [ 2.88183709, -1.30424979, -0.0565683 ,  0.0410636 ,  0.98088012,
         0.88989725,  1.09177903, -0.30420509],
       [ 2.86928908, -1.29605671, -0.06911631,  0.04925668,  0.96833211,
         0.89809033,  1.07923101, -0.29601202],
       [ 2.85674696, -1.28912993, -0.08165844,  0.05618346,  0.95578999,
         0.90501711,  1.06668889, -0.28908523],
       [ 2.84415442, -1.28339209, -0.09425097,  0.0619213 ,  0.94319745,
         0.91075495,  1.05409635, -0.28334739],
       [ 2.83145916, -1.27876548, -0.10694624,  0.06654791,  0.93050219,
         0.91538156,  1.04140109, -0.27872079],
       [ 2.81861286, -1.27517215, -0.11979253,  0.07014124,  0.91765589,
         0.91897489,  1.02855479, -0.27512746],
       [ 2.80557127, -1.27253401, -0.13283412,  0.07277938,  0.9046143 ,
         0.92161303,  1.0155132 , -0.27248931],
       [ 2.7922942 , -1.270773  , -0.14611119,  0.07454039,  0.89133723,
         0.92337405,  1.00223614, -0.2707283 ]]), 'data_points': 600}, 1: {'r2': -2.53070330619812, 'mse': 0.5061379589709699, 'train_losses': [1.832916498184204, 1.7163488864898682, 1.60141122341156, 1.4875218868255615, 1.3748778104782104, 1.2655234336853027, 1.1635279655456543, 1.071861743927002, 0.9962748885154724, 0.9442526698112488, 0.9206070303916931, 0.9206972718238831, 0.9286292195320129, 0.9258895516395569, 0.9050731658935547, 0.8718522191047668, 0.8340960144996643, 0.7989703416824341, 0.770236611366272, 0.7489249110221863, 0.7335556149482727, 0.7211275696754456, 0.7089735269546509, 0.6953445672988892, 0.6794995069503784, 0.6621031165122986, 0.6442935466766357, 0.6279215216636658, 0.6141576766967773, 0.6025078296661377], 'test_losses': [1.1305804252624512, 1.0066052675247192, 0.8903499245643616, 0.7787094116210938, 0.6699058413505554, 0.5676394104957581, 0.47721388936042786, 0.40501582622528076, 0.35986748337745667, 0.3509305417537689, 0.3831140398979187, 0.44654324650764465, 0.5144942402839661, 0.5564308166503906, 0.561462938785553, 0.5397548675537109, 0.5058794617652893, 0.471754252910614, 0.4447070062160492, 0.4268328547477722, 0.418306440114975, 0.41754430532455444, 0.42226770520210266, 0.43010860681533813, 0.4397069811820984, 0.45086732506752014, 0.4637705385684967, 0.478384792804718, 0.49360546469688416, 0.5061379671096802], 'predictions': array([[ 2.74834037e-01,  5.94754443e-02, -1.71355486e+00,
        -4.64674383e-01, -9.64821577e-01,  1.03755605e+00,
        -6.93804324e-02,  1.11517712e-01],
       [ 2.80576617e-01,  7.11132661e-02, -1.78912485e+00,
        -4.84673977e-01, -9.88454044e-01,  1.04619932e+00,
        -4.14406583e-02,  7.82725587e-02],
       [ 9.03395638e-02,  9.20190811e-02, -2.66899228e+00,
        -6.14829183e-01, -1.52000833e+00,  1.52891481e+00,
        -1.89486980e-01,  2.63686240e-01],
       [ 2.82931119e-01,  4.10123095e-02, -1.56138110e+00,
        -4.67508972e-01, -9.53873217e-01,  1.00496900e+00,
         6.50024088e-03,  1.65195644e-01],
       [ 5.73705375e-01,  1.51875652e-02, -1.30649364e+00,
        -4.26756293e-01, -7.03609407e-01,  8.86169314e-01,
         7.82526284e-02,  4.59751114e-02],
       [ 3.38788301e-01,  3.40574607e-02, -2.07086158e+00,
        -5.48198164e-01, -1.20541489e+00,  1.40722752e+00,
        -1.28040969e-01,  2.53427118e-01],
       [ 2.13393003e-01,  7.49415085e-02, -2.33833146e+00,
        -5.86367667e-01, -1.35873067e+00,  1.41562319e+00,
        -1.27909556e-01,  2.35879093e-01],
       [ 1.80173829e-01,  8.49203542e-02, -2.46390247e+00,
        -5.98899126e-01, -1.42285144e+00,  1.46673572e+00,
        -1.47790328e-01,  2.38360271e-01],
       [ 6.36711240e-01, -8.34079925e-03, -1.36729681e+00,
        -4.51611191e-01, -7.33341694e-01,  9.49740827e-01,
         1.36848599e-01,  6.88745603e-02],
       [ 3.18792135e-01,  4.60536070e-02, -1.84352136e+00,
        -5.00536740e-01, -1.11572087e+00,  1.27740657e+00,
        -1.19663797e-01,  2.56319225e-01],
       [ 2.15333641e-01,  7.37632513e-02, -2.51109362e+00,
        -6.00991428e-01, -1.43530929e+00,  1.53894091e+00,
        -1.85385257e-01,  2.57834852e-01],
       [ 2.01274022e-01,  6.70863688e-02, -2.36449409e+00,
        -5.87134480e-01, -1.38185847e+00,  1.46130049e+00,
        -1.52200744e-01,  2.55402863e-01],
       [ 2.18915746e-01,  6.78504109e-02, -2.40219975e+00,
        -5.94538808e-01, -1.40491068e+00,  1.51040578e+00,
        -1.66869178e-01,  2.66257942e-01],
       [ 2.07336202e-01,  7.28982389e-02, -2.44205689e+00,
        -6.05042458e-01, -1.43353653e+00,  1.53385282e+00,
        -1.68422893e-01,  2.75640696e-01],
       [ 2.15212256e-01,  7.55750835e-02, -2.46532393e+00,
        -6.14061296e-01, -1.44613242e+00,  1.55397892e+00,
        -1.71240211e-01,  2.80954123e-01],
       [ 2.22266495e-01,  7.43192881e-02, -2.48406410e+00,
        -6.24412715e-01, -1.45493472e+00,  1.56944263e+00,
        -1.71991512e-01,  2.86473036e-01],
       [ 2.10678130e-01,  7.61324316e-02, -2.54052281e+00,
        -6.43512011e-01, -1.49950457e+00,  1.60623527e+00,
        -1.73984826e-01,  3.05892289e-01],
       [ 1.91072613e-01,  7.92033300e-02, -2.58256745e+00,
        -6.55155480e-01, -1.53191352e+00,  1.62588215e+00,
        -1.75295085e-01,  3.16843897e-01],
       [ 1.71322808e-01,  8.27492997e-02, -2.60296464e+00,
        -6.60123348e-01, -1.55408847e+00,  1.63740027e+00,
        -1.79639786e-01,  3.30029786e-01],
       [ 1.54191166e-01,  8.53534862e-02, -2.61702657e+00,
        -6.64605558e-01, -1.57463300e+00,  1.64925838e+00,
        -1.83479667e-01,  3.46150905e-01],
       [ 1.54730305e-01,  7.95159712e-02, -2.55877614e+00,
        -6.60314739e-01, -1.54636645e+00,  1.61870503e+00,
        -1.70587093e-01,  3.46604973e-01],
       [ 1.37790620e-01,  8.25067759e-02, -2.58662319e+00,
        -6.67113721e-01, -1.57444096e+00,  1.63800001e+00,
        -1.74849346e-01,  3.63058001e-01],
       [ 1.28567174e-01,  8.53410736e-02, -2.64050794e+00,
        -6.80207312e-01, -1.60934401e+00,  1.66255879e+00,
        -1.76369563e-01,  3.70037347e-01],
       [ 1.54988036e-01,  7.45073780e-02, -2.54498148e+00,
        -6.70195639e-01, -1.53986239e+00,  1.59793484e+00,
        -1.46191671e-01,  3.35187912e-01],
       [ 1.74648136e-01,  7.18286037e-02, -2.48047280e+00,
        -6.56437099e-01, -1.49411619e+00,  1.56646919e+00,
        -1.40873849e-01,  3.19424391e-01],
       [ 1.52896866e-01,  7.93645903e-02, -2.59740376e+00,
        -6.75729752e-01, -1.56188989e+00,  1.63102543e+00,
        -1.62237316e-01,  3.35819364e-01],
       [ 1.46821439e-01,  8.00241530e-02, -2.57997894e+00,
        -6.75093710e-01, -1.54775059e+00,  1.60415018e+00,
        -1.49957702e-01,  3.16762596e-01],
       [ 1.65150657e-01,  7.80329034e-02, -2.54981256e+00,
        -6.67562783e-01, -1.52418208e+00,  1.59622741e+00,
        -1.59959763e-01,  3.08912218e-01],
       [ 1.47789136e-01,  9.10371318e-02, -2.66439199e+00,
        -6.81214333e-01, -1.59326243e+00,  1.64802587e+00,
        -1.86626896e-01,  3.13036114e-01],
       [ 5.70373952e-01,  1.27298199e-02, -2.21629739e+00,
        -6.24003172e-01, -1.16512930e+00,  1.42645383e+00,
        -1.13111371e-02,  1.80756271e-01],
       [ 1.01856017e+00, -6.65556863e-02, -1.68073916e+00,
        -5.33012748e-01, -7.81660140e-01,  1.22411954e+00,
         1.76136822e-01,  9.44641903e-02],
       [ 4.19179887e-01,  5.96108064e-02, -2.19313622e+00,
        -5.89186549e-01, -1.24116373e+00,  1.45086515e+00,
        -1.55480593e-01,  2.11258337e-01],
       [ 2.36748740e-01,  1.03006288e-01, -2.87064433e+00,
        -7.31942594e-01, -1.73371744e+00,  1.82040191e+00,
        -2.36126855e-01,  3.58980775e-01],
       [ 3.08624595e-01,  1.09167933e-01, -2.86066651e+00,
        -7.44714499e-01, -1.65759742e+00,  1.69787383e+00,
        -1.40897498e-01,  2.86482573e-01],
       [ 3.05514961e-01,  1.12837344e-01, -2.79395294e+00,
        -7.19137192e-01, -1.63528275e+00,  1.65869200e+00,
        -1.60815701e-01,  2.82881349e-01],
       [ 2.31982961e-01,  1.26231670e-01, -3.08755207e+00,
        -7.74008751e-01, -1.89021432e+00,  1.92018962e+00,
        -2.45413035e-01,  4.04796809e-01],
       [ 2.10340649e-01,  1.44260436e-01, -3.00899458e+00,
        -7.40955949e-01, -1.83152246e+00,  1.78092098e+00,
        -1.97694629e-01,  3.51535380e-01],
       [ 2.13231459e-01,  1.30047992e-01, -3.13562679e+00,
        -7.67743349e-01, -1.93946469e+00,  1.95605826e+00,
        -2.52333760e-01,  4.15427387e-01],
       [ 2.07521677e-01,  1.56556040e-01, -3.00300527e+00,
        -7.27043092e-01, -1.85737276e+00,  1.78031969e+00,
        -2.00495273e-01,  3.40860337e-01],
       [ 3.16120744e-01,  1.46785095e-01, -2.67565632e+00,
        -6.53782845e-01, -1.65215111e+00,  1.62168765e+00,
        -2.05285341e-01,  2.82508880e-01],
       [ 2.71083891e-01,  1.01481386e-01, -3.20935988e+00,
        -7.69677103e-01, -2.00802135e+00,  2.15645218e+00,
        -2.95380741e-01,  5.01534641e-01],
       [ 3.73478502e-01,  1.43261015e-01, -2.90747237e+00,
        -7.11502016e-01, -1.78906596e+00,  1.78675783e+00,
        -1.86215103e-01,  3.29182923e-01],
       [ 4.92219418e-01,  1.26399949e-01, -2.60832047e+00,
        -6.39904559e-01, -1.59721172e+00,  1.65605271e+00,
        -1.89850047e-01,  2.79930413e-01],
       [ 4.86806005e-01,  1.32663518e-01, -2.86172843e+00,
        -7.01218009e-01, -1.71136618e+00,  1.76395214e+00,
        -1.65592298e-01,  2.94023752e-01],
       [ 6.00377262e-01,  1.14726193e-01, -2.58046937e+00,
        -6.31535113e-01, -1.54329872e+00,  1.66351569e+00,
        -1.78660393e-01,  2.69350290e-01],
       [ 5.77042997e-01,  1.17446870e-01, -2.79981065e+00,
        -6.83769584e-01, -1.62389660e+00,  1.72010458e+00,
        -1.33527920e-01,  2.52779961e-01],
       [ 5.86621702e-01,  1.12065323e-01, -2.80568051e+00,
        -6.90912485e-01, -1.62109709e+00,  1.72927320e+00,
        -1.25042275e-01,  2.55122811e-01],
       [ 7.35817611e-01,  8.91627148e-02, -2.52973485e+00,
        -6.26878202e-01, -1.42953694e+00,  1.60350311e+00,
        -1.03593536e-01,  2.05169320e-01],
       [ 7.36163378e-01,  8.35872963e-02, -2.66632843e+00,
        -6.66704834e-01, -1.45652390e+00,  1.63175786e+00,
        -5.65418825e-02,  1.81090176e-01],
       [ 7.26635218e-01,  7.82825127e-02, -2.70907593e+00,
        -6.81943417e-01, -1.47825658e+00,  1.66367865e+00,
        -5.22362739e-02,  1.89643830e-01],
       [ 7.14012861e-01,  7.28320330e-02, -2.73334002e+00,
        -6.94404423e-01, -1.49074078e+00,  1.68611777e+00,
        -4.72024269e-02,  2.01989517e-01],
       [ 7.16666043e-01,  6.55392855e-02, -2.73975325e+00,
        -7.03942358e-01, -1.48963535e+00,  1.70030963e+00,
        -3.85838225e-02,  2.11148500e-01],
       [ 9.14130628e-01,  3.05418428e-02, -2.31909680e+00,
        -6.11770809e-01, -1.21070266e+00,  1.54218233e+00,
        -7.39297597e-03,  1.78920522e-01],
       [ 8.75263751e-01,  3.14849466e-02, -2.62459660e+00,
        -6.87620342e-01, -1.35026622e+00,  1.65074122e+00,
         4.27980497e-02,  1.63528055e-01],
       [ 1.16774786e+00, -3.54862474e-02, -2.05009174e+00,
        -5.72734356e-01, -1.01334882e+00,  1.57051897e+00,
        -1.68794896e-02,  2.18207806e-01],
       [ 1.43573797e+00, -5.57433441e-02, -2.12251329e+00,
        -5.85098803e-01, -9.98968840e-01,  1.71211886e+00,
        -1.52685225e-03,  2.30998918e-01],
       [ 1.11490548e+00, -8.06825012e-02, -1.40917540e+00,
        -4.67041343e-01, -6.83025539e-01,  1.34716582e+00,
         1.54755279e-01,  2.59924829e-01],
       [ 1.11490548e+00, -8.06825012e-02, -1.40917540e+00,
        -4.67041343e-01, -6.83025539e-01,  1.34716582e+00,
         1.54755279e-01,  2.59924829e-01],
       [ 1.11490548e+00, -8.06825012e-02, -1.40917540e+00,
        -4.67041343e-01, -6.83025539e-01,  1.34716582e+00,
         1.54755279e-01,  2.59924829e-01],
       [ 6.89476252e-01, -3.36062387e-02, -2.05104375e+00,
        -5.85017323e-01, -1.14172947e+00,  1.47252131e+00,
         8.40947405e-02,  3.10285896e-01],
       [ 6.56224191e-01, -3.85763347e-02, -2.03874159e+00,
        -5.84044039e-01, -1.12739980e+00,  1.44049692e+00,
         9.84850302e-02,  2.82980800e-01],
       [ 6.65969610e-01, -4.22289222e-02, -2.00907493e+00,
        -5.75912714e-01, -1.08574390e+00,  1.39998758e+00,
         1.16974398e-01,  2.41174653e-01],
       [ 7.63790786e-01, -4.70493287e-02, -1.87832379e+00,
        -5.49530745e-01, -9.85910058e-01,  1.37087524e+00,
         1.27801552e-01,  2.12189481e-01],
       [ 8.28985155e-01, -4.63464744e-02, -1.76440787e+00,
        -5.30068576e-01, -9.06383455e-01,  1.34452069e+00,
         1.33878365e-01,  1.96218297e-01],
       [ 8.56387258e-01, -4.62000631e-02, -1.67381215e+00,
        -5.15874565e-01, -8.47330570e-01,  1.31314754e+00,
         1.37017503e-01,  1.81421340e-01],
       [ 8.83144438e-01, -4.49713692e-02, -1.64438677e+00,
        -5.15413523e-01, -8.25345516e-01,  1.31313825e+00,
         1.42901942e-01,  1.79272354e-01],
       [ 8.64672124e-01, -4.31219079e-02, -1.65601897e+00,
        -5.20781636e-01, -8.36905301e-01,  1.31691658e+00,
         1.33031100e-01,  1.85631916e-01],
       [ 7.88868189e-01, -3.80911455e-02, -1.73249149e+00,
        -5.35393417e-01, -8.86610270e-01,  1.30849242e+00,
         1.20697841e-01,  1.75237060e-01],
       [ 7.23067641e-01, -3.40490602e-02, -1.76687694e+00,
        -5.37076175e-01, -9.12425876e-01,  1.29138231e+00,
         1.00144088e-01,  1.64915875e-01],
       [ 6.45281017e-01, -2.20402479e-02, -1.79945898e+00,
        -5.40255129e-01, -9.54586446e-01,  1.28384244e+00,
         7.17883632e-02,  1.68076932e-01],
       [ 6.82239354e-01, -2.22170725e-02, -1.76644862e+00,
        -5.32742083e-01, -9.25745189e-01,  1.28755283e+00,
         7.25561529e-02,  1.64154619e-01],
       [ 7.11590886e-01, -1.94078628e-02, -1.75486565e+00,
        -5.31745851e-01, -9.07973230e-01,  1.29251957e+00,
         7.60046914e-02,  1.66766316e-01],
       [ 7.55332232e-01, -2.25409511e-02, -1.73735905e+00,
        -5.31991243e-01, -8.87704670e-01,  1.31395805e+00,
         7.81140253e-02,  1.80134773e-01],
       [ 7.53058195e-01, -1.64536256e-02, -1.73887968e+00,
        -5.34129083e-01, -8.88653636e-01,  1.31259584e+00,
         8.74578431e-02,  1.82971969e-01],
       [ 9.31708753e-01, -5.28680943e-02, -1.74813843e+00,
        -5.45313835e-01, -8.88232470e-01,  1.52924752e+00,
         4.98863384e-02,  2.44923383e-01],
       [ 7.68967509e-01, -1.68497115e-02, -1.72462368e+00,
        -5.37844718e-01, -8.65060329e-01,  1.29822910e+00,
         1.13558605e-01,  1.68332472e-01],
       [ 1.00156152e+00, -6.30656332e-02, -1.89804161e+00,
        -5.90185344e-01, -1.00216532e+00,  1.74881577e+00,
         1.54868560e-02,  2.94092655e-01],
       [ 7.23694563e-01, -1.30623942e-02, -1.74600136e+00,
        -5.45637488e-01, -8.88647377e-01,  1.31397271e+00,
         9.16141570e-02,  1.73761308e-01],
       [ 7.53925264e-01, -2.07949318e-02, -1.85971212e+00,
        -5.70312083e-01, -9.76614833e-01,  1.51308131e+00,
         2.16761976e-02,  2.43655667e-01],
       [ 5.57730615e-01,  3.38135590e-03, -1.85763252e+00,
        -5.69646955e-01, -9.76964891e-01,  1.28499103e+00,
         8.61698315e-02,  1.89958617e-01],
       [ 1.29569554e+00, -1.11057825e-01, -1.13315666e+00,
        -4.53431129e-01, -4.75101352e-01,  1.26843107e+00,
         3.29745054e-01,  1.68894604e-01],
       [ 1.30512333e+00, -1.06434427e-01, -1.10422468e+00,
        -4.47902471e-01, -4.72095549e-01,  1.27607214e+00,
         3.10710520e-01,  1.76967517e-01],
       [ 7.77957320e-01, -1.65071581e-02, -2.07580805e+00,
        -6.25594795e-01, -1.14015019e+00,  1.74019480e+00,
        -2.96120308e-02,  3.02137226e-01],
       [ 4.43070441e-01,  1.30774779e-02, -1.86536467e+00,
        -5.79203665e-01, -1.03492129e+00,  1.30708230e+00,
         4.29744124e-02,  2.35356450e-01],
       [ 5.58339655e-01,  1.41139748e-02, -2.05365634e+00,
        -6.13237858e-01, -1.16138303e+00,  1.59641683e+00,
        -4.42106649e-02,  2.99837053e-01],
       [ 3.18785250e-01,  2.17611771e-02, -1.91609240e+00,
        -5.98091602e-01, -1.10926676e+00,  1.29422092e+00,
         4.56923731e-02,  2.68637627e-01],
       [ 6.92428589e-01,  1.07835904e-02, -2.02350092e+00,
        -6.02530539e-01, -1.15650952e+00,  1.72962856e+00,
        -9.15183946e-02,  3.25029492e-01],
       [ 3.11716080e-01,  4.19627018e-02, -1.86011267e+00,
        -5.87435365e-01, -1.12759387e+00,  1.32632542e+00,
        -1.82940103e-02,  3.02765012e-01],
       [ 1.05868042e+00, -1.66703705e-02, -1.05302584e+00,
        -4.36981678e-01, -5.69314063e-01,  1.16371894e+00,
         1.77572772e-01,  2.18757972e-01],
       [ 4.45374876e-01,  6.48996159e-02, -1.97509646e+00,
        -5.73902309e-01, -1.22123265e+00,  1.61430943e+00,
        -1.83074936e-01,  3.68740201e-01],
       [ 1.96521506e-01,  9.38730016e-02, -1.84120953e+00,
        -5.70705414e-01, -1.24649107e+00,  1.36381888e+00,
        -1.09584831e-01,  4.00907934e-01],
       [ 1.02114046e+00,  3.46300825e-02, -1.33041620e+00,
        -4.66997027e-01, -7.49589622e-01,  1.43018532e+00,
        -6.84429985e-03,  2.85137355e-01],
       [ 2.45648831e-01,  7.84099773e-02, -1.78668749e+00,
        -5.41494012e-01, -1.12425685e+00,  1.25465965e+00,
        -1.03293337e-01,  3.23835343e-01],
       [ 1.15945792e+00,  3.72539200e-02, -1.07322621e+00,
        -4.10490572e-01, -5.49196899e-01,  1.21709955e+00,
         9.24267918e-02,  2.25881323e-01],
       [ 3.01724523e-01,  8.04566443e-02, -1.87455654e+00,
        -5.44783711e-01, -1.12864912e+00,  1.27752888e+00,
        -1.05265386e-01,  3.04145932e-01],
       [ 1.17373824e+00,  2.92128511e-02, -1.09856963e+00,
        -4.10416514e-01, -5.19833744e-01,  1.19044852e+00,
         1.16955526e-01,  2.06898019e-01],
       [ 4.36187625e-01,  8.29100609e-02, -1.84281290e+00,
        -5.41552544e-01, -1.06857169e+00,  1.29567921e+00,
        -8.34011063e-02,  2.71059215e-01],
       [ 1.20182467e+00,  1.39662740e-03, -1.07853353e+00,
        -4.10876185e-01, -4.53579098e-01,  1.15027750e+00,
         1.66117266e-01,  1.74792588e-01],
       [ 5.48513949e-01,  7.33381184e-03, -1.55086517e+00,
        -4.97696668e-01, -8.30611289e-01,  1.08812928e+00,
         1.08640522e-01,  1.80961415e-01],
       [ 1.15786946e+00, -7.54816551e-03, -1.07218599e+00,
        -4.02026922e-01, -4.23985690e-01,  1.11029577e+00,
         1.62180632e-01,  1.43583894e-01],
       [ 5.21091461e-01,  4.74527404e-02, -1.84290230e+00,
        -5.37681878e-01, -1.00818849e+00,  1.32380080e+00,
        -4.94438931e-02,  2.49877408e-01],
       [ 1.05883861e+00, -1.16278045e-02, -1.22627413e+00,
        -4.20141906e-01, -5.13607442e-01,  1.19278979e+00,
         8.78803432e-02,  1.43576562e-01],
       [ 5.47989547e-01,  1.12154540e-02, -1.61125898e+00,
        -5.03628552e-01, -8.23761225e-01,  1.13016117e+00,
         6.81637451e-02,  1.64029926e-01],
       [ 1.28338635e+00, -2.42956355e-02, -8.92887712e-01,
        -3.69668275e-01, -3.13066304e-01,  1.10679269e+00,
         1.94395497e-01,  1.38612762e-01],
       [ 6.40220404e-01,  1.78179480e-02, -1.50352049e+00,
        -4.74434614e-01, -7.40818918e-01,  1.12232697e+00,
         5.61049767e-02,  1.43673733e-01],
       [ 8.78092051e-01,  2.59087291e-02, -1.53141105e+00,
        -4.80021179e-01, -7.90142119e-01,  1.40279925e+00,
        -4.56864759e-02,  2.18930498e-01],
       [ 6.49757028e-01,  1.41652981e-02, -1.37702048e+00,
        -4.58205163e-01, -6.79190397e-01,  1.07114768e+00,
         7.66490698e-02,  1.12301365e-01],
       [ 1.10527503e+00, -1.19225113e-02, -1.12442684e+00,
        -4.09778446e-01, -4.86217946e-01,  1.23033977e+00,
         7.59180114e-02,  1.64747477e-01],
       [ 6.73698306e-01,  1.51058296e-02, -1.29459357e+00,
        -4.39503103e-01, -6.33139968e-01,  1.04869175e+00,
         7.74655789e-02,  1.02174982e-01],
       [ 9.94820297e-01,  2.10552709e-03, -1.25861347e+00,
        -4.30662662e-01, -6.10437930e-01,  1.30593336e+00,
         6.78272964e-03,  1.98914826e-01],
       [ 6.99302018e-01,  1.18930982e-02, -1.17180467e+00,
        -4.17836338e-01, -5.67446053e-01,  1.00518548e+00,
         9.27135423e-02,  9.11006331e-02],
       [ 9.66706634e-01, -1.33849483e-03, -1.23765755e+00,
        -4.27705020e-01, -6.18714273e-01,  1.30570245e+00,
        -2.57022469e-03,  2.13449627e-01],
       [ 7.26127744e-01,  5.38744871e-03, -1.06028676e+00,
        -3.96458864e-01, -5.08166254e-01,  9.75093305e-01,
         9.98098031e-02,  8.64049271e-02],
       [ 8.95944893e-01,  3.19789886e-03, -1.26762724e+00,
        -4.33313280e-01, -6.61804259e-01,  1.30350280e+00,
        -2.17244662e-02,  2.28560030e-01],
       [ 7.39198208e-01, -4.31955501e-04, -1.01026845e+00,
        -3.87545615e-01, -4.85849619e-01,  9.70517516e-01,
         1.01049654e-01,  8.78273249e-02],
       [ 1.57091177e+00, -2.03025863e-01, -6.51397407e-01,
        -3.19050759e-01, -1.06954381e-01,  1.31399918e+00,
         4.75895643e-01,  1.94507822e-01],
       [ 1.48369300e+00, -1.23488486e-01, -5.49713433e-01,
        -2.75830090e-01, -9.57505703e-02,  1.21023715e+00,
         3.35124135e-01,  1.97254404e-01],
       [ 8.34911823e-01, -1.13376230e-02, -1.05548275e+00,
        -3.95733118e-01, -5.63470840e-01,  1.17191863e+00,
         7.98291247e-03,  2.24607155e-01],
       [ 7.09352255e-01, -1.11658629e-02, -8.96362424e-01,
        -3.56646985e-01, -4.58247066e-01,  9.65491295e-01,
         7.88622573e-02,  1.17004856e-01],
       [ 8.11342299e-01, -1.09499814e-02, -1.05702984e+00,
        -3.91646653e-01, -5.62908053e-01,  1.15133393e+00,
         6.99704373e-03,  2.19779864e-01]], dtype=float32), 'ground_truth': array([[ 1.85648356e+00, -8.66830351e-01, -1.08192184e+00,
         4.78483040e-01, -4.44734151e-02,  1.32731669e+00,
         6.64254878e-02,  1.33214342e-01],
       [ 1.84457298e+00, -8.41110681e-01, -1.09383241e+00,
         5.04202709e-01, -5.63839911e-02,  1.35303636e+00,
         5.45149118e-02,  1.58934012e-01],
       [ 1.83164835e+00, -8.15868495e-01, -1.10675705e+00,
         5.29444896e-01, -6.93086249e-02,  1.37827855e+00,
         4.15902780e-02,  1.84176198e-01],
       [ 1.81817261e+00, -7.90887082e-01, -1.12023278e+00,
         5.54426309e-01, -8.27843571e-02,  1.40325996e+00,
         2.81145458e-02,  2.09157611e-01],
       [ 1.80453588e+00, -7.65994649e-01, -5.21004161e-01,
        -1.11755679e+00, -9.64210879e-02,  1.42815239e+00,
         1.44778150e-02,  2.34050044e-01],
       [ 1.79076496e+00, -7.41191396e-01, -5.34775079e-01,
        -1.09275354e+00, -1.10192006e-01,  1.45295564e+00,
         7.06896850e-04,  2.58853297e-01],
       [ 1.77684087e+00, -7.16498899e-01, -5.48699170e-01,
        -1.06806104e+00, -1.24116096e-01,  1.47764814e+00,
        -1.32171932e-02,  2.83545794e-01],
       [ 1.76273312e+00, -6.91945714e-01, -5.62806920e-01,
        -1.04350786e+00, -1.38223847e-01,  1.50220133e+00,
        -2.73249438e-02,  3.08098979e-01],
       [ 1.74840280e+00, -6.67570364e-01, -5.77137243e-01,
        -1.01913251e+00, -1.52554169e-01,  1.52657668e+00,
        -4.16552664e-02,  3.32474329e-01],
       [ 1.73381471e+00, -6.43413007e-01, -5.91725338e-01,
        -9.94975151e-01, -1.67142264e-01,  1.55073403e+00,
        -5.62433615e-02,  3.56631686e-01],
       [ 1.71895583e+00, -6.19488987e-01, -6.06584212e-01,
        -9.71051131e-01, -1.82001138e-01,  1.57465805e+00,
        -7.11022354e-02,  3.80555706e-01],
       [ 1.70378178e+00, -5.95858481e-01, -6.21758260e-01,
        -9.47420625e-01, -1.97175187e-01,  1.59828856e+00,
        -8.62762837e-02,  4.04186212e-01],
       [ 1.68826666e+00, -5.72568247e-01, -6.37273380e-01,
        -9.24130391e-01, -2.12690306e-01,  1.62157879e+00,
        -1.01791404e-01,  4.27476446e-01],
       [ 1.67239010e+00, -5.49665764e-01, -6.53149945e-01,
        -9.01227907e-01, -2.28566872e-01,  1.64448128e+00,
        -1.17667969e-01,  4.50378929e-01],
       [ 1.65614262e+00, -5.27184884e-01, -6.69397422e-01,
        -8.78747028e-01, -2.44814349e-01,  1.66696216e+00,
        -1.33915446e-01,  4.72859809e-01],
       [ 1.63952447e+00, -5.05134589e-01, -6.86015575e-01,
        -8.56696733e-01, -2.61432502e-01,  1.68901245e+00,
        -1.50533599e-01,  4.94910104e-01],
       [ 1.62256640e+00, -4.83396124e-01, -7.02973642e-01,
        -8.34958268e-01, -2.78390569e-01,  1.71075092e+00,
        -1.67491666e-01,  5.16648569e-01],
       [ 1.60518435e+00, -4.62241559e-01, -7.20355698e-01,
        -8.13803703e-01, -2.95772625e-01,  1.73190548e+00,
        -1.84873722e-01,  5.37803134e-01],
       [ 1.58738990e+00, -4.41695762e-01, -7.38150148e-01,
        -7.93257906e-01, -3.13567074e-01,  1.75245128e+00,
        -2.02668172e-01,  5.58348931e-01],
       [ 1.56923882e+00, -4.21436138e-01, -7.56301229e-01,
        -7.72998282e-01, -3.31718155e-01,  1.77271090e+00,
        -2.20819252e-01,  5.78608555e-01],
       [ 1.55066304e+00, -4.01903820e-01, -7.74877000e-01,
        -7.53465964e-01, -3.50293927e-01,  1.79224322e+00,
        -2.39395024e-01,  5.98140873e-01],
       [ 1.53169200e+00, -3.83004810e-01, -7.93848047e-01,
        -7.34566953e-01, -3.69264973e-01,  1.81114223e+00,
        -2.58366070e-01,  6.17039884e-01],
       [ 1.51233928e+00, -3.64596995e-01, -8.13200762e-01,
        -7.16159139e-01, -3.88617689e-01,  1.82955005e+00,
        -2.77718786e-01,  6.35447698e-01],
       [ 1.49260250e+00, -3.46502672e-01, -8.32937539e-01,
        -6.98064815e-01, -4.08354466e-01,  1.84764437e+00,
        -2.97455563e-01,  6.53542022e-01],
       [ 1.47249083e+00, -3.29592378e-01, -8.53049211e-01,
        -6.81154521e-01, -4.28466138e-01,  1.86455466e+00,
        -3.17567235e-01,  6.70452315e-01],
       [ 1.45205888e+00, -3.13663032e-01, -8.73481163e-01,
        -6.65225176e-01, -4.48898089e-01,  1.88048401e+00,
        -3.37999186e-01,  6.86381661e-01],
       [ 1.43129847e+00, -2.98215608e-01, -8.94241579e-01,
        -6.49777752e-01, -4.69658505e-01,  1.89593143e+00,
        -3.58759602e-01,  7.01829085e-01],
       [ 1.41024502e+00, -2.83552171e-01, -9.15295020e-01,
        -6.35114314e-01, -4.90711946e-01,  1.91059487e+00,
        -3.79813043e-01,  7.16492523e-01],
       [ 1.38895795e+00, -2.69833034e-01, -9.36582096e-01,
        -6.21395177e-01, -5.11999023e-01,  1.92431401e+00,
        -4.01100120e-01,  7.30211659e-01],
       [ 1.36736387e+00, -2.56641525e-01, -9.58176174e-01,
        -6.08203669e-01, -5.33593101e-01,  1.93750552e+00,
        -4.22694198e-01,  7.43403168e-01],
       [ 1.34561286e+00, -2.44489007e-01, -9.79927183e-01,
        -5.96051150e-01, -5.55344110e-01,  1.94965803e+00,
        -4.44445207e-01,  7.55555686e-01],
       [ 1.32350571e+00, -2.32729616e-01, -1.00203433e+00,
        -5.84291760e-01, -5.77451257e-01,  1.96141742e+00,
        -4.66552354e-01,  7.67315077e-01],
       [ 1.30119841e+00, -2.21818800e-01, -1.02434163e+00,
        -5.73380944e-01, -5.99758558e-01,  1.97232824e+00,
        -4.88859655e-01,  7.78225893e-01],
       [ 1.27884419e+00, -2.12035996e-01, -1.04669585e+00,
        -5.63598140e-01, -6.22112781e-01,  1.98211104e+00,
        -5.11213878e-01,  7.88008697e-01],
       [ 1.25631558e+00, -2.03019500e-01, -1.06922447e+00,
        -5.54581644e-01, -6.44641395e-01,  1.99112754e+00,
        -5.33742492e-01,  7.97025193e-01],
       [ 1.23380691e+00, -1.95079884e-01, -1.09173313e+00,
        -5.46642028e-01, -6.67150056e-01,  1.99906716e+00,
        -5.56251154e-01,  8.04964809e-01],
       [ 1.21105210e+00, -1.87729971e-01, -1.11448794e+00,
        -5.39292115e-01, -6.89904868e-01,  2.00641707e+00,
        -5.79005965e-01,  8.12314722e-01],
       [ 1.18843519e+00, -1.81529131e-01, -1.13710486e+00,
        -5.33091274e-01, -7.12521782e-01,  2.01261791e+00,
        -6.01622879e-01,  8.18515562e-01],
       [ 1.16567898e+00, -1.76044139e-01, -1.15986106e+00,
        -5.27606283e-01, -7.35277987e-01,  2.01810290e+00,
        -6.24379084e-01,  8.24000554e-01],
       [ 1.14304768e+00, -1.71580583e-01, -1.18249236e+00,
        -5.23142726e-01, -7.57909286e-01,  2.02256646e+00,
        -6.47010383e-01,  8.28464110e-01],
       [ 1.12056684e+00, -1.68102825e-01, -1.20497321e+00,
        -5.19664969e-01, -7.80390135e-01,  2.02604422e+00,
        -6.69491232e-01,  8.31941868e-01],
       [ 1.09801189e+00, -1.65367496e-01, -1.22752815e+00,
        -5.16929640e-01, -8.02945081e-01,  2.02877954e+00,
        -6.92046178e-01,  8.34677197e-01],
       [ 1.07563869e+00, -1.63596651e-01, -1.24990136e+00,
        -5.15158794e-01, -8.25318285e-01,  2.03055039e+00,
        -7.14419382e-01,  8.36448042e-01],
       [ 1.05340197e+00, -1.62721490e-01, -1.27213808e+00,
        -5.14283633e-01, -8.47555004e-01,  2.03142555e+00,
        -7.36656101e-01,  8.37323203e-01],
       [ 1.03141933e+00, -1.62799537e-01, -1.29412071e+00,
        -5.14361681e-01, -8.69537640e-01,  2.03134750e+00,
        -7.58638737e-01,  8.37245156e-01],
       [ 1.00983628e+00, -1.63878498e-01, -1.31570376e+00,
        -5.15440641e-01, -8.91120687e-01,  2.03026854e+00,
        -7.80221784e-01,  8.36166195e-01],
       [ 9.88251591e-01, -1.65701508e-01, -1.33728845e+00,
        -5.17263651e-01, -9.12705379e-01,  2.02844553e+00,
        -8.01806476e-01,  8.34343185e-01],
       [ 9.67274993e-01, -1.68568038e-01, -1.35826505e+00,
        -5.20130181e-01, -9.33681978e-01,  2.02557900e+00,
        -8.22783075e-01,  8.31476655e-01],
       [ 9.46717195e-01, -1.72326924e-01, -1.37882285e+00,
        -5.23889068e-01, -9.54239775e-01,  2.02182012e+00,
        -8.43340872e-01,  8.27717769e-01],
       [ 9.26574638e-01, -1.76943446e-01, -1.39896541e+00,
        -5.28505589e-01, -9.74382332e-01,  2.01720360e+00,
        -8.63483429e-01,  8.23101248e-01],
       [ 9.06890870e-01, -1.82404494e-01, -1.41864917e+00,
        -5.33966637e-01, -9.94066101e-01,  2.01174255e+00,
        -8.83167198e-01,  8.17640199e-01],
       [ 8.87710808e-01, -1.88694573e-01, -1.43782924e+00,
        -5.40256717e-01, -1.01324616e+00,  2.00545247e+00,
        -9.02347260e-01,  8.11350120e-01],
       [ 8.69078634e-01, -1.95794996e-01, -1.45646141e+00,
        -5.47357140e-01, -1.03187834e+00,  1.99835204e+00,
        -9.20979433e-01,  8.04249697e-01],
       [ 8.51037513e-01, -2.03683929e-01, -1.47450253e+00,
        -5.55246072e-01, -1.04991946e+00,  1.99046311e+00,
        -9.39020555e-01,  7.96360764e-01],
       [ 8.33625276e-01, -2.12336515e-01, -1.49191477e+00,
        -5.63898658e-01, -1.06733169e+00,  1.98181053e+00,
        -9.56432792e-01,  7.87708178e-01],
       [ 8.16890091e-01, -2.21725101e-01, -1.50864995e+00,
        -5.73287244e-01, -1.08406688e+00,  1.97242194e+00,
        -9.73167977e-01,  7.78319592e-01],
       [ 8.00867606e-01, -2.31818738e-01, -1.52467244e+00,
        -5.83380881e-01, -1.10008936e+00,  1.96232830e+00,
        -9.89190462e-01,  7.68225955e-01],
       [ 7.85594549e-01, -2.42583994e-01, -1.53994550e+00,
        -5.94146138e-01, -1.11536242e+00,  1.95156305e+00,
        -1.00446352e+00,  7.57460699e-01],
       [ 7.71102887e-01, -2.53985671e-01, -1.55443716e+00,
        -6.05547814e-01, -1.12985408e+00,  1.94016137e+00,
        -1.01895518e+00,  7.46059022e-01],
       [ 7.57362322e-01, -2.66006257e-01, -1.56817772e+00,
        -6.17568401e-01, -1.14359465e+00,  1.92814078e+00,
        -1.03269575e+00,  7.34038436e-01],
       [ 7.44351541e-01, -2.78637272e-01, -1.58118850e+00,
        -6.30199416e-01, -1.15660543e+00,  1.91550977e+00,
        -1.04570653e+00,  7.21407421e-01],
       [ 7.32301258e-01, -2.91768697e-01, -1.59323879e+00,
        -6.43330840e-01, -1.16865571e+00,  1.90237834e+00,
        -1.05775681e+00,  7.08275996e-01],
       [ 7.20753415e-01, -3.05579156e-01, -1.60478663e+00,
        -6.57141300e-01, -1.18020356e+00,  1.88856788e+00,
        -1.06930465e+00,  6.94465537e-01],
       [ 7.10452690e-01, -3.19696281e-01, -1.61508735e+00,
        -6.71258424e-01, -1.19050428e+00,  1.87445076e+00,
        -1.07960538e+00,  6.80348412e-01],
       [ 7.00328333e-01, -3.34657820e-01, -1.62521171e+00,
        -6.86219964e-01, -1.20062864e+00,  1.85948922e+00,
        -1.08972973e+00,  6.65386873e-01],
       [ 6.91745488e-01, -3.49684330e-01, -1.63379456e+00,
        -7.01246473e-01, -1.20921148e+00,  1.84446271e+00,
        -1.09831258e+00,  6.50360364e-01],
       [ 6.83869566e-01, -3.65204060e-01, -1.64167048e+00,
        -7.16766204e-01, -1.21708740e+00,  1.82894298e+00,
        -1.10618850e+00,  6.34840633e-01],
       [ 6.77239874e-01, -3.80825210e-01, -1.64830017e+00,
        -7.32387353e-01, -1.22371710e+00,  1.81332183e+00,
        -1.11281819e+00,  6.19219483e-01],
       [ 6.70725944e-01, -3.97330115e-01, -1.65481410e+00,
        -7.48892259e-01, -1.23023103e+00,  1.79681693e+00,
        -1.11933212e+00,  6.02714578e-01],
       [ 6.65114454e-01, -4.14134713e-01, -1.66042559e+00,
        -7.65696857e-01, -1.23584252e+00,  1.78001233e+00,
        -1.12494361e+00,  5.85909980e-01],
       [ 6.60588402e-01, -4.31063920e-01, -1.66495164e+00,
        -7.82626063e-01, -1.24036857e+00,  1.76308312e+00,
        -1.12946967e+00,  5.68980773e-01],
       [ 6.57394458e-01, -4.47865700e-01, -1.66814559e+00,
        -7.99427844e-01, -1.24356251e+00,  1.74628134e+00,
        -1.13266361e+00,  5.52178993e-01],
       [ 6.54701617e-01, -4.65159079e-01, -1.67083843e+00,
        -8.16721223e-01, -1.24625535e+00,  1.72898796e+00,
        -1.13535645e+00,  5.34885614e-01],
       [ 6.53243118e-01, -4.82273601e-01, -1.67229693e+00,
        -8.33835745e-01, -1.24771385e+00,  1.71187344e+00,
        -1.13681495e+00,  5.17771092e-01],
       [ 6.51754697e-01, -5.00368672e-01, -1.67378535e+00,
        -8.51930816e-01, -1.24920227e+00,  1.69377837e+00,
        -1.13830337e+00,  4.99676021e-01],
       [ 6.51774610e-01, -5.17941961e-01, -1.67376543e+00,
        -8.69504104e-01, -1.24918236e+00,  1.67620508e+00,
        -1.13828346e+00,  4.82102732e-01],
       [ 6.52054846e-01, -5.36185895e-01, -1.67348520e+00,
        -8.87748039e-01, -1.24890212e+00,  1.65796115e+00,
        -1.13800322e+00,  4.63858798e-01],
       [ 6.53285376e-01, -5.54377153e-01, -1.67225467e+00,
        -9.05939296e-01, -1.24767159e+00,  1.63976989e+00,
        -1.13677269e+00,  4.45667540e-01],
       [ 6.55752132e-01, -5.72156361e-01, -1.66978791e+00,
        -9.23718504e-01, -1.24520484e+00,  1.62199068e+00,
        -1.13430594e+00,  4.27888332e-01],
       [ 6.58011741e-01, -5.91065291e-01, -1.66752830e+00,
        -9.42627434e-01, -1.24294523e+00,  1.60308175e+00,
        -1.13204633e+00,  4.08979402e-01],
       [ 6.61801823e-01, -6.09164037e-01, -1.66373822e+00,
        -9.60726180e-01, -1.23915515e+00,  1.58498300e+00,
        -1.12825624e+00,  3.90880656e-01],
       [ 6.65508329e-01, -6.28200440e-01, -1.66003172e+00,
        -9.79762583e-01, -1.23544864e+00,  1.56594660e+00,
        -1.12454974e+00,  3.71844253e-01],
       [ 6.70678348e-01, -6.46434220e-01, -1.65486170e+00,
        -9.97996364e-01, -1.23027862e+00,  1.54771282e+00,
        -1.11937972e+00,  3.53610473e-01],
       [ 6.75690306e-01, -6.65624149e-01, -1.64984974e+00,
        -1.01718629e+00, -1.22526666e+00,  1.52852289e+00,
        -1.11436776e+00,  3.34420544e-01],
       [ 6.82107328e-01, -6.84020682e-01, -1.64343272e+00,
        -1.03558283e+00, -1.21884964e+00,  1.51012636e+00,
        -1.10795074e+00,  3.16024011e-01],
       [ 6.88312039e-01, -7.03363045e-01, -1.63722800e+00,
        -1.05492519e+00, -1.21264493e+00,  1.49078400e+00,
        -1.10174603e+00,  2.96681648e-01],
       [ 6.95924442e-01, -7.21869919e-01, -1.62961560e+00,
        -1.07343206e+00, -1.20503253e+00,  1.47227712e+00,
        -1.09413363e+00,  2.78174774e-01],
       [ 7.03307985e-01, -7.41272704e-01, -1.62223206e+00,
        -1.09283485e+00, -1.19764898e+00,  1.45287434e+00,
        -1.08675008e+00,  2.58771989e-01],
       [ 7.11973252e-01, -7.59937500e-01, -1.61356679e+00,
        -1.11149964e+00, -1.18898372e+00,  1.43420954e+00,
        -1.07808482e+00,  2.40107193e-01],
       [ 7.20362018e-01, -7.79486111e-01, -1.60517803e+00,
        -1.13104825e+00, -1.18059495e+00,  1.41466093e+00,
        -1.06969605e+00,  2.20558582e-01],
       [ 7.30137080e-01, -7.98156873e-01, -1.59540296e+00,
        -1.14971902e+00, -1.17081989e+00,  1.39599017e+00,
        -1.05992099e+00,  2.01887820e-01],
       [ 7.39533862e-01, -8.17768625e-01, -1.58600618e+00,
        -1.16933077e+00, -1.16142311e+00,  1.37637842e+00,
        -1.05052421e+00,  1.82276068e-01],
       [ 7.50181180e-01, -8.36600767e-01, -1.57535886e+00,
        -1.18816291e+00, -1.15077579e+00,  1.35754627e+00,
        -1.03987689e+00,  1.63443926e-01],
       [ 7.60580690e-01, -8.56199551e-01, -1.56495935e+00,
        -1.20776169e+00, -1.14037628e+00,  1.33794749e+00,
        -1.02947738e+00,  1.43845142e-01],
       [ 7.72147295e-01, -8.75054328e-01, -1.55339275e+00,
        -1.22661647e+00, -1.12880968e+00,  1.31909271e+00,
        -1.01791077e+00,  1.24990365e-01],
       [ 7.83286462e-01, -8.94847714e-01, -1.54225358e+00,
        -1.24640986e+00, -1.11767051e+00,  1.29929933e+00,
        -1.00677161e+00,  1.05196979e-01],
       [ 7.95612264e-01, -9.13824555e-01, -1.52992778e+00,
        -1.26538670e+00, -1.10534471e+00,  1.28032249e+00,
        -9.94445803e-01,  8.62201379e-02],
       [ 8.07605489e-01, -9.33613041e-01, -1.51793456e+00,
        -1.28517518e+00, -1.09335148e+00,  1.26053400e+00,
        -9.82452579e-01,  6.64316523e-02],
       [ 8.20699979e-01, -9.52626993e-01, -1.50484006e+00,
        -1.30418914e+00, -1.08025699e+00,  1.24152005e+00,
        -9.69358088e-01,  4.74177006e-02],
       [ 8.33436901e-01, -9.72465116e-01, -1.49210314e+00,
        -1.32402726e+00, -1.06752007e+00,  1.22168193e+00,
        -9.56621167e-01,  2.75795774e-02],
       [ 8.47249710e-01, -9.91503002e-01, -1.47829033e+00,
        -1.34306515e+00, -1.05370726e+00,  1.20264404e+00,
        -9.42808357e-01,  8.54169129e-03],
       [ 8.60803968e-01, -1.01124128e+00, -1.46473608e+00,
        -1.36280342e+00, -1.04015300e+00,  1.18290576e+00,
        -9.29254099e-01, -1.11965873e-02],
       [ 8.75319194e-01, -1.03024517e+00, -1.45022085e+00,
        -1.38180732e+00, -1.02563778e+00,  1.16390187e+00,
        -9.14738874e-01, -3.02004798e-02],
       [ 8.89613613e-01, -1.04990662e+00, -1.43592643e+00,
        -1.40146876e+00, -1.01134336e+00,  1.14424042e+00,
        -9.00444454e-01, -4.98619262e-02],
       [ 9.03756727e-01, -1.07010956e+00, -1.42178332e+00,
        -1.42167171e+00, -9.97200244e-01,  1.12403748e+00,
        -8.86301341e-01, -7.00648693e-02],
       [ 9.18779676e-01, -1.08963657e+00, -1.40676037e+00,
        -1.44119872e+00, -9.82177294e-01,  1.10451047e+00,
        -8.71278391e-01, -8.95918817e-02],
       [ 9.34618824e-01, -1.10855884e+00, -1.39092122e+00,
        -1.46012098e+00, -9.66338147e-01,  1.08558820e+00,
        -8.55439244e-01, -1.08514145e-01],
       [ 9.50365378e-01, -1.12790094e+00, -1.98804002e+00,
         2.17412453e-01, -9.50591592e-01,  1.06624610e+00,
        -8.39692689e-01, -1.27856245e-01],
       [ 9.66763819e-01, -1.14673753e+00, -1.97164157e+00,
         1.98575862e-01, -9.34193152e-01,  1.04740951e+00,
        -8.23294249e-01, -1.46692836e-01],
       [ 9.83054642e-01, -1.16604430e+00, -1.95535075e+00,
         1.79269093e-01, -9.17902328e-01,  1.02810274e+00,
        -8.07003425e-01, -1.65999605e-01],
       [ 1.00003523e+00, -1.18470673e+00, -1.93837016e+00,
         1.60606662e-01, -9.00921740e-01,  1.00944031e+00,
        -7.90022837e-01, -1.84662035e-01],
       [ 1.01696485e+00, -1.20379366e+00, -1.92144055e+00,
         1.41519728e-01, -8.83992123e-01,  9.90353379e-01,
        -7.73093220e-01, -2.03748969e-01],
       [ 1.03451095e+00, -1.22224799e+00, -1.90389444e+00,
         1.23065396e-01, -8.66446019e-01,  9.71899046e-01,
        -7.55547116e-01, -2.22203302e-01],
       [ 1.05212898e+00, -1.24095932e+00, -1.88627642e+00,
         1.04354074e-01, -8.48827994e-01,  9.53187724e-01,
        -7.37929091e-01, -2.40914624e-01],
       [ 1.07029210e+00, -1.25905232e+00, -1.86811329e+00,
         8.62610672e-02, -8.30664868e-01,  9.35094718e-01,
        -7.19765965e-01, -2.59007630e-01],
       [ 1.08854516e+00, -1.27740805e+00, -1.84986023e+00,
         6.79053442e-02, -8.12411812e-01,  9.16738995e-01,
        -7.01512909e-01, -2.77363353e-01],
       [ 1.10733391e+00, -1.29505464e+00, -1.83107148e+00,
         5.02587537e-02, -7.93623058e-01,  8.99092404e-01,
        -6.82724155e-01, -2.95009944e-01],
       [ 1.12621921e+00, -1.31300860e+00, -1.81218618e+00,
         3.23047889e-02, -7.74737761e-01,  8.81138439e-01,
        -6.63838858e-01, -3.12963909e-01],
       [ 1.14564162e+00, -1.33012356e+00, -1.79276378e+00,
         1.51898323e-02, -7.55315353e-01,  8.64023483e-01,
        -6.44416450e-01, -3.30078865e-01],
       [ 1.16516374e+00, -1.34761541e+00, -1.77324165e+00,
        -2.30202194e-03, -7.35793230e-01,  8.46531629e-01,
        -6.24894327e-01, -3.47570719e-01]]), 'data_points': 600}, 2: {'r2': -1.288142204284668, 'mse': 0.58317705751414, 'train_losses': [1.7044740915298462, 1.6155784130096436, 1.5345807075500488, 1.458875060081482, 1.3870307207107544, 1.3190838098526, 1.2561767101287842, 1.2013434171676636, 1.1579067707061768, 1.128267526626587, 1.1128840446472168, 1.1081773042678833, 1.1073952913284302, 1.1042906045913696, 1.0955383777618408, 1.080843448638916, 1.0623117685317993, 1.0413955450057983, 1.0197008848190308, 0.9982274174690247, 0.9776289463043213, 0.9579733610153198, 0.9387964606285095, 0.9197984337806702, 0.9003458619117737, 0.8800809979438782, 0.859114944934845, 0.8372336626052856, 0.8142687678337097, 0.7904611229896545], 'test_losses': [0.9772242307662964, 0.902917206287384, 0.8351566195487976, 0.7723394632339478, 0.7140164971351624, 0.6613689661026001, 0.6175757050514221, 0.5857751369476318, 0.5683568716049194, 0.5665735602378845, 0.5789909362792969, 0.5999231934547424, 0.6202918887138367, 0.6324520111083984, 0.6346985101699829, 0.626990556716919, 0.6143070459365845, 0.5992450714111328, 0.5857897400856018, 0.5754032731056213, 0.5684427618980408, 0.5649691820144653, 0.5647525787353516, 0.5671488642692566, 0.5711042881011963, 0.5750882625579834, 0.5784209966659546, 0.5806893706321716, 0.5818241238594055, 0.5831770300865173], 'predictions': array([[ 0.5123827 , -0.3603858 , -1.4861954 , -0.9180131 , -0.7928954 ,
         0.80892813,  0.12784672, -0.32050043],
       [ 0.5926626 , -0.35524964, -1.4602929 , -0.9278663 , -0.7445691 ,
         0.818071  ,  0.14491029, -0.3226335 ],
       [ 1.0266482 , -0.20391804, -1.0188291 , -0.74058867, -0.35025415,
         0.64886874,  0.20753358, -0.47517502],
       [ 1.0305758 , -0.23856843, -0.91368926, -0.6827808 , -0.22633241,
         0.4656894 ,  0.21413174, -0.49067786],
       [ 1.0515404 , -0.23655906, -0.9426962 , -0.74258864, -0.21223249,
         0.5294307 ,  0.23691879, -0.45331633],
       [ 0.43268004, -0.3346774 , -1.4324458 , -0.86975116, -0.7790865 ,
         0.7786883 ,  0.11054654, -0.28801256],
       [ 0.9906656 , -0.2792243 , -0.8831789 , -0.68109226, -0.21866691,
         0.40847713,  0.18574835, -0.5255051 ],
       [ 0.9376269 , -0.3042475 , -0.98985827, -0.78888476, -0.29312277,
         0.51712966,  0.18777423, -0.48077205],
       [ 0.9032743 , -0.3202259 , -1.0108873 , -0.80290556, -0.32476768,
         0.52395284,  0.18142745, -0.48745596],
       [ 0.9371708 , -0.32747257, -1.0001214 , -0.8136975 , -0.31214786,
         0.52329963,  0.19172685, -0.5154189 ],
       [ 0.97030246, -0.32556468, -0.98617214, -0.8165928 , -0.29367903,
         0.5076077 ,  0.20212449, -0.5434656 ],
       [ 0.93624896, -0.3307326 , -1.034437  , -0.83549315, -0.3426528 ,
         0.5292736 ,  0.19113816, -0.53975594],
       [ 0.8639067 , -0.34334475, -1.0920937 , -0.84677196, -0.4140013 ,
         0.5687797 ,  0.17569958, -0.5068216 ],
       [ 0.78518856, -0.34739417, -1.1532952 , -0.85403544, -0.49552754,
         0.6211097 ,  0.16577107, -0.46164954],
       [ 0.7125431 , -0.36005235, -1.2423567 , -0.8786693 , -0.59597087,
         0.681916  ,  0.1587933 , -0.43161997],
       [ 0.6298908 , -0.3622448 , -1.3230498 , -0.8997175 , -0.6933868 ,
         0.7537129 ,  0.15991053, -0.3949401 ],
       [ 0.6307916 , -0.3324458 , -1.295271  , -0.87936985, -0.67138815,
         0.754038  ,  0.16970968, -0.3659943 ],
       [ 0.67489576, -0.28574526, -1.2155358 , -0.8502405 , -0.60234094,
         0.7280762 ,  0.20027854, -0.34474343],
       [ 0.7766344 , -0.2739562 , -1.0990622 , -0.8186987 , -0.4898059 ,
         0.6832081 ,  0.24275607, -0.34967795],
       [ 0.4329886 , -0.18624337, -1.9109234 , -1.0990177 , -1.1487001 ,
         1.4553992 ,  0.29266804, -0.00597518],
       [ 0.8643193 , -0.02238116, -1.1340833 , -0.6427237 , -0.5081748 ,
         1.0203079 ,  0.34559646, -0.06235369],
       [ 0.43940088, -0.17504667, -1.8916601 , -1.1170893 , -1.071144  ,
         1.234788  ,  0.20745055, -0.19147344],
       [ 0.7171458 , -0.08439139, -1.25534   , -0.7292969 , -0.6288356 ,
         1.1342845 ,  0.34082055, -0.01258142],
       [ 0.5101085 , -0.1502504 , -1.8736674 , -1.1103706 , -1.0287437 ,
         1.2293241 ,  0.2207043 , -0.21289408],
       [ 0.38087326, -0.12369196, -1.9013178 , -1.0924711 , -1.1244205 ,
         1.4166254 ,  0.26906922,  0.0198053 ],
       [ 0.8929086 ,  0.02943812, -1.2059119 , -0.6910793 , -0.5059366 ,
         0.9732582 ,  0.32727924, -0.09336148],
       [ 1.0143752 ,  0.0026659 , -0.9947745 , -0.57981515, -0.35143855,
         0.92553806,  0.37923974, -0.10990378],
       [ 0.9489883 , -0.03658842, -1.0827506 , -0.6354681 , -0.4237283 ,
         0.89249283,  0.33966586, -0.13852316],
       [ 1.0921966 ,  0.01194775, -0.8320015 , -0.50134057, -0.21886744,
         0.8266662 ,  0.3767636 , -0.15742402],
       [ 0.72091395, -0.18333583, -1.6282986 , -0.99905324, -0.8192427 ,
         0.95265824,  0.18203971, -0.38110623],
       [ 0.46729925, -0.04753704, -1.6357002 , -0.918536  , -0.93596816,
         1.3419237 ,  0.30123857,  0.08175303],
       [ 1.0427055 , -0.00693457, -1.0900984 , -0.6420155 , -0.38088444,
         0.8535527 ,  0.3433565 , -0.18111525],
       [ 0.61126935, -0.15969962, -1.5974103 , -0.95568377, -0.83606154,
         0.9955272 ,  0.20053233, -0.2590559 ],
       [ 1.1032957 ,  0.00952208, -0.83820254, -0.5113157 , -0.22671366,
         0.83612645,  0.38391998, -0.15787378],
       [ 1.0326855 , -0.05977095, -1.2294221 , -0.7709093 , -0.45815238,
         0.7623552 ,  0.27005944, -0.3849016 ],
       [ 0.55601346,  0.00873128, -1.4818697 , -0.81507134, -0.80047387,
         1.2360679 ,  0.30922133,  0.08158238],
       [ 1.1688378 ,  0.06057777, -1.0766505 , -0.6173103 , -0.3276765 ,
         0.87573427,  0.382747  , -0.21265712],
       [ 1.2695681 ,  0.06998826, -0.88358974, -0.52285695, -0.19570437,
         0.88272333,  0.43700653, -0.18334837],
       [ 1.1719518 ,  0.06935326, -1.0712585 , -0.5897393 , -0.33442837,
         0.9254286 ,  0.4041694 , -0.16174068],
       [ 1.1044587 ,  0.04089483, -1.123898  , -0.61947554, -0.3937884 ,
         0.9524671 ,  0.38696796, -0.13496214],
       [ 0.9314895 , -0.04424914, -1.2891387 , -0.783443  , -0.5338955 ,
         0.8107872 ,  0.25762287, -0.3607649 ],
       [ 0.67501765, -0.01076523, -1.552944  , -0.8500508 , -0.8292176 ,
         1.2903012 ,  0.3320517 ,  0.02005201],
       [ 1.2330389 ,  0.07363354, -1.0911705 , -0.5977685 , -0.33973616,
         0.96664864,  0.4221678 , -0.14100139],
       [ 1.3286347 ,  0.0798334 , -1.0472106 , -0.5787307 , -0.26874924,
         0.92512906,  0.43978968, -0.18487796],
       [ 1.4603364 ,  0.09050778, -1.0664654 , -0.59230334, -0.26203588,
         1.0246835 ,  0.49959853, -0.18356408],
       [ 1.6000748 ,  0.1020487 , -0.9241843 , -0.5245922 , -0.10968527,
         0.87705   ,  0.4947294 , -0.31128502],
       [ 1.5901954 ,  0.05254452, -0.8586564 , -0.5139555 , -0.06055109,
         0.819933  ,  0.48499826, -0.3418553 ],
       [ 1.1623594 ,  0.11670423, -1.1693107 , -0.7123777 , -0.39608595,
         0.80124086,  0.31275496, -0.46875566],
       [ 1.309147  , -0.00228677, -1.193978  , -0.76160127, -0.31712887,
         1.0189904 ,  0.4412075 , -0.23382522],
       [ 1.7004002 ,  0.06144233, -0.76250076, -0.5162796 ,  0.04973653,
         0.7640117 ,  0.46450815, -0.4745612 ],
       [ 1.6993524 ,  0.05343325, -0.742339  , -0.50820863,  0.0664474 ,
         0.75936335,  0.47168916, -0.4751559 ],
       [ 1.4533262 ,  0.12149134, -0.9210236 , -0.5833165 , -0.09346998,
         0.7620607 ,  0.4337207 , -0.43454403],
       [ 1.509099  , -0.03236891, -1.0733225 , -0.76231885, -0.17845768,
         0.9351086 ,  0.4333921 , -0.36315322],
       [ 1.7468029 , -0.01065488, -0.7283361 , -0.58402336,  0.09200013,
         0.64742714,  0.38884404, -0.66135937],
       [ 1.4944243 ,  0.0854525 , -1.1626444 , -0.7677707 , -0.22840887,
         0.9858283 ,  0.4468686 , -0.36431873],
       [ 1.8024892 , -0.00532973, -0.72946155, -0.5811313 ,  0.11041024,
         0.63533145,  0.38565037, -0.71168053],
       [ 1.498058  ,  0.07287269, -1.128775  , -0.7631534 , -0.21062805,
         0.93556094,  0.43123317, -0.40969765],
       [ 1.7230706 , -0.02297847, -0.74934226, -0.60935086,  0.07878584,
         0.63964224,  0.38295254, -0.6626431 ],
       [ 1.4948199 ,  0.02440977, -1.0409156 , -0.7413622 , -0.14974058,
         0.8579796 ,  0.40940538, -0.44385952],
       [ 1.4988973 ,  0.05114473, -0.9810489 , -0.68726873, -0.11169694,
         0.8321899 ,  0.41810575, -0.43897602],
       [ 1.3785453 ,  0.1039893 , -1.2249866 , -0.7733902 , -0.32265535,
         0.9422416 ,  0.4144163 , -0.46555138],
       [ 1.3939734 ,  0.14836375, -1.2677389 , -0.78241396, -0.3458207 ,
         1.0578852 ,  0.4388207 , -0.3666013 ],
       [ 1.8464473 ,  0.07248159, -0.786307  , -0.5514792 ,  0.09988493,
         0.6690451 ,  0.39808705, -0.730963  ],
       [ 1.429283  ,  0.22153644, -1.3490573 , -0.78478754, -0.41506657,
         1.0969316 ,  0.44087029, -0.41463542],
       [ 1.836314  ,  0.13195692, -0.82578504, -0.5387629 ,  0.05920133,
         0.71327716,  0.40163335, -0.6864955 ],
       [ 1.5363559 ,  0.2541039 , -1.3790985 , -0.7784563 , -0.42265275,
         0.97212416,  0.39466807, -0.66495466],
       [ 1.4192009 ,  0.26099703, -1.4259919 , -0.79067165, -0.4853368 ,
         1.1683885 ,  0.43845895, -0.39877176],
       [ 1.8200036 ,  0.23659064, -0.9594148 , -0.5204876 , -0.02400787,
         0.8040124 ,  0.43196422, -0.6570531 ],
       [ 1.4636849 ,  0.2824817 , -1.4487278 , -0.7875272 , -0.4898787 ,
         1.1902273 ,  0.4481398 , -0.42741275],
       [ 1.787242  ,  0.2683808 , -0.9982579 , -0.5208467 , -0.06546816,
         0.8376714 ,  0.43715835, -0.6231483 ],
       [ 1.483288  ,  0.29284838, -1.4736199 , -0.8041978 , -0.5194994 ,
         1.1782568 ,  0.4343643 , -0.49374467],
       [ 1.5347755 ,  0.2744275 , -1.5054146 , -0.83101195, -0.5342475 ,
         1.0805955 ,  0.38924864, -0.6670524 ],
       [ 1.4938948 ,  0.30659404, -1.5291941 , -0.8225312 , -0.5519921 ,
         1.2513922 ,  0.4499443 , -0.46130064],
       [ 1.7722188 ,  0.31043124, -1.0697781 , -0.52599394, -0.12555921,
         0.87474465,  0.44354627, -0.61610395],
       [ 1.5221006 ,  0.31132454, -1.5230434 , -0.8223471 , -0.5489329 ,
         1.2172388 ,  0.43836373, -0.5204046 ],
       [ 1.5508834 ,  0.27645177, -1.617591  , -0.88863647, -0.62142265,
         1.12994   ,  0.37194666, -0.72751313],
       [ 1.5503173 ,  0.3211238 , -1.527297  , -0.81946653, -0.5463612 ,
         1.2145168 ,  0.43846983, -0.5476846 ],
       [ 1.5600959 ,  0.27956852, -1.6733454 , -0.9155014 , -0.66836673,
         1.1545374 ,  0.36288312, -0.76390594],
       [ 1.5358971 ,  0.31760332, -1.5646931 , -0.84278715, -0.5820084 ,
         1.2335135 ,  0.43538502, -0.5652629 ],
       [ 1.7121544 ,  0.28063864, -1.0254215 , -0.5319301 , -0.11921431,
         0.83750033,  0.4292413 , -0.58382255],
       [ 1.6640301 ,  0.32149446, -1.3436358 , -0.70853215, -0.35823727,
         1.0508966 ,  0.44207343, -0.6146739 ],
       [ 1.5841426 ,  0.3135567 , -1.5309333 , -0.82061416, -0.5341232 ,
         1.2067765 ,  0.44469807, -0.5900735 ],
       [ 1.5455308 ,  0.29024237, -1.7774262 , -0.98342854, -0.75632197,
         1.2562568 ,  0.36847448, -0.74945384],
       [ 1.4594063 ,  0.2967213 , -1.705821  , -0.93480176, -0.71766746,
         1.3225324 ,  0.41524434, -0.5705486 ],
       [ 1.5364742 ,  0.29348445, -1.8298818 , -1.0088307 , -0.7990519 ,
         1.2790698 ,  0.35836378, -0.7597557 ],
       [ 1.4060841 ,  0.27544284, -1.7257861 , -0.9517302 , -0.7444936 ,
         1.3225305 ,  0.40145728, -0.5572844 ],
       [ 1.5541068 ,  0.28478417, -1.845123  , -1.0214432 , -0.80264735,
         1.2726517 ,  0.35483086, -0.78722113],
       [ 1.3469211 ,  0.24993934, -1.7373067 , -0.96841073, -0.764274  ,
         1.3221158 ,  0.39169922, -0.5304828 ],
       [ 1.5488349 ,  0.26294976, -1.8282533 , -1.0206436 , -0.78915983,
         1.2446401 ,  0.34443393, -0.80253947],
       [ 1.3479224 ,  0.23337662, -1.6907331 , -0.9413212 , -0.72854   ,
         1.2769939 ,  0.3832102 , -0.54481745],
       [ 1.4921699 ,  0.22252926, -1.486562  , -0.82321185, -0.51982516,
         1.0875057 ,  0.3828427 , -0.6405784 ],
       [ 1.3542265 ,  0.23786265, -1.5776851 , -0.8811439 , -0.64312583,
         1.2264209 ,  0.39497575, -0.51915973],
       [ 1.4605696 ,  0.19436981, -1.0362068 , -0.53186595, -0.18174954,
         0.8042107 ,  0.41785005, -0.48726743],
       [ 1.3950948 ,  0.19091499, -1.7223399 , -0.9827162 , -0.74909526,
         1.2150724 ,  0.3383087 , -0.6813954 ],
       [ 1.33315   ,  0.20885539, -1.6347865 , -0.92056316, -0.6933192 ,
         1.2463199 ,  0.37607443, -0.5458379 ],
       [ 1.5288765 ,  0.20272344, -1.8301249 , -1.0412791 , -0.79566026,
         1.220745  ,  0.3123341 , -0.83379567],
       [ 1.3775965 ,  0.21992274, -1.6242158 , -0.9213118 , -0.6678908 ,
         1.2633613 ,  0.39430317, -0.5412112 ],
       [ 1.4601225 ,  0.23020747, -1.0678093 , -0.5452356 , -0.21610443,
         0.8491916 ,  0.41937357, -0.48005924],
       [ 1.4961407 ,  0.17508887, -1.7713746 , -1.0327582 , -0.752429  ,
         1.2121835 ,  0.32707557, -0.7844688 ],
       [ 1.4241593 ,  0.22701783, -1.5836793 , -0.90766454, -0.6179908 ,
         1.2489469 ,  0.40946475, -0.5515046 ],
       [ 1.6039896 ,  0.25001067, -1.193075  , -0.61876   , -0.23563696,
         0.9163693 ,  0.4392732 , -0.584628  ],
       [ 1.4478524 ,  0.20165224, -1.6236359 , -0.93641305, -0.6388481 ,
         1.2257797 ,  0.38964713, -0.61550295],
       [ 1.530528  ,  0.16082053, -1.7388357 , -1.0214206 , -0.7127373 ,
         1.1914718 ,  0.33537683, -0.79990274],
       [ 1.4690522 ,  0.21860568, -1.5589542 , -0.9095228 , -0.5775283 ,
         1.225162  ,  0.41506812, -0.5790988 ],
       [ 1.7011722 ,  0.15970418, -1.7351457 , -1.0108495 , -0.6489173 ,
         1.1010629 ,  0.3165219 , -0.9642389 ],
       [ 1.4879955 ,  0.18207593, -1.5487255 , -0.9272435 , -0.55785215,
         1.1801176 ,  0.39554805, -0.6298966 ],
       [ 1.6602254 ,  0.12557837, -1.7953503 , -1.0875125 , -0.70932627,
         1.1396564 ,  0.30094844, -0.9739254 ],
       [ 1.5042733 ,  0.15246674, -1.5393761 , -0.9492918 , -0.53973055,
         1.1513094 ,  0.38200998, -0.6679636 ],
       [ 1.6290334 ,  0.10906841, -1.7433647 , -1.076131  , -0.67016375,
         1.129152  ,  0.3165339 , -0.92291397],
       [ 1.50879   ,  0.1244844 , -1.5657054 , -0.9860417 , -0.5552555 ,
         1.1546439 ,  0.36789545, -0.69129217],
       [ 1.6524903 ,  0.09192532, -1.7390382 , -1.0921365 , -0.6539075 ,
         1.1057752 ,  0.30950633, -0.95387095],
       [ 1.52301   ,  0.09613955, -1.5845104 , -1.0194753 , -0.56372654,
         1.1441839 ,  0.35106015, -0.7250321 ],
       [ 1.6045276 ,  0.0859542 , -1.6924412 , -1.074567  , -0.6280039 ,
         1.1118611 ,  0.32327244, -0.88091713],
       [ 1.520098  ,  0.0833175 , -1.5803767 , -1.0170786 , -0.55954605,
         1.122082  ,  0.34671924, -0.75127774],
       [ 1.53012   ,  0.08685418, -1.5788248 , -0.99958473, -0.547894  ,
         1.1050646 ,  0.3529394 , -0.7690716 ],
       [ 1.4926068 ,  0.08398143, -1.5834793 , -1.0011232 , -0.56232053,
         1.1143881 ,  0.34812075, -0.7468299 ],
       [ 1.4684602 ,  0.08219782, -1.5843931 , -0.98874384, -0.5664651 ,
         1.1137345 ,  0.34849322, -0.73031306],
       [ 1.4804147 ,  0.08033287, -1.7205315 , -1.0700573 , -0.68298644,
         1.1612917 ,  0.3197568 , -0.7984435 ],
       [ 1.4016006 ,  0.08563225, -1.6428407 , -1.0088376 , -0.64114606,
         1.1596117 ,  0.33876464, -0.69419825],
       [ 1.4484985 ,  0.249139  , -1.2445347 , -0.7005967 , -0.32479388,
         0.9656026 ,  0.4046123 , -0.5823736 ]], dtype=float32), 'ground_truth': array([[ 0.19617407, -1.06726535, -2.12936597, -1.41882749, -1.7047829 ,
         1.12688169,  0.79871936,  0.26739667],
       [ 0.21542628, -1.07497474, -2.11011376, -1.42653688, -1.68553069,
         1.1191723 ,  0.81797156,  0.25968728],
       [ 0.23377314, -1.08266898, -2.09176691, -1.43423112, -1.66718384,
         1.11147806,  0.83631842,  0.25199304],
       [ 0.250341  , -1.08944188, -2.07519904, -1.44100402, -1.65061597,
         1.10470516,  0.85288629,  0.24522014],
       [ 0.26511791, -1.09569686, -2.06042213, -1.447259  , -1.63583906,
         1.09845018,  0.8676632 ,  0.23896516],
       [ 0.27814381, -1.10164457, -2.04739623, -1.45320671, -1.62281316,
         1.09250247,  0.88068909,  0.23301745],
       [ 0.28947958, -1.10739533, -2.03606046, -1.45895747, -1.61147739,
         1.08675171,  0.89202486,  0.22726669],
       [ 0.29919313, -1.1130465 , -2.02634692, -1.46460865, -1.60176384,
         1.08110054,  0.90173841,  0.22161552],
       [ 0.30735511, -1.118676  , -2.01818493, -1.47023814, -1.59360186,
         1.07547104,  0.9099004 ,  0.21598602],
       [ 0.3140378 , -1.12435584, -2.01150224, -1.47591798, -1.58691917,
         1.0697912 ,  0.91658309,  0.21030618],
       [ 0.319315  , -1.13015429, -2.00622505, -1.48171644, -1.58164197,
         1.06399275,  0.92186028,  0.20450772],
       [ 0.32326192, -1.13613582, -2.00227812, -1.48769797, -1.57769505,
         1.05801122,  0.92580721,  0.1985262 ],
       [ 0.32595508, -1.14236098, -1.99958496, -1.49392312, -1.57500189,
         1.05178606,  0.92850037,  0.19230104],
       [ 0.32747212, -1.14888631, -1.99806793, -1.50044845, -1.57348485,
         1.04526074,  0.9300174 ,  0.18577571],
       [ 0.32789164, -1.15576424, -1.9976484 , -1.50732638, -1.57306533,
         1.0383828 ,  0.93043692,  0.17889778],
       [ 0.32832654, -1.1623355 , -1.9972135 , -1.51389765, -1.57263043,
         1.03181154,  0.93087183,  0.17232652],
       [ 0.3305591 , -1.16926237, -1.99498094, -1.52082452, -1.57039787,
         1.02488467,  0.93310439,  0.16539965],
       [ 0.33340536, -1.17496667, -1.99213469, -1.52652882, -1.56755162,
         1.01918037,  0.93595064,  0.15969534],
       [ 0.33673949, -1.17934912, -1.98880055, -1.53091126, -1.56421748,
         1.01479792,  0.93928478,  0.1553129 ],
       [ 0.34118792, -1.18334452, -1.98435213, -1.53490666, -1.55976905,
         1.01080253,  0.9437332 ,  0.1513175 ],
       [ 0.34602056, -1.18604678, -1.97951949, -1.53760892, -1.55493641,
         1.00810027,  0.94856584,  0.14861524],
       [ 0.35230948, -1.18892675, -1.97323057, -1.54048889, -1.54864749,
         1.0052203 ,  0.95485476,  0.14573527],
       [ 0.35904155, -1.1907401 , -1.96649849, -1.54230225, -1.54191542,
         1.00340694,  0.96158684,  0.14392192],
       [ 0.3664539 , -1.19185676, -1.95908615, -1.5434189 , -1.53450308,
         1.00229028,  0.96899918,  0.14280526],
       [ 0.37420692, -1.19183546, -1.95133312, -1.5433976 , -1.52675005,
         1.00231158,  0.9767522 ,  0.14282656],
       [ 0.3829566 , -1.19169959, -1.94258344, -1.54326173, -1.51800037,
         1.00244746,  0.98550189,  0.14296243],
       [ 0.39169391, -1.19001956, -1.93384614, -1.5415817 , -1.50926306,
         1.00412749,  0.99423919,  0.14464246],
       [ 0.40173777, -1.18879   , -1.92380227, -1.54035214, -1.4992192 ,
         1.00535704,  1.00428305,  0.14587202],
       [ 0.41197198, -1.18643622, -1.91356807, -1.53799836, -1.48898499,
         1.00771082,  1.01451726,  0.1482258 ],
       [ 0.42245221, -1.18309723, -1.90308783, -1.53465937, -1.47850476,
         1.01104982,  1.02499749,  0.15156479],
       [ 0.43404425, -1.18006808, -1.89149579, -1.53163022, -1.46691272,
         1.01407896,  1.03658954,  0.15459394],
       [ 0.44551574, -1.1756394 , -1.88002431, -1.52720155, -1.45544123,
         1.01850764,  1.04806102,  0.15902262],
       [ 0.45820157, -1.17173962, -1.86733847, -1.52330176, -1.4427554 ,
         1.02240742,  1.06074686,  0.1629224 ],
       [ 0.47105039, -1.16694317, -1.85448965, -1.51850531, -1.42990658,
         1.02720387,  1.07359567,  0.16771885],
       [ 0.48469207, -1.16221741, -1.84084798, -1.51377956, -1.4162649 ,
         1.03192963,  1.08723735,  0.1724446 ],
       [ 0.49869356, -1.1569808 , -1.82684649, -1.50854294, -1.40226341,
         1.03716624,  1.10123884,  0.17768122],
       [ 0.5131567 , -1.15143682, -1.81238334, -1.50299896, -1.38780027,
         1.04271022,  1.11570198,  0.1832252 ],
       [ 0.52744343, -1.14443337, -1.79809661, -1.49599551, -1.37351354,
         1.04971367,  1.12998871,  0.19022865],
       [ 0.54277057, -1.13821076, -1.78276947, -1.4897729 , -1.3581864 ,
         1.05593629,  1.14531585,  0.19645126],
       [ 0.55867626, -1.13206468, -1.76686379, -1.48362682, -1.34228071,
         1.06208236,  1.16122154,  0.20259734],
       [ 0.5748885 , -1.12552671, -1.75065154, -1.47708885, -1.32606847,
         1.06862033,  1.17743378,  0.20913531],
       [ 0.59157241, -1.11901582, -1.73396764, -1.47057797, -1.30938456,
         1.07513122, -1.19848566, -0.11897113],
       [ 0.60857469, -1.11217617, -1.71696536, -1.46373832, -1.29238229,
         1.08197087, -1.18148338, -0.11213148],
       [ 0.62590552, -1.10497912, -1.69963452, -1.45654126, -1.27505145,
         1.08916793, -1.16415255, -0.10493442],
       [ 0.64334572, -1.09661319, -1.68219432, -1.44817533, -1.25761125,
         1.09753386, -1.14671235, -0.09656849],
       [ 0.6614852 , -1.08917076, -1.66405485, -1.4407329 , -1.23947177,
         1.10497629, -1.12857287, -0.08912606],
       [ 0.68007057, -1.08187191, -1.64546948, -1.43343405, -1.2208864 ,
         1.11227513, -1.1099875 , -0.08182721],
       [ 0.69894328, -1.07418705, -1.62659676, -1.42574919, -1.20201369,
         1.11995999, -1.09111479, -0.07414236],
       [ 0.71797328, -1.06568645, -1.60756676, -1.4172486 , -1.18298369,
         1.12846059, -1.07208479, -0.06564176],
       [ 0.73748266, -1.05762047, -1.58805739, -1.40918262, -1.16347431,
         1.13652657, -1.05257541, -0.05757578],
       [ 0.75721286, -1.04917502, -1.56832719, -1.40073716, -1.14374411,
         1.14497202, -1.03284521, -0.04913033],
       [ 0.77734901, -1.04095015, -1.54819104, -1.3925123 , -1.12360797,
         1.15319689, -1.01270906, -0.04090546],
       [ 0.79761567, -1.03224258, -1.52792437, -1.38380472, -1.1033413 ,
         1.16190446, -0.9924424 , -0.03219789],
       [ 0.81813687, -1.02344951, -1.50740318, -1.37501165, -1.0828201 ,
         1.17069754, -0.9719212 , -0.02340481],
       [ 0.83874836, -1.01427088, -1.48679168, -1.36583302, -1.06220861,
         1.17987617, -0.95130971, -0.01422618],
       [ 0.85960727, -1.00505914, -1.46593277, -1.35662128, -1.0413497 ,
         1.1890879 , -0.93045079, -0.00501444],
       [ 0.88059162, -0.99559999, -1.44494842, -1.34716213, -1.02036535,
         1.19854705, -0.90946645,  0.0044447 ],
       [ 0.90160922, -0.98578799, -1.42393082, -1.33735014, -0.99934775,
         1.20835905, -0.88844885,  0.0142567 ],
       [ 0.9231533 , -0.976268  , -1.40238674, -1.32783015, -0.97780367,
         1.21787904, -0.86690476,  0.02377669],
       [ 0.9443977 , -0.96596464, -1.38114234, -1.31752679, -0.95655927,
         1.2281824 , -0.84566037,  0.03408005],
       [ 0.96597082, -0.95566855, -1.35956922, -1.3072307 , -0.93498615,
         1.23847849, -0.82408724,  0.04437614],
       [ 0.98761532, -0.94506535, -1.33792472, -1.2966275 , -0.91334165,
         1.24908169, -0.80244275,  0.05497934],
       [ 1.00889129, -0.93372108, -1.31664875, -1.28528322, -0.89206568,
         1.26042596, -0.78116677,  0.06632361],
       [ 1.03077523, -0.92262423, -1.29476482, -1.27418637, -0.87018175,
         1.27152281, -0.75928284,  0.07742047],
       [ 1.05199457, -0.91055313, -1.27354547, -1.26211527, -0.8489624 ,
         1.28359391, -0.7380635 ,  0.08949157],
       [ 1.07379459, -0.89867357, -1.25174546, -1.25023571, -0.82716239,
         1.29547348, -0.71626348,  0.10137113],
       [ 1.09489279, -0.88586066, -1.23064725, -1.2374228 , -0.80606418,
         1.30828638, -0.69516528,  0.11418403],
       [ 1.11624488, -0.8729529 , -1.20929516, -1.22451504, -0.78471209,
         1.32119415, -0.67381319,  0.1270918 ],
       [ 1.13699919, -0.8592927 , -1.18854086, -1.21085485, -0.76395778,
         1.33485434, -0.65305888,  0.14075199],
       [ 1.15845739, -0.8458386 , -1.16708265, -1.19740074, -0.74249958,
         1.34830844, -0.63160068,  0.1542061 ],
       [ 1.17897703, -0.83143797, -1.14656302, -1.18300011, -0.72197994,
         1.36270907, -0.61108104,  0.16860673],
       [ 1.19972428, -0.81690727, -1.12581576, -1.16846941, -0.70123269,
         1.37723977, -0.59033379,  0.18313742],
       [ 1.21977259, -0.80168015, -1.10576745, -1.1532423 , -0.68118438,
         1.39246689, -0.57028548,  0.19836454],
       [ 1.23995446, -0.78626137, -1.08558558, -1.13782351, -0.66100251,
         1.40788567, -0.55010361,  0.21378333],
       [ 1.25950417, -0.77025494, -1.06603587, -1.12181709, -0.6414528 ,
         1.4238921 , -0.5305539 ,  0.22978975],
       [ 1.27905822, -0.75398329, -1.04648183, -1.10554544, -0.62189875,
         1.44016375, -0.51099985,  0.2460614 ],
       [ 1.29820021, -0.73726268, -1.02733983, -1.08882483, -0.60275676,
         1.45688436, -0.49185786,  0.26278201],
       [ 1.31674106, -0.72005503, -1.00879898, -1.07161717, -0.58421591,
         1.47409201, -0.47331701,  0.27998966],
       [ 1.33519466, -0.7025411 , -0.99034539, -1.05410324, -0.56576231,
         1.49160594, -0.45486341,  0.29750359],
       [ 1.35292084, -0.68454865, -0.97261921, -1.03611079, -0.54803613,
         1.50959839, -0.43713723,  0.31549605],
       [ 1.37075742, -0.66627524, -0.95478263, -1.01783738, -0.53019955,
         1.5278718 , -0.41930065,  0.33376945],
       [ 1.3876021 , -0.64751091, -0.93793794, -0.99907305, -0.51335487,
         1.54663613, -0.40245596,  0.35253379],
       [ 1.40454763, -0.62843966, -0.92099241, -0.98000181, -0.49640934,
         1.56570738, -0.38551044,  0.37160503],
       [ 1.42046872, -0.60892921, -0.90507132, -0.96049136, -0.48048825,
         1.58521783, -0.36958935,  0.39111548],
       [ 1.43660899, -0.58909572, -0.88893106, -0.94065786, -0.46434798,
         1.60505133, -0.35344908,  0.41094898],
       [ 1.45150589, -0.5688579 , -0.87403415, -0.92042004, -0.44945108,
         1.62528914, -0.33855217,  0.4311868 ],
       [ 1.46638934, -0.5482807 , -0.8591507 , -0.89984284, -0.43456763,
         1.64586634, -0.32366873,  0.45176399],
       [ 1.48005362, -0.52737435, -0.84548643, -0.8789365 , -0.42090335,
         1.66677269, -0.31000445,  0.47267034],
       [ 1.49399586, -0.50610715, -0.83154419, -0.8576693 , -0.40696111,
         1.68803989, -0.29606221,  0.49393754],
       [ 1.50668013, -0.48456613, -0.81885992, -0.83612828, -0.39427684,
         1.70958091, -0.28337794,  0.51547856],
       [ 1.51854387, -0.46277562, -0.80699617, -0.81433776, -0.3824131 ,
         1.73137142, -0.27151419,  0.53726907],
       [ 1.53059506, -0.44059464, -0.79494498, -0.79215678, -0.37036191,
         1.7535524 , -0.259463  ,  0.55945005],
       [ 1.54136229, -0.41825792, -0.78417775, -0.76982007, -0.35959468,
         1.77588912, -0.24869577,  0.58178677],
       [ 1.5523053 , -0.39550611, -0.77323474, -0.74706825, -0.34865167,
         1.79864093, -0.23775276,  0.60453858],
       [ 1.56222855, -0.37258828, -0.7633115 , -0.72415042, -0.33872842,
         1.82155877, -0.22782952,  0.62745642],
       [ 1.57097739, -0.34958773, -0.75456265, -0.70114988, -0.32997958,
         1.84455931, -0.21908068,  0.65045696],
       [ 1.58019304, -0.3260753 , -0.74534701, -0.67763744, -0.32076393,
         1.86807174, -0.20986503,  0.67396939],
       [ 1.58784671, -0.30262886, -0.73769333, -0.654191  , -0.31311026,
         1.89151818, -0.20221136,  0.69741583],
       [ 1.59518761, -0.27890814, -0.73035243, -0.63047028, -0.30576936,
         1.9152389 , -0.19487046,  0.72113655],
       [ 1.60138492, -0.25521531, -0.72415512, -0.60677745, -0.29957205,
         1.93893173, -0.18867315,  0.74482939],
       [ 1.6080284 , -0.23094772, -0.71751165, -0.58250987, -0.29292857,
         1.96319932, -0.18202967,  0.76909697],
       [ 1.61311831, -0.20690818, -0.71242173, -0.55847032, -0.28783866,
         1.98723886, -0.17693976,  0.79313651],
       [ 1.61811157, -0.18251524, -0.70742848, -0.53407738, -0.2828454 ,
         2.01163181, -0.1719465 ,  0.81752946],
       [ 1.62180073, -0.15832438, -0.70373932, -0.50988652, -0.27915624,
         2.03582267, -0.16825734,  0.84172032],
       [ 1.62531395, -0.13382412, -0.7002261 , -0.48538627, -0.27564302,
         2.06032292, -0.16474412,  0.86622057],
       [ 1.62764734, -0.10955176, -0.6978927 , -0.4611139 , -0.27330963,
         2.08459528, -0.16241073,  0.89049293],
       [ 1.62977793, -0.08498106, -0.69576211, -0.4365432 , -0.27117904,
         2.10916598, -0.16028014,  0.91506364],
       [ 1.63078769, -0.06068762, -0.69475235, -0.41224976, -0.27016928,
         2.13345943, -0.15927038,  0.93935708],
       [ 1.63134677, -0.03626476, -0.69419328, -0.3878269 , -0.2696102 ,
         2.15788228, -0.1587113 ,  0.96377993],
       [ 1.63095133, -0.01210211, -0.69458872, -0.36366425, -0.27000564,
         2.18204493, -0.15910674,  0.98794258],
       [ 1.63001   ,  0.01209304, -0.69553004, -0.3394691 , -0.27094697,
         2.20624008, -0.16004807,  1.01213773],
       [ 1.62820971,  0.0360212 , -0.69733033, -0.31554094, -0.27274726,
         2.23016824, -0.16184835,  1.03606589],
       [ 1.62579046,  0.05988664, -0.69974958, -0.29167551, -0.27516651,
         2.25403368, -0.1642676 ,  1.05993133],
       [ 1.62261544,  0.08352726, -0.70292461, -0.26803489, -0.27834153,
         2.2776743 , -0.16744263,  1.08357195],
       [ 1.6186419 ,  0.10684553, -0.70689814, -0.24471661, -0.28231507,
         2.30099258, -0.17141617,  1.10689023],
       [ 1.61411126,  0.13016601, -0.71142879, -0.22139613, -0.28684571,
         2.32431306, -0.17594681,  1.13021071],
       [ 1.60947402,  0.15424976, -0.71606602, -0.19731238, -0.29148295,
         2.3483968 , -0.18058405,  1.15429446],
       [ 1.60346196,  0.1771068 , -0.72207808, -0.17445534, -0.29749501,
         2.37125384, -0.1865961 ,  1.17715149],
       [ 1.59662901,  0.19949946, -0.72891103, -0.15206268, -0.30432796,
         2.3936465 , -0.19342906,  1.19954416],
       [ 1.58904084,  0.22146002, -0.7364992 , -0.13010212, -0.31191613,
         2.41560706, -0.20101723,  1.22150472]]), 'data_points': 600}, 3: {'r2': -7.579466819763184, 'mse': 2.3849831692441534, 'train_losses': [1.5856019258499146, 1.4892362356185913, 1.3960304260253906, 1.3027020692825317, 1.2080413103103638, 1.1131304502487183, 1.0207968950271606, 0.9351174831390381, 0.8610811829566956, 0.8046187162399292, 0.7707619071006775, 0.7593704462051392, 0.7630284428596497, 0.7697246670722961, 0.7697120308876038, 0.7594677209854126, 0.741915762424469, 0.7225585579872131, 0.7054725885391235, 0.6929093599319458, 0.6850627660751343, 0.6805427670478821, 0.6775054335594177, 0.6740624904632568, 0.6690804958343506, 0.6620010733604431, 0.6527933478355408, 0.642163097858429, 0.6307061910629272, 0.6193414926528931], 'test_losses': [1.5647166967391968, 1.5507235527038574, 1.5390154123306274, 1.530029296875, 1.5306519269943237, 1.548936128616333, 1.5935429334640503, 1.6732808351516724, 1.7985856533050537, 1.9778779745101929, 2.214900255203247, 2.4921152591705322, 2.7723498344421387, 3.0083892345428467, 3.1653528213500977, 3.2312915325164795, 3.2178955078125, 3.1517105102539062, 3.053947687149048, 2.9435696601867676, 2.8337316513061523, 2.7326622009277344, 2.6429359912872314, 2.5658180713653564, 2.502455472946167, 2.4536352157592773, 2.418581962585449, 2.395341634750366, 2.384721279144287, 2.3849830627441406], 'predictions': array([[ 1.0117247e+00, -5.2043480e-01, -2.6903658e+00, -1.4801363e+00,
        -8.5575807e-01,  7.4300867e-01, -6.8677254e-02, -9.6657115e-01],
       [ 8.3787775e-01, -4.0364814e-01, -2.0809081e+00, -1.1839579e+00,
        -6.6517735e-01,  5.8474839e-01, -1.2095651e-01, -7.1010464e-01],
       [ 6.4639044e-01, -2.7521995e-01, -1.5362351e+00, -8.8322258e-01,
        -5.3886026e-01,  5.0118989e-01, -1.6564746e-01, -4.1536248e-01],
       [ 1.0951076e+00, -5.1061177e-01, -2.8838911e+00, -1.5327401e+00,
        -9.8708630e-01,  8.5936183e-01, -1.3747713e-01, -9.9957055e-01],
       [ 1.0761733e+00, -5.0223404e-01, -2.8353233e+00, -1.5024296e+00,
        -9.7988087e-01,  8.3964992e-01, -1.3566087e-01, -9.9031794e-01],
       [ 1.1155211e+00, -4.0302771e-01, -2.9080067e+00, -1.4457242e+00,
        -1.1136204e+00,  1.0644803e+00, -3.1361538e-01, -8.6810172e-01],
       [ 1.0380535e+00, -4.9438041e-01, -2.7096000e+00, -1.4398221e+00,
        -9.3232685e-01,  7.7737594e-01, -1.1217639e-01, -9.8225594e-01],
       [ 7.2352254e-01, -2.7770987e-01, -1.7891440e+00, -9.3866837e-01,
        -6.7900157e-01,  5.9644079e-01, -1.3054582e-01, -5.3868407e-01],
       [ 5.5227190e-01, -2.1469511e-01, -1.2027532e+00, -7.0075691e-01,
        -4.7317484e-01,  3.9937040e-01, -1.2379703e-01, -3.1210113e-01],
       [ 1.0810877e+00, -4.4126922e-01, -2.8471901e+00, -1.4105713e+00,
        -1.0781444e+00,  9.8988038e-01, -2.7772495e-01, -8.7047243e-01],
       [ 1.0705723e+00, -4.0755692e-01, -2.8186181e+00, -1.3550738e+00,
        -1.1011155e+00,  1.0510734e+00, -3.2927558e-01, -8.1138378e-01],
       [ 5.7961816e-01, -2.2125039e-01, -1.2699615e+00, -7.2567099e-01,
        -4.9226743e-01,  3.9629835e-01, -1.1376966e-01, -3.5016277e-01],
       [ 1.0424724e+00, -3.9798120e-01, -2.7477505e+00, -1.3183503e+00,
        -1.0754461e+00,  1.0261146e+00, -3.2501349e-01, -7.7573627e-01],
       [ 8.5583133e-01, -3.5259441e-01, -2.0817358e+00, -1.0998756e+00,
        -7.4633676e-01,  6.5264022e-01, -1.6960818e-01, -6.5547949e-01],
       [ 6.5065926e-01, -2.3978636e-01, -1.4729695e+00, -8.1668890e-01,
        -5.4462469e-01,  4.5524579e-01, -1.2007992e-01, -4.2073923e-01],
       [ 9.2357600e-01, -3.6973581e-01, -2.2762215e+00, -1.1880382e+00,
        -8.2134545e-01,  7.4447501e-01, -2.0707038e-01, -7.0447105e-01],
       [ 8.6595237e-01, -3.4568885e-01, -2.0861497e+00, -1.1076993e+00,
        -7.4276030e-01,  6.6044253e-01, -1.8402188e-01, -6.5126002e-01],
       [ 6.8077844e-01, -2.6121345e-01, -1.5078455e+00, -8.4830415e-01,
        -5.4428041e-01,  4.5134407e-01, -1.2775649e-01, -4.5164067e-01],
       [ 6.9612521e-01, -2.6990923e-01, -1.5376529e+00, -8.6604583e-01,
        -5.5130959e-01,  4.5635587e-01, -1.3135670e-01, -4.6675029e-01],
       [ 7.0879245e-01, -2.7433914e-01, -1.5742637e+00, -8.8305086e-01,
        -5.6054741e-01,  4.6837538e-01, -1.3636947e-01, -4.7889522e-01],
       [ 7.1463388e-01, -2.8000715e-01, -1.5754406e+00, -8.8715190e-01,
        -5.6125849e-01,  4.6470883e-01, -1.3699979e-01, -4.8243973e-01],
       [ 7.2793198e-01, -2.8299385e-01, -1.6185329e+00, -9.0506154e-01,
        -5.7370156e-01,  4.8201397e-01, -1.4436573e-01, -4.9449277e-01],
       [ 7.3498088e-01, -2.8657266e-01, -1.6328362e+00, -9.1315424e-01,
        -5.7748389e-01,  4.8596036e-01, -1.4730550e-01, -4.9944422e-01],
       [ 7.3864704e-01, -2.9046062e-01, -1.6324208e+00, -9.1556102e-01,
        -5.7752162e-01,  4.8294964e-01, -1.4800104e-01, -5.0143790e-01],
       [ 7.5158441e-01, -2.9275396e-01, -1.6807166e+00, -9.3464208e-01,
        -5.9331924e-01,  5.0443244e-01, -1.5656525e-01, -5.1454973e-01],
       [ 7.5339592e-01, -2.9498306e-01, -1.6786586e+00, -9.3473738e-01,
        -5.9363717e-01,  5.0338775e-01, -1.5778980e-01, -5.1246274e-01],
       [ 7.5722820e-01, -2.9642791e-01, -1.6991637e+00, -9.4315779e-01,
        -6.0176724e-01,  5.1241374e-01, -1.6033259e-01, -5.1635545e-01],
       [ 1.1074446e+00, -4.7208527e-01, -3.0077016e+00, -1.4716221e+00,
        -1.1290727e+00,  1.0477291e+00, -2.6690423e-01, -9.1264480e-01],
       [ 7.6988113e-01, -2.9787394e-01, -1.7700735e+00, -9.7310555e-01,
        -6.2800121e-01,  5.4487342e-01, -1.6862136e-01, -5.3012991e-01],
       [ 1.1162910e+00, -4.8616350e-01, -3.0089128e+00, -1.4933547e+00,
        -1.1151884e+00,  1.0193248e+00, -2.4815173e-01, -9.3695599e-01],
       [ 1.1011796e+00, -4.3426034e-01, -2.9790084e+00, -1.4439189e+00,
        -1.1569706e+00,  1.1047876e+00, -3.2110113e-01, -8.5612798e-01],
       [ 1.1128742e+00, -4.8518714e-01, -3.0043116e+00, -1.4938900e+00,
        -1.1161368e+00,  1.0191135e+00, -2.4901848e-01, -9.3477088e-01],
       [ 1.1041429e+00, -4.1653806e-01, -2.9670396e+00, -1.4325531e+00,
        -1.1693054e+00,  1.1262690e+00, -3.4658074e-01, -8.3139580e-01],
       [ 1.1037524e+00, -4.9268827e-01, -2.9673152e+00, -1.4929916e+00,
        -1.0882984e+00,  9.7895133e-01, -2.2825454e-01, -9.4035327e-01],
       [ 8.0481082e-01, -2.7249396e-01, -1.9838928e+00, -1.0321257e+00,
        -7.5042617e-01,  7.3005825e-01, -2.4911320e-01, -5.2078778e-01],
       [ 1.0857810e+00, -4.7523019e-01, -2.8500304e+00, -1.4543703e+00,
        -1.0368139e+00,  9.1754973e-01, -2.1941589e-01, -9.1684765e-01],
       [ 7.8410673e-01, -2.7129349e-01, -1.9424552e+00, -1.0122374e+00,
        -7.3674232e-01,  7.0983559e-01, -2.3788966e-01, -5.1262832e-01],
       [ 1.0683534e+00, -4.5062098e-01, -2.8105304e+00, -1.4301369e+00,
        -1.0352849e+00,  9.2303735e-01, -2.3127300e-01, -8.8674331e-01],
       [ 7.4499565e-01, -2.9491085e-01, -1.7999682e+00, -9.6728456e-01,
        -6.9281113e-01,  6.1367333e-01, -1.9805929e-01, -4.9731231e-01],
       [ 1.0655870e+00, -3.9488509e-01, -2.8903296e+00, -1.4068460e+00,
        -1.1378248e+00,  1.0857457e+00, -3.2684648e-01, -7.9966849e-01],
       [ 1.0403882e+00, -4.0929273e-01, -2.8250973e+00, -1.3976247e+00,
        -1.0945516e+00,  1.0003688e+00, -2.8040951e-01, -8.3714128e-01],
       [ 1.0850018e+00, -3.6405516e-01, -2.9258780e+00, -1.3904768e+00,
        -1.1976027e+00,  1.1781888e+00, -3.9934862e-01, -7.4088854e-01],
       [ 1.0259354e+00, -4.2570460e-01, -2.7793140e+00, -1.3925642e+00,
        -1.0705448e+00,  9.3320006e-01, -2.4613085e-01, -8.6232305e-01],
       [ 7.1511412e-01, -2.0329243e-01, -1.8302865e+00, -9.0901625e-01,
        -7.8364682e-01,  7.8421694e-01, -2.8722921e-01, -3.8400435e-01],
       [ 1.0159055e+00, -3.9442360e-01, -2.7338994e+00, -1.3641205e+00,
        -1.0623261e+00,  9.5063752e-01, -2.6808000e-01, -8.1529838e-01],
       [ 7.2539520e-01, -3.0942258e-01, -1.7183886e+00, -9.0989912e-01,
        -6.9133770e-01,  6.2946010e-01, -2.3514000e-01, -4.3099159e-01],
       [ 9.4908124e-01, -2.9906344e-01, -2.5428948e+00, -1.2295172e+00,
        -1.0337324e+00,  1.0116633e+00, -3.5935259e-01, -6.2450111e-01],
       [ 1.0007176e+00, -3.9301157e-01, -2.7005119e+00, -1.3488997e+00,
        -1.0582657e+00,  9.3355137e-01, -2.6412177e-01, -8.0788934e-01],
       [ 6.7952323e-01, -2.2968324e-01, -1.7226752e+00, -8.8893050e-01,
        -7.2534758e-01,  7.2131306e-01, -2.7701107e-01, -3.6256513e-01],
       [ 9.9970782e-01, -3.6566010e-01, -2.6737871e+00, -1.3304596e+00,
        -1.0498143e+00,  9.5597816e-01, -2.8986022e-01, -7.6418108e-01],
       [ 9.9745572e-01, -3.0940214e-01, -2.7085831e+00, -1.2976159e+00,
        -1.1072176e+00,  1.0976058e+00, -3.9423349e-01, -6.5112388e-01],
       [ 1.0154303e+00, -3.9095476e-01, -2.7332501e+00, -1.3571210e+00,
        -1.0722029e+00,  9.4730461e-01, -2.7805310e-01, -8.0663341e-01],
       [ 1.0339974e+00, -2.5679380e-01, -2.7408032e+00, -1.2772372e+00,
        -1.1933851e+00,  1.2520307e+00, -4.9549451e-01, -5.6026447e-01],
       [ 1.0100878e+00, -3.4991139e-01, -2.6881609e+00, -1.3296473e+00,
        -1.0534390e+00,  9.8592049e-01, -3.2170331e-01, -7.3416120e-01],
       [ 1.0005329e+00, -3.7348899e-01, -2.6492703e+00, -1.3159624e+00,
        -1.0413381e+00,  9.3470222e-01, -2.8827864e-01, -7.5884652e-01],
       [ 1.0368478e+00, -2.6287097e-01, -2.7678959e+00, -1.3059843e+00,
        -1.1943792e+00,  1.2511930e+00, -4.8572877e-01, -5.6493652e-01],
       [ 1.0216324e+00, -3.4123868e-01, -2.7064846e+00, -1.3318326e+00,
        -1.0703120e+00,  1.0196601e+00, -3.5012561e-01, -7.1291071e-01],
       [ 1.0371823e+00, -3.5906160e-01, -2.7748115e+00, -1.3599837e+00,
        -1.1021698e+00,  1.0285807e+00, -3.4046891e-01, -7.4720407e-01],
       [ 1.0399201e+00, -3.0627301e-01, -2.7984805e+00, -1.3453285e+00,
        -1.1378756e+00,  1.1369965e+00, -4.2597362e-01, -6.5627646e-01],
       [ 1.0727761e+00, -3.5817498e-01, -2.8588536e+00, -1.4002987e+00,
        -1.1341978e+00,  1.0756683e+00, -3.6820897e-01, -7.5068754e-01],
       [ 1.0852339e+00, -3.5619470e-01, -2.8894336e+00, -1.4105023e+00,
        -1.1515697e+00,  1.0987036e+00, -3.8252178e-01, -7.4595481e-01],
       [ 1.0795201e+00, -3.4790903e-01, -2.8793788e+00, -1.3969399e+00,
        -1.1605997e+00,  1.1083175e+00, -3.9056247e-01, -7.2618181e-01],
       [ 1.0914633e+00, -3.5590944e-01, -2.9233012e+00, -1.4155939e+00,
        -1.1799690e+00,  1.1205244e+00, -3.8977990e-01, -7.4019927e-01],
       [ 1.0886399e+00, -2.8659621e-01, -2.8879988e+00, -1.3814452e+00,
        -1.2427886e+00,  1.2470305e+00, -5.0759888e-01, -5.6947964e-01],
       [ 1.2314787e+00, -3.0434674e-01, -3.1600025e+00, -1.5064837e+00,
        -1.3539563e+00,  1.3707781e+00, -5.8666450e-01, -6.2413132e-01],
       [ 7.7247047e-01, -2.4142253e-01, -2.2385311e+00, -1.0519907e+00,
        -9.3667156e-01,  9.0800810e-01, -2.7158096e-01, -5.8857149e-01],
       [ 7.7247047e-01, -2.4142253e-01, -2.2385311e+00, -1.0519907e+00,
        -9.3667156e-01,  9.0800810e-01, -2.7158096e-01, -5.8857149e-01],
       [ 7.7247047e-01, -2.4142253e-01, -2.2385311e+00, -1.0519907e+00,
        -9.3667156e-01,  9.0800810e-01, -2.7158096e-01, -5.8857149e-01],
       [ 7.7711290e-01, -2.4570976e-01, -2.2867212e+00, -1.0670685e+00,
        -9.4981688e-01,  9.2915612e-01, -2.7535197e-01, -6.0595608e-01],
       [ 7.8113246e-01, -2.4950176e-01, -2.3125367e+00, -1.0754257e+00,
        -9.5343208e-01,  9.3459690e-01, -2.7739137e-01, -6.1823446e-01],
       [ 7.8445065e-01, -2.4810225e-01, -2.3331835e+00, -1.0796987e+00,
        -9.6084446e-01,  9.5273447e-01, -2.8591588e-01, -6.1773074e-01],
       [ 7.9446954e-01, -2.5189617e-01, -2.3527431e+00, -1.0896326e+00,
        -9.6396834e-01,  9.5345336e-01, -2.8807881e-01, -6.2397581e-01],
       [ 7.9360539e-01, -2.4654901e-01, -2.3758941e+00, -1.0916221e+00,
        -9.6471506e-01,  9.8272502e-01, -2.9639474e-01, -6.2231928e-01],
       [ 8.0167753e-01, -2.5283787e-01, -2.4302909e+00, -1.1117669e+00,
        -9.6560121e-01,  9.9998039e-01, -2.8793550e-01, -6.5160960e-01],
       [ 8.0578947e-01, -2.5463736e-01, -2.4711185e+00, -1.1293119e+00,
        -9.6773750e-01,  1.0163431e+00, -2.7530295e-01, -6.7563170e-01],
       [ 8.0695987e-01, -2.5345138e-01, -2.4857583e+00, -1.1390103e+00,
        -9.6002281e-01,  1.0181546e+00, -2.5444984e-01, -7.0169884e-01],
       [ 8.2565975e-01, -2.5966579e-01, -2.5229981e+00, -1.1643065e+00,
        -9.6094763e-01,  1.0261668e+00, -2.4041489e-01, -7.3866838e-01],
       [ 8.5882223e-01, -2.7368492e-01, -2.5873842e+00, -1.1998507e+00,
        -9.6156484e-01,  1.0342995e+00, -2.1929312e-01, -7.9822814e-01],
       [ 8.9002919e-01, -2.9400346e-01, -2.6378918e+00, -1.2384064e+00,
        -9.5924342e-01,  1.0375931e+00, -1.9844879e-01, -8.4684479e-01],
       [ 9.0431702e-01, -3.0771264e-01, -2.6672854e+00, -1.2548896e+00,
        -9.5600718e-01,  1.0388258e+00, -1.8656702e-01, -8.7529653e-01],
       [ 9.1727883e-01, -3.2234606e-01, -2.6908855e+00, -1.2715256e+00,
        -9.5298111e-01,  1.0399008e+00, -1.7847241e-01, -8.9686054e-01],
       [ 9.3752414e-01, -3.4015852e-01, -2.7114108e+00, -1.2943441e+00,
        -9.5187730e-01,  1.0524927e+00, -1.8327016e-01, -9.0879518e-01],
       [ 9.5695913e-01, -3.6058763e-01, -2.7387140e+00, -1.3179414e+00,
        -9.5110619e-01,  1.0639362e+00, -1.8596832e-01, -9.1946590e-01],
       [ 9.8167402e-01, -3.7953317e-01, -2.7814991e+00, -1.3449702e+00,
        -9.6083838e-01,  1.0828897e+00, -1.9062595e-01, -9.3085766e-01],
       [ 1.0019100e+00, -3.9485988e-01, -2.8048682e+00, -1.3675612e+00,
        -9.6415764e-01,  1.0923120e+00, -1.8903393e-01, -9.3458378e-01],
       [ 1.0185552e+00, -4.0536729e-01, -2.8167326e+00, -1.3851100e+00,
        -9.6828181e-01,  1.1018940e+00, -1.9306405e-01, -9.2941707e-01],
       [ 1.0292686e+00, -4.1100210e-01, -2.8168948e+00, -1.3952711e+00,
        -9.7151762e-01,  1.1086708e+00, -1.9857313e-01, -9.1867143e-01],
       [ 1.0283558e+00, -4.0846890e-01, -2.7952454e+00, -1.3919501e+00,
        -9.7207558e-01,  1.1094478e+00, -2.0448731e-01, -8.9666998e-01],
       [ 1.0257535e+00, -4.0571636e-01, -2.7665493e+00, -1.3855077e+00,
        -9.6748048e-01,  1.1074328e+00, -2.1063314e-01, -8.7492001e-01],
       [ 1.0282214e+00, -4.0264681e-01, -2.7458825e+00, -1.3825723e+00,
        -9.6567786e-01,  1.1092107e+00, -2.2059570e-01, -8.5623425e-01],
       [ 1.0199140e+00, -3.9019769e-01, -2.7063539e+00, -1.3648843e+00,
        -9.6406329e-01,  1.1054300e+00, -2.3062663e-01, -8.2688791e-01],
       [ 1.0029647e+00, -3.6972526e-01, -2.6516116e+00, -1.3375275e+00,
        -9.6389270e-01,  1.0996308e+00, -2.4461548e-01, -7.8606755e-01],
       [ 9.8560619e-01, -3.5095653e-01, -2.5927517e+00, -1.3115911e+00,
        -9.6324086e-01,  1.0922083e+00, -2.6050618e-01, -7.4790663e-01],
       [ 9.6270877e-01, -3.3888924e-01, -2.5357337e+00, -1.2848719e+00,
        -9.4973373e-01,  1.0698379e+00, -2.5889641e-01, -7.2458684e-01],
       [ 9.3969351e-01, -3.2698286e-01, -2.4769523e+00, -1.2561226e+00,
        -9.3796194e-01,  1.0438581e+00, -2.5212273e-01, -7.0200282e-01],
       [ 9.1528910e-01, -3.0908203e-01, -2.4140403e+00, -1.2229791e+00,
        -9.2940527e-01,  1.0223103e+00, -2.5488186e-01, -6.7720324e-01],
       [ 8.8627809e-01, -2.8638932e-01, -2.3330922e+00, -1.1797353e+00,
        -9.1612035e-01,  9.9703044e-01, -2.6427639e-01, -6.4445513e-01],
       [ 8.5057580e-01, -2.6008278e-01, -2.2312696e+00, -1.1245428e+00,
        -8.9735955e-01,  9.6370500e-01, -2.7443919e-01, -6.0440284e-01],
       [ 8.2160771e-01, -2.5688243e-01, -2.1735339e+00, -1.0893017e+00,
        -8.7898308e-01,  9.2803413e-01, -2.4952689e-01, -5.9961671e-01],
       [ 7.9389846e-01, -2.5506875e-01, -2.1022344e+00, -1.0524869e+00,
        -8.5502440e-01,  8.8639516e-01, -2.2186646e-01, -5.9219038e-01],
       [ 7.6498562e-01, -2.5434080e-01, -2.0199690e+00, -1.0098989e+00,
        -8.2602108e-01,  8.3794910e-01, -1.9375893e-01, -5.8337879e-01],
       [ 7.4345136e-01, -2.6043969e-01, -1.9600192e+00, -9.8021990e-01,
        -8.0001718e-01,  7.9639935e-01, -1.6575062e-01, -5.8267403e-01],
       [ 7.2641641e-01, -2.6741657e-01, -1.9042896e+00, -9.5550871e-01,
        -7.7361107e-01,  7.5459564e-01, -1.3905245e-01, -5.8507919e-01],
       [ 6.9943917e-01, -2.6699406e-01, -1.8225648e+00, -9.1748577e-01,
        -7.4119401e-01,  7.1207792e-01, -1.2137298e-01, -5.7538378e-01],
       [ 6.7911291e-01, -2.6421666e-01, -1.7475615e+00, -8.8177258e-01,
        -7.1241421e-01,  6.6622514e-01, -1.0613623e-01, -5.7074052e-01],
       [ 6.6923690e-01, -2.7524558e-01, -1.7265589e+00, -8.7592274e-01,
        -6.9287086e-01,  6.3347632e-01, -8.2876690e-02, -5.8902168e-01],
       [ 6.6634917e-01, -2.9378116e-01, -1.7359145e+00, -8.8663113e-01,
        -6.7924792e-01,  6.1035138e-01, -5.2189220e-02, -6.1577517e-01],
       [ 6.6944230e-01, -3.1722847e-01, -1.7643365e+00, -9.0894771e-01,
        -6.6801405e-01,  5.9015328e-01, -1.7791208e-02, -6.4813709e-01],
       [ 6.7941296e-01, -3.3619276e-01, -1.8178849e+00, -9.4203413e-01,
        -6.6838700e-01,  5.8163524e-01,  7.2049154e-03, -6.8226248e-01],
       [ 6.9226652e-01, -3.4270796e-01, -1.8735796e+00, -9.7355455e-01,
        -6.8174511e-01,  5.9393287e-01,  1.2153384e-02, -7.0186961e-01],
       [ 7.0603961e-01, -3.4596491e-01, -1.9282941e+00, -1.0029218e+00,
        -6.9811988e-01,  6.0891056e-01,  7.1028182e-03, -7.1891636e-01],
       [ 7.0964140e-01, -3.4468204e-01, -1.9416381e+00, -1.0089260e+00,
        -7.0632160e-01,  6.1176556e-01,  2.9578651e-03, -7.2320038e-01],
       [ 7.0613122e-01, -3.4176877e-01, -1.9321703e+00, -1.0027933e+00,
        -7.0544612e-01,  6.0488528e-01,  4.3586395e-03, -7.2411412e-01],
       [ 7.0742500e-01, -3.4569570e-01, -1.9571872e+00, -1.0128495e+00,
        -7.1062350e-01,  6.0802895e-01,  1.0161871e-02, -7.3471886e-01],
       [ 7.2550565e-01, -3.6160168e-01, -2.0546730e+00, -1.0584761e+00,
        -7.3494822e-01,  6.2887746e-01,  2.0556761e-02, -7.7594286e-01],
       [ 7.5203431e-01, -3.8633105e-01, -2.1701002e+00, -1.1108559e+00,
        -7.5690562e-01,  6.3853937e-01,  3.1525068e-02, -8.2877851e-01],
       [ 7.5617617e-01, -3.8165513e-01, -2.1717072e+00, -1.1115347e+00,
        -7.5076252e-01,  6.3413805e-01,  1.8435337e-02, -8.2095909e-01],
       [ 7.6458353e-01, -3.8974735e-01, -2.2244778e+00, -1.1346196e+00,
        -7.6172173e-01,  6.4153069e-01,  3.8017627e-02, -8.5326982e-01],
       [ 7.6714063e-01, -3.8706285e-01, -2.2168434e+00, -1.1310844e+00,
        -7.5449419e-01,  6.2790847e-01,  4.9013812e-02, -8.5906184e-01],
       [ 7.7381098e-01, -3.7244681e-01, -2.1308751e+00, -1.0933144e+00,
        -7.2101259e-01,  5.9330803e-01,  1.8060584e-02, -8.0792838e-01]],
      dtype=float32), 'ground_truth': array([[ 1.22202254e+00, -5.05464288e-01, -1.10351750e+00,
        -8.57026431e-01, -6.78934430e-01,  1.68868275e+00,
        -5.68035527e-01,  4.94580405e-01],
       [ 1.24959406e+00, -5.10434785e-01, -1.07594598e+00,
        -8.61996928e-01, -6.51362907e-01,  1.68371226e+00,
        -5.40464004e-01,  4.89609908e-01],
       [ 1.27725274e+00, -5.15706253e-01, -1.04828731e+00,
        -8.67268397e-01, -6.23704233e-01,  1.67844079e+00,
        -5.12805330e-01,  4.84338440e-01],
       [ 1.30500219e+00, -5.20503630e-01, -1.02053785e+00,
        -8.72065773e-01, -5.95954780e-01,  1.67364341e+00,
        -4.85055877e-01,  4.79541063e-01],
       [ 1.33283317e+00, -5.25398738e-01, -9.92706878e-01,
        -8.76960881e-01, -5.68123804e-01,  1.66874830e+00,
        -4.57224902e-01,  4.74645955e-01],
       [ 1.36075040e+00, -5.29800516e-01, -9.64789648e-01,
        -8.81362660e-01, -5.40206575e-01,  1.66434652e+00,
        -4.29307672e-01,  4.70244177e-01],
       [ 1.38873725e+00, -5.34548770e-01, -9.36802798e-01,
        -8.86110914e-01, -5.12219725e-01,  1.65959827e+00,
        -4.01320822e-01,  4.65495923e-01],
       [ 1.41681139e+00, -5.38591122e-01, -9.08728658e-01,
        -8.90153266e-01, -4.84145584e-01,  1.65555592e+00,
        -3.73246682e-01,  4.61453571e-01],
       [ 1.44495514e+00, -5.42567458e-01, -8.80584900e-01,
        -8.94129602e-01, -4.56001826e-01,  1.65157958e+00,
        -3.45102923e-01,  4.57477235e-01],
       [ 1.47316698e+00, -5.46526015e-01, -8.52373063e-01,
        -8.98088158e-01, -4.27789990e-01,  1.64762103e+00,
        -3.16891087e-01,  4.53518678e-01],
       [ 1.50144680e+00, -5.50268740e-01, -8.24093246e-01,
        -9.01830883e-01, -3.99510172e-01,  1.64387830e+00,
        -2.88611269e-01,  4.49775953e-01],
       [ 1.52979091e+00, -5.53935383e-01, -7.95749134e-01,
        -9.05497527e-01, -3.71166060e-01,  1.64021166e+00,
        -2.60267158e-01,  4.46109310e-01],
       [ 1.55819721e+00, -5.57343600e-01, -7.67342835e-01,
        -9.08905744e-01, -3.42759762e-01,  1.63680344e+00,
        -2.31860859e-01,  4.42701093e-01],
       [ 1.58666299e+00, -5.60679156e-01, -7.38877056e-01,
        -9.12241299e-01, -3.14293983e-01,  1.63346789e+00,
        -2.03395080e-01,  4.39365537e-01],
       [ 1.61518580e+00, -5.63859850e-01, -7.10354241e-01,
        -9.15421993e-01, -2.85771168e-01,  1.63028719e+00,
        -1.74872265e-01,  4.36184843e-01],
       [ 1.64376202e+00, -5.66840193e-01, -6.81778024e-01,
        -9.18402337e-01, -2.57194951e-01,  1.62730685e+00,
        -1.46296048e-01,  4.33204500e-01],
       [ 1.67239175e+00, -5.69734362e-01, -6.53148294e-01,
        -9.21296506e-01, -2.28565220e-01,  1.62441268e+00,
        -1.17666317e-01,  4.30310331e-01],
       [ 1.70107037e+00, -5.72446681e-01, -6.24469673e-01,
        -9.24008824e-01, -1.99886600e-01,  1.62170036e+00,
        -8.89876967e-02,  4.27598012e-01],
       [ 1.72979774e+00, -5.75034839e-01, -5.95742303e-01,
        -9.26596982e-01, -1.71159230e-01,  1.61911220e+00,
        -6.02603269e-02,  4.25009854e-01],
       [ 1.75856514e+00, -5.77371338e-01, -5.66974907e-01,
        -9.28933481e-01, -1.42391833e-01,  1.61677570e+00,
        -3.14929306e-02,  4.22673356e-01],
       [ 1.78738658e+00, -5.79735766e-01, -5.38153465e-01,
        -9.31297909e-01, -1.13570392e-01,  1.61441128e+00,
        -2.67148877e-03,  4.20308927e-01],
       [ 1.81622511e+00, -5.81602037e-01, -5.09314932e-01,
        -9.33164180e-01, -8.47318581e-02,  1.61254500e+00,
         2.61670448e-02,  4.18442657e-01],
       [ 1.84513285e+00, -5.83703553e-01, -4.80407191e-01,
        -9.35265697e-01, -5.58241179e-02,  1.61044349e+00,
         5.50747850e-02,  4.16341140e-01],
       [ 1.87402431e+00, -5.85074653e-01, -4.51515731e-01,
        -9.36636796e-01, -2.69326576e-02,  1.60907239e+00,
         8.39662453e-02,  4.14970040e-01],
       [ 1.90300946e+00, -5.86869028e-01, -4.22530580e-01,
        -9.38431171e-01,  2.05249390e-03,  1.60727801e+00,
         1.12951397e-01,  4.13175666e-01],
       [ 1.93193916e+00, -5.87769882e-01, -3.93600888e-01,
        -9.39332026e-01,  3.09821852e-02,  1.60637716e+00,
         1.41881088e-01,  4.12274811e-01],
       [ 1.96101320e+00, -5.89372266e-01, -3.64526848e-01,
        -9.40934409e-01,  6.00562257e-02,  1.60477478e+00,
         1.70955129e-01,  4.10672427e-01],
       [ 1.98996486e+00, -5.89757677e-01, -3.35575188e-01,
        -9.41319821e-01,  8.90078858e-02,  1.60438936e+00,
         1.99906789e-01,  4.10287016e-01],
       [ 2.01909416e+00, -5.90943781e-01, -3.06445882e-01,
        -9.42505925e-01,  1.18137191e-01,  1.60320326e+00,
         2.29036094e-01,  4.09100912e-01],
       [ 2.04806351e+00, -5.90885864e-01, -2.77476532e-01,
        -9.42448007e-01,  1.47106541e-01,  1.60326118e+00,
         2.58005444e-01,  4.09158829e-01],
       [ 2.07718482e+00, -5.91369597e-01, -2.48355227e-01,
        -9.42931740e-01,  1.76227847e-01,  1.60277744e+00,
         2.87126750e-01,  4.08675096e-01],
       [ 2.10619173e+00, -5.91036844e-01, -2.19348316e-01,
        -9.42598987e-01,  2.05234757e-01,  1.60311020e+00,
         3.16133660e-01,  4.09007850e-01],
       [ 2.13511090e+00, -5.90181966e-01, -1.90429141e-01,
        -9.41744109e-01,  2.34153933e-01,  1.60396508e+00,
         3.45052835e-01,  4.09862727e-01],
       [ 2.16419021e+00, -5.89705345e-01, -1.61349836e-01,
        -9.41267488e-01,  2.63233238e-01,  1.60444170e+00,
         3.74132141e-01,  4.10339348e-01],
       [ 2.19305401e+00, -5.88308856e-01, -1.32486035e-01,
        -9.39870999e-01,  2.92097039e-01,  1.60583819e+00,
         4.02995942e-01,  4.11735837e-01],
       [ 2.22231590e+00, -5.87873867e-01, -1.03224142e-01,
        -9.39436010e-01,  3.21358931e-01,  1.60627317e+00,
         4.32257834e-01,  4.12170826e-01],
       [ 2.25116934e+00, -5.85977938e-01, -7.43707054e-02,
        -9.37540081e-01,  3.50212368e-01,  1.60816910e+00,
         4.61111271e-01,  4.14066756e-01],
       [ 2.28022241e+00, -5.84430189e-01, -4.53176307e-02,
        -9.35992332e-01,  3.79265443e-01,  1.60971685e+00,
         4.90164346e-01,  4.15614505e-01],
       [ 2.30913887e+00, -5.82274034e-01, -1.64011716e-02,
        -9.33836177e-01,  4.08181902e-01,  1.61187301e+00,
         5.19080805e-01,  4.17770659e-01],
       [ 2.33777067e+00, -5.79206397e-01,  1.22306289e-02,
        -9.30768540e-01,  4.36813702e-01,  1.61494064e+00,
         5.47712605e-01,  4.20838296e-01],
       [ 2.36681335e+00, -5.76899431e-01,  4.12733059e-02,
        -9.28461574e-01,  4.65856379e-01,  1.61724761e+00,
         5.76755282e-01,  4.23145263e-01],
       [ 2.39539623e+00, -5.73323021e-01,  6.98561869e-02,
        -9.24885164e-01,  4.94439260e-01,  1.62082402e+00,
         6.05338163e-01,  4.26721672e-01],
       [ 2.42402717e+00, -5.69667529e-01,  9.84871283e-02,
        -9.21229672e-01,  5.23070202e-01,  1.62447951e+00,
         6.33969105e-01,  4.30377164e-01],
       [ 2.45232451e+00, -5.65184763e-01, -4.86080880e-01,
         7.80128627e-01,  5.51367544e-01,  1.62896228e+00,
         6.62266447e-01,  4.34859930e-01],
       [ 2.48112696e+00, -5.61399347e-01, -4.57278430e-01,
         7.83914044e-01,  5.80169993e-01,  1.63274769e+00,
         6.91068896e-01,  4.38645346e-01],
       [ 2.50935816e+00, -5.56383067e-01, -4.29047238e-01,
         7.88930324e-01,  6.08401185e-01,  1.63776397e+00,
         7.19300088e-01,  4.43661626e-01],
       [ 2.53733679e+00, -5.50783418e-01, -4.01068606e-01,
         7.94529973e-01,  6.36379818e-01,  1.64336362e+00,
         7.47278720e-01,  4.49261275e-01],
       [ 2.56561848e+00, -5.45430164e-01, -3.72786917e-01,
         7.99883227e-01,  6.64661506e-01,  1.64871688e+00,
         7.75560409e-01,  4.54614529e-01],
       [ 2.59336408e+00, -5.39086149e-01, -3.45041315e-01,
         8.06227241e-01,  6.92407108e-01,  1.65506089e+00,
         8.03306011e-01,  4.60958544e-01],
       [ 2.62075448e+00, -5.32104110e-01, -3.17650914e-01,
         8.13209280e-01,  7.19797509e-01,  1.66204293e+00,
         8.30696412e-01,  4.67940583e-01],
       [ 2.64810361e+00, -5.24887206e-01, -2.90301780e-01,
         8.20426184e-01,  7.47146643e-01,  1.66925983e+00,
         8.58045546e-01,  4.75157487e-01],
       [ 2.67504957e+00, -5.17031254e-01, -2.63355821e-01,
         8.28282137e-01,  7.74092602e-01,  1.67711579e+00,
         8.84991505e-01,  4.83013439e-01],
       [ 2.70168303e+00, -5.08669724e-01, -2.36722359e-01,
         8.36643667e-01,  8.00726064e-01,  1.68547732e+00,
         9.11624967e-01,  4.91374969e-01],
       [ 2.72799097e+00, -4.99805642e-01, -2.10414420e-01,
         8.45507749e-01,  8.27034003e-01,  1.69434140e+00,
         9.37932906e-01,  5.00239051e-01],
       [ 2.75393729e+00, -4.90420975e-01, -1.84468106e-01,
         8.54892415e-01,  8.52980317e-01,  1.70372607e+00,
         9.63879220e-01,  5.09623718e-01],
       [ 2.77953318e+00, -4.80528568e-01, -1.58872210e-01,
         8.64784823e-01,  8.78576213e-01,  1.71361847e+00,
         9.89475116e-01,  5.19516126e-01],
       [ 2.80465323e+00, -4.70061152e-01, -1.33752164e-01,
         8.75252239e-01,  9.03696259e-01,  1.72408589e+00,
         1.01459516e+00,  5.29983541e-01],
       [ 2.82929872e+00, -4.59036566e-01, -1.09106673e-01,
         8.86276824e-01,  9.28341750e-01,  1.73511047e+00,
         1.03924065e+00,  5.41008127e-01],
       [ 2.85343439e+00, -4.47450832e-01, -8.49710001e-02,
         8.97862558e-01,  9.52477423e-01,  1.74669621e+00,
         1.06337633e+00,  5.52593861e-01],
       [ 2.87700475e+00, -4.35296452e-01, -6.14006426e-02,
         9.10016938e-01,  9.76047781e-01,  1.75885059e+00,
         1.08694668e+00,  5.64748241e-01],
       [ 2.90000509e+00, -4.22585314e-01, -3.84003014e-02,
         9.22728077e-01,  9.99048122e-01,  1.77156173e+00,
         1.10994702e+00,  5.77459379e-01],
       [ 2.92234620e+00, -4.09309729e-01, -1.60591978e-02,
         9.36003662e-01,  1.02138923e+00,  1.78483731e+00,
         1.13228813e+00,  5.90734964e-01],
       [ 2.94400946e+00, -3.95485512e-01,  5.60406712e-03,
         9.49827879e-01,  1.04305249e+00,  1.79866153e+00,
         1.15395139e+00,  6.04559182e-01],
       [ 2.96496095e+00, -3.81126072e-01,  2.65555590e-02,
         9.64187319e-01,  1.06400398e+00,  1.81302097e+00,
         1.17490289e+00,  6.18918622e-01],
       [ 2.98516338e+00, -3.66247175e-01,  6.59623332e-01,
        -7.17809318e-01,  1.08420641e+00,  1.82789987e+00,
         1.19510531e+00,  6.33797518e-01],
       [ 3.00458051e+00, -3.50867870e-01,  6.79040463e-01,
        -7.02430014e-01,  1.10362354e+00,  1.84327917e+00,
         1.21452244e+00,  6.49176823e-01],
       [ 3.02317756e+00, -3.35010399e-01,  6.97637517e-01,
        -6.86572542e-01,  1.12222059e+00,  1.85913664e+00,
         1.23311949e+00,  6.65034294e-01],
       [ 3.04092138e+00, -3.18700064e-01,  7.15381336e-01,
        -6.70262207e-01,  1.13996441e+00,  1.87544698e+00,
         1.25086331e+00,  6.81344629e-01],
       [ 3.05778062e+00, -3.01965090e-01,  7.32240572e-01,
        -6.53527233e-01,  1.15682365e+00,  1.89218195e+00,
         1.26772255e+00,  6.98079603e-01],
       [ 3.07372589e+00, -2.84836470e-01,  7.48185847e-01,
        -6.36398613e-01,  1.17276892e+00,  1.90931057e+00,
         1.28366782e+00,  7.15208224e-01],
       [ 3.08872996e+00, -2.67347808e-01,  7.63189916e-01,
        -6.18909952e-01,  1.18777299e+00,  1.92679923e+00,
         1.29867189e+00,  7.32696885e-01],
       [ 3.10276786e+00, -2.49535153e-01,  7.77227812e-01,
        -6.01097297e-01,  1.20181089e+00,  1.94461189e+00,
         1.31270979e+00,  7.50509540e-01],
       [ 3.11581703e+00, -2.31436819e-01,  7.90276989e-01,
        -5.82998962e-01,  1.21486006e+00,  1.96271022e+00,
         1.32575897e+00,  7.68607874e-01],
       [ 3.12785749e+00, -2.13093206e-01,  8.02317443e-01,
        -5.64655349e-01,  1.22690052e+00,  1.98105383e+00,
         1.33779942e+00,  7.86951487e-01],
       [ 3.13887188e+00, -1.94546611e-01,  8.13331831e-01,
        -5.46108754e-01,  1.23791490e+00,  1.99960043e+00,
         1.34881381e+00,  8.05498082e-01],
       [ 3.14884562e+00, -1.75841033e-01,  8.23305577e-01,
        -5.27403176e-01,  1.24788865e+00,  2.01830601e+00,
         1.35878755e+00,  8.24203660e-01],
       [ 3.15776700e+00, -1.57021974e-01,  8.32226961e-01,
        -5.08584117e-01,  1.25681003e+00,  2.03712507e+00,
         1.36770894e+00,  8.43022719e-01],
       [ 3.16562724e+00, -1.38136237e-01,  8.40087199e-01,
        -4.89698380e-01,  1.26467027e+00,  2.05601080e+00,
         1.37556918e+00,  8.61908456e-01],
       [ 3.17242056e+00, -1.19231717e-01,  8.46880514e-01,
        -4.70793860e-01,  1.27146359e+00,  2.07491532e+00,
         1.38236249e+00,  8.80812977e-01],
       [ 3.17814423e+00, -1.00357191e-01,  8.52604188e-01,
        -4.51919335e-01,  1.27718726e+00,  2.09378985e+00,
         1.38808616e+00,  8.99687502e-01],
       [ 3.18279865e+00, -8.15621111e-02,  8.57258607e-01,
        -4.33124254e-01,  1.28184168e+00,  2.11258493e+00,
         1.39274058e+00,  9.18482582e-01],
       [ 3.18638733e+00, -6.28963854e-02,  8.60847285e-01,
        -4.14458529e-01,  1.28543036e+00,  2.13125066e+00,
         1.39632926e+00,  9.37148308e-01],
       [ 3.18891693e+00, -4.44101690e-02,  8.63376887e-01,
        -3.95972312e-01,  1.28795996e+00,  2.14973687e+00,
         1.39885886e+00,  9.55634524e-01],
       [ 3.19039727e+00, -2.61536501e-02,  8.64857228e-01,
        -3.77715793e-01,  1.28944030e+00,  2.16799339e+00,
         1.40033920e+00,  9.73891043e-01],
       [ 3.19084131e+00, -8.17683768e-03,  8.65301267e-01,
        -3.59738981e-01,  1.28988434e+00,  2.18597020e+00,
         1.40078324e+00,  9.91867855e-01],
       [ 3.19026513e+00,  9.47064762e-03,  8.64725082e-01,
        -3.42091496e-01,  1.28930816e+00,  2.20361769e+00,
         1.40020706e+00,  1.00951534e+00],
       [ 3.18868788e+00,  2.67397813e-02,  8.63147837e-01,
        -3.24822362e-01,  1.28773091e+00,  2.22088682e+00,
         1.39862981e+00,  1.02678447e+00],
       [ 3.18613178e+00,  4.35823390e-02,  8.60591734e-01,
        -3.07979804e-01,  1.28517481e+00,  2.23772938e+00,
         1.39607371e+00,  1.04362703e+00],
       [ 3.18262200e+00,  5.99510960e-02,  8.57081958e-01,
        -2.91611047e-01,  1.28166503e+00,  2.25409814e+00,
         1.39256393e+00,  1.05999579e+00],
       [ 3.17818664e+00,  7.58000229e-02,  8.52646600e-01,
        -2.75762120e-01,  1.27722967e+00,  2.26994706e+00,
         1.38812858e+00,  1.07584472e+00],
       [ 3.17285662e+00,  9.10844755e-02,  8.47316579e-01,
        -2.60477668e-01,  1.27189965e+00,  2.28523152e+00,
         1.38279856e+00,  1.09112917e+00],
       [ 3.16666559e+00,  1.05761378e-01,  8.41125546e-01,
        -2.45800765e-01,  1.26570862e+00,  2.29990842e+00,
         1.37660752e+00,  1.10580607e+00],
       [ 3.15964983e+00,  1.19789400e-01,  8.34109782e-01,
        -2.31772743e-01,  1.25869286e+00,  2.31393644e+00,
         1.36959176e+00,  1.11983409e+00],
       [ 3.15184813e+00,  1.33129128e-01,  8.26308082e-01,
        -2.18433015e-01,  1.25089116e+00,  2.32727617e+00,
         1.36179006e+00,  1.13317382e+00],
       [ 3.14330167e+00,  1.45743224e-01,  8.17761629e-01,
        -2.05818920e-01,  1.24234470e+00,  2.33989026e+00,
         1.35324361e+00,  1.14578792e+00],
       [ 3.13405391e+00,  1.57596581e-01,  8.08513864e-01,
        -1.93965563e-01,  1.23309694e+00,  2.35174362e+00,
         1.34399584e+00,  1.15764127e+00],
       [ 3.12415038e+00,  1.68656467e-01,  7.98610338e-01,
        -1.82905676e-01,  1.22319341e+00,  2.36280351e+00,
         1.33409231e+00,  1.16870116e+00],
       [ 3.11362239e+00,  1.78926579e-01,  7.88082347e-01,
        -1.72635564e-01,  1.21266542e+00,  2.37307362e+00,
         1.32356432e+00,  1.17897127e+00],
       [ 3.10254698e+00,  1.88315478e-01,  7.77006939e-01,
        -1.63246665e-01,  1.20159001e+00,  2.38246252e+00,
         1.31248892e+00,  1.18836017e+00],
       [ 3.09096447e+00,  1.96826248e-01,  7.65424423e-01,
        -1.54735896e-01,  1.19000750e+00,  2.39097329e+00,
         1.30090640e+00,  1.19687094e+00],
       [ 3.07892535e+00,  2.04440676e-01,  7.53385301e-01,
        -1.47121467e-01,  1.17796837e+00,  2.39858772e+00,
         1.28886728e+00,  1.20448537e+00],
       [ 3.06645641e+00,  2.11172428e-01,  7.40916369e-01,
        -1.40389715e-01,  1.16549944e+00,  2.40531947e+00,
         1.27639835e+00,  1.21121712e+00],
       [ 3.05365172e+00,  2.16951723e-01,  7.28111681e-01,
        -1.34610420e-01,  1.15269475e+00,  2.41109876e+00,
         1.26359366e+00,  1.21699642e+00],
       [ 3.04055746e+00,  2.21780970e-01,  7.15017416e-01,
        -1.29781173e-01,  1.13960049e+00,  2.41592801e+00,
         1.25049939e+00,  1.22182566e+00],
       [ 3.02717713e+00,  2.25697442e-01,  7.01637084e-01,
        -1.25864702e-01,  1.12622016e+00,  2.41984448e+00,
         1.23711906e+00,  1.22574213e+00],
       [ 3.01362193e+00,  2.28639560e-01,  6.88081887e-01,
        -1.22922584e-01,  1.11266496e+00,  2.42278660e+00,
         1.22356386e+00,  1.22868425e+00],
       [ 2.99992875e+00,  2.30621080e-01,  6.74388708e-01,
        -1.20941063e-01,  1.09897178e+00,  2.42476812e+00,
         1.20987068e+00,  1.23066577e+00],
       [ 2.98608698e+00,  2.31680711e-01,  6.60546940e-01,
        -1.19881433e-01,  1.08513001e+00,  2.42582775e+00,
         1.19602892e+00,  1.23172540e+00],
       [ 2.97193747e+00,  2.31923510e-01,  6.46397424e-01,
        -1.19638634e-01,  1.07098050e+00,  2.42607055e+00,
         1.18187940e+00,  1.23196820e+00],
       [ 2.95805161e+00,  2.31056518e-01,  6.32511569e-01,
        -1.20505625e-01,  1.05709464e+00,  2.42520356e+00,
         1.16799355e+00,  1.23110121e+00],
       [ 2.94392438e+00,  2.29376117e-01,  6.18384333e-01,
        -1.22186026e-01,  1.04296741e+00,  2.42352316e+00,
         1.15386631e+00,  1.22942081e+00],
       [ 2.93021773e+00,  2.26612709e-01,  6.04677687e-01,
        -1.24949434e-01,  1.02926076e+00,  2.42075975e+00,
         1.14015966e+00,  1.22665740e+00],
       [ 2.91609504e+00,  2.23131527e-01,  5.90554999e-01,
        -1.28430617e-01,  1.01513807e+00,  2.41727857e+00,
         1.12603698e+00,  1.22317622e+00],
       [ 2.90265156e+00,  2.18560620e-01,  5.77111515e-01,
        -1.33001523e-01,  1.00169459e+00,  2.41270766e+00,
         1.11259349e+00,  1.21860531e+00],
       [ 2.88904812e+00,  2.13215712e-01,  5.63508074e-01,
        -1.38346431e-01,  9.88091147e-01,  2.40736275e+00,
         1.09899005e+00,  1.21326041e+00],
       [ 2.87487161e+00,  2.07196713e-01,  5.49331562e-01,
        -1.44365430e-01,  9.73914636e-01,  2.40134375e+00,
         1.08481354e+00,  1.20724141e+00],
       [ 2.86186376e+00,  2.00073615e-01,  5.36323716e-01,
        -1.51488528e-01,  9.60906789e-01,  2.39422066e+00,
         1.07180569e+00,  1.20011831e+00],
       [ 2.84948665e+00,  1.92072446e-01,  5.23946607e-01,
        -1.59489698e-01,  9.48529680e-01,  2.38621949e+00,
         1.05942858e+00,  1.19211714e+00],
       [ 2.83739564e+00,  1.83323509e-01,  5.11855598e-01,
        -1.68238634e-01,  9.36438671e-01,  2.37747055e+00,
         1.04733757e+00,  1.18336820e+00],
       [ 2.82549611e+00,  1.73854277e-01,  4.99956071e-01,
        -1.77707867e-01,  9.24539144e-01,  2.36800132e+00,
         1.03543805e+00,  1.17389897e+00]]), 'data_points': 600}, 4: {'r2': -4.834300994873047, 'mse': 1.3307617508684633, 'train_losses': [1.4087144136428833, 1.3110501766204834, 1.219483494758606, 1.1311017274856567, 1.045196533203125, 0.9618557691574097, 0.8835643529891968, 0.8125700354576111, 0.7508817315101624, 0.7009555101394653, 0.6647023558616638, 0.6414125561714172, 0.6279879212379456, 0.6195288300514221, 0.612440824508667, 0.6034958958625793, 0.593014657497406, 0.5815237164497375, 0.5693509578704834, 0.5570982098579407, 0.5452582836151123, 0.5332556962966919, 0.5212265253067017, 0.5093876719474792, 0.49816247820854187, 0.48742973804473877, 0.47664564847946167, 0.4653608500957489, 0.45380255579948425, 0.442528635263443], 'test_losses': [1.3712859153747559, 1.3180454969406128, 1.274883508682251, 1.2398014068603516, 1.214424967765808, 1.198596715927124, 1.1907432079315186, 1.1914470195770264, 1.1996759176254272, 1.214477300643921, 1.2393710613250732, 1.2710782289505005, 1.3037699460983276, 1.3297730684280396, 1.3497841358184814, 1.3584049940109253, 1.357201099395752, 1.3504775762557983, 1.3404145240783691, 1.328997015953064, 1.31826651096344, 1.309552550315857, 1.3023725748062134, 1.2961506843566895, 1.2915728092193604, 1.290590524673462, 1.2922452688217163, 1.2989468574523926, 1.3116765022277832, 1.3307616710662842], 'predictions': array([[ 1.1848351 , -0.20766465, -1.177799  , -0.7809104 , -0.47687793,
         0.9048373 , -0.01850771, -0.34241945],
       [ 1.0832089 , -0.25611076, -1.2775682 , -0.8212872 , -0.5739918 ,
         0.9702708 , -0.08409015, -0.31035006],
       [ 0.9534055 , -0.2789072 , -1.2892754 , -0.8239136 , -0.610998  ,
         0.90249425, -0.08041019, -0.31697747],
       [ 0.82046294, -0.29591823, -1.2470014 , -0.816736  , -0.61149   ,
         0.78012156, -0.04974724, -0.33797538],
       [ 0.7313937 , -0.30582148, -1.2215786 , -0.8226781 , -0.6257993 ,
         0.6963714 , -0.02967635, -0.3521414 ],
       [ 0.66662866, -0.31655195, -1.2718772 , -0.8492143 , -0.6853335 ,
         0.6687922 , -0.02556591, -0.3768327 ],
       [ 0.82642883, -0.40679234, -1.7748044 , -1.1199532 , -0.9701612 ,
         0.9930856 , -0.05405758, -0.42397666],
       [ 0.6374691 , -0.2911377 , -1.2546644 , -0.8376049 , -0.6583519 ,
         0.57645345,  0.02677124, -0.42483068],
       [ 0.9508975 , -0.38135228, -1.4731554 , -1.0089126 , -0.74112195,
         0.8693861 , -0.02912316, -0.45814228],
       [ 0.62300706, -0.34115344, -1.7567468 , -1.0830759 , -0.987003  ,
         0.783457  ,  0.03474233, -0.4861111 ],
       [ 0.9596362 , -0.36039504, -1.4272817 , -0.97331345, -0.68520916,
         0.8273509 , -0.00919281, -0.48155168],
       [ 0.59809804, -0.29823545, -1.4505317 , -0.90852255, -0.77079475,
         0.59403145,  0.06948327, -0.4836273 ],
       [ 0.95188075, -0.36227313, -1.484947  , -0.9896822 , -0.70561105,
         0.8313578 ,  0.00372943, -0.5021597 ],
       [ 0.5914244 , -0.28291473, -1.4197313 , -0.8804977 , -0.74086916,
         0.554919  ,  0.08997106, -0.49851906],
       [ 0.93712026, -0.3747079 , -1.5903674 , -1.0301118 , -0.7647894 ,
         0.86116993,  0.01084228, -0.5171995 ],
       [ 0.57281935, -0.27795416, -1.4822056 , -0.8984014 , -0.7740713 ,
         0.55001956,  0.10819089, -0.52521825],
       [ 0.92719275, -0.3730734 , -1.6299117 , -1.0383272 , -0.7785575 ,
         0.8582789 ,  0.02337947, -0.5340816 ],
       [ 0.56745297, -0.27139354, -1.5373006 , -0.9162797 , -0.8007012 ,
         0.5483539 ,  0.12586379, -0.55004406],
       [ 0.92173433, -0.37102363, -1.6795976 , -1.0540558 , -0.8012012 ,
         0.86108035,  0.03574438, -0.5531132 ],
       [ 0.5545005 , -0.26300633, -1.6038911 , -0.93806255, -0.838     ,
         0.549839  ,  0.14562045, -0.57738805],
       [ 0.8859453 , -0.38046122, -1.7856946 , -1.0889235 , -0.873813  ,
         0.8839942 ,  0.04587658, -0.5642809 ],
       [ 0.5297977 , -0.2564856 , -1.6837462 , -0.9703229 , -0.88876915,
         0.5498917 ,  0.1628411 , -0.61014926],
       [ 0.91138184, -0.35118067, -1.696888  , -1.0447882 , -0.7935075 ,
         0.8356937 ,  0.06318214, -0.5847099 ],
       [ 0.5196436 , -0.25071397, -1.7473588 , -0.9978028 , -0.92782795,
         0.55458754,  0.17864984, -0.637458  ],
       [ 0.9091212 , -0.3613784 , -1.7938155 , -1.0854856 , -0.8528348 ,
         0.8678724 ,  0.07113571, -0.59932595],
       [ 0.5039798 , -0.24575417, -1.8171666 , -1.028362  , -0.97200346,
         0.5636089 ,  0.1938383 , -0.6628018 ],
       [ 0.9005372 , -0.36062846, -1.8414063 , -1.1004484 , -0.8790912 ,
         0.87445605,  0.08225676, -0.6126324 ],
       [ 0.491395  , -0.24305716, -1.8866563 , -1.0609493 , -1.0164586 ,
         0.5759522 ,  0.2061715 , -0.68476844],
       [ 0.8883728 , -0.35995093, -1.8911593 , -1.1167815 , -0.90900284,
         0.88200384,  0.09391814, -0.6252816 ],
       [ 0.47940895, -0.24229895, -1.9525359 , -1.0921358 , -1.0592275 ,
         0.5898312 ,  0.21560389, -0.7031967 ],
       [ 0.8787017 , -0.35899776, -1.9392372 , -1.1338886 , -0.93820715,
         0.88730943,  0.10739001, -0.639841  ],
       [ 0.4662313 , -0.24366151, -2.0152519 , -1.1221428 , -1.1020103 ,
         0.6061765 ,  0.22281402, -0.71685565],
       [ 0.8671102 , -0.35812888, -1.9879957 , -1.1516856 , -0.9684572 ,
         0.8908438 ,  0.12122598, -0.6552327 ],
       [ 0.44697285, -0.2445751 , -2.07135   , -1.1477145 , -1.1431803 ,
         0.6201374 ,  0.22935548, -0.7254276 ],
       [ 0.8570032 , -0.3560121 , -2.0360668 , -1.1707162 , -0.9975496 ,
         0.89230955,  0.13577077, -0.67272323],
       [ 0.42683613, -0.24409494, -2.130956  , -1.1785313 , -1.1853496 ,
         0.6305369 ,  0.23639315, -0.73943025],
       [ 0.8446523 , -0.35288373, -2.0816453 , -1.1894451 , -1.026868  ,
         0.89080155,  0.14927918, -0.68976104],
       [ 0.32835945, -0.26450306, -2.5478258 , -1.3663758 , -1.4438175 ,
         0.71275693,  0.28293455, -0.8291046 ],
       [ 0.83360505, -0.34802404, -2.1171768 , -1.2047429 , -1.0514555 ,
         0.8845533 ,  0.16238931, -0.7044962 ],
       [ 0.44322976, -0.2331294 , -2.0505958 , -1.1292533 , -1.1368124 ,
         0.62776446,  0.21742207, -0.7105649 ],
       [ 0.8302152 , -0.34324172, -2.1464505 , -1.2181891 , -1.0704199 ,
         0.88237447,  0.17350021, -0.7160794 ],
       [ 0.509226  , -0.22513811, -1.851251  , -1.0219676 , -0.99705637,
         0.6054053 ,  0.18628953, -0.65093833],
       [ 0.80745584, -0.34177145, -2.2262833 , -1.2526128 , -1.1290832 ,
         0.888613  ,  0.1893116 , -0.73450416],
       [ 0.54652804, -0.21538644, -1.7458106 , -0.9611767 , -0.9229478 ,
         0.60592115,  0.16568793, -0.6123391 ],
       [ 0.8456637 , -0.28742495, -1.8369517 , -1.0590473 , -0.8667663 ,
         0.766746  ,  0.1675807 , -0.6651474 ],
       [ 0.50339633, -0.20548981, -1.7848457 , -0.97046304, -0.9644169 ,
         0.6184721 ,  0.15643509, -0.60973346],
       [ 0.8298331 , -0.32641342, -2.177287  , -1.2310218 , -1.0945152 ,
         0.8611866 ,  0.19873649, -0.7390695 ],
       [ 0.6068113 , -0.1783858 , -1.5133963 , -0.8229682 , -0.75611544,
         0.58439237,  0.1311202 , -0.5426446 ],
       [ 0.580158  , -0.17457506, -1.49715   , -0.8117017 , -0.7705264 ,
         0.5837389 ,  0.11610219, -0.522975  ],
       [ 0.4721026 , -0.30803123, -2.7350974 , -1.4797854 , -1.5362543 ,
         0.86705184,  0.27738518, -0.8556037 ],
       [ 0.78649616, -0.32400492, -2.3043563 , -1.2898299 , -1.1962768 ,
         0.8692925 ,  0.2124646 , -0.769972  ],
       [ 0.82137084, -0.25437546, -1.7927558 , -1.0356137 , -0.8603871 ,
         0.71088415,  0.18885797, -0.6588137 ],
       [ 0.6246165 , -0.15506493, -1.5697134 , -0.8450723 , -0.8048082 ,
         0.6251119 ,  0.13401273, -0.54362124],
       [ 0.37315693, -0.25453204, -3.0488412 , -1.6161232 , -1.7226329 ,
         0.83674634,  0.37612453, -0.9733498 ],
       [ 0.4500523 , -0.2478793 , -3.2992523 , -1.7391231 , -1.8396811 ,
         0.89940417,  0.42143658, -1.0811287 ],
       [ 0.6696776 , -0.22547358, -2.2595968 , -1.2533227 , -1.2347875 ,
         1.0548443 ,  0.05184987, -0.5388077 ],
       [ 0.6696776 , -0.22547358, -2.2595968 , -1.2533227 , -1.2347875 ,
         1.0548443 ,  0.05184987, -0.5388077 ],
       [ 0.6696776 , -0.22547358, -2.2595968 , -1.2533227 , -1.2347875 ,
         1.0548443 ,  0.05184987, -0.5388077 ],
       [ 0.8058751 , -0.28600964, -2.0093093 , -1.1782179 , -1.1328014 ,
         1.060645  , -0.04862199, -0.46434087],
       [ 0.7809997 , -0.29787517, -2.0446978 , -1.1843401 , -1.1365105 ,
         1.0308309 , -0.02011339, -0.489787  ],
       [ 0.7845148 , -0.27100834, -1.9418818 , -1.1274977 , -1.0588324 ,
         0.95524955,  0.02669155, -0.5138519 ],
       [ 0.6649229 , -0.2587482 , -2.228871  , -1.2313833 , -1.2203373 ,
         1.0068176 ,  0.03888313, -0.5476338 ],
       [ 0.69048005, -0.26867253, -2.1375313 , -1.1891783 , -1.1806026 ,
         0.9598857 ,  0.04540358, -0.55669856],
       [ 0.66471905, -0.25916445, -2.1604779 , -1.1917559 , -1.1880423 ,
         0.92436993,  0.07722452, -0.5875321 ],
       [ 0.60189515, -0.24015015, -2.1970706 , -1.1890384 , -1.2078652 ,
         0.8820276 ,  0.10488273, -0.61885643],
       [ 0.57051957, -0.209404  , -2.1967194 , -1.1840795 , -1.2104247 ,
         0.8374636 ,  0.12914301, -0.6543208 ],
       [ 0.5503783 , -0.18042956, -2.1738086 , -1.1763438 , -1.1905797 ,
         0.7700415 ,  0.15756935, -0.6962158 ],
       [ 0.56542104, -0.16422758, -2.1503246 , -1.1652912 , -1.157347  ,
         0.7069253 ,  0.17048144, -0.732461  ],
       [ 0.6167659 , -0.13260233, -2.1858184 , -1.1697665 , -1.1595477 ,
         0.7052013 ,  0.18613705, -0.7686698 ],
       [ 0.7377026 , -0.10467996, -2.1680822 , -1.1626083 , -1.1225641 ,
         0.7295101 ,  0.18214872, -0.7741705 ],
       [ 0.8380442 , -0.09234142, -2.120947  , -1.1380311 , -1.0670528 ,
         0.7518744 ,  0.1726082 , -0.75123465],
       [ 0.85473055, -0.07384958, -1.7700211 , -0.9680347 , -0.8062523 ,
         0.47667116,  0.20611687, -0.7765423 ],
       [ 0.8774513 , -0.13478328, -1.925905  , -1.0921646 , -0.89931405,
         0.6907445 ,  0.15089655, -0.724934  ],
       [ 0.815784  , -0.15011935, -1.9277669 , -1.0950927 , -0.8899328 ,
         0.65512234,  0.15908758, -0.74287426],
       [ 0.7941362 , -0.14823021, -1.9412754 , -1.0963951 , -0.89513403,
         0.6453295 ,  0.1664783 , -0.7573886 ],
       [ 0.7965613 , -0.15114008, -1.9520414 , -1.1129382 , -0.9037565 ,
         0.6491498 ,  0.1744202 , -0.7641858 ],
       [ 0.8046757 , -0.15749817, -1.9487292 , -1.120828  , -0.9080149 ,
         0.66975343,  0.1711556 , -0.7556112 ],
       [ 0.8265025 , -0.15986751, -1.9400445 , -1.1252897 , -0.90510035,
         0.69150007,  0.169315  , -0.74613243],
       [ 0.8455111 , -0.15884906, -1.9484856 , -1.1287673 , -0.90585583,
         0.7053477 ,  0.1712647 , -0.74859196],
       [ 0.8644139 , -0.15276513, -1.9406759 , -1.125132  , -0.8922571 ,
         0.70480275,  0.17787467, -0.7529961 ],
       [ 0.8872273 , -0.14348857, -1.9330071 , -1.1234388 , -0.87705046,
         0.702298  ,  0.18719293, -0.75969124],
       [ 0.909417  , -0.13628039, -1.9241263 , -1.1242379 , -0.86364716,
         0.70064944,  0.1944912 , -0.7640967 ],
       [ 0.92812204, -0.13338926, -1.8984286 , -1.1151884 , -0.8417208 ,
         0.6956697 ,  0.19579594, -0.7622398 ],
       [ 0.9244013 , -0.1164052 , -1.8769447 , -1.0990618 , -0.82623905,
         0.6819953 ,  0.20841546, -0.75906664],
       [ 0.92232484, -0.1004516 , -1.831424  , -1.0729154 , -0.7959881 ,
         0.66065687,  0.21708612, -0.75069594],
       [ 0.92222124, -0.08686334, -1.7802114 , -1.0560486 , -0.76744884,
         0.6330807 ,  0.23018548, -0.74386   ],
       [ 0.9059408 , -0.07585261, -1.7475048 , -1.0445831 , -0.7493894 ,
         0.5991346 ,  0.2476053 , -0.7453383 ],
       [ 0.8922067 , -0.0632936 , -1.7360259 , -1.0393292 , -0.7420456 ,
         0.57110214,  0.26830426, -0.75291663],
       [ 0.8909854 , -0.05175506, -1.7339158 , -1.0405529 , -0.7354821 ,
         0.55040777,  0.28856158, -0.76339155],
       [ 0.88881254, -0.04161569, -1.7219121 , -1.0350723 , -0.72534317,
         0.5283245 ,  0.30475423, -0.77012473],
       [ 0.8856247 , -0.03315807, -1.7010334 , -1.021775  , -0.709116  ,
         0.5068284 ,  0.31540194, -0.7733183 ],
       [ 0.87591547, -0.03211232, -1.6841648 , -1.007128  , -0.7001227 ,
         0.494856  ,  0.31441513, -0.76722336],
       [ 0.86607796, -0.03597995, -1.658933  , -0.9885402 , -0.6884272 ,
         0.48747817,  0.3055114 , -0.7526611 ],
       [ 0.85464567, -0.04341761, -1.6340322 , -0.96847075, -0.6789682 ,
         0.4850483 ,  0.29263285, -0.73270017],
       [ 0.8409418 , -0.05167642, -1.6133742 , -0.95039374, -0.6720974 ,
         0.48943216,  0.2778783 , -0.7082667 ],
       [ 0.8178844 , -0.0619387 , -1.6141307 , -0.9430583 , -0.68103147,
         0.51936626,  0.25547844, -0.6773467 ],
       [ 0.79162544, -0.07137647, -1.6174967 , -0.9371906 , -0.69687295,
         0.560225  ,  0.22843285, -0.6395523 ],
       [ 0.75907665, -0.06904899, -1.6105798 , -0.9270052 , -0.70040804,
         0.5522016 ,  0.23188543, -0.63445014],
       [ 0.715392  , -0.05821491, -1.6107085 , -0.9182915 , -0.71014017,
         0.5205378 ,  0.25160015, -0.6487595 ],
       [ 0.69194263, -0.05886102, -1.6294593 , -0.9169547 , -0.7260806 ,
         0.524839  ,  0.24694839, -0.6502801 ],
       [ 0.666475  , -0.05909266, -1.6478555 , -0.91436785, -0.74700445,
         0.5257692 ,  0.23892763, -0.6517851 ],
       [ 0.6526204 , -0.06216897, -1.6530083 , -0.9105769 , -0.7585202 ,
         0.5326588 ,  0.22689371, -0.6460246 ],
       [ 0.63855463, -0.07406172, -1.6501127 , -0.9102084 , -0.7709593 ,
         0.5585218 ,  0.20180075, -0.6218549 ],
       [ 0.64064825, -0.08503739, -1.6371781 , -0.9045568 , -0.77074057,
         0.5901124 ,  0.17457165, -0.5920826 ],
       [ 0.6397004 , -0.0943779 , -1.633119  , -0.90213585, -0.7803644 ,
         0.62789637,  0.1468857 , -0.5616346 ],
       [ 0.63201076, -0.08601073, -1.6249565 , -0.87843883, -0.7854257 ,
         0.66584545,  0.13789944, -0.53076583],
       [ 0.62860024, -0.07223552, -1.6442193 , -0.87007725, -0.7937155 ,
         0.6839336 ,  0.1517012 , -0.5285192 ],
       [ 0.665184  , -0.05698816, -2.0551872 , -1.0680622 , -0.96308255,
         0.70022947,  0.26684913, -0.7037846 ],
       [ 0.62169445, -0.07411305, -1.6569232 , -0.8682612 , -0.8051719 ,
         0.70466477,  0.14775851, -0.51737034],
       [ 0.63538396, -0.04768302, -2.2238371 , -1.1312909 , -1.046681  ,
         0.68814826,  0.3214638 , -0.77932376],
       [ 0.6289692 , -0.06858722, -1.6700562 , -0.8686474 , -0.8088382 ,
         0.7096081 ,  0.1592215 , -0.52092147],
       [ 0.63311595, -0.03931034, -2.278237  , -1.1520649 , -1.0693997 ,
         0.67496586,  0.35207888, -0.8125078 ],
       [ 0.6427437 , -0.069029  , -1.6598837 , -0.86369723, -0.8002933 ,
         0.7177283 ,  0.15601432, -0.5111074 ],
       [ 1.3534505 ,  0.15988635, -1.2742488 , -0.78251386, -0.34295073,
         0.5191456 ,  0.37597856, -0.7275835 ],
       [ 1.4015194 ,  0.16158928, -1.2585773 , -0.7901517 , -0.30902392,
         0.51670057,  0.39050275, -0.74809885],
       [ 0.6784795 , -0.01809338, -2.2711816 , -1.1457878 , -1.0525014 ,
         0.6654939 ,  0.39926836, -0.829164  ],
       [ 0.70442826, -0.0462902 , -1.6282288 , -0.84187335, -0.7567363 ,
         0.7009325 ,  0.19592816, -0.5309199 ],
       [ 1.2661928 ,  0.14774632, -1.7081801 , -0.9524738 , -0.6186746 ,
         0.593071  ,  0.47668892, -0.7847101 ],
       [ 0.7191453 , -0.02735472, -1.9247227 , -0.97552323, -0.8731306 ,
         0.6946663 ,  0.30551445, -0.66594887],
       [ 0.72302073, -0.00583163, -2.180517  , -1.1029564 , -0.99542904,
         0.6731903 ,  0.4026208 , -0.7959516 ]], dtype=float32), 'ground_truth': array([[ 2.18218929e+00,  1.09462397e+00, -1.00607082e+00,
        -2.12124837e-01,  3.13776056e-02,  6.36708813e-01,
         1.42276508e-01, -5.57393535e-01],
       [ 2.17696101e+00,  1.11608742e+00, -1.01129909e+00,
        -1.90661387e-01,  2.61493296e-02,  6.58172264e-01,
         1.37048233e-01, -5.35930084e-01],
       [ 1.92133844e+00, -1.51384038e+00, -1.01706695e+00,
        -1.68526985e-01,  2.03814737e-02,  6.80306666e-01,
         1.31280377e-01, -5.13795682e-01],
       [ 1.91728569e+00, -1.49188965e+00, -1.02111971e+00,
        -1.46576263e-01,  1.63287151e-02,  7.02257388e-01,
         1.27227618e-01, -4.91844960e-01],
       [ 1.91268771e+00, -1.46930056e+00, -1.02571768e+00,
        -1.23987168e-01,  1.17307406e-02,  7.24846483e-01,
         1.22629644e-01, -4.69255865e-01],
       [ 1.90975242e+00, -1.44690941e+00, -1.02865298e+00,
        -1.01596019e-01,  8.79544644e-03,  7.47237632e-01,
         1.19694349e-01, -4.46864716e-01],
       [ 1.90624609e+00, -1.42390187e+00, -1.03215930e+00,
        -7.85884779e-02,  5.28911957e-03,  7.70245173e-01,
         1.16188022e-01, -4.23857175e-01],
       [ 1.90437237e+00, -1.40111419e+00, -1.03403302e+00,
        -5.58007996e-02,  3.41540092e-03,  7.93032851e-01,
         1.14314304e-01, -4.01069497e-01],
       [ 1.90186098e+00, -1.37771189e+00, -1.03654442e+00,
        -3.23984995e-02,  9.04007044e-04,  8.16435151e-01,
         1.11802910e-01, -3.77667197e-01],
       [ 1.90094093e+00, -1.35454660e+00, -1.03746447e+00,
        -9.23321183e-03, -1.60423069e-05,  8.39600439e-01,
         1.10882861e-01, -3.54501909e-01],
       [ 1.89935722e+00, -1.33078140e+00, -1.03904817e+00,
         1.45319946e-02, -1.59975150e-03,  8.63365645e-01,
         1.09299151e-01, -3.30736703e-01],
       [ 1.89933024e+00, -1.30727007e+00, -1.03907515e+00,
         3.80433248e-02, -1.62672847e-03,  8.86876975e-01,
         1.09272174e-01, -3.07225373e-01],
       [ 1.89862070e+00, -1.28317452e+00, -1.03978469e+00,
         6.21388659e-02, -2.33626831e-03,  9.10972516e-01,
         1.08562635e-01, -2.83129832e-01],
       [ 1.89945019e+00, -1.25935482e+00, -1.03895521e+00,
         8.59585717e-02, -1.50678228e-03,  9.34792222e-01,
         1.09392121e-01, -2.59310126e-01],
       [ 1.89953238e+00, -1.23494572e+00, -1.03887301e+00,
         1.10367674e-01, -1.42458841e-03,  9.59201324e-01,
         1.09474315e-01, -2.34901024e-01],
       [ 1.90110019e+00, -1.21081873e+00, -1.03730520e+00,
         1.34494664e-01,  1.43218254e-04,  9.83328314e-01,
         1.11042121e-01, -2.10774033e-01],
       [ 1.90193363e+00, -1.18612793e+00, -1.03647177e+00,
         1.59185456e-01,  9.76656304e-04,  1.00801911e+00,
         1.11875559e-01, -1.86083241e-01],
       [ 1.90422631e+00, -1.16173143e+00, -1.03417909e+00,
         1.83581961e-01,  3.26933631e-03,  1.03241561e+00,
         1.14168239e-01, -1.61686737e-01],
       [ 1.90575820e+00, -1.13678094e+00, -1.03264720e+00,
         2.08532455e-01,  4.80122594e-03,  1.05736611e+00,
         1.15700129e-01, -1.36736242e-01],
       [ 1.90872333e+00, -1.11213536e+00, -1.02968206e+00,
         2.33178028e-01,  7.76636158e-03,  1.08201168e+00,
         1.18665264e-01, -1.12090669e-01],
       [ 1.91090311e+00, -1.08694484e+00, -1.02750229e+00,
         2.58368546e-01,  9.94613525e-03,  1.10720220e+00,
         1.20845038e-01, -8.69001518e-02],
       [ 1.91449201e+00, -1.06206908e+00, -1.02391338e+00,
         2.83244312e-01,  1.35350383e-02,  1.13207796e+00,
         1.24433941e-01, -6.20243858e-02],
       [ 1.91727276e+00, -1.03665673e+00, -1.02113264e+00,
         3.08656664e-01,  1.63157869e-02,  1.15749031e+00,
         1.27214690e-01, -3.66120334e-02],
       [ 1.92144026e+00, -1.01156821e+00, -1.01696513e+00,
         3.33745176e-01,  2.04832941e-02,  1.18257883e+00,
         1.31382197e-01, -1.15235212e-02],
       [ 1.92477848e+00, -9.85950840e-01, -1.01362692e+00,
         3.59362551e-01,  2.38215051e-02,  1.20819620e+00,
         1.34720408e-01,  1.40938534e-02],
       [ 1.92948269e+00, -9.60665708e-01, -1.00892270e+00,
         3.84647683e-01,  2.85257231e-02,  1.23348133e+00,
         1.39424626e-01,  3.93789855e-02],
       [ 1.93333800e+00, -9.34858851e-01, -1.00506739e+00,
         4.10454540e-01,  3.23810341e-02,  1.25928819e+00,
         1.43279937e-01,  6.51858422e-02],
       [ 1.93854007e+00, -9.09392005e-01, -9.99865320e-01,
         4.35921386e-01,  3.75831031e-02,  1.28475504e+00,
         1.48482006e-01,  9.06526885e-02],
       [ 1.94287504e+00, -8.83410030e-01, -9.95530349e-01,
         4.61903361e-01,  4.19180742e-02,  1.31073701e+00,
         1.52816977e-01,  1.16634663e-01],
       [ 1.94853892e+00, -8.57775247e-01, -9.89866475e-01,
         4.87538144e-01,  4.75819477e-02,  1.33637179e+00,
         1.58480851e-01,  1.42269447e-01],
       [ 1.95331882e+00, -8.31631430e-01, -9.85086573e-01,
         5.13681961e-01,  5.23618500e-02,  1.36251561e+00,
         1.63260753e-01,  1.68413263e-01],
       [ 1.95937291e+00, -8.05826136e-01, -9.79032485e-01,
         5.39487254e-01,  5.84159379e-02,  1.38832090e+00,
         1.69314841e-01,  1.94218557e-01],
       [ 1.96452419e+00, -7.79518763e-01, -9.73881205e-01,
         5.65794627e-01,  6.35672186e-02,  1.41462828e+00,
         1.74466122e-01,  2.20525930e-01],
       [ 1.97093302e+00, -7.53550571e-01, -9.67472378e-01,
         5.91762820e-01,  6.99760457e-02,  1.44059647e+00,
         1.80874949e-01,  2.46494122e-01],
       [ 1.97641804e+00, -7.27091490e-01, -3.49122007e-01,
        -1.07865363e+00,  7.54610668e-02,  1.46705555e+00,
         1.86359970e-01,  2.72953203e-01],
       [ 1.98302855e+00, -7.00922384e-01, -3.42511491e-01,
        -1.05248453e+00,  8.20715821e-02,  1.49322466e+00,
         1.92970485e-01,  2.99122309e-01],
       [ 1.98891245e+00, -6.74362085e-01, -3.36627595e-01,
        -1.02592423e+00,  8.79554789e-02,  1.51978496e+00,
         1.98854382e-01,  3.25682608e-01],
       [ 1.99598673e+00, -6.48109503e-01, -3.29553315e-01,
        -9.99671646e-01,  9.50297588e-02,  1.54603754e+00,
         2.05928662e-01,  3.51935190e-01],
       [ 2.00203225e+00, -6.21374575e-01, -3.23507795e-01,
        -9.72936719e-01,  1.01075278e-01,  1.57277247e+00,
         2.11974181e-01,  3.78670118e-01],
       [ 2.00904120e+00, -5.94867777e-01, -3.16498846e-01,
        -9.46429921e-01,  1.08084228e-01,  1.59927926e+00,
         2.18983131e-01,  4.05176916e-01],
       [ 2.01628108e+00, -5.68337678e-01, -3.09258959e-01,
        -9.19899821e-01,  1.15324114e-01,  1.62580936e+00,
         2.26223017e-01,  4.31707015e-01],
       [ 2.02303599e+00, -5.41534367e-01, -3.02504059e-01,
        -8.93096511e-01,  1.22079015e-01,  1.65261267e+00,
         2.32977918e-01,  4.58510326e-01],
       [ 2.02930823e+00, -5.14493675e-01, -2.96231817e-01,
        -8.66055819e-01,  1.28351257e-01,  1.67965337e+00,
         2.39250160e-01,  4.85551018e-01],
       [ 2.03604589e+00, -4.87530588e-01, -2.89494153e-01,
        -8.39092731e-01,  1.35088920e-01,  1.70661645e+00,
         2.45987823e-01,  5.12514105e-01],
       [ 2.04342564e+00, -4.60655301e-01, -2.82114399e-01,
        -8.12217445e-01,  1.42468674e-01,  1.73349174e+00,
         2.53367577e-01,  5.39389392e-01],
       [ 2.05065246e+00, -4.33656944e-01, -2.74887588e-01,
        -7.85219087e-01,  1.49695486e-01,  1.76049010e+00,
         2.60594389e-01,  5.66387749e-01],
       [ 2.05715703e+00, -4.06407046e-01, -2.68383017e-01,
        -7.57969189e-01,  1.56200056e-01,  1.78774000e+00,
         2.67098959e-01,  5.93637647e-01],
       [ 2.06334020e+00, -3.79061903e-01, -2.62199848e-01,
        -7.30624047e-01,  1.62383226e-01,  1.81508514e+00,
         2.73282129e-01,  6.20982790e-01],
       [ 2.06963696e+00, -3.51714759e-01, -2.55903083e-01,
        -7.03276902e-01,  1.68679990e-01,  1.84243228e+00,
         2.79578893e-01,  6.48329934e-01],
       [ 2.07634949e+00, -3.24358329e-01, -2.49190556e-01,
        -6.75920473e-01,  1.75392518e-01,  1.86978871e+00,
         2.86291421e-01,  6.75686364e-01],
       [ 2.08234416e+00, -2.96886810e-01, -2.43195889e-01,
        -6.48448953e-01,  1.81387185e-01,  1.89726023e+00,
         2.92286088e-01,  7.03157884e-01],
       [ 2.08796892e+00, -2.69371879e-01, -2.37571127e-01,
        -6.20934023e-01,  1.87011947e-01,  1.92477516e+00,
         2.97910850e-01,  7.30672814e-01],
       [ 2.09337044e+00, -2.41829682e-01, -2.32169606e-01,
        -5.93391826e-01,  1.92413467e-01,  1.95231736e+00,
         3.03312370e-01,  7.58215011e-01],
       [ 2.09845158e+00, -2.14267520e-01, -2.27088467e-01,
        -5.65829663e-01,  1.97494606e-01,  1.97987952e+00,
         3.08393509e-01,  7.85777173e-01],
       [ 2.10317819e+00, -1.86694436e-01, -2.22361858e-01,
        -5.38256579e-01,  2.02221215e-01,  2.00745260e+00,
         3.13120118e-01,  8.13350257e-01],
       [ 2.10750613e+00, -1.59121912e-01, -2.18033917e-01,
        -5.10684056e-01,  2.06549156e-01,  2.03502513e+00,
         3.17448059e-01,  8.40922781e-01],
       [ 2.11138837e+00, -1.31565162e-01, -2.14151672e-01,
        -4.83127305e-01,  2.10431402e-01,  2.06258188e+00,
         3.21330305e-01,  8.68479532e-01],
       [ 2.11478045e+00, -1.04042586e-01, -2.10759596e-01,
        -4.55604730e-01,  2.13823477e-01,  2.09010445e+00,
         3.24722380e-01,  8.96002107e-01],
       [ 2.11764077e+00, -7.65755706e-02, -2.07899275e-01,
        -4.28137714e-01,  2.16683799e-01,  2.11757147e+00,
         3.27582702e-01,  9.23469123e-01],
       [ 2.12049527e+00, -5.03063275e-02, -2.05044778e-01,
        -4.01868471e-01,  2.19538295e-01,  2.14384071e+00,
         3.30437198e-01,  9.49738366e-01],
       [ 2.12319684e+00, -2.49950914e-02, -2.02343205e-01,
        -3.76557235e-01,  2.22239868e-01,  2.16915195e+00,
         3.33138771e-01,  9.75049602e-01],
       [ 2.12522208e+00,  2.54880728e-04, -2.00317965e-01,
        -3.51307263e-01,  2.24265108e-01,  2.19440192e+00,
         3.35164011e-01,  1.00029957e+00],
       [ 2.12654349e+00,  2.54094549e-02, -1.98996558e-01,
        -3.26152688e-01,  2.25586516e-01,  2.21955650e+00,
         3.36485419e-01,  1.02545415e+00],
       [ 2.12713688e+00,  5.04326319e-02, -1.98403162e-01,
        -3.01129511e-01,  2.26179911e-01,  2.24457967e+00,
         3.37078814e-01,  1.05047733e+00],
       [ 2.12698147e+00,  7.52867620e-02, -1.98558572e-01,
        -2.76275381e-01,  2.26024501e-01,  2.26943380e+00,
         3.36923404e-01,  1.07533146e+00],
       [ 2.12605990e+00,  9.99327616e-02, -1.99480143e-01,
        -2.51629382e-01,  2.25102930e-01,  2.29407980e+00,
         3.36001833e-01,  1.09997745e+00],
       [ 2.12435829e+00,  1.24330333e-01, -2.01181750e-01,
        -2.27231810e-01,  2.23401324e-01,  2.31847737e+00,
         3.34300227e-01,  1.12437503e+00],
       [ 2.12186629e+00,  1.48438187e-01, -2.03673758e-01,
        -2.03123956e-01,  2.20909316e-01,  2.34258523e+00,
         3.31808219e-01,  1.14848288e+00],
       [ 2.11857704e+00,  1.72214265e-01, -2.06963008e-01,
        -1.79347879e-01,  2.17620065e-01,  2.36636131e+00,
         3.28518968e-01,  1.17225896e+00],
       [ 2.11448723e+00,  1.95615961e-01, -2.11052811e-01,
        -1.55946182e-01,  2.13530262e-01,  2.38976300e+00,
         3.24429165e-01,  1.19566065e+00],
       [ 2.10959709e+00,  2.18600351e-01, -2.15942955e-01,
        -1.32961792e-01,  2.08640119e-01,  2.41274739e+00,
         3.19539022e-01,  1.21864504e+00],
       [ 2.10391032e+00,  2.41124409e-01, -2.21629726e-01,
        -1.10437735e-01,  2.02953347e-01,  2.43527145e+00,
         3.13852250e-01,  1.24116910e+00],
       [ 2.09743410e+00,  2.63145228e-01, -2.28105943e-01,
        -8.84169154e-02,  1.96477131e-01,  2.45729227e+00,
         3.07376034e-01,  1.26318992e+00],
       [ 2.09017905e+00,  2.84620244e-01, -2.35360998e-01,
        -6.69418996e-02,  1.89222075e-01,  2.47876728e+00,
         3.00120978e-01,  1.28466494e+00],
       [ 2.08215912e+00,  3.05507443e-01, -2.43380922e-01,
        -4.60547001e-02,  1.81202152e-01,  2.49965448e+00,
         2.92101055e-01,  1.30555214e+00],
       [ 2.07339160e+00,  3.25765578e-01, -2.52148443e-01,
        -2.57965653e-02,  1.72434630e-01,  2.51991262e+00,
         2.83333533e-01,  1.32581027e+00],
       [ 2.06389697e+00,  3.45354369e-01, -2.61643079e-01,
        -6.20777407e-03,  1.62939995e-01,  2.53950141e+00,
         2.73838898e-01,  1.34539906e+00],
       [ 2.05369882e+00,  3.64234708e-01, -2.71841220e-01,
         1.26725642e-02,  1.52741854e-01,  2.55838175e+00,
         2.63640756e-01,  1.36427940e+00],
       [ 2.04282380e+00,  3.82368847e-01, -2.82716240e-01,
         3.08067037e-02,  1.41866834e-01,  2.57651589e+00,
         2.52765737e-01,  1.38241354e+00],
       [ 2.03130144e+00,  3.99720592e-01, -2.94238605e-01,
         4.81584487e-02,  1.30344468e-01,  2.59386763e+00,
         2.41243371e-01,  1.39976529e+00],
       [ 2.01916404e+00,  4.16255476e-01, -3.06376004e-01,
         6.46933329e-02,  1.18207069e-01,  2.61040252e+00,
         2.29105972e-01,  1.41630017e+00],
       [ 2.00644657e+00,  4.31940933e-01, -3.19093478e-01,
         8.03787901e-02,  1.05489596e-01,  2.62608797e+00,
         2.16388498e-01,  1.43198563e+00],
       [ 1.99318648e+00,  4.46746460e-01, -3.32353565e-01,
         9.51843168e-02,  9.22295085e-02,  2.64089350e+00,
         2.03128411e-01,  1.44679115e+00],
       [ 1.97942359e+00,  4.60643768e-01, -3.46116455e-01,
         1.09081624e-01,  7.84666182e-02,  2.65479081e+00,
         1.89365521e-01,  1.46068846e+00],
       [ 1.96519989e+00,  4.73606926e-01, -3.60340150e-01,
         1.22044783e-01,  6.42429236e-02,  2.66775397e+00,
         1.75141827e-01,  1.47365162e+00],
       [ 1.95055941e+00,  4.85612497e-01, -3.74980629e-01,
         1.34050353e-01,  4.96024440e-02,  2.67975954e+00,
         1.60501347e-01,  1.48565719e+00],
       [ 1.93554801e+00,  4.96639652e-01, -3.89992030e-01,
         1.45077508e-01,  3.45910437e-02,  2.69078669e+00,
         1.45489947e-01,  1.49668434e+00],
       [ 1.92020444e+00,  5.06682271e-01, -4.05335602e-01,
         1.55120128e-01,  1.92474711e-02,  2.70082931e+00,
         1.30146374e-01,  1.50672696e+00],
       [ 1.90459092e+00,  5.15704976e-01, -4.20949119e-01,
         1.64142833e-01,  3.63395454e-03,  2.70985202e+00,
         1.14532857e-01,  1.51574967e+00],
       [ 1.88875494e+00,  5.23700958e-01, -4.36785106e-01,
         1.72138815e-01, -1.22020324e-02,  2.71784800e+00,
         9.86968705e-02,  1.52374565e+00],
       [ 1.87274631e+00,  5.30663212e-01, -4.52793729e-01,
         1.79101069e-01, -2.82106556e-02,  2.72481025e+00,
         8.26882473e-02,  1.53070791e+00],
       [ 1.85661648e+00,  5.36586312e-01, -4.68923561e-01,
         1.85024168e-01, -4.43404877e-02,  2.73073335e+00,
         6.65584153e-02,  1.53663100e+00],
       [ 1.84041834e+00,  5.41466974e-01, -4.85121708e-01,
         1.89904830e-01, -6.05386347e-02,  2.73561401e+00,
         5.03602682e-02,  1.54151167e+00],
       [ 1.82420529e+00,  5.45305015e-01, -5.01334758e-01,
         1.93742872e-01, -7.67516848e-02,  2.73945206e+00,
         3.41472181e-02,  1.54534971e+00],
       [ 1.80787693e+00,  5.48191439e-01, -5.17663114e-01,
         1.96629295e-01, -9.30800408e-02,  2.74233848e+00,
         1.78188621e-02,  1.54823613e+00],
       [ 1.79127085e+00,  5.50215839e-01, -5.34269194e-01,
         1.98653696e-01, -1.09686120e-01,  2.74436288e+00,
         1.21278274e-03,  1.55026053e+00],
       [ 1.77512275e+00,  5.51007265e-01, -5.50417296e-01,
         1.99445122e-01, -1.25834223e-01,  2.74515431e+00,
        -1.49353201e-02,  1.55105196e+00],
       [ 1.75846107e+00,  5.51075293e-01, -5.67078977e-01,
         1.99513150e-01, -1.42495904e-01,  2.74522233e+00,
        -3.15970009e-02,  1.55111999e+00],
       [ 1.74253719e+00,  5.49870472e-01, -5.83002850e-01,
         1.98308328e-01, -1.58419776e-01,  2.74401751e+00,
        -4.75208735e-02,  1.54991516e+00],
       [ 1.72605438e+00,  5.47977731e-01, -5.99485665e-01,
         1.96415587e-01, -1.74902592e-01,  2.74212477e+00,
        -6.40036887e-02,  1.54802242e+00],
       [ 1.71048481e+00,  5.44841743e-01, -6.15055233e-01,
         1.93279600e-01, -1.90472160e-01,  2.73898878e+00,
        -7.95732569e-02,  1.54488644e+00],
       [ 1.69437880e+00,  5.41034868e-01, -6.31161248e-01,
         1.89472725e-01, -2.06578174e-01,  2.73518191e+00,
        -9.56792713e-02,  1.54107956e+00],
       [ 1.67849903e+00,  5.36305684e-01, -6.47041016e-01,
         1.84743541e-01, -2.22457942e-01,  2.73045273e+00,
        -1.11559039e-01,  1.53635038e+00],
       [ 1.66260422e+00,  5.30770744e-01, -6.62935828e-01,
         1.79208601e-01, -2.38352754e-01,  2.72491779e+00,
        -1.27453851e-01,  1.53081544e+00],
       [ 1.64788739e+00,  5.24049996e-01, -6.77652652e-01,
         1.72487853e-01, -2.53069578e-01,  2.71819704e+00,
        -1.42170675e-01,  1.52409469e+00],
       [ 1.63216839e+00,  5.16910503e-01, -6.93371655e-01,
         1.65348359e-01, -2.68788581e-01,  2.71105754e+00,
        -1.57889678e-01,  1.51695520e+00],
       [ 1.61757123e+00,  5.08672985e-01, -7.07968810e-01,
         1.57110842e-01, -2.83385736e-01,  2.70282003e+00,
        -1.72486833e-01,  1.50871768e+00],
       [ 1.60274832e+00,  4.99812079e-01, -7.22791725e-01,
         1.48249935e-01, -2.98208651e-01,  2.69395912e+00,
        -1.87309749e-01,  1.49985677e+00],
       [ 1.58891421e+00,  4.89972329e-01, -7.36625832e-01,
         1.38410186e-01, -3.12042759e-01,  2.68411937e+00,
        -2.01143856e-01,  1.49001702e+00],
       [ 1.57398545e+00,  4.79804699e-01, -7.51554592e-01,
         1.28242555e-01, -3.26971519e-01,  2.67395174e+00,
        -2.16072616e-01,  1.47984939e+00],
       [ 1.55977079e+00,  4.68798999e-01, -7.65769256e-01,
         1.17236855e-01, -3.41186182e-01,  2.66294604e+00,
        -2.30287279e-01,  1.46884369e+00],
       [ 1.54505479e+00,  4.57366348e-01, -7.80485253e-01,
         1.05804205e-01, -3.55902180e-01,  2.65151339e+00,
        -2.45003277e-01,  1.45741104e+00],
       [ 1.53112477e+00,  4.45097458e-01, -7.94415276e-01,
         9.35353141e-02, -3.69832203e-01,  2.63924450e+00,
        -2.58933300e-01,  1.44514215e+00],
       [ 1.51670027e+00,  4.32483714e-01, -8.08839775e-01,
         8.09215710e-02, -3.84256701e-01,  2.62663076e+00,
        -2.73357798e-01,  1.43252841e+00],
       [ 1.50275197e+00,  4.19171846e-01, -8.22788071e-01,
         6.76097023e-02, -3.98204998e-01,  2.61331889e+00,
        -2.87306095e-01,  1.41921654e+00],
       [ 1.48840708e+00,  4.05568616e-01, -8.37132965e-01,
         5.40064726e-02, -4.12549891e-01,  2.59971566e+00,
        -3.01650988e-01,  1.40561331e+00],
       [ 1.47433465e+00,  3.91386220e-01, -8.51205394e-01,
         3.98240761e-02, -4.26622320e-01,  2.58553326e+00,
        -3.15723417e-01,  1.39143091e+00],
       [ 1.46000908e+00,  3.76924096e-01, -8.65530960e-01,
         2.53619529e-02, -4.40947887e-01,  2.57107114e+00,
        -3.30048984e-01,  1.37696879e+00],
       [ 1.44596885e+00,  3.61871388e-01, -8.79571198e-01,
         1.03092448e-02, -4.54988124e-01,  2.55601843e+00,
        -3.44089221e-01,  1.36191608e+00],
       [ 1.43148377e+00,  3.46722207e-01, -8.94056275e-01,
        -4.83993645e-03, -4.69473202e-01,  2.54086925e+00,
        -3.58574299e-01,  1.34676690e+00]]), 'data_points': 600}, 5: {'r2': -2.724794387817383, 'mse': 1.2357071681027907, 'train_losses': [1.6134464740753174, 1.4985913038253784, 1.389500379562378, 1.285036325454712, 1.1837761402130127, 1.0865325927734375, 0.9952111840248108, 0.9139702320098877, 0.8485825657844543, 0.8050420880317688, 0.7856595516204834, 0.7846343517303467, 0.7889249920845032, 0.7859808206558228, 0.7710064053535461, 0.7468318939208984, 0.7192522287368774, 0.6935989260673523, 0.6724027991294861, 0.65676349401474, 0.6455878019332886, 0.6368876099586487, 0.6286247372627258, 0.6193262338638306, 0.607545018196106, 0.5929104089736938, 0.5756914019584656, 0.5560178160667419, 0.5352205634117126, 0.5145708322525024], 'test_losses': [1.6471532583236694, 1.5691224336624146, 1.4977281093597412, 1.431749939918518, 1.3689472675323486, 1.309065580368042, 1.2532085180282593, 1.2047808170318604, 1.1688019037246704, 1.148824691772461, 1.1489852666854858, 1.1666642427444458, 1.1924222707748413, 1.2152831554412842, 1.2276300191879272, 1.2305474281311035, 1.2267987728118896, 1.2212306261062622, 1.216470718383789, 1.2124921083450317, 1.2079654932022095, 1.2033601999282837, 1.1981502771377563, 1.1935038566589355, 1.191590428352356, 1.1915991306304932, 1.1958969831466675, 1.204330563545227, 1.217067003250122, 1.2357070446014404], 'predictions': array([[ 1.0863606 , -0.23921044, -1.1191618 , -0.5391392 , -0.11854871,
         0.4216349 ,  0.49226013, -0.5255278 ],
       [ 1.271324  , -0.35778797, -1.106191  , -0.5348161 , -0.0476769 ,
         0.4762515 ,  0.53565884, -0.53282815],
       [ 1.0525687 , -0.2282403 , -1.162645  , -0.57340664, -0.14226511,
         0.39895612,  0.48252767, -0.5677346 ],
       [ 1.090402  , -0.19459507, -1.2797695 , -0.6231384 , -0.1998147 ,
         0.42113045,  0.50276756, -0.5943058 ],
       [ 1.0412241 , -0.22369064, -1.1982969 , -0.59841645, -0.16349956,
         0.3918883 ,  0.47945964, -0.59435284],
       [ 1.2617792 , -0.33321682, -1.322664  , -0.68583   , -0.15122893,
         0.4527    ,  0.5480362 , -0.6822947 ],
       [ 0.96571356, -0.16724955, -1.2736092 , -0.6266022 , -0.23658296,
         0.37215114,  0.4801925 , -0.61624455],
       [ 1.1833946 , -0.25018445, -1.3785933 , -0.6857092 , -0.20728604,
         0.4333757 ,  0.5296211 , -0.6847142 ],
       [ 1.0128664 , -0.21163498, -1.2752478 , -0.63714427, -0.22101228,
         0.38594434,  0.4730079 , -0.64758784],
       [ 1.2121747 , -0.26200262, -1.4465593 , -0.7260352 , -0.22952144,
         0.43409544,  0.54421896, -0.7340313 ],
       [ 0.9915385 , -0.20351988, -1.3303075 , -0.6660488 , -0.2614397 ,
         0.38183638,  0.47250038, -0.68674433],
       [ 1.2745365 , -0.3040659 , -1.4930484 , -0.7540609 , -0.22457947,
         0.45534405,  0.59731054, -0.76258737],
       [ 1.0109049 , -0.21514967, -1.3879064 , -0.6924136 , -0.2865763 ,
         0.4011823 ,  0.4811469 , -0.7223739 ],
       [ 1.2396209 , -0.33645093, -1.4216958 , -0.72214633, -0.20577663,
         0.47158024,  0.5554197 , -0.7301287 ],
       [ 0.9651973 , -0.19110988, -1.4355439 , -0.719522  , -0.33518338,
         0.38604474,  0.4779882 , -0.7548891 ],
       [ 1.2300184 , -0.26389152, -1.6036754 , -0.8189309 , -0.308316  ,
         0.4332252 ,  0.56399286, -0.83566165],
       [ 0.95886594, -0.19064562, -1.4682869 , -0.73147416, -0.36094305,
         0.39740714,  0.47763428, -0.7812519 ],
       [ 1.2216427 , -0.28017697, -1.6114217 , -0.8187352 , -0.3041914 ,
         0.43354243,  0.58248854, -0.8378215 ],
       [ 0.95913035, -0.18874227, -1.5111746 , -0.7516188 , -0.38899454,
         0.4045156 ,  0.48247248, -0.8096883 ],
       [ 1.2412144 , -0.27217156, -1.6853306 , -0.8648588 , -0.34533468,
         0.43988246,  0.58122766, -0.8820288 ],
       [ 0.95437676, -0.18186355, -1.5505165 , -0.77031195, -0.4186203 ,
         0.4080686 ,  0.48637757, -0.83506995],
       [ 1.2455161 , -0.27380228, -1.7196325 , -0.88539034, -0.3624227 ,
         0.44373098,  0.58545446, -0.90298563],
       [ 0.94376034, -0.17082083, -1.5854928 , -0.78764105, -0.44750297,
         0.40794232,  0.48875242, -0.8597912 ],
       [ 1.2459943 , -0.27429116, -1.7467152 , -0.90083635, -0.37910518,
         0.44786203,  0.5877246 , -0.9178995 ],
       [ 0.9343317 , -0.16332754, -1.6133546 , -0.8017652 , -0.4713274 ,
         0.40771762,  0.49197122, -0.87767994],
       [ 1.2435058 , -0.26864022, -1.7791568 , -0.91883004, -0.40039715,
         0.45212758,  0.58714783, -0.93453497],
       [ 0.9210747 , -0.15304601, -1.6403142 , -0.8163195 , -0.4962314 ,
         0.40135875,  0.49337885, -0.8933584 ],
       [ 1.2380034 , -0.2600774 , -1.8063134 , -0.93388087, -0.4223993 ,
         0.454141  ,  0.58599305, -0.9501248 ],
       [ 0.86401725, -0.08994255, -1.6587943 , -0.84379864, -0.5419421 ,
         0.34004772,  0.49626407, -0.9069149 ],
       [ 1.220834  , -0.24907312, -1.814541  , -0.93828535, -0.43884274,
         0.4534385 ,  0.5799039 , -0.95505697],
       [ 0.8552145 , -0.06795815, -1.6891494 , -0.8688877 , -0.56764996,
         0.32442492,  0.50431514, -0.92491806],
       [ 1.2034092 , -0.23914397, -1.8229243 , -0.94293207, -0.4548435 ,
         0.45266178,  0.5746192 , -0.9601836 ],
       [ 0.84911823, -0.03616278, -1.7249354 , -0.8950049 , -0.59477925,
         0.30995756,  0.5181686 , -0.9391243 ],
       [ 1.1859709 , -0.22990847, -1.8356806 , -0.9500763 , -0.47275403,
         0.45233998,  0.57098764, -0.96613455],
       [ 0.87454236, -0.1205584 , -1.7079393 , -0.8715038 , -0.56795305,
         0.35884446,  0.4953627 , -0.94172543],
       [ 1.1663147 , -0.2220503 , -1.8465784 , -0.95509547, -0.4896448 ,
         0.4520358 ,  0.56835777, -0.97114426],
       [ 0.84553766, -0.04291994, -1.7519814 , -0.92369884, -0.6148332 ,
         0.30081972,  0.52286786, -0.9684651 ],
       [ 1.1503304 , -0.21486829, -1.8565705 , -0.95908576, -0.50335723,
         0.4511425 ,  0.56646293, -0.97569513],
       [ 0.85179144, -0.09019665, -1.7450181 , -0.9170533 , -0.61128175,
         0.32259527,  0.50778013, -0.97429025],
       [ 1.136998  , -0.20817842, -1.8675661 , -0.96396226, -0.5159483 ,
         0.44880852,  0.5654773 , -0.9811223 ],
       [ 0.84486663, -0.02401933, -1.7914228 , -0.95087695, -0.6419308 ,
         0.29173872,  0.5403792 , -0.9841021 ],
       [ 1.1218791 , -0.20106596, -1.8769156 , -0.9679008 , -0.5280021 ,
         0.4459209 ,  0.564673  , -0.98543626],
       [ 0.9266274 , -0.1763536 , -1.7745788 , -0.8983062 , -0.57833683,
         0.4145748 ,  0.4999684 , -0.9972363 ],
       [ 1.0928895 , -0.20512137, -1.8785912 , -0.9724161 , -0.5376659 ,
         0.43815327,  0.56886095, -0.9887409 ],
       [ 0.8722866 ,  0.04447182, -1.8626108 , -0.93404144, -0.65212685,
         0.31271622,  0.5663875 , -0.9672434 ],
       [ 1.0836229 , -0.18744329, -1.9033407 , -0.9803246 , -0.5602663 ,
         0.44001302,  0.56414646, -0.99750763],
       [ 0.8543962 , -0.06774629, -1.8416133 , -0.9769797 , -0.66715986,
         0.3013242 ,  0.53598785, -1.024749  ],
       [ 1.0439652 , -0.16465345, -1.9341099 , -0.99820846, -0.59818465,
         0.42318267,  0.56044024, -1.0209503 ],
       [ 0.8441152 ,  0.00928865, -1.869082  , -0.95813674, -0.67780745,
         0.32897383,  0.54419523, -0.9733546 ],
       [ 1.0005069 , -0.14480853, -1.9507798 , -1.0043246 , -0.6347802 ,
         0.40987214,  0.5470069 , -1.0384182 ],
       [ 0.91882247, -0.08662519, -1.9049842 , -0.9716684 , -0.6557445 ,
         0.3814679 ,  0.5191855 , -1.0112803 ],
       [ 0.94999665, -0.11357883, -1.8725628 , -0.95378387, -0.6190247 ,
         0.40067956,  0.51104915, -1.0022299 ],
       [ 0.95203954, -0.17288007, -1.8249719 , -0.92089206, -0.609838  ,
         0.4256957 ,  0.502996  , -1.0199064 ],
       [ 0.96220714, -0.13758317, -1.8973427 , -0.9396593 , -0.6739824 ,
         0.43959454,  0.49360913, -1.0194169 ],
       [ 1.0534455 , -0.18335204, -2.0179627 , -0.9771447 , -0.71632266,
         0.5144343 ,  0.5159798 , -1.0732937 ],
       [ 1.0769626 , -0.28454056, -2.1446192 , -1.1920812 , -0.7116339 ,
         0.5436975 ,  0.58428615, -1.2623541 ],
       [ 1.0769626 , -0.28454056, -2.1446192 , -1.1920812 , -0.7116339 ,
         0.5436975 ,  0.58428615, -1.2623541 ],
       [ 1.0769626 , -0.28454056, -2.1446192 , -1.1920812 , -0.7116339 ,
         0.5436975 ,  0.58428615, -1.2623541 ],
       [ 1.2165259 , -0.34458196, -2.2024355 , -1.1337603 , -0.66909516,
         0.66006917,  0.55973643, -1.3544037 ],
       [ 1.2254318 , -0.34772488, -2.2559602 , -1.1652502 , -0.6886357 ,
         0.6643311 ,  0.56734   , -1.4008591 ],
       [ 1.2107923 , -0.3426139 , -2.2722223 , -1.1840204 , -0.7051357 ,
         0.6505772 ,  0.56782717, -1.4211887 ],
       [ 1.1883413 , -0.3318282 , -2.211464  , -1.1567825 , -0.6714062 ,
         0.62833923,  0.56636447, -1.3923326 ],
       [ 1.1515709 , -0.3153398 , -2.13374   , -1.12392   , -0.63775   ,
         0.59628665,  0.5590734 , -1.3540362 ],
       [ 1.1575422 , -0.31703693, -2.0160298 , -1.0748811 , -0.56373924,
         0.5846872 ,  0.56001383, -1.2780627 ],
       [ 1.1612144 , -0.3159769 , -1.8215209 , -0.98959327, -0.45394337,
         0.56487215,  0.5395041 , -1.1502596 ],
       [ 1.1181358 , -0.29564   , -1.6375393 , -0.9045337 , -0.34934843,
         0.4933278 ,  0.48793462, -1.0691146 ],
       [ 1.1153063 , -0.26110986, -1.5403211 , -0.8729041 , -0.2863201 ,
         0.39787865,  0.47381023, -1.0350571 ],
       [ 1.1433778 , -0.2648122 , -1.4499143 , -0.8551024 , -0.2191127 ,
         0.32790542,  0.45580828, -1.0051968 ],
       [ 1.139436  , -0.27332595, -1.3823977 , -0.83132625, -0.1831328 ,
         0.3038466 ,  0.43480805, -0.97474134],
       [ 1.0900328 , -0.26186544, -1.3003057 , -0.80049574, -0.16019815,
         0.2569202 ,  0.4001008 , -0.93213767],
       [ 1.1131365 , -0.27052793, -1.2194412 , -0.77262986, -0.10323669,
         0.21671636,  0.37839139, -0.9069073 ],
       [ 1.1928837 , -0.30268788, -1.118108  , -0.7380736 , -0.01537919,
         0.18836139,  0.37187323, -0.85948586],
       [ 1.1852995 , -0.31574494, -1.0711495 , -0.7656405 ,  0.01470891,
         0.130818  ,  0.37843984, -0.83742553],
       [ 1.1801566 , -0.31300184, -1.0926998 , -0.8718148 ,  0.00315377,
         0.06033351,  0.37979135, -0.88569057],
       [ 1.0640185 , -0.27078602, -1.1263988 , -0.8336875 , -0.09318172,
         0.11545844,  0.44350448, -0.8617461 ],
       [ 1.2702261 , -0.353492  , -1.4466525 , -1.0212238 , -0.10967951,
         0.1512105 ,  0.5070488 , -1.0606469 ],
       [ 1.0359589 , -0.26324788, -1.1518705 , -0.81335616, -0.10216081,
         0.1181023 ,  0.39132282, -0.8618086 ],
       [ 1.1031991 , -0.2916862 , -1.1750478 , -0.8509671 , -0.10800771,
         0.14298052,  0.44788733, -0.89790225],
       [ 1.3866904 , -0.37282097, -1.530646  , -1.0665088 , -0.09662769,
         0.15399165,  0.5174015 , -1.1520934 ],
       [ 1.1816587 , -0.27837205, -1.1902081 , -0.90106684, -0.05514733,
         0.05907553,  0.3753459 , -0.96366715],
       [ 1.0849967 , -0.27266952, -1.2512863 , -0.87886727, -0.13622636,
         0.12098972,  0.40381894, -0.938871  ],
       [ 1.6762586 , -0.41216955, -1.7204995 , -1.3056239 , -0.08080355,
         0.02012561,  0.55160534, -1.4031237 ],
       [ 1.3461165 , -0.31041172, -1.3423413 , -1.0982285 , -0.06587814,
        -0.0325576 ,  0.43614095, -1.1265278 ],
       [ 1.2241874 , -0.31751993, -1.4181259 , -1.0073392 , -0.17474094,
         0.14096639,  0.48535818, -1.0653847 ],
       [ 1.4917433 , -0.38171133, -1.6908058 , -1.1779202 , -0.14241368,
         0.1262633 ,  0.5404719 , -1.301453  ],
       [ 1.1628243 , -0.2609626 , -1.2649429 , -0.9423106 , -0.10007158,
         0.04456538,  0.38234782, -1.0249842 ],
       [ 1.2023665 , -0.32450998, -1.2528788 , -0.87780833, -0.11463516,
         0.19984834,  0.450129  , -0.9467573 ],
       [ 1.2243001 , -0.34442702, -1.2638737 , -0.8931459 , -0.11197728,
         0.2130341 ,  0.46663004, -0.9524124 ],
       [ 1.2323678 , -0.34955978, -1.275728  , -0.8959964 , -0.11302117,
         0.22376549,  0.46832865, -0.9560505 ],
       [ 1.748715  , -0.41433853, -1.7985219 , -1.3678347 , -0.10757868,
         0.01879423,  0.5549613 , -1.4656959 ],
       [ 1.3310902 , -0.307217  , -1.3949459 , -1.0930855 , -0.09626959,
        -0.00591489,  0.43719307, -1.1490427 ],
       [ 1.3260218 , -0.35110524, -1.5098174 , -1.0417445 , -0.16969694,
         0.16919133,  0.49200216, -1.1386573 ],
       [ 1.2369281 , -0.35430428, -1.2990507 , -0.9227229 , -0.12638627,
         0.20978498,  0.46727324, -0.9797397 ],
       [ 1.2474681 , -0.36413923, -1.3085463 , -0.9303302 , -0.12586796,
         0.21879558,  0.4748844 , -0.9830926 ],
       [ 1.7359006 , -0.40838954, -1.8388212 , -1.3896598 , -0.13825957,
         0.01347466,  0.5662657 , -1.4819639 ],
       [ 1.1399428 , -0.30840337, -1.2876762 , -0.9039956 , -0.14745295,
         0.16135354,  0.40921226, -0.98529094],
       [ 1.2290921 , -0.35664237, -1.2964166 , -0.94941205, -0.13564432,
         0.17584212,  0.460235  , -1.000684  ],
       [ 1.6673181 , -0.3958301 , -1.8626512 , -1.3489882 , -0.18178327,
         0.05253562,  0.5776352 , -1.4572814 ],
       [ 1.1265401 , -0.30260506, -1.2981514 , -0.91520655, -0.15146784,
         0.14186229,  0.39687765, -0.9985752 ],
       [ 1.2276316 , -0.3603275 , -1.3051765 , -0.9625763 , -0.14237377,
         0.16961697,  0.45803288, -1.0111893 ],
       [ 1.6192852 , -0.4354774 , -1.874133  , -1.3010628 , -0.23074824,
         0.1558093 ,  0.5604105 , -1.4273334 ],
       [ 1.765312  , -0.4623542 , -2.0372858 , -1.4316101 , -0.2550893 ,
         0.12767006,  0.60843235, -1.5695254 ],
       [ 1.3998008 , -0.38020247, -1.4926156 , -1.1965885 , -0.13499042,
         0.05356273,  0.5375192 , -1.0695367 ],
       [ 1.3998008 , -0.38020247, -1.4926156 , -1.1965885 , -0.13499042,
         0.05356273,  0.5375192 , -1.0695367 ],
       [ 1.3998008 , -0.38020247, -1.4926156 , -1.1965885 , -0.13499042,
         0.05356273,  0.5375192 , -1.0695367 ],
       [ 1.5484682 , -0.38526666, -1.5034306 , -1.3136779 , -0.08740145,
        -0.07749671,  0.52506715, -1.2270409 ],
       [ 1.1973836 , -0.37139252, -1.3462918 , -0.91802114, -0.23030093,
         0.26833135,  0.46396154, -0.86495733],
       [ 1.5182136 , -0.38981816, -1.519625  , -1.2893345 , -0.08098923,
        -0.0388857 ,  0.52823627, -1.2072089 ],
       [ 1.4354597 , -0.28899807, -1.4165971 , -1.1807675 , -0.07069267,
        -0.09439386,  0.4834221 , -1.1473513 ],
       [ 1.3698092 , -0.33895713, -1.5450906 , -1.1144952 , -0.16011815,
         0.10850465,  0.5346142 , -1.0714325 ],
       [ 1.1428763 , -0.28543106, -1.3252525 , -0.85905504, -0.1901023 ,
         0.21208134,  0.44243017, -0.83119226],
       [ 1.2005891 , -0.36437798, -1.4037797 , -0.9137406 , -0.24630997,
         0.29253814,  0.4662123 , -0.8755768 ],
       [ 1.2018827 , -0.37431115, -1.4426289 , -0.936393  , -0.27414855,
         0.3081712 ,  0.47276384, -0.89085776],
       [ 1.2126647 , -0.31907684, -1.4178184 , -0.90383554, -0.20543602,
         0.23626962,  0.46105105, -0.90106124],
       [ 1.1620404 , -0.31264576, -1.3816886 , -0.8744141 , -0.21266918,
         0.2554042 ,  0.46231204, -0.8530092 ],
       [ 1.2115167 , -0.37738594, -1.4796932 , -0.9247112 , -0.2854468 ,
         0.33981216,  0.48962727, -0.88534176],
       [ 1.1385702 , -0.3369977 , -1.511528  , -0.8864189 , -0.32771683,
         0.39069048,  0.492797  , -0.853728  ],
       [ 0.91618323, -0.17962173, -1.1381646 , -0.681207  , -0.16873531,
         0.25921246,  0.40911183, -0.70019174],
       [ 0.9581411 , -0.24974115, -0.7575933 , -0.443831  , -0.00706307,
         0.3008333 ,  0.3587534 , -0.4030511 ],
       [ 1.1155131 , -0.23991057, -0.8785648 , -0.44698548,  0.03478595,
         0.3046794 ,  0.40910146, -0.49866584]], dtype=float32), 'ground_truth': array([[ 3.04322628, -1.09030238,  0.10482089,  0.25501101,  1.14226931,
         1.10384467,  1.25316821, -0.09025768],
       [ 3.05543034, -1.10532034,  0.11702494,  0.23999305,  1.15447337,
         1.0888267 ,  1.26537227, -0.10527564],
       [ 3.06599277, -1.12057719,  0.12758738,  0.2247362 ,  1.1650358 ,
         1.07356985,  1.2759347 , -0.12053249],
       [ 3.07670559, -1.13663409,  0.1383002 ,  0.2086793 ,  1.17574862,
         1.05751295,  1.28664753, -0.1365894 ],
       [ 3.08561696, -1.15279594,  0.14721157,  0.19251745,  1.18465999,
         1.0413511 ,  1.2955589 , -0.15275125],
       [ 3.09479249, -1.16976466,  0.15638709,  0.17554873,  1.19383552,
         1.02438238,  1.30473442, -0.16971997],
       [ 3.10227597, -1.18679294,  0.16387058,  0.15852045,  1.201319  ,
         1.0073541 ,  1.3122179 , -0.18674825],
       [ 3.11012026, -1.20464223,  0.17171487,  0.14067116,  1.20916329,
         0.98950481,  1.32006219, -0.20459754],
       [ 3.11628207, -1.22248208,  0.17787668,  0.12283131,  1.2153251 ,
         0.97166496,  1.326224  , -0.22243739],
       [ 3.12262346, -1.24103836,  0.18421807,  0.10427503,  1.22166649,
         0.95310868,  1.3325654 , -0.24099367],
       [ 3.12741013, -1.25956461,  0.18900473,  0.08574878,  1.22645316,
         0.93458243,  1.33735206, -0.25951991],
       [ 3.13261751, -1.27888628,  0.19421212,  0.06642711,  1.23166054,
         0.91526076,  1.34255944, -0.27884159],
       [ 3.13611707, -1.29804728,  0.19771168,  0.04726611,  1.2351601 ,
         0.89609976,  1.34605901, -0.29800259],
       [ 3.14009427, -1.31800039,  0.20168887,  0.027313  ,  1.2391373 ,
         0.87614665,  1.3500362 , -0.3179557 ],
       [ 3.14243533, -1.33776613,  0.20402993,  0.00754726,  1.24147836,
         0.85638091,  1.35237726, -0.33772144],
       [ 3.14528315, -1.35830695,  0.20687775, -0.01299356,  1.24432618,
         0.83584009,  1.35522508, -0.35826226],
       [ 3.14648777, -1.37860738,  0.20808238, -0.03329399,  1.2455308 ,
         0.81553966,  1.35642971, -0.37856269],
       [ 3.14824704, -1.39967167,  0.20984164, -0.05435827,  1.24729007,
         0.79447538,  1.35818897, -0.39962697],
       [ 3.14839491, -1.42046637,  0.20998952, -0.07515298,  1.24743794,
         0.77368067,  1.35833684, -0.42042168],
       [ 3.14912879, -1.44200632,  0.21072339, -0.09669293,  1.24817182,
         0.75214072,  1.35907072, -0.44196163],
       [ 3.14830315, -1.46326224,  0.20989775, -0.11794884,  1.24734618,
         0.73088481,  1.35824508, -0.46321754],
       [ 3.14807487, -1.48523553,  0.20966948, -0.13992214,  1.2471179 ,
         0.70891151,  1.3580168 , -0.48519084],
       [ 3.14632206, -1.50690691,  0.20791666, -0.16159352,  1.24536509,
         0.68724014,  1.35626399, -0.50686221],
       [ 3.14520053, -1.52928033,  0.20679514, -0.18396694,  1.24424356,
         0.66486671,  1.35514246, -0.52923563],
       [ 3.14258784, -1.55133575,  0.20418244, -0.20602236,  1.24163087,
         0.64281129,  1.35252977, -0.55129106],
       [ 3.14063794, -1.57407907,  0.20223254, -0.22876568,  1.23968097,
         0.62006798,  1.35057987, -0.57403437],
       [ 3.13722782, -1.59648952,  0.19882242, -0.25117613,  1.23627085,
         0.59765752,  1.34716975, -0.59644482],
       [ 3.1345097 , -1.61957477,  0.19610431, -0.27426138,  1.23355273,
         0.57457227,  1.34445164, -0.61953008],
       [ 3.38021478,  1.00974878,  0.19195468, -0.29700003,  1.2294031 ,
         0.55183362,  1.340302  , -0.64226872],
       [ 3.37678425,  0.98634743,  0.18852414, -0.32040138,  1.22597257,
         0.52843227,  1.33687147, -0.66567007],
       [ 3.37195883,  0.9633005 ,  0.18369872, -0.3434483 ,  1.22114715,
         0.50538535,  1.33204605, -0.688717  ],
       [ 3.36789326,  0.9395956 ,  0.17963316, -0.36715321,  1.21708158,
         0.48168044,  1.32798048, -0.71242191],
       [ 3.36244022,  0.91626282,  0.17418011, -0.39048599,  1.21162853,
         0.45834766,  1.32252744, -0.73575468],
       [ 3.3577583 ,  0.89229104,  0.16949819, -0.41445776,  1.20694661,
         0.43437589,  1.31784552, -0.75972646],
       [ 3.35173907,  0.86868633,  0.16347896, -0.43806247,  1.20092738,
         0.41077118,  1.31182629, -0.78333117],
       [ 3.3465141 ,  0.84445539,  0.158254  , -0.46229342,  1.19570242,
         0.38654023,  1.30660132, -0.80756211],
       [ 3.33999018,  0.82058834,  0.15173008, -0.48616046,  1.1891785 ,
         0.36267319,  1.3000774 , -0.83142916],
       [ 3.33426037,  0.79612038,  0.14600026, -0.51062842,  1.18344868,
         0.33820523,  1.29434759, -0.85589712],
       [ 3.32729954,  0.77199519,  0.13903943, -0.53475361,  1.17648786,
         0.31408004,  1.28738676, -0.88002231],
       [ 3.32121334,  0.74726226,  0.13295324, -0.55948654,  1.17040166,
         0.28934711,  1.28130056, -0.90475524],
       [ 3.3139922 ,  0.7228306 ,  0.12573209, -0.58391821,  1.16318051,
         0.26491544,  1.27407942, -0.9291869 ],
       [ 3.30747568,  0.69790797,  0.11921557, -0.60884083,  1.156664  ,
         0.23999282,  1.2675629 , -0.95410953],
       [ 3.29997126,  0.67321425,  0.11171116, -0.63353455,  1.14915958,
         0.2152991 ,  1.26005848, -0.97880325],
       [ 3.2932067 ,  0.64805859,  0.1049466 , -0.65869021,  1.14239502,
         0.19014344,  1.25329392, -1.00395891],
       [ 3.28581536,  0.62298739,  0.09755526, -0.68376141,  1.13500368,
         0.16507224,  1.24590258, -1.02903011],
       [ 3.27891717,  0.59760842,  0.09065706, -0.70914038,  1.12810548,
         0.13969327,  1.23900439, -1.05440908],
       [ 3.27181248,  0.57217897,  0.08355238, -0.73456984,  1.1210008 ,
         0.11426381,  1.2318997 , -1.07983853],
       [ 3.26499737,  0.54657287,  0.07673727, -0.76017593,  1.11418569,
         0.08865772,  1.22508459, -1.10544463],
       [ 3.2579365 ,  0.52092204,  0.06967639, -0.78582676,  1.10712481,
         0.06300689,  1.21802372, -1.13109546],
       [ 3.25127937,  0.49510952,  0.06301926, -0.81163928,  1.10046769,
         0.03719437,  1.21136659, -1.15690798],
       [ 3.24315138,  0.46935994,  0.05489128, -0.83738887,  1.0923397 ,
         0.01144478,  1.2032386 , -1.18265756],
       [ 3.23465003,  0.4435747 ,  0.04638993, -0.8631741 ,  1.08383835,
        -0.01434045,  1.19473725, -1.2084428 ],
       [ 3.22623676,  0.41772228,  0.03797665, -0.88902653,  1.07542508,
        -0.04019288,  1.18632398, -1.23429523],
       [ 3.21786686,  0.39181724,  0.02960675, -0.91493157,  1.06705518,
        -0.06609792,  1.17795408, -1.26020026],
       [ 3.20947847,  0.36587977,  0.02121837, -0.94086904,  1.05866679,
        -0.09203539,  1.16956569, -1.28613774],
       [ 3.20101244,  0.33993306,  0.01275233, -0.96681574,  1.05020075,
        -0.11798209,  1.16109966, -1.31208444],
       [ 3.19241317,  0.31400304,  0.00415306, -0.99274577,  1.04160149,
        -0.14391212,  1.15250039, -1.33801447],
       [ 3.18362877,  0.2881181 , -0.00463134, -1.01863071,  1.03281708,
        -0.16979706,  1.14371599, -1.36389941],
       [ 3.17461109,  0.26230897, -0.01364901, -1.04443983,  1.02379941,
        -0.19560618,  1.13469831, -1.38970853],
       [ 3.16531583,  0.23660851, -0.02294427, -1.07014029,  1.01450415,
        -0.22130664,  1.12540305, -1.41540899],
       [ 3.15570255,  0.21105148, -0.03255756, -1.09569732,  1.00489086,
        -0.24686367,  1.11578977, -1.44096602],
       [ 3.14573472,  0.18567435, -0.04252539, -1.12107446,  0.99492304,
        -0.27224081,  1.10582194, -1.46634315],
       [ 3.1353798 ,  0.16051508, -0.05288031, -1.14623373,  0.98456811,
        -0.29740008,  1.09546702, -1.49150242],
       [ 3.1246092 ,  0.13561292, -0.06365091, -1.17113588,  0.97379752,
        -0.32230223,  1.08469642, -1.51640458],
       [ 3.11339835,  0.11100819, -0.07486176, -1.19574061,  0.96258666,
        -0.34690696,  1.07348557, -1.54100931],
       [ 3.10180647,  0.08660835, -0.08645364, -1.22014045,  0.95099478,
        -0.3713068 ,  1.06189369, -1.56540915],
       [ 3.09006835,  0.06195597, -0.09819175, -1.24479284,  0.93925667,
        -0.39595919,  1.05015557, -1.59006154],
       [ 3.07836414,  0.03671112, -0.10989596, -1.27003769,  0.92755246,
        -0.42120404,  1.03845136, -1.61530638],
       [ 3.06553742,  0.01281295, -0.12272268, -1.29393586,  0.91472574,
        -0.4451022 ,  1.02562464, -1.63920455],
       [ 3.05238325, -0.01102029, -0.13587686, -1.31776909,  0.90157156,
        -0.46893544,  1.01247047, -1.66303779],
       [ 3.03923604, -0.03529825, -0.14902406, -1.34204706,  0.88842436,
        -0.49321341,  0.99932326, -1.68731576],
       [ 3.0248598 , -0.05806452, -0.1634003 , -1.36481333,  0.87404812,
        -0.51597968,  0.98494702, -1.71008202],
       [ 3.01023873, -0.08082358, -0.17802138, -1.38757238,  0.85942704,
        -0.53873873,  0.97032595, -1.73284108],
       [ 2.9953344 , -0.10352679, -0.1929257 , -1.41027559,  0.84452272,
        -0.56144194,  0.95542162, -1.75554429],
       [ 2.97961461, -0.1252397 , -0.2086455 , -1.43198851,  0.82880293,
        -0.58315486,  0.93970183, -1.7772572 ],
       [ 2.96420188, -0.14793078, -0.22405823, -1.45467959,  0.8133902 ,
        -0.60584594,  0.9242891 , -1.79994828],
       [ 2.94853818, -0.17053474, -0.23972192, -1.47728355,  0.7977265 ,
        -0.6284499 ,  0.9086254 , -1.82255224],
       [ 2.93173658, -0.19162349, -0.25652353, -1.49837229,  0.7809249 ,
        -0.64953864,  0.8918238 , -1.84364099],
       [ 2.91486505, -0.21292533, -0.27339506, -1.51967413,  0.76405336,
        -0.67084048,  0.87495227, -1.86494283],
       [ 2.8977108 , -0.23409349, -0.29054931, -1.54084229,  0.74689912,
        -0.69200864,  0.85779802, -1.88611099],
       [ 2.88023338, -0.255046  , -0.30802673, -1.56179481,  0.72942169,
        -0.71296116,  0.8403206 , -1.90706351],
       [ 2.8622861 , -0.27551102, -0.325974  , -1.58225982,  0.71147442,
        -0.73342617,  0.82237332, -1.92752852],
       [ 2.8437832 , -0.29527494, -0.34447691, -1.60202374,  0.69297151,
        -0.75319009,  0.80387042, -1.94729244],
       [ 2.82552793, -0.31587403, -0.36273218, -1.62262283,  0.67471625,
        -0.77378918,  0.78561515, -1.96789153],
       [ 2.8067273 , -0.33576883, -0.38153281, -1.64251763,  0.65591561,
        -0.79368398,  0.76681452, -1.98778633],
       [ 2.78767159, -0.35551155, -0.40058852, -1.66226036,  0.6368599 ,
        -0.81342671,  0.7477588 , -2.00752906],
       [ 2.76826801, -0.37490746, -0.4199921 , -1.68165626,  0.61745633,
        -0.83282261,  0.72835523, -2.02692496],
       [ 2.74836925, -0.39362111, -0.43989086, -1.70036992,  0.59755757,
        -0.85153627,  0.70845647, -2.04563862],
       [ 2.72833438, -0.41237289, -0.45992573, -1.7191217 ,  0.57752269,
        -0.87028805,  0.6884216 , -2.0643904 ],
       [ 2.70833069, -0.43157354, -0.47992941, -1.73832234,  0.55751901,
        -0.88948869,  0.66841791, -2.08359104],
       [ 2.68761007, -0.44951598, -0.50065003, -1.75626478,  0.53679839,
        -0.90743113,  0.64769729, -2.10153348],
       [ 2.66674731, -0.46746154, -0.5215128 , -1.77421034,  0.51593563,
        -0.92537669,  0.62683453, -2.11947904],
       [ 2.64594866, -0.48596553, -0.54231145, -1.79271434,  0.49513698,
        -0.94388069,  0.60603588, -2.13798303],
       [ 2.62457165, -0.50341938, -0.56368846, -1.81016819,  0.47375997,
        -0.96133454,  0.58465887, -2.15543688],
       [ 2.60323466, -0.5213361 , -0.58502544, -1.82808491,  0.45242298,
        -0.97925126,  0.56332188, -2.1733536 ],
       [ 2.58151212, -0.53865206, -0.60674799, -1.84540087,  0.43070043,
        -0.99656722,  0.54159934, -2.19066957],
       [ 2.55930305, -0.55509198, -0.62895706, -1.86184078,  0.40849137,
        -1.01300713,  0.51939027, -2.20710948],
       [ 2.53731357, -0.57243331, -0.65094653, -1.87918211,  0.38650189,
        -1.03034846,  0.49740079, -2.22445081],
       [ 2.51469457, -0.58848424, -0.67356554, -1.89523305,  0.36388288,
        -1.0463994 ,  0.47478179, -2.24050174],
       [ 2.49195326, -0.60450975, -0.69630684, -1.91125855,  0.34114158,
        -1.0624249 ,  0.45204048, -2.25652725],
       [ 2.46908422, -0.62052902, -0.71917588, -1.92727783,  1.09945796,
        -0.05604714,  0.42917144, -2.27254652],
       [ 2.44596893, -0.63618466, -0.74229118, -1.94293347,  1.07634267,
        -0.07170278,  0.40605615, -2.28820217],
       [ 2.42250721, -0.65108056, -0.76575289, -1.95782936,  1.05288095,
        -0.08659868,  0.38259443, -2.30309806],
       [ 2.39893035, -0.6659547 , -0.78932976, -1.9727035 ,  1.02930409,
        -0.10147282,  0.35901757, -2.3179722 ],
       [ 2.37514832, -0.68048104, -0.81311179, -1.98722984,  1.00552206,
        -0.11599916,  0.33523554, -2.33249854],
       [ 2.35110826, -0.69428287, -0.83715185, -2.00103167,  0.981482  ,
        -0.12980099,  0.31119548, -2.34630037],
       [ 2.32689329, -0.70757682, -0.86136682, -2.01432562,  0.95726703,
        -0.14309494,  0.28698051, -2.35959432],
       [ 2.30253205, -0.720453  , -0.88572806, -2.0272018 ,  0.93290579,
        -0.15597111,  0.26261927, -2.3724705 ],
       [ 2.27802756, -0.7328686 , -0.91023255, -2.0396174 ,  0.9084013 ,
        -0.16838672,  0.23811478, -2.3848861 ],
       [ 2.25338573, -0.74477703, -0.93487438, -2.05152584,  0.88375947,
        -0.18029515,  0.21347295, -2.39679454],
       [ 2.2286161 , -0.75613335, -0.95964401, -2.06288215,  0.85898984,
        -0.19165147,  0.18870332, -2.40815085],
       [ 2.20373171, -0.76689463, -0.98452839, -2.07364344,  0.83410545,
        -0.20241275,  0.16381893, -2.41891214],
       [ 2.17874896, -0.77702018, -1.00951115, -2.08376898,  0.8091227 ,
        -0.2125383 ,  0.13883618, -2.42903768],
       [ 2.15368741, -0.78647162, -1.0345727 , -2.09322043,  0.78406115,
        -0.22198974,  0.11377463, -2.43848913],
       [ 2.12856965, -0.79521311, -1.05969046, -2.10196192,  0.75894339,
        -0.23073123,  0.08865687, -2.44723061],
       [ 2.10342108, -0.80321141, -1.08483903, -2.10996021,  0.73379482,
        -0.23872953,  0.0635083 , -2.45522891],
       [ 2.07826974, -0.81043603, -1.10999036, -2.11718484,  0.70864348,
        -0.24595415,  0.03835696, -2.46245353],
       [ 2.05314614, -0.81685938, -1.13511397, -2.12360818,  0.68351988,
        -0.25237749,  0.01323336, -2.46887688],
       [ 2.02808299, -0.8224568 , -1.16017711, -2.1292056 ,  0.65845673,
        -0.25797492, -0.01182979, -2.4744743 ],
       [ 2.00311507, -0.82720672, -1.18514504, -2.13395552,  0.63348881,
        -0.26272484, -0.03679771, -2.47922422]]), 'data_points': 600}, 6: {'r2': -3.4315333366394043, 'mse': 0.5744364784035902, 'train_losses': [1.3892523050308228, 1.2842515707015991, 1.1842988729476929, 1.0880097150802612, 0.995193362236023, 0.9063978791236877, 0.8247617483139038, 0.7539447546005249, 0.6988178491592407, 0.6647973656654358, 0.6537628173828125, 0.6600151658058167, 0.6701706051826477, 0.67148357629776, 0.6591684222221375, 0.6357139348983765, 0.6070820689201355, 0.5795888304710388, 0.5566932559013367, 0.5393052697181702, 0.5264752507209778, 0.5164201259613037, 0.5074246525764465, 0.4980446398258209, 0.4876396954059601, 0.47599995136260986, 0.46337029337882996, 0.4503956139087677, 0.437845379114151, 0.4262782335281372], 'test_losses': [1.4153215885162354, 1.3160477876663208, 1.2157126665115356, 1.1144064664840698, 1.0117863416671753, 0.9081466794013977, 0.804850161075592, 0.7037211060523987, 0.6086295247077942, 0.5257589817047119, 0.4634817838668823, 0.4257156252861023, 0.41078421473503113, 0.41065967082977295, 0.41708388924598694, 0.4267936646938324, 0.43902114033699036, 0.45374488830566406, 0.47050711512565613, 0.48840034008026123, 0.5063804388046265, 0.523567795753479, 0.5383352041244507, 0.550234854221344, 0.5598822832107544, 0.5672999024391174, 0.5727717280387878, 0.5753037929534912, 0.5756279230117798, 0.5744364261627197], 'predictions': array([[ 5.85010469e-01,  4.32547294e-02, -1.69547319e+00,
        -4.28930223e-01, -9.43089783e-01,  1.25250924e+00,
        -1.20977284e-02,  3.38486470e-02],
       [ 5.56473613e-01,  5.16562164e-02, -1.62084961e+00,
        -4.18934494e-01, -9.00645733e-01,  1.18976820e+00,
        -8.19003861e-03,  3.03404909e-02],
       [ 7.29168952e-01,  1.23532474e-01, -1.25654685e+00,
        -3.67847741e-01, -6.28299177e-01,  9.13859546e-01,
         7.42770452e-03, -1.12218857e-01],
       [ 4.26160365e-01,  4.17124592e-02, -1.19276667e+00,
        -4.04258817e-01, -6.42180085e-01,  7.97898412e-01,
        -2.35866494e-02, -9.68285948e-02],
       [ 1.10309291e+00,  1.12966076e-01, -7.53927827e-01,
        -3.66326004e-01, -8.88639838e-02,  4.57977295e-01,
         2.75281612e-02, -4.34505731e-01],
       [ 6.99366927e-01,  6.37991428e-02, -9.87663090e-01,
        -4.06258196e-01, -3.79379988e-01,  6.03231430e-01,
        -1.38245439e-02, -2.85216659e-01],
       [ 6.35959923e-01,  5.81858233e-02, -1.07633758e+00,
        -4.03790861e-01, -4.78957802e-01,  6.94215536e-01,
        -3.66710797e-02, -2.24106863e-01],
       [ 8.83262157e-01,  6.05560318e-02, -9.70285952e-01,
        -4.19014663e-01, -3.23316783e-01,  6.19256258e-01,
        -4.59672995e-02, -3.37663680e-01],
       [ 6.91273034e-01,  5.16902544e-02, -1.12870991e+00,
        -4.23238069e-01, -4.95379806e-01,  7.26199865e-01,
        -4.77955155e-02, -2.66717970e-01],
       [ 8.58162045e-01,  4.97100316e-02, -1.08037555e+00,
        -4.25006121e-01, -4.25265938e-01,  7.25952387e-01,
        -5.23569845e-02, -3.16565335e-01],
       [ 5.21432042e-01,  4.38067578e-02, -1.34174943e+00,
        -4.22909498e-01, -7.27600992e-01,  9.04762328e-01,
        -5.94416484e-02, -1.66029781e-01],
       [ 4.94976193e-01, -5.02678640e-02, -2.17621350e+00,
        -5.83147287e-01, -1.26504838e+00,  1.56893122e+00,
         1.52616500e-04,  1.41284108e-01],
       [ 7.07990408e-01,  4.99520190e-02, -1.80718863e+00,
        -4.53085363e-01, -9.99780118e-01,  1.33837402e+00,
        -3.54505703e-02, -5.84052468e-04],
       [ 1.07277393e+00,  9.10970792e-02, -1.20998061e+00,
        -4.24311072e-01, -4.62391526e-01,  8.82066250e-01,
         7.24647753e-03, -3.10133398e-01],
       [ 7.27080882e-01,  6.14064112e-02, -1.10016191e+00,
        -4.20677423e-01, -4.67331290e-01,  7.07388282e-01,
        -4.22188342e-02, -2.73768216e-01],
       [ 9.07490730e-01,  5.25581688e-02, -1.06721497e+00,
        -4.34163749e-01, -3.96990895e-01,  7.12719798e-01,
        -4.71402109e-02, -3.36546779e-01],
       [ 7.02187300e-01,  5.09244129e-02, -1.21507943e+00,
        -4.32840288e-01, -5.66337168e-01,  8.04892302e-01,
        -5.55637181e-02, -2.61045277e-01],
       [ 5.16985774e-01, -5.06627969e-02, -2.18633175e+00,
        -5.82910120e-01, -1.24880040e+00,  1.54924464e+00,
         3.65751758e-02,  1.02129899e-01],
       [ 7.46416092e-01,  5.61392158e-02, -1.85146809e+00,
        -4.63510543e-01, -1.01728415e+00,  1.37304223e+00,
        -3.26317959e-02, -9.99597460e-03],
       [ 6.36877418e-01,  9.32056084e-03, -1.87970555e+00,
        -4.81967747e-01, -1.03615773e+00,  1.38209462e+00,
        -1.53405592e-02,  6.58558905e-02],
       [ 7.54248738e-01,  9.80117172e-02, -1.67672408e+00,
        -4.28310215e-01, -8.98569643e-01,  1.23993886e+00,
        -6.23803260e-03, -5.13681248e-02],
       [ 7.46185482e-01,  1.14445575e-01, -1.42796957e+00,
        -3.94759357e-01, -7.18169808e-01,  1.03874195e+00,
         1.88976631e-03, -1.09491676e-01],
       [ 1.37832797e+00,  1.41471624e-01, -7.98319042e-01,
        -4.05846387e-01,  2.00111535e-03,  4.52622920e-01,
         1.16959639e-01, -5.56864977e-01],
       [ 9.77541268e-01,  1.05011694e-01, -8.98388147e-01,
        -4.00005728e-01, -2.02001154e-01,  5.15967488e-01,
         1.05023254e-02, -4.00023371e-01],
       [ 8.59461427e-01,  1.06745027e-01, -1.01213622e+00,
        -3.88587266e-01, -3.40731889e-01,  6.30971491e-01,
        -3.07075854e-04, -3.17467839e-01],
       [ 1.05061471e+00,  1.07123449e-01, -9.48635817e-01,
        -3.98859978e-01, -2.23410487e-01,  5.76789737e-01,
         9.58088599e-03, -4.11299795e-01],
       [ 9.35831428e-01,  1.07824065e-01, -1.04690051e+00,
        -3.90627176e-01, -3.21882933e-01,  6.53062284e-01,
         9.11993254e-03, -3.51113856e-01],
       [ 1.13026273e+00,  1.21024579e-01, -9.51357126e-01,
        -3.78859550e-01, -2.06212670e-01,  6.03444576e-01,
         2.25563683e-02, -4.30592000e-01],
       [ 9.46878314e-01,  1.18997514e-01, -1.09294713e+00,
        -3.85148972e-01, -3.47937822e-01,  6.90056026e-01,
         1.40318368e-02, -3.50034714e-01],
       [ 9.50778663e-01,  1.25898212e-01, -1.13835728e+00,
        -3.78881633e-01, -3.90931755e-01,  7.48223245e-01,
         1.30200414e-02, -3.24511647e-01],
       [ 1.13360393e+00,  1.92716047e-02, -1.22686267e+00,
        -4.33959544e-01, -4.48146820e-01,  8.97443771e-01,
         5.85292652e-03, -3.06842625e-01],
       [ 1.16408944e+00, -1.99611746e-02, -1.37191975e+00,
        -4.85305309e-01, -5.14004827e-01,  9.55320895e-01,
        -1.18842442e-02, -3.29977959e-01],
       [ 1.20076430e+00,  1.91982076e-01, -1.15646017e+00,
        -3.09466094e-01, -2.93780714e-01,  6.82408869e-01,
         6.65245131e-02, -4.23591822e-01],
       [ 1.20076430e+00,  1.91982076e-01, -1.15646017e+00,
        -3.09466094e-01, -2.93780714e-01,  6.82408869e-01,
         6.65245131e-02, -4.23591822e-01],
       [ 1.20076430e+00,  1.91982076e-01, -1.15646017e+00,
        -3.09466094e-01, -2.93780714e-01,  6.82408869e-01,
         6.65245131e-02, -4.23591822e-01],
       [ 1.15869236e+00,  2.01910555e-01, -1.74380267e+00,
        -2.79777050e-01, -7.94817090e-01,  1.34956622e+00,
         1.54989675e-01, -6.53978437e-02],
       [ 1.09238243e+00,  2.12976679e-01, -1.87623274e+00,
        -3.32797348e-01, -8.84094775e-01,  1.37487257e+00,
         1.57438874e-01, -6.53456822e-02],
       [ 1.09678352e+00,  2.35162109e-01, -1.91332209e+00,
        -3.47876012e-01, -8.74999046e-01,  1.31556892e+00,
         1.55394629e-01, -1.18232325e-01],
       [ 1.18639719e+00,  2.64422685e-01, -1.72241366e+00,
        -3.21267545e-01, -6.82816446e-01,  1.12413454e+00,
         1.75903127e-01, -2.30792940e-01],
       [ 1.02290523e+00,  2.11603224e-01, -1.78500319e+00,
        -3.83191526e-01, -7.88819790e-01,  1.13486707e+00,
         1.15005501e-01, -1.72124609e-01],
       [ 1.09458899e+00,  2.54978478e-01, -1.57874310e+00,
        -3.49991173e-01, -5.92605054e-01,  9.09385920e-01,
         1.29860163e-01, -3.44347000e-01],
       [ 9.94942188e-01,  2.09730983e-01, -1.37597346e+00,
        -4.11059797e-01, -5.02580941e-01,  7.23028839e-01,
         5.11712544e-02, -3.70080411e-01],
       [ 1.08758116e+00,  2.49067143e-01, -1.28514934e+00,
        -3.77140254e-01, -3.32086056e-01,  5.62240064e-01,
         1.24574728e-01, -5.63411236e-01],
       [ 1.00849700e+00,  1.84858412e-01, -1.24562693e+00,
        -4.82293248e-01, -3.05013210e-01,  4.01936680e-01,
         4.10774685e-02, -6.35755360e-01],
       [ 8.41313481e-01,  1.72458142e-01, -1.13399136e+00,
        -3.37183505e-01, -3.35586637e-01,  4.66344565e-01,
         2.93728206e-02, -4.75082934e-01],
       [ 9.90428686e-01,  1.79605126e-01, -1.26341534e+00,
        -4.97604698e-01, -2.90901423e-01,  3.87311041e-01,
         3.54009457e-02, -6.69472158e-01],
       [ 8.60764861e-01,  1.95421189e-01, -1.30326641e+00,
        -3.66569489e-01, -3.69829506e-01,  4.82918203e-01,
         8.01200569e-02, -5.74072897e-01],
       [ 9.72507119e-01,  1.93587273e-01, -1.37588739e+00,
        -4.86982912e-01, -3.51230592e-01,  4.60311949e-01,
         5.17074205e-02, -6.83393419e-01],
       [ 9.54216778e-01,  2.09847674e-01, -1.50802493e+00,
        -4.67208505e-01, -3.84810239e-01,  5.31750262e-01,
         1.15523413e-01, -7.34975159e-01],
       [ 1.01922429e+00,  2.26607740e-01, -1.56002939e+00,
        -5.00567853e-01, -3.98830324e-01,  5.36716044e-01,
         1.03459328e-01, -7.65033543e-01],
       [ 1.02750278e+00,  2.58279622e-01, -1.70199311e+00,
        -4.70917314e-01, -4.49197590e-01,  5.97235680e-01,
         1.56796575e-01, -8.04625809e-01],
       [ 9.82460618e-01,  2.63133019e-01, -1.69169748e+00,
        -4.56750721e-01, -4.68639880e-01,  5.95492601e-01,
         1.39778912e-01, -7.71540940e-01],
       [ 9.29098904e-01,  2.74726272e-01, -1.66730022e+00,
        -4.10617024e-01, -4.95270282e-01,  6.05480552e-01,
         1.42907336e-01, -7.20265508e-01],
       [ 9.53445733e-01,  2.86650568e-01, -1.74172032e+00,
        -4.11078900e-01, -5.25343835e-01,  6.38451576e-01,
         1.54116660e-01, -7.45884359e-01],
       [ 1.00104678e+00,  2.97941774e-01, -1.82802463e+00,
        -4.23174411e-01, -5.41991770e-01,  6.65924907e-01,
         1.72860101e-01, -7.94103384e-01],
       [ 1.05842507e+00,  3.05859387e-01, -1.88748860e+00,
        -4.39371318e-01, -5.33984065e-01,  6.76878631e-01,
         1.92768157e-01, -8.49902213e-01],
       [ 1.02001929e+00,  3.03531021e-01, -1.86155975e+00,
        -4.24845606e-01, -5.46324492e-01,  6.78543985e-01,
         1.85251698e-01, -8.16794276e-01],
       [ 9.81811881e-01,  2.99247444e-01, -1.82047760e+00,
        -4.16274935e-01, -5.50000668e-01,  6.73093915e-01,
         1.71839476e-01, -7.81293452e-01],
       [ 9.96508300e-01,  2.97656178e-01, -1.82867050e+00,
        -4.40744549e-01, -5.45865178e-01,  6.68208897e-01,
         1.64940059e-01, -7.95333266e-01],
       [ 1.01881218e+00,  2.95943677e-01, -1.82723045e+00,
        -4.57867593e-01, -5.31929076e-01,  6.60569966e-01,
         1.62515044e-01, -8.10761988e-01],
       [ 1.04463124e+00,  2.95778781e-01, -1.83847380e+00,
        -4.73423719e-01, -5.22650599e-01,  6.58383667e-01,
         1.61459744e-01, -8.28052521e-01],
       [ 1.05093908e+00,  2.99714446e-01, -1.83049500e+00,
        -4.67933714e-01, -5.12745500e-01,  6.55901849e-01,
         1.59012929e-01, -8.30639660e-01],
       [ 1.04749870e+00,  3.07594359e-01, -1.80523264e+00,
        -4.56917554e-01, -5.04684448e-01,  6.56430364e-01,
         1.55739635e-01, -8.21320057e-01],
       [ 1.04400837e+00,  3.07796538e-01, -1.79310584e+00,
        -4.58823085e-01, -4.99645472e-01,  6.48292661e-01,
         1.44705340e-01, -8.15867543e-01],
       [ 1.04486465e+00,  3.07587624e-01, -1.78815198e+00,
        -4.64527875e-01, -4.97162610e-01,  6.44073725e-01,
         1.30390912e-01, -8.10862839e-01],
       [ 1.03487504e+00,  3.02649021e-01, -1.72768903e+00,
        -4.58278030e-01, -4.67581719e-01,  6.14018261e-01,
         1.16982728e-01, -7.94705331e-01],
       [ 1.01690614e+00,  3.03972423e-01, -1.66757464e+00,
        -4.36994761e-01, -4.49071437e-01,  5.99752843e-01,
         1.09993838e-01, -7.67452180e-01],
       [ 9.96492743e-01,  3.04804534e-01, -1.63529027e+00,
        -4.28280324e-01, -4.52413559e-01,  6.05884433e-01,
         9.70736966e-02, -7.37757027e-01],
       [ 9.74686861e-01,  2.97219396e-01, -1.64487338e+00,
        -4.54613328e-01, -4.73344743e-01,  6.17248893e-01,
         7.49145597e-02, -7.26947546e-01],
       [ 9.38672841e-01,  2.92358249e-01, -1.66714919e+00,
        -4.74784732e-01, -5.10845602e-01,  6.49414361e-01,
         6.10930398e-02, -7.05818355e-01],
       [ 1.04850769e+00,  2.73496389e-01, -1.76402247e+00,
        -5.74164391e-01, -4.94404882e-01,  7.03148425e-01,
         3.82435732e-02, -8.58857393e-01],
       [ 1.03768504e+00,  2.85709381e-01, -1.82956004e+00,
        -5.84279478e-01, -5.41641414e-01,  7.47390747e-01,
         4.08079810e-02, -8.52563441e-01],
       [ 1.06366825e+00,  2.99551547e-01, -1.93355894e+00,
        -6.12727702e-01, -5.84469736e-01,  7.95598269e-01,
         4.71937433e-02, -8.82111073e-01],
       [ 1.06663120e+00,  3.03716481e-01, -1.96288240e+00,
        -6.22663081e-01, -5.96082270e-01,  8.05530608e-01,
         5.24394251e-02, -8.88153553e-01],
       [ 1.03900301e+00,  3.04711908e-01, -1.95870256e+00,
        -6.19112074e-01, -6.09219134e-01,  8.06367636e-01,
         5.58131151e-02, -8.67724121e-01],
       [ 9.83048856e-01,  3.02753806e-01, -1.94107533e+00,
        -6.08266175e-01, -6.32043302e-01,  8.07364106e-01,
         5.40976860e-02, -8.29512477e-01],
       [ 9.35917437e-01,  3.00778687e-01, -1.90567172e+00,
        -5.92017531e-01, -6.37264073e-01,  7.96252370e-01,
         4.98641953e-02, -7.93999493e-01],
       [ 8.97346079e-01,  2.95784563e-01, -1.86753345e+00,
        -5.78595936e-01, -6.36076093e-01,  7.83140481e-01,
         4.45361435e-02, -7.64716268e-01],
       [ 8.89556229e-01,  2.88637578e-01, -1.83489227e+00,
        -5.79885662e-01, -6.20274901e-01,  7.69704700e-01,
         3.59604917e-02, -7.59436905e-01],
       [ 8.69823575e-01,  2.87643820e-01, -1.83223057e+00,
        -5.84067404e-01, -6.32240176e-01,  7.70158112e-01,
         2.78404839e-02, -7.49380112e-01],
       [ 8.46279740e-01,  2.88566887e-01, -1.83574724e+00,
        -5.83318651e-01, -6.51796341e-01,  7.77628243e-01,
         2.05502678e-02, -7.34555364e-01],
       [ 8.08999121e-01,  2.90722191e-01, -1.84336555e+00,
        -5.73453248e-01, -6.83743358e-01,  7.90091395e-01,
         1.75541248e-02, -7.07895339e-01],
       [ 7.53939688e-01,  2.85503924e-01, -1.83206308e+00,
        -5.59464216e-01, -7.14693844e-01,  7.96604097e-01,
         1.19601330e-02, -6.68716431e-01],
       [ 6.89133584e-01,  2.75093257e-01, -1.80785620e+00,
        -5.44218779e-01, -7.44645596e-01,  8.00415993e-01,
         4.95533971e-03, -6.21255934e-01],
       [ 6.37737334e-01,  2.67730713e-01, -1.79744363e+00,
        -5.32450438e-01, -7.73194313e-01,  8.08856189e-01,
         2.58139055e-03, -5.84655523e-01],
       [ 5.98377049e-01,  2.66182154e-01, -1.78917432e+00,
        -5.19467175e-01, -7.95383275e-01,  8.18474412e-01,
         5.54164313e-03, -5.54806530e-01],
       [ 5.65391541e-01,  2.67646074e-01, -1.77812922e+00,
        -5.03093243e-01, -8.19443345e-01,  8.35166514e-01,
         8.19966849e-03, -5.18661857e-01],
       [ 5.39835989e-01,  2.66744405e-01, -1.75083637e+00,
        -4.85347897e-01, -8.26132715e-01,  8.37058723e-01,
         9.15207714e-03, -4.85889465e-01],
       [ 5.22610962e-01,  2.67083317e-01, -1.73415971e+00,
        -4.71569031e-01, -8.33657205e-01,  8.41729045e-01,
         1.14338370e-02, -4.59518343e-01],
       [ 4.93283719e-01,  2.60266870e-01, -1.72155249e+00,
        -4.65702444e-01, -8.45485985e-01,  8.43407035e-01,
         7.85932224e-03, -4.35847998e-01],
       [ 4.61736828e-01,  2.49739587e-01, -1.72017252e+00,
        -4.65375274e-01, -8.63303363e-01,  8.46972167e-01,
        -1.46167440e-04, -4.12941158e-01],
       [ 4.37428057e-01,  2.38386229e-01, -1.71779251e+00,
        -4.66784149e-01, -8.75309646e-01,  8.48090768e-01,
        -7.59669719e-03, -3.96512806e-01],
       [ 4.18930054e-01,  2.22725421e-01, -1.71978295e+00,
        -4.83391374e-01, -8.79630148e-01,  8.40724111e-01,
        -2.00366750e-02, -3.99503082e-01],
       [ 4.03901130e-01,  2.04332903e-01, -1.71311533e+00,
        -5.03964365e-01, -8.73830616e-01,  8.25896800e-01,
        -4.00932431e-02, -4.09408987e-01],
       [ 4.00226444e-01,  1.82866275e-01, -1.71437311e+00,
        -5.39081573e-01, -8.64011526e-01,  8.13755631e-01,
        -6.33003190e-02, -4.36152399e-01],
       [ 3.81618321e-01,  1.59710035e-01, -1.71145630e+00,
        -5.69646180e-01, -8.61977339e-01,  8.18630576e-01,
        -8.29363987e-02, -4.40150052e-01],
       [ 3.78090918e-01,  1.26698986e-01, -1.67262518e+00,
        -5.86906850e-01, -8.35759938e-01,  8.05840254e-01,
        -1.10491022e-01, -4.31150556e-01],
       [ 3.97981524e-01,  9.06947628e-02, -1.65367949e+00,
        -6.05023801e-01, -8.18561316e-01,  8.03128481e-01,
        -1.35775879e-01, -4.26508695e-01],
       [ 4.05808896e-01,  6.66185841e-02, -1.63292241e+00,
        -6.08679533e-01, -8.11003387e-01,  8.01565289e-01,
        -1.51465848e-01, -4.11738127e-01],
       [ 4.20826882e-01,  5.07713929e-02, -1.61140311e+00,
        -6.04362667e-01, -7.99180329e-01,  8.05079639e-01,
        -1.59680113e-01, -3.98178220e-01],
       [ 4.23767000e-01,  2.80775316e-02, -1.56940591e+00,
        -5.90759218e-01, -7.80041397e-01,  8.02871525e-01,
        -1.65355161e-01, -3.66650969e-01],
       [ 4.50274467e-01,  1.49166938e-02, -1.55399120e+00,
        -5.94784200e-01, -7.58301020e-01,  8.01504433e-01,
        -1.69833824e-01, -3.70000750e-01],
       [ 4.80490983e-01,  8.12754128e-03, -1.54823482e+00,
        -5.99687397e-01, -7.43844330e-01,  8.12086761e-01,
        -1.70917496e-01, -3.73577386e-01],
       [ 4.88409281e-01, -1.62782446e-02, -1.51326776e+00,
        -6.02987945e-01, -7.15349853e-01,  8.15084457e-01,
        -1.74741372e-01, -3.49704146e-01],
       [ 4.69373614e-01, -2.82831322e-02, -1.49163485e+00,
        -6.01481438e-01, -7.03833580e-01,  8.20370495e-01,
        -1.72656044e-01, -3.20474803e-01],
       [ 4.92703050e-01, -1.73040889e-02, -1.48308158e+00,
        -5.96719384e-01, -6.79047585e-01,  8.16579401e-01,
        -1.64162025e-01, -3.37372869e-01],
       [ 4.51418370e-01, -4.44532260e-02, -1.56738734e+00,
        -5.78418255e-01, -7.61465192e-01,  9.30504560e-01,
        -1.49084717e-01, -2.26209581e-01],
       [ 4.49575424e-01, -9.23537314e-02, -1.66131926e+00,
        -5.81919491e-01, -8.30901325e-01,  1.03780711e+00,
        -1.38627365e-01, -1.55947477e-01],
       [ 7.91365206e-01, -9.05722938e-03, -1.76107943e+00,
        -7.14003980e-01, -6.21306837e-01,  9.19369102e-01,
        -1.13742113e-01, -5.61605394e-01],
       [ 1.25843990e+00,  4.25229296e-02, -1.58028448e+00,
        -8.32921743e-01, -2.36857459e-01,  5.63305557e-01,
        -7.69055337e-02, -1.01009488e+00],
       [ 5.19262433e-01, -3.25756110e-02, -1.59847224e+00,
        -5.80420256e-01, -7.56392002e-01,  9.34365869e-01,
        -1.75233930e-01, -2.56309867e-01],
       [ 4.76436734e-01, -1.06910095e-01, -1.73904169e+00,
        -5.96658111e-01, -8.65954518e-01,  1.08564019e+00,
        -1.63603395e-01, -1.66750148e-01],
       [ 8.19014907e-01, -5.72505705e-02, -1.82005775e+00,
        -7.41542161e-01, -6.53839052e-01,  9.95756984e-01,
        -1.29494593e-01, -5.34257352e-01],
       [ 7.62851357e-01, -4.27825414e-02, -1.77822864e+00,
        -7.14578450e-01, -6.68741286e-01,  9.73116994e-01,
        -1.50774300e-01, -5.07260501e-01],
       [ 6.95579827e-01, -3.77479494e-02, -1.70173562e+00,
        -6.64150000e-01, -6.94952428e-01,  9.47391093e-01,
        -1.85569972e-01, -4.30806220e-01],
       [ 5.29001057e-01, -8.79458189e-02, -1.75801861e+00,
        -5.83970308e-01, -8.70830953e-01,  1.09262848e+00,
        -2.02759787e-01, -1.72936782e-01],
       [ 4.94329065e-01, -7.78852552e-02, -1.76196170e+00,
        -5.94284296e-01, -8.87620151e-01,  1.10942721e+00,
        -1.71950907e-01, -1.71781346e-01],
       [ 5.19474268e-01, -6.23722747e-02, -1.75243688e+00,
        -5.90963304e-01, -8.62258792e-01,  1.10691810e+00,
        -1.73945606e-01, -1.99815765e-01],
       [ 1.11754441e+00, -9.41210054e-03, -1.71147394e+00,
        -8.02475333e-01, -4.29898560e-01,  7.68634021e-01,
        -1.61349118e-01, -7.93788016e-01],
       [ 6.31639481e-01, -1.25251468e-02, -1.73058319e+00,
        -5.39019108e-01, -8.57298851e-01,  1.07651937e+00,
        -1.97113708e-01, -1.85144067e-01]], dtype=float32), 'ground_truth': array([[ 5.55105338e-01,  3.24637857e-01, -2.63315477e+00,
        -9.82110947e-01, -8.14520923e-01,  8.89119738e-01,
         9.07795908e-01, -9.92762319e-01],
       [ 5.74178564e-01,  3.07804135e-01, -2.61408154e+00,
        -9.98944669e-01, -7.95447696e-01,  8.72286016e-01,
         9.26869135e-01, -1.00959604e+00],
       [ 5.93148789e-01,  2.90701923e-01, -2.59511132e+00,
        -1.01604688e+00, -7.76477471e-01,  8.55183805e-01,
         9.45839360e-01, -1.02669825e+00],
       [ 6.12057957e-01,  2.73355957e-01, -2.57620215e+00,
        -1.03339285e+00, -7.57568304e-01,  8.37837838e-01,
         9.64748528e-01, -1.04404422e+00],
       [ 6.31176855e-01,  2.56036455e-01, -2.55708325e+00,
        -1.05071235e+00, -7.38449405e-01,  8.20518337e-01,
         9.83867426e-01, -1.06136372e+00],
       [ 6.50085929e-01,  2.38304619e-01, -2.53817418e+00,
        -1.06844418e+00, -7.19540331e-01,  8.02786501e-01,
         1.00277650e+00, -1.07909556e+00],
       [ 6.69351269e-01,  2.20785826e-01, -2.51890884e+00,
        -1.08596298e+00, -7.00274991e-01,  7.85267708e-01,
         1.02204184e+00, -1.09661435e+00],
       [ 6.88153110e-01,  2.02477099e-01, -2.50010700e+00,
        -1.10427170e+00, -6.81473150e-01,  7.66958981e-01,
         1.04084368e+00, -1.11492308e+00],
       [ 7.06632342e-01,  1.83560854e-01, -2.48162776e+00,
        -1.12318795e+00, -6.62993918e-01,  7.48042736e-01,
         1.05932291e+00, -1.13383932e+00],
       [ 7.25411111e-01,  1.64822700e-01, -2.46284900e+00,
        -1.14192610e+00, -6.44215149e-01,  7.29304582e-01,
         1.07810168e+00, -1.15257748e+00],
       [ 7.45161098e-01,  1.46958433e-01, -2.44309901e+00,
        -1.15979037e+00, -6.24465162e-01,  7.11440314e-01,
         1.09785167e+00, -1.17044174e+00],
       [ 7.64990379e-01,  1.29026993e-01, -2.42326973e+00,
        -1.17772181e+00, -6.04635881e-01,  6.93508875e-01,
         1.11768095e+00, -1.18837318e+00],
       [ 7.85116327e-01,  1.11316828e-01, -2.40314378e+00,
        -1.19543198e+00, -5.84509933e-01,  6.75798709e-01,
         1.13780690e+00, -1.20608335e+00],
       [ 8.05082493e-01,  9.32326458e-02, -2.38317761e+00,
        -1.21351616e+00, -5.64543767e-01,  6.57714527e-01,
         1.15777306e+00, -1.22416753e+00],
       [ 8.24542098e-01,  7.42343079e-02, -2.36371801e+00,
        -1.23251450e+00, -5.45084162e-01,  6.38716189e-01,
         1.17723267e+00, -1.24316587e+00],
       [ 8.44220019e-01,  5.53732695e-02, -2.34404009e+00,
        -1.25137553e+00, -5.25406242e-01,  6.19855151e-01,
         1.19691059e+00, -1.26202691e+00],
       [ 8.63833911e-01,  3.63052410e-02, -2.32442620e+00,
        -1.27044356e+00, -5.05792350e-01,  6.00787122e-01,
         1.21652448e+00, -1.28109493e+00],
       [ 8.83909876e-01,  1.76468205e-02, -2.30435023e+00,
        -1.28910198e+00, -4.85716385e-01,  5.82128702e-01,
         1.23660045e+00, -1.29975336e+00],
       [ 9.04494971e-01, -5.89348486e-04, -2.28376514e+00,
        -1.30733815e+00, -4.65131290e-01,  5.63892533e-01,
         1.25718554e+00, -1.31798952e+00],
       [ 9.25507400e-01, -1.84497004e-02, -2.26275271e+00,
        -1.32519850e+00, -4.44118860e-01,  5.46032181e-01,
         1.27819797e+00, -1.33584988e+00],
       [ 9.46680970e-01, -3.61769414e-02, -2.24157914e+00,
        -1.34292575e+00, -4.22945291e-01,  5.28304940e-01,
         1.29937154e+00, -1.35357712e+00],
       [ 9.67794046e-01, -5.40674294e-02, -2.22046606e+00,
        -1.36081623e+00, -4.01832214e-01,  5.10414452e-01,
         1.32048462e+00, -1.37146760e+00],
       [ 9.89137062e-01, -7.17004210e-02, -2.19912305e+00,
        -1.37844922e+00, -3.80489199e-01,  4.92781461e-01,
         1.34182763e+00, -1.38910060e+00],
       [ 1.01047994e+00, -8.94519229e-02, -2.17778017e+00,
        -1.39620073e+00, -3.59146321e-01,  4.75029959e-01,
         1.36317051e+00, -1.40685210e+00],
       [ 1.03210105e+00, -1.06820134e-01, -2.15615906e+00,
        -1.41356894e+00, -3.37525209e-01,  4.57661748e-01,
         1.38479162e+00, -1.42422031e+00],
       [ 1.05378923e+00, -1.24223610e-01, -2.13447088e+00,
        -1.43097241e+00, -3.15837029e-01,  4.40258271e-01,
         1.40647980e+00, -1.44162379e+00],
       [ 1.07572610e+00, -1.41263913e-01, -2.11253401e+00,
        -1.44801272e+00, -2.93900161e-01,  4.23217969e-01,
        -9.64186681e-01, -1.79328141e+00],
       [ 1.09735915e+00, -1.59452548e-01, -2.09090096e+00,
        -1.46620135e+00, -2.72267115e-01,  4.05029333e-01,
        -9.42553636e-01, -1.81147005e+00],
       [ 1.11786599e+00, -1.77298729e-01, -2.07039412e+00,
        -1.48404753e+00, -2.51760275e-01,  3.87183152e-01,
        -9.22046795e-01, -1.82931623e+00],
       [ 1.13649705e+00, -1.94003805e-01, -2.05176306e+00,
        -1.50075261e+00, -2.33129209e-01,  3.70478076e-01,
        -9.03415729e-01, -1.84602131e+00],
       [ 1.15445972e+00, -2.10125915e-01, -2.03380039e+00,
        -1.51687472e+00, -2.15166543e-01,  3.54355967e-01,
        -8.85453064e-01, -1.86214342e+00],
       [ 1.17159607e+00, -2.25522401e-01, -2.01666404e+00,
        -1.53227120e+00, -1.98030190e-01,  3.38959481e-01,
        -8.68316711e-01, -1.87753990e+00],
       [ 1.18811522e+00, -2.40387435e-01, -2.00014488e+00,
        -1.54713624e+00, -1.81511036e-01,  3.24094446e-01,
        -8.51797557e-01, -1.89240494e+00],
       [ 1.20387756e+00, -2.54557033e-01, -1.98438254e+00,
        -1.56130584e+00, -1.65748698e-01,  3.09924849e-01,
        -8.36035219e-01, -1.90657453e+00],
       [ 1.21906831e+00, -2.68244414e-01, -1.96919180e+00,
        -1.57499322e+00, -1.50557954e-01,  2.96237468e-01,
        -8.20844474e-01, -1.92026191e+00],
       [ 1.23356939e+00, -2.81265518e-01, -1.95469072e+00,
        -1.58801432e+00, -1.36056870e-01,  2.83216364e-01,
        -8.06343390e-01, -1.93328302e+00],
       [ 1.24792091e+00, -2.93546943e-01, -1.94033920e+00,
        -1.60029575e+00, -1.21705353e-01,  2.70934938e-01,
        -7.91991873e-01, -1.94556444e+00],
       [ 1.26139226e+00, -3.05438644e-01, -1.92686785e+00,
        -1.61218745e+00, -1.08233999e-01,  2.59043237e-01,
        -7.78520519e-01, -1.95745615e+00],
       [ 1.27450112e+00, -3.16869690e-01, -1.91375898e+00,
        -1.62361849e+00, -9.51251383e-02,  2.47612191e-01,
        -7.65411659e-01, -1.96888719e+00],
       [ 1.28683177e+00, -3.27854630e-01, -1.90142833e+00,
        -1.63460343e+00, -8.27944880e-02,  2.36627251e-01,
        -7.53081008e-01, -1.97987213e+00],
       [ 1.29866115e+00, -3.38510259e-01, -1.88959895e+00,
        -1.64525906e+00, -7.09651072e-02,  2.25971622e-01,
        -7.41251627e-01, -1.99052776e+00],
       [ 1.30997697e+00, -3.48586331e-01, -1.87828313e+00,
        -1.65533514e+00, -5.96492872e-02,  2.15895550e-01,
        -7.29935807e-01, -2.00060383e+00],
       [ 1.32066870e+00, -3.57859015e-01, -1.86759141e+00,
        -1.66460782e+00, -4.89575623e-02,  2.06622867e-01,
        -7.19244083e-01, -2.00987652e+00],
       [ 1.33076273e+00, -3.66205766e-01, -1.85749737e+00,
        -1.67295457e+00, -3.88635284e-02,  1.98276116e-01,
        -7.09150049e-01, -2.01822327e+00],
       [ 1.34013691e+00, -3.73085962e-01, -1.84812319e+00,
        -1.67983477e+00, -2.94893475e-02,  1.91395919e-01,
        -6.99775868e-01, -2.02510346e+00],
       [ 1.34888848e+00, -3.78536580e-01, -1.83937163e+00,
        -1.68528538e+00, -2.07377791e-02,  1.85945301e-01,
        -6.91024299e-01, -2.03055408e+00],
       [ 1.35711200e+00, -3.82597469e-01, -1.83114811e+00,
        -1.68934627e+00, -1.25142628e-02,  1.81884413e-01,
        -6.82800783e-01, -2.03461497e+00],
       [ 1.36489918e+00, -3.85311297e-01, -1.82336093e+00,
        -1.69206010e+00, -4.72708444e-03,  1.79170584e-01,
        -6.75013605e-01, -2.03732880e+00],
       [ 1.37233872e+00, -3.86723483e-01, -1.81592138e+00,
        -1.69347229e+00,  2.71246262e-03,  1.77758399e-01,
        -6.67574058e-01, -2.03874098e+00],
       [ 1.37951618e+00, -3.86882104e-01, -1.80874393e+00,
        -1.69363091e+00,  9.88992086e-03,  1.77599777e-01,
        -6.60396599e-01, -2.03889961e+00],
       [ 1.38651378e+00, -3.85837803e-01, -1.80174633e+00,
        -1.69258661e+00,  1.68875184e-02,  1.78644078e-01,
        -6.53399002e-01, -2.03785530e+00],
       [ 1.39341029e+00, -3.83643670e-01, -1.79484982e+00,
        -1.69039247e+00,  2.37840256e-02,  1.80838211e-01,
        -6.46502495e-01, -2.03566117e+00],
       [ 1.40028088e+00, -3.80355119e-01, -1.78797923e+00,
        -1.68710392e+00,  3.06546191e-02,  1.84126762e-01,
        -6.39631901e-01, -2.03237262e+00],
       [ 1.40719702e+00, -3.76029750e-01, -1.78106309e+00,
        -1.68277855e+00,  3.75707549e-02,  1.88452131e-01,
        -6.32715765e-01, -2.02804725e+00],
       [ 1.41422631e+00, -3.70727200e-01, -1.77403380e+00,
        -1.67747600e+00,  4.46000500e-02,  1.93754682e-01,
        -6.25686470e-01, -2.02274470e+00],
       [ 1.42143244e+00, -3.64508984e-01, -1.76682767e+00,
        -1.67125779e+00,  5.18061744e-02,  1.99972898e-01,
        -6.18480346e-01, -2.01652649e+00],
       [ 1.42887501e+00, -3.57438329e-01, -1.75938509e+00,
        -1.66418713e+00,  5.92487534e-02,  2.07043553e-01,
        -6.11037767e-01, -2.00945583e+00],
       [ 1.43660954e+00, -3.49579996e-01, -1.75165057e+00,
        -1.65632880e+00,  6.69832804e-02,  2.14901885e-01,
        -6.03303240e-01, -2.00159750e+00],
       [ 1.44468730e+00, -3.41000098e-01, -1.74357280e+00,
        -1.64774890e+00,  7.50610416e-02,  2.23481784e-01,
        -5.95225479e-01, -1.99301760e+00],
       [ 1.45315531e+00, -3.31765906e-01, -1.73510479e+00,
        -1.63851471e+00,  8.35290517e-02,  2.32715975e-01,
        -5.86757469e-01, -1.98378341e+00],
       [ 1.46205626e+00, -3.21945660e-01, -1.72620384e+00,
        -1.62869446e+00,  9.24300026e-02,  2.42536222e-01,
        -5.77856518e-01, -1.97396316e+00],
       [ 1.47142848e+00, -3.11608360e-01, -1.71683162e+00,
        -1.61835716e+00,  1.01802223e-01,  2.52873522e-01,
        -5.68484297e-01, -1.96362586e+00],
       [ 1.48039417e+00, -3.01682294e-01, -1.70786593e+00,
        -1.60843110e+00,  1.10767912e-01,  2.62799588e-01,
        -5.59518609e-01, -1.95369980e+00],
       [ 1.48821724e+00, -2.92827551e-01, -1.70004286e+00,
        -1.59957635e+00,  1.18590982e-01,  2.71654330e-01,
        -5.51695538e-01, -1.94484505e+00],
       [ 1.49490043e+00, -2.84954241e-01, -1.69335968e+00,
        -1.59170304e+00,  1.25274169e-01,  2.79527641e-01,
        -5.45012352e-01, -1.93697174e+00],
       [ 1.50044942e+00, -2.77973545e-01, -1.68781068e+00,
        -1.58472235e+00,  1.30823163e-01,  2.86508337e-01,
        -5.39463357e-01, -1.92999105e+00],
       [ 1.50487289e+00, -2.71797865e-01, -1.68338721e+00,
        -1.57854667e+00,  1.35246633e-01,  2.92684016e-01,
        -5.35039887e-01, -1.92381537e+00],
       [ 1.50818249e+00, -2.66340973e-01, -1.68007762e+00,
        -1.57308978e+00,  1.38556230e-01,  2.98140909e-01,
        -5.31730290e-01, -1.91835847e+00],
       [ 1.51039284e+00, -2.61518155e-01, -1.67786727e+00,
        -1.56826696e+00,  1.40766579e-01,  3.02963726e-01,
        -5.29519941e-01, -1.91353566e+00],
       [ 1.51152153e+00, -2.57246366e-01, -1.67673858e+00,
        -1.56399517e+00,  1.41895264e-01,  3.07235516e-01,
        -5.28391256e-01, -1.90926387e+00],
       [ 1.51158906e+00, -2.53444371e-01, -1.67667105e+00,
        -1.56019317e+00,  1.41962799e-01,  3.11037511e-01,
        -5.28323721e-01, -1.90546187e+00],
       [ 1.51061885e+00, -2.50032896e-01, -1.67764126e+00,
        -1.55678170e+00,  1.40992585e-01,  3.14448985e-01,
        -5.29293935e-01, -1.90205040e+00],
       [ 1.50863712e+00, -2.46934776e-01, -1.67962298e+00,
        -1.55368358e+00,  1.39010864e-01,  3.17547106e-01,
        -5.31275657e-01, -1.89895228e+00],
       [ 1.50567291e+00, -2.44075088e-01, -1.68258719e+00,
        -1.55082389e+00,  1.36046653e-01,  3.20406793e-01,
        -5.34239867e-01, -1.89609259e+00],
       [ 1.50175794e+00, -2.41381303e-01, -1.68650217e+00,
        -1.54813011e+00,  1.32131675e-01,  3.23100578e-01,
        -5.38154845e-01, -1.89339880e+00],
       [ 1.49692654e+00, -2.38783414e-01, -1.69133357e+00,
        -1.54553222e+00,  1.27300275e-01,  3.25698468e-01,
        -5.42986245e-01, -1.89080092e+00],
       [ 1.49121559e+00, -2.36214068e-01, -1.69704452e+00,
        -1.54296287e+00,  1.21589327e-01,  3.28267813e-01,
        -5.48697194e-01, -1.88823157e+00],
       [ 1.48466439e+00, -2.33608700e-01, -1.70359571e+00,
        -1.54035750e+00,  1.15038132e-01,  3.30873181e-01,
        -5.55248388e-01, -1.88562620e+00],
       [ 1.47731457e+00, -2.30905648e-01, -1.71094554e+00,
        -1.53765445e+00,  1.07688307e-01,  3.33576234e-01,
        -5.62598213e-01, -1.88292315e+00],
       [ 1.46920992e+00, -2.28046271e-01, -1.71905018e+00,
        -1.53479508e+00,  9.95836639e-02,  3.36435610e-01,
        -5.70702856e-01, -1.88006377e+00],
       [ 1.46039634e+00, -2.24975063e-01, -1.72786377e+00,
        -1.53172387e+00,  9.07700785e-02,  3.39506819e-01,
        -5.79516442e-01, -1.87699256e+00],
       [ 1.45092161e+00, -2.21639748e-01, -1.73733849e+00,
        -1.52838855e+00,  8.12953541e-02,  3.42842134e-01,
        -5.88991166e-01, -1.87365725e+00],
       [ 1.44083534e+00, -2.17991380e-01, -1.74742477e+00,
        -1.52474018e+00,  7.12090754e-02,  3.46490501e-01,
        -5.99077445e-01, -1.87000888e+00],
       [ 1.43018872e+00, -2.13984431e-01, -1.75807139e+00,
        -1.52073324e+00,  6.05624555e-02,  3.50497450e-01,
        -6.09724065e-01, -1.86600193e+00],
       [ 1.41903444e+00, -2.09576866e-01, -1.76922567e+00,
        -1.51632567e+00,  4.94081757e-02,  3.54905015e-01,
        -6.20878345e-01, -1.86159437e+00],
       [ 1.40742648e+00, -2.04730216e-01, -1.78083363e+00,
        -1.51147902e+00,  3.78002199e-02,  3.59751666e-01,
        -6.32486300e-01, -1.85674772e+00],
       [ 1.39541996e+00, -1.99409634e-01, -1.79284014e+00,
        -1.50615844e+00,  2.57937023e-02,  3.65072247e-01,
        -6.44492818e-01, -1.85142714e+00],
       [ 1.38307095e+00, -1.93583953e-01, -1.80518916e+00,
        -1.50033276e+00,  1.34446905e-02,  3.70897929e-01,
        -6.56841830e-01, -1.84560145e+00],
       [ 1.37043628e+00, -1.87225719e-01, -1.81782382e+00,
        -1.49397452e+00,  8.10024067e-04,  3.77256162e-01,
        -6.69476496e-01, -1.83924322e+00],
       [ 1.35757339e+00, -1.80311227e-01, -1.83068672e+00,
        -1.48706003e+00, -1.20528708e-02,  3.84170655e-01,
        -6.82339391e-01, -1.83232873e+00],
       [ 1.34454009e+00, -1.72820536e-01, -1.84372002e+00,
        -1.47956934e+00, -2.50861698e-02,  3.91661345e-01,
        -6.95372690e-01, -1.82483804e+00],
       [ 1.33139442e+00, -1.64737484e-01, -1.85686569e+00,
        -1.47148629e+00, -3.82318419e-02,  3.99744397e-01,
        -7.08518362e-01, -1.81675499e+00],
       [ 1.31819442e+00, -1.56049679e-01, -1.87006569e+00,
        -1.46279848e+00, -5.14318417e-02,  4.08432202e-01,
        -7.21718362e-01, -1.80806718e+00],
       [ 1.30499796e+00, -1.46748491e-01, -1.88326215e+00,
        -1.45349729e+00, -6.46283037e-02,  4.17733391e-01,
        -7.34914824e-01, -1.79876599e+00],
       [ 1.29186252e+00, -1.36829023e-01, -1.89639758e+00,
        -1.44357783e+00, -7.77637366e-02,  4.27652858e-01,
        -7.48050257e-01, -1.78884652e+00],
       [ 1.27884504e+00, -1.26290081e-01, -1.90941506e+00,
        -1.43303889e+00, -9.07812172e-02,  4.38191800e-01,
        -7.61067737e-01, -1.77830758e+00],
       [ 1.26600168e+00, -1.15134121e-01, -1.92225843e+00,
        -1.42188292e+00, -1.03624583e-01,  4.49347761e-01,
        -7.73911103e-01, -1.76715162e+00],
       [ 1.25321585e+00, -1.03400688e-01, -1.93504425e+00,
        -1.41014949e+00, -1.16410406e-01,  4.61081194e-01,
        -7.86696927e-01, -1.75541819e+00],
       [ 1.24055469e+00, -9.10702806e-02, -1.94770542e+00,
        -1.39781908e+00, -1.29071575e-01,  4.73411601e-01,
        -7.99358095e-01, -1.74308778e+00],
       [ 1.22744855e+00, -7.82183415e-02, -1.96081156e+00,
        -1.38496715e+00, -1.42177714e-01,  4.86263540e-01,
        -8.12464234e-01, -1.73023584e+00],
       [ 1.21382371e+00, -6.48712227e-02, -1.97443640e+00,
        -1.37162003e+00, -1.55802551e-01,  4.99610659e-01,
        -8.26089071e-01, -1.71688872e+00],
       [ 1.20158650e+00, -5.07302498e-02, -1.98667361e+00,
        -1.35747905e+00, -1.68039764e-01,  5.13751632e-01,
        -8.38326284e-01, -1.70274775e+00],
       [ 1.19027976e+00, -3.59174199e-02, -1.99798035e+00,
        -1.34266622e+00, -1.79346506e-01,  5.28564462e-01,
        -8.49633026e-01, -1.68793492e+00],
       [ 1.17859238e+00, -2.06504596e-02, -2.00966772e+00,
        -1.32739926e+00, -1.91033877e-01,  5.43831422e-01,
        -8.61320397e-01, -1.67266796e+00],
       [ 1.16620966e+00, -4.95746448e-03, -2.02205045e+00,
        -1.31170627e+00, -2.03416599e-01,  5.59524417e-01,
        -8.73703120e-01, -1.65697497e+00],
       [ 1.15453272e+00,  1.13038388e-02, -2.03372738e+00,
        -1.29544497e+00, -2.15093536e-01,  5.75785720e-01,
        -8.85380056e-01, -1.64071366e+00],
       [ 1.14372448e+00,  2.81636908e-02, -2.04453563e+00,
        -1.27858511e+00, -2.25901784e-01,  5.92645572e-01,
        -8.96188305e-01, -1.62385381e+00],
       [ 1.13363413e+00,  4.55615931e-02, -2.05462598e+00,
        -1.26118721e+00, -2.35992135e-01,  6.10043475e-01,
        -9.06278655e-01, -1.60645591e+00],
       [ 1.12258077e+00,  6.32749267e-02, -2.06567934e+00,
        -1.24347388e+00, -2.47045493e-01,  6.27756808e-01,
        -9.17332013e-01, -1.58874257e+00],
       [ 1.11141563e+00,  8.13676333e-02, -2.07684447e+00,
        -1.22538117e+00, -2.58210626e-01,  6.45849515e-01,
        -9.28497146e-01, -1.57064987e+00],
       [ 1.10115782e+00,  9.99926640e-02, -2.08710228e+00,
        -1.20675614e+00, -2.68468436e-01,  6.64474545e-01,
        -9.38754956e-01, -1.55202484e+00],
       [ 1.09209377e+00,  1.19199436e-01, -2.09616634e+00,
        -1.18754937e+00, -2.77532493e-01,  6.83681318e-01,
        -9.47819013e-01, -1.53281807e+00],
       [ 1.08293373e+00,  1.38733063e-01, -2.10532638e+00,
        -1.16801574e+00, -2.86692531e-01,  7.03214944e-01,
        -9.56979052e-01, -1.51328444e+00],
       [ 1.07406329e+00,  1.58642622e-01, -2.11419682e+00,
        -1.14810618e+00, -2.95562971e-01,  7.23124503e-01,
        -9.65849491e-01, -1.49337488e+00],
       [ 1.06549429e+00,  1.78910121e-01, -2.12276582e+00,
        -1.12783868e+00, -3.04131975e-01,  7.43392002e-01,
        -9.74418495e-01, -1.47310738e+00],
       [ 1.05669303e+00,  1.99509416e-01, -2.13156708e+00,
        -1.10723939e+00, -3.12933229e-01,  7.63991298e-01,
        -9.83219749e-01, -1.45250809e+00],
       [ 1.04892447e+00,  2.20463511e-01, -2.13933564e+00,
        -1.08628529e+00, -3.20701790e-01,  7.84945393e-01,
        -9.90988310e-01, -1.43155399e+00],
       [ 1.04159088e+00,  2.41706521e-01, -2.14666923e+00,
        -1.06504228e+00, -3.28035382e-01,  8.06188402e-01,
        -9.98321902e-01, -1.41031098e+00],
       [ 1.03447112e+00,  2.63237444e-01, -2.15378898e+00,
        -1.04351136e+00, -3.35155136e-01,  8.27719325e-01,
        -1.00544166e+00, -1.38878006e+00],
       [ 1.02759387e+00,  2.85063169e-01, -2.16066624e+00,
        -1.02168564e+00, -3.42032390e-01,  8.49545050e-01,
        -1.01231891e+00, -1.36695433e+00]]), 'data_points': 600}, 7: {'r2': -10.488020896911621, 'mse': 1.3724528424890003, 'train_losses': [2.315613031387329, 2.1739723682403564, 2.0379536151885986, 1.9061716794967651, 1.7733323574066162, 1.6385446786880493, 1.5030919313430786, 1.3681226968765259, 1.2380622625350952, 1.1200226545333862, 1.0223582983016968, 0.953943133354187, 0.9209746718406677, 0.920307457447052, 0.9364446401596069, 0.9489692449569702, 0.9447629451751709, 0.9236237406730652, 0.8933001160621643, 0.8622981309890747, 0.8378158807754517, 0.8224014043807983, 0.8151593804359436, 0.8132192492485046, 0.8132531642913818, 0.8122103214263916, 0.8080902695655823, 0.7997186183929443, 0.7872738242149353, 0.77166348695755], 'test_losses': [1.4420433044433594, 1.4016261100769043, 1.3654277324676514, 1.3325942754745483, 1.3030718564987183, 1.2766588926315308, 1.2556202411651611, 1.2429261207580566, 1.2433249950408936, 1.2615772485733032, 1.3031485080718994, 1.3720647096633911, 1.467079520225525, 1.576414704322815, 1.6787999868392944, 1.751166582107544, 1.7831852436065674, 1.7800636291503906, 1.752219319343567, 1.709319829940796, 1.6604076623916626, 1.611331820487976, 1.5667484998703003, 1.5273791551589966, 1.4924824237823486, 1.4623273611068726, 1.4362245798110962, 1.412821650505066, 1.3917804956436157, 1.3724530935287476], 'predictions': array([[ 1.93338215e-01,  1.85675591e-01, -1.54499006e+00,
        -5.81557691e-01, -6.01943970e-01,  1.21839797e+00,
         2.98998296e-01, -6.28176481e-02],
       [ 2.52455652e-01,  7.91238323e-02, -1.78388226e+00,
        -6.28913403e-01, -8.21439207e-01,  1.51336432e+00,
         3.71623814e-01,  2.16001183e-01],
       [ 2.75188565e-01,  1.15880087e-01, -1.60045588e+00,
        -5.69498062e-01, -6.57086968e-01,  1.27341354e+00,
         3.54479015e-01,  1.79436486e-02],
       [ 2.41727650e-01,  1.53919026e-01, -1.56146336e+00,
        -5.55495441e-01, -6.33398414e-01,  1.22616887e+00,
         3.27113837e-01, -5.12191392e-02],
       [ 2.33379260e-01,  8.23889598e-02, -1.74832666e+00,
        -5.95112264e-01, -8.04632246e-01,  1.47484839e+00,
         3.54564577e-01,  1.86538339e-01],
       [ 1.28503546e-01,  1.96620926e-01, -1.63763511e+00,
        -6.29711628e-01, -6.47111058e-01,  1.23641658e+00,
         2.20962986e-01, -8.22710395e-02],
       [ 2.91327089e-01,  9.48702022e-02, -1.69825613e+00,
        -6.40465379e-01, -7.25068688e-01,  1.48628664e+00,
         3.59834641e-01,  2.05226794e-01],
       [ 2.74911791e-01,  1.04332589e-01, -1.53093112e+00,
        -5.35681486e-01, -6.16760969e-01,  1.24907494e+00,
         3.43797445e-01,  6.22395203e-02],
       [ 2.03800187e-01,  1.70160890e-01, -1.48724008e+00,
        -5.37936747e-01, -6.02380037e-01,  1.18445170e+00,
         2.94222713e-01, -4.84256297e-02],
       [ 2.72688150e-01,  8.08513910e-02, -1.66138852e+00,
        -5.93136251e-01, -7.19141364e-01,  1.46400881e+00,
         3.59038055e-01,  2.32158050e-01],
       [ 1.66553736e-01,  1.81802437e-01, -1.45189750e+00,
        -5.44341803e-01, -5.79717040e-01,  1.15349293e+00,
         2.64367700e-01, -5.47337122e-02],
       [ 2.79882789e-01,  7.35683516e-02, -1.61781287e+00,
        -5.72670162e-01, -6.83615267e-01,  1.43328118e+00,
         3.54498506e-01,  2.33792961e-01],
       [ 2.27418393e-01,  1.07865177e-01, -1.46135437e+00,
        -4.76857036e-01, -6.14225447e-01,  1.19347298e+00,
         3.15788627e-01,  5.49339280e-02],
       [ 1.40659481e-01,  1.65608183e-01, -1.39219701e+00,
        -5.08848667e-01, -5.48132241e-01,  1.09237230e+00,
         2.47804895e-01, -4.90727015e-02],
       [ 2.70985365e-01,  5.83574437e-02, -1.56017423e+00,
        -5.35734415e-01, -6.53782010e-01,  1.38165689e+00,
         3.44950378e-01,  2.33835533e-01],
       [ 1.70563400e-01,  1.58051953e-01, -1.36517966e+00,
        -4.84447628e-01, -5.54821670e-01,  1.07968366e+00,
         2.62542814e-01, -2.62925215e-02],
       [ 2.65966088e-01,  4.85536344e-02, -1.54174781e+00,
        -5.16169846e-01, -6.48600459e-01,  1.36302650e+00,
         3.41366351e-01,  2.37815619e-01],
       [ 1.61755398e-01,  1.53888896e-01, -1.34126401e+00,
        -4.70154047e-01, -5.48769057e-01,  1.05820346e+00,
         2.53616154e-01, -2.28866339e-02],
       [ 2.64471173e-01,  5.07678054e-02, -1.49534512e+00,
        -4.96121079e-01, -6.16835415e-01,  1.32319021e+00,
         3.37887347e-01,  2.24207491e-01],
       [ 1.48129568e-01,  1.60569519e-01, -1.34604204e+00,
        -4.78424191e-01, -5.55798531e-01,  1.05020952e+00,
         2.40540013e-01, -3.26762460e-02],
       [ 2.64466316e-01,  5.62055334e-02, -1.44853282e+00,
        -4.79816318e-01, -5.82978249e-01,  1.28294122e+00,
         3.34393591e-01,  2.06102893e-01],
       [ 1.30648196e-01,  1.68078676e-01, -1.35763717e+00,
        -4.90928411e-01, -5.65430284e-01,  1.04419518e+00,
         2.26336032e-01, -4.39034998e-02],
       [ 2.58777231e-01,  5.25181703e-02, -1.41094208e+00,
        -4.55275565e-01, -5.64313889e-01,  1.24936807e+00,
         3.29034626e-01,  1.97945178e-01],
       [ 1.18285179e-01,  1.69570580e-01, -1.35865629e+00,
        -4.96409744e-01, -5.70259809e-01,  1.03561735e+00,
         2.17342675e-01, -4.54611778e-02],
       [ 2.46050656e-01,  5.16315512e-02, -1.38204551e+00,
        -4.28936779e-01, -5.58387578e-01,  1.22884309e+00,
         3.25956225e-01,  1.96117938e-01],
       [ 1.05402417e-01,  1.68403730e-01, -1.35695064e+00,
        -4.97512311e-01, -5.74686825e-01,  1.02868915e+00,
         2.11875707e-01, -4.34144251e-02],
       [ 2.29327694e-01,  5.59732802e-02, -1.36819470e+00,
        -4.17043060e-01, -5.63248873e-01,  1.21464276e+00,
         3.15891594e-01,  1.87831432e-01],
       [ 3.54297832e-02,  1.66141540e-01, -1.66409492e+00,
        -6.14736497e-01, -8.06193054e-01,  1.26337445e+00,
         1.67098016e-01, -2.22668145e-02],
       [ 1.87431127e-01,  1.11198030e-01, -1.39810288e+00,
        -4.65575784e-01, -6.00971282e-01,  1.19084656e+00,
         2.31190965e-01,  5.97568192e-02],
       [ 2.03864828e-01,  9.59621072e-02, -1.40429127e+00,
        -4.55385208e-01, -6.02939129e-01,  1.19705844e+00,
         2.43956611e-01,  7.16169626e-02],
       [ 1.64675251e-01,  1.01779893e-01, -1.36980093e+00,
        -4.49981421e-01, -5.81006527e-01,  1.12670696e+00,
         2.12842345e-01,  2.00606249e-02],
       [ 1.96200266e-01,  8.84994790e-02, -1.39629602e+00,
        -4.46877390e-01, -6.07721925e-01,  1.18121409e+00,
         2.29081884e-01,  6.21921271e-02],
       [ 1.43303946e-01,  7.15279803e-02, -1.41166592e+00,
        -4.69861358e-01, -5.70246994e-01,  1.07972002e+00,
         1.93628609e-01, -4.97720242e-02],
       [ 1.63102850e-01,  1.08589187e-01, -1.56193161e+00,
        -5.45396388e-01, -7.33998895e-01,  1.23619902e+00,
         2.35424951e-01,  2.82397568e-02],
       [ 1.64031282e-01,  4.86376360e-02, -1.40414310e+00,
        -4.59933341e-01, -6.15099370e-01,  1.09518147e+00,
         1.90050736e-01,  4.76761628e-03],
       [ 1.29230678e-01,  8.21438357e-02, -1.62554061e+00,
        -5.54349661e-01, -8.20718408e-01,  1.25294507e+00,
         2.48600349e-01,  7.14393407e-02],
       [ 1.38423964e-01,  2.32107043e-02, -1.43399298e+00,
        -4.70918447e-01, -6.39501989e-01,  1.05806470e+00,
         1.76402405e-01, -8.95786937e-03],
       [ 1.05692692e-01,  6.27591461e-02, -1.67238462e+00,
        -5.58381379e-01, -8.27310383e-01,  1.27694428e+00,
         2.59551436e-01,  5.62070161e-02],
       [ 1.20611005e-01,  7.02993292e-03, -1.46927500e+00,
        -4.84688848e-01, -6.69848144e-01,  1.03433716e+00,
         1.73416004e-01, -1.79373566e-02],
       [ 7.96666965e-02,  8.48222002e-02, -1.81014752e+00,
        -6.18741214e-01, -7.97980785e-01,  1.27240813e+00,
         2.40034834e-01, -1.06269650e-01],
       [ 1.14549786e-01, -8.66026618e-03, -1.60302722e+00,
        -5.74766219e-01, -6.91902637e-01,  1.04502535e+00,
         1.76548600e-01, -1.09814458e-01],
       [ 6.83260188e-02,  8.58496279e-02, -1.91826022e+00,
        -6.57864869e-01, -8.61846507e-01,  1.34034932e+00,
         2.31997162e-01, -1.15750380e-01],
       [ 9.94814932e-02, -2.60955971e-02, -1.57768166e+00,
        -5.21688223e-01, -7.50874341e-01,  1.07184160e+00,
         1.76285595e-01, -1.26778474e-03],
       [ 8.59409347e-02,  7.17853531e-02, -1.88198125e+00,
        -6.47875965e-01, -8.26245785e-01,  1.31056643e+00,
         2.37294912e-01, -1.18780382e-01],
       [ 9.60570499e-02, -3.96747589e-02, -1.74505162e+00,
        -6.67713881e-01, -7.39089191e-01,  1.06125605e+00,
         1.76382765e-01, -1.81671992e-01],
       [ 8.05860609e-02,  6.74196556e-02, -1.92780828e+00,
        -6.62795126e-01, -8.55033219e-01,  1.33517611e+00,
         2.26699442e-01, -1.25084415e-01],
       [ 6.97018877e-02, -8.43641981e-02, -1.91778302e+00,
        -7.46351063e-01, -7.95277834e-01,  1.11869049e+00,
         1.46077558e-01, -2.31638968e-01],
       [ 8.61344263e-02,  5.98145314e-02, -1.92800438e+00,
        -6.63264394e-01, -8.49795640e-01,  1.32729459e+00,
         2.23338053e-01, -1.30389109e-01],
       [ 8.28908458e-02, -2.93751117e-02, -1.67323530e+00,
        -5.21320283e-01, -8.84020686e-01,  1.16931045e+00,
         2.18172863e-01,  1.01709791e-01],
       [ 8.76037478e-02, -3.58236991e-02, -1.70998442e+00,
        -5.44322550e-01, -8.79762530e-01,  1.17712331e+00,
         2.23107249e-01,  7.06781447e-02],
       [ 5.40222637e-02, -1.82502940e-02, -1.72754192e+00,
        -5.27561247e-01, -9.48165596e-01,  1.22516847e+00,
         2.24454910e-01,  1.48452550e-01],
       [ 6.75771460e-02, -6.91649988e-02, -1.74502921e+00,
        -5.45460641e-01, -9.32270110e-01,  1.19888961e+00,
         2.09518105e-01,  1.02233686e-01],
       [ 6.57375529e-02,  7.59385293e-03, -1.89568722e+00,
        -6.44353449e-01, -9.11313891e-01,  1.24781382e+00,
         2.11332858e-01, -8.31520855e-02],
       [ 6.30085394e-02, -6.92083910e-02, -2.04154992e+00,
        -7.89771795e-01, -8.46197605e-01,  1.18905580e+00,
         1.44520164e-01, -2.60930598e-01],
       [ 9.66627523e-02,  2.82508954e-02, -1.98984504e+00,
        -6.94195449e-01, -8.82838547e-01,  1.32143748e+00,
         2.20883518e-01, -1.42375842e-01],
       [ 7.33237863e-02, -4.80262004e-02, -2.03265643e+00,
        -7.72520304e-01, -8.38872552e-01,  1.20609403e+00,
         1.54933274e-01, -2.52179056e-01],
       [ 9.83786434e-02,  2.67386530e-02, -1.92006671e+00,
        -6.62739277e-01, -8.42631459e-01,  1.27770543e+00,
         2.26095989e-01, -1.34774894e-01],
       [ 8.01792890e-02, -4.20903973e-02, -2.01633334e+00,
        -7.57995248e-01, -8.29226494e-01,  1.21609759e+00,
         1.55017763e-01, -2.42541373e-01],
       [ 9.66694206e-02,  2.03857142e-02, -1.85004699e+00,
        -6.37765110e-01, -8.05681884e-01,  1.23184574e+00,
         2.24236533e-01, -1.28627896e-01],
       [ 8.95943791e-02, -1.69852339e-02, -1.92383230e+00,
        -6.87828124e-01, -8.05372596e-01,  1.22206926e+00,
         1.80952013e-01, -1.87803313e-01],
       [ 1.00748301e-01,  3.22597437e-02, -1.64512527e+00,
        -5.10613918e-01, -8.13721716e-01,  1.16934359e+00,
         2.51530290e-01,  3.52727771e-02],
       [ 1.11788526e-01, -7.30694085e-02, -1.71090090e+00,
        -6.15562797e-01, -8.07372689e-01,  1.12835705e+00,
         1.93859592e-01, -1.34050492e-02],
       [ 9.36019719e-02, -3.65783955e-04, -1.79474545e+00,
        -6.11091495e-01, -7.90105224e-01,  1.19506097e+00,
         2.10963264e-01, -1.16760559e-01],
       [ 1.00696795e-01, -1.85517184e-02, -1.67996812e+00,
        -5.57071805e-01, -7.66723633e-01,  1.12917352e+00,
         2.08823219e-01, -6.13021627e-02],
       [ 8.46731514e-02, -5.00580110e-02, -1.89580452e+00,
        -6.75710559e-01, -8.15987527e-01,  1.21156323e+00,
         1.37913182e-01, -1.81940868e-01],
       [ 8.52746740e-02, -3.89296524e-02, -1.76809680e+00,
        -6.06930733e-01, -7.72257268e-01,  1.15379369e+00,
         1.67217836e-01, -1.26549914e-01],
       [ 8.30085874e-02, -4.77006324e-02, -1.78674829e+00,
        -6.18642449e-01, -7.80509591e-01,  1.15771484e+00,
         1.56426758e-01, -1.31787851e-01],
       [ 8.25934112e-02, -5.35594411e-02, -1.79969311e+00,
        -6.28480971e-01, -7.87396312e-01,  1.16192591e+00,
         1.52158767e-01, -1.32739291e-01],
       [ 8.11494738e-02, -5.38127199e-02, -1.76960921e+00,
        -6.11753702e-01, -7.79165506e-01,  1.14432406e+00,
         1.59958154e-01, -1.13668226e-01],
       [ 8.35678577e-02, -5.41745909e-02, -1.75770199e+00,
        -6.11457586e-01, -7.73385108e-01,  1.13512409e+00,
         1.60473973e-01, -1.15544721e-01],
       [ 1.13680393e-01, -5.51343337e-02, -1.73391986e+00,
        -5.12267172e-01, -9.80469525e-01,  1.40101326e+00,
         2.62449354e-01,  2.81670332e-01],
       [ 1.79393664e-01, -1.06502198e-01, -1.67103648e+00,
        -5.31047642e-01, -8.38928938e-01,  1.32847035e+00,
         2.70639569e-01,  2.47681811e-01],
       [ 1.36161312e-01, -3.62718999e-02, -1.66480899e+00,
        -5.19882500e-01, -8.58470559e-01,  1.26915634e+00,
         2.52326965e-01,  1.48237243e-01],
       [ 9.50212032e-02, -1.10296704e-01, -1.95484698e+00,
        -7.57830739e-01, -8.64858866e-01,  1.21214879e+00,
         1.33703649e-01, -1.72325388e-01],
       [ 1.07465826e-01, -3.53470929e-02, -1.65119898e+00,
        -5.71318567e-01, -7.48577714e-01,  1.10294652e+00,
         2.13201612e-01, -5.44479303e-02],
       [ 1.04677282e-01, -6.16028942e-02, -1.73849392e+00,
        -6.51547134e-01, -7.67792821e-01,  1.11428392e+00,
         1.71535447e-01, -1.28153592e-01],
       [ 1.16757810e-01, -3.27651016e-02, -1.56459534e+00,
        -5.74159026e-01, -7.07952321e-01,  1.05566978e+00,
         2.12444112e-01, -5.94585575e-02],
       [ 1.38299033e-01, -5.60242683e-02, -1.54375148e+00,
        -5.69611371e-01, -7.30322421e-01,  1.09464049e+00,
         2.32309848e-01,  2.61581652e-02],
       [ 1.16986766e-01, -7.19677955e-02, -1.60940802e+00,
        -6.22924685e-01, -7.13939548e-01,  1.05774212e+00,
         1.69577539e-01, -9.35556069e-02],
       [ 1.21301994e-01,  1.01082800e-02, -1.50944889e+00,
        -5.77514946e-01, -6.67649865e-01,  1.07152343e+00,
         2.03219280e-01, -5.55150583e-02],
       [ 5.34184910e-02, -1.35879233e-01, -1.87526536e+00,
        -6.22710884e-01, -1.14742124e+00,  1.53257024e+00,
         2.26903528e-01,  3.46314460e-01],
       [ 7.48849735e-02, -1.58060580e-01, -1.88543904e+00,
        -6.68026686e-01, -1.09109139e+00,  1.48226762e+00,
         2.05915675e-01,  2.68911570e-01],
       [ 3.67707089e-02, -1.27696380e-01, -2.11147666e+00,
        -7.32525647e-01, -1.32987118e+00,  1.64782035e+00,
         2.31281325e-01,  3.20947558e-01],
       [ 1.50703445e-01, -1.15009859e-01, -1.72285080e+00,
        -6.27372384e-01, -9.11142647e-01,  1.35625124e+00,
         2.38477260e-01,  2.08118185e-01],
       [ 1.20310187e-01, -9.20040475e-04, -1.71440411e+00,
        -6.42757535e-01, -7.53281057e-01,  1.16192400e+00,
         1.77334592e-01, -1.41912371e-01],
       [ 1.01175986e-01, -1.07748248e-02, -1.77220201e+00,
        -5.80558062e-01, -9.19747651e-01,  1.30202448e+00,
         1.12982824e-01,  3.52558866e-02],
       [ 7.38540292e-02, -1.22067869e-01, -1.74957633e+00,
        -6.19076371e-01, -9.32293832e-01,  1.16049790e+00,
         1.00192547e-01, -1.17287869e-02],
       [-4.05218601e-02, -1.02107942e-01, -2.07888103e+00,
        -6.85820758e-01, -1.31838191e+00,  1.50398207e+00,
         1.04504384e-01,  2.28241161e-01],
       [-3.43192704e-02, -1.56964660e-01, -2.02734613e+00,
        -6.79764926e-01, -1.28537095e+00,  1.43195498e+00,
         1.14068493e-01,  2.25665033e-01],
       [-4.85524759e-02, -1.42217681e-01, -1.98905373e+00,
        -6.64141178e-01, -1.26127577e+00,  1.37724721e+00,
         1.04765378e-01,  2.00782567e-01],
       [-4.50270139e-02, -1.25343487e-01, -1.94983637e+00,
        -6.51469827e-01, -1.22295451e+00,  1.33696878e+00,
         9.84414220e-02,  1.80877492e-01],
       [-5.10310940e-02, -1.14349224e-01, -1.95306993e+00,
        -6.53419673e-01, -1.23626959e+00,  1.34702599e+00,
         9.46314558e-02,  1.88844517e-01],
       [-6.12315089e-02, -1.07131988e-01, -1.91622591e+00,
        -6.37564957e-01, -1.21360219e+00,  1.30229115e+00,
         8.83008018e-02,  1.74359962e-01],
       [-6.25595376e-02, -1.01498619e-01, -1.85701096e+00,
        -6.17997468e-01, -1.15275681e+00,  1.22158039e+00,
         8.27706978e-02,  1.34172618e-01],
       [-5.84763177e-02, -9.29899588e-02, -1.77122772e+00,
        -5.95059931e-01, -1.06309080e+00,  1.12759078e+00,
         7.80622587e-02,  8.93669575e-02],
       [-5.57470769e-02, -8.48270059e-02, -1.71907055e+00,
        -5.91970563e-01, -9.97960031e-01,  1.06894016e+00,
         6.48500547e-02,  4.07875963e-02],
       [-3.59130278e-02, -7.90339708e-02, -1.66732764e+00,
        -5.77233911e-01, -9.25882161e-01,  1.02594912e+00,
         5.28197773e-02, -1.26678031e-02],
       [-2.75532249e-02, -7.60148317e-02, -1.63007486e+00,
        -5.69712222e-01, -8.75589073e-01,  9.88184869e-01,
         5.42080328e-02, -4.24026251e-02],
       [ 1.21221282e-02, -8.85385424e-02, -1.66644681e+00,
        -5.64982176e-01, -8.26858044e-01,  9.82186615e-01,
         4.37368639e-02, -1.44645780e-01],
       [-3.04509550e-02,  2.52303332e-02, -1.41544020e+00,
        -4.28143382e-01, -7.08001494e-01,  8.77336144e-01,
         5.18270656e-02, -8.57819542e-02],
       [-1.03870193e-02, -7.84820169e-02, -1.59260070e+00,
        -5.60263038e-01, -7.99769342e-01,  9.27158475e-01,
         5.94548620e-02, -1.17027640e-01],
       [-5.97616099e-02,  3.04974169e-02, -1.26707220e+00,
        -3.80619019e-01, -6.75841212e-01,  8.05042684e-01,
         4.28882688e-02,  5.52630809e-04],
       [-1.29050501e-02, -8.49414319e-02, -1.62695551e+00,
        -5.83375752e-01, -8.13760996e-01,  9.35193479e-01,
         5.63291870e-02, -1.32143676e-01],
       [-4.63689566e-02,  5.13220243e-02, -1.18333387e+00,
        -3.86961251e-01, -6.20084167e-01,  7.45117843e-01,
         5.77036217e-02, -1.24556618e-02],
       [-5.65773398e-02, -1.24443984e-02, -1.37100756e+00,
        -4.52870727e-01, -7.01077104e-01,  8.11443269e-01,
         4.74001467e-02, -5.10330871e-02],
       [-5.23803309e-02, -2.01843474e-02, -1.38072073e+00,
        -4.62503314e-01, -6.97111785e-01,  8.15504551e-01,
         5.08514009e-02, -6.17695712e-02],
       [-6.46546856e-02,  6.51066145e-03, -1.29651213e+00,
        -4.22086954e-01, -6.57631576e-01,  7.73118675e-01,
         3.87751088e-02, -5.42391725e-02],
       [ 1.89560920e-03, -1.40678912e-01, -2.37916064e+00,
        -8.84973764e-01, -1.15965796e+00,  1.27775419e+00,
         2.85805333e-02, -3.55367124e-01],
       [-4.55820337e-02, -5.93215087e-03, -1.72522378e+00,
        -6.23566926e-01, -8.40731084e-01,  9.96895313e-01,
        -5.97377634e-03, -2.36431912e-01],
       [-1.99232344e-03, -1.18566588e-01, -1.73829651e+00,
        -6.61750436e-01, -8.59309077e-01,  9.72977042e-01,
         5.97248562e-02, -1.76477537e-01],
       [-5.85096031e-02, -1.42924180e-02, -1.70121288e+00,
        -6.23392224e-01, -8.31243813e-01,  9.55292702e-01,
        -4.66706324e-03, -2.39086166e-01],
       [-3.31668779e-02, -1.07565939e-01, -1.60727310e+00,
        -6.07066572e-01, -8.03134084e-01,  8.97760212e-01,
         6.23807944e-02, -1.34613127e-01],
       [-5.18457368e-02, -4.82686497e-02, -1.84686744e+00,
        -6.92769647e-01, -9.14872110e-01,  9.99839664e-01,
         6.71855814e-04, -2.77351707e-01],
       [-3.19323875e-02, -1.51314855e-01, -2.27950597e+00,
        -8.62718523e-01, -1.13271022e+00,  1.14874697e+00,
         1.33085232e-02, -3.72808367e-01],
       [-6.55289441e-02, -2.95156725e-02, -1.73285091e+00,
        -6.30749822e-01, -8.62335145e-01,  9.60750401e-01,
         4.95773181e-03, -2.42993593e-01],
       [-3.45190838e-02, -1.81925148e-01, -2.35817647e+00,
        -9.03019845e-01, -1.18244159e+00,  1.17037356e+00,
         1.51897464e-02, -3.80186349e-01],
       [-6.27535060e-02, -3.44863534e-02, -1.73359239e+00,
        -6.30732119e-01, -8.62136722e-01,  9.53850746e-01,
         1.21501992e-02, -2.43817136e-01],
       [-5.67579865e-02, -9.52489208e-03, -1.36734068e+00,
        -4.53284383e-01, -7.08355486e-01,  8.33943546e-01,
         3.94959971e-02, -4.69827615e-02],
       [-4.79703620e-02,  7.99779780e-03, -1.35035181e+00,
        -4.46733594e-01, -6.92278385e-01,  8.37001503e-01,
         3.56676839e-02, -4.91317175e-02],
       [-3.29859592e-02, -1.32327065e-01, -1.87374568e+00,
        -7.21898913e-01, -9.43213820e-01,  9.62059855e-01,
         4.46067899e-02, -2.53931344e-01]], dtype=float32), 'ground_truth': array([[ 2.33927660e+00, -4.91175542e-02,  1.37365599e-02,
        -4.00679698e-01,  4.38319633e-01,  2.14502949e+00,
         5.49218536e-01,  9.50927139e-01],
       [ 2.34392498e+00, -3.98203363e-02,  1.83849365e-02,
        -3.91382480e-01,  4.42968010e-01,  2.15432670e+00,
         5.53866913e-01,  9.60224357e-01],
       [ 2.34790572e+00, -2.97402968e-02,  2.23656772e-02,
        -3.81302440e-01,  4.46948751e-01,  2.16440674e+00,
         5.57847654e-01,  9.70304396e-01],
       [ 2.35321096e+00, -1.98965435e-02,  2.76709169e-02,
        -3.71458687e-01,  4.52253990e-01,  2.17425050e+00,
         5.63152893e-01,  9.80148150e-01],
       [ 2.35962597e+00, -1.00972463e-02,  3.40859305e-02,
        -3.61659390e-01,  4.58669004e-01,  2.18404979e+00,
         5.69567907e-01,  9.89947447e-01],
       [ 2.36549576e+00,  1.16626803e-03,  3.99557152e-02,
        -3.50395875e-01,  4.64538789e-01,  2.19531331e+00,
         5.75437692e-01,  1.00121096e+00],
       [ 2.37263507e+00,  1.21675895e-02,  4.70950278e-02,
        -3.39394554e-01,  4.71678101e-01,  2.20631463e+00,
         5.82577004e-01,  1.01221228e+00],
       [ 2.37944336e+00,  2.43626766e-02,  5.39033201e-02,
        -3.27199467e-01,  4.78486394e-01,  2.21850972e+00,
         5.89385296e-01,  1.02440737e+00],
       [ 2.38766860e+00,  3.60715879e-02,  6.21285569e-02,
        -3.15490555e-01,  4.86711630e-01,  2.23021863e+00,
         5.97610533e-01,  1.03611628e+00],
       [ 2.39635976e+00,  4.81820462e-02,  7.08197165e-02,
        -3.03380097e-01,  4.95402790e-01,  2.24232909e+00,
         6.06301693e-01,  1.04822674e+00],
       [ 2.40452141e+00,  6.15491881e-02,  7.89813677e-02,
        -2.90012955e-01,  5.03564441e-01,  2.25569623e+00,
         6.14463344e-01,  1.06159388e+00],
       [ 2.41415135e+00,  7.43157095e-02,  8.86113067e-02,
        -2.77246434e-01,  5.13194380e-01,  2.26846275e+00,
         6.24093283e-01,  1.07436040e+00],
       [ 2.42332119e+00,  8.82338157e-02,  9.77811450e-02,
        -2.63328328e-01,  5.22364218e-01,  2.28238086e+00,
         6.33263121e-01,  1.08827851e+00],
       [ 2.43378668e+00,  1.01647680e-01,  1.08246639e-01,
        -2.49914463e-01,  5.32829713e-01,  2.29579472e+00,
         6.43728616e-01,  1.10169237e+00],
       [ 2.44376688e+00,  1.16183789e-01,  1.18226837e-01,
        -2.35378354e-01,  5.42809910e-01,  2.31033083e+00,
         6.53708813e-01,  1.11622848e+00],
       [ 2.45500148e+00,  1.30202113e-01,  1.29461431e-01,
        -2.21360030e-01,  5.54044505e-01,  2.32434915e+00,
         6.64943408e-01,  1.13024681e+00],
       [ 2.46572108e+00,  1.45320263e-01,  1.40181033e-01,
        -2.06241880e-01,  5.64764107e-01,  2.33946730e+00,
         6.75663010e-01,  1.14536496e+00],
       [ 2.47766716e+00,  1.59898905e-01,  1.52127117e-01,
        -1.91663239e-01,  5.76710190e-01,  2.35404595e+00,
         6.87609093e-01,  1.15994360e+00],
       [ 2.48907117e+00,  1.75556218e-01,  1.63531123e-01,
        -1.76005925e-01,  5.88114197e-01,  2.36970326e+00,
         6.99013100e-01,  1.17560091e+00],
       [ 2.50167583e+00,  1.90653885e-01,  1.76135788e-01,
        -1.60908259e-01,  6.00718862e-01,  2.38480093e+00,
         7.11617764e-01,  1.19069858e+00],
       [ 2.51371335e+00,  2.06810627e-01,  1.88173306e-01,
        -1.44751516e-01,  6.12756379e-01,  2.40095767e+00,
         7.23655282e-01,  1.20685532e+00],
       [ 2.52692762e+00,  2.22389068e-01,  2.01387580e-01,
        -1.29173075e-01,  6.25970653e-01,  2.41653611e+00,
         7.36869556e-01,  1.22243376e+00],
       [ 2.53955155e+00,  2.39008433e-01,  2.14011501e-01,
        -1.12553711e-01,  6.38594575e-01,  2.43315547e+00,
         7.49493478e-01,  1.23905313e+00],
       [ 2.55245227e+00,  2.54137858e-01,  2.26912229e-01,
        -9.74242852e-02,  6.51495303e-01,  2.44828490e+00,
         7.62394205e-01,  1.25418255e+00],
       [ 2.56324420e+00,  2.68657641e-01,  2.37704156e-01,
        -8.29045021e-02,  6.62287229e-01,  2.46280468e+00,
         7.73186132e-01,  1.26870233e+00],
       [ 2.57250776e+00,  2.82192761e-01,  2.46967715e-01,
        -6.93693825e-02,  6.71550789e-01,  2.47633980e+00,
         7.82449692e-01,  1.28223745e+00],
       [ 2.58076585e+00,  2.94341196e-01,  2.55225805e-01,
        -5.72209469e-02,  6.79808878e-01,  2.48848824e+00,
         7.90707781e-01,  1.29438589e+00],
       [ 2.58779099e+00,  3.05447730e-01,  2.62250943e-01,
        -4.61144130e-02,  6.86834016e-01,  2.49959477e+00,
         7.97732919e-01,  1.30549242e+00],
       [ 2.59374482e+00,  3.15414967e-01,  2.68204781e-01,
        -3.61471762e-02,  6.92787854e-01,  2.50956201e+00,
         8.03686757e-01,  1.31545966e+00],
       [ 2.59899945e+00,  3.23731816e-01,  2.73459411e-01,
        -2.78303272e-02,  6.98042485e-01,  2.51787886e+00,
         8.08941387e-01,  1.32377651e+00],
       [ 2.60272983e+00,  3.31727553e-01,  2.77189787e-01,
        -1.98345905e-02,  7.01772860e-01,  2.52587459e+00,
         8.12671763e-01,  1.33177225e+00],
       [ 2.60576646e+00,  3.38179292e-01,  2.80226418e-01,
        -1.33828517e-02,  7.04809492e-01,  2.53232633e+00,
         8.15708395e-01,  1.33822398e+00],
       [ 2.60737247e+00,  3.44428977e-01,  2.81832431e-01,
        -7.13316647e-03,  7.06415504e-01,  2.53857602e+00,
         8.17314407e-01,  1.34447367e+00],
       [ 2.60842356e+00,  3.48995839e-01,  2.82883513e-01,
        -2.56630410e-03,  7.07466586e-01,  2.54314288e+00,
         8.18365489e-01,  1.34904053e+00],
       [ 2.60799276e+00,  3.53704484e-01,  2.82452717e-01,
         2.14234061e-03,  7.07035791e-01,  2.54785152e+00,
         8.17934694e-01,  1.35374918e+00],
       [ 2.60708128e+00,  3.56727209e-01,  2.81541237e-01,
         5.16506583e-03,  7.06124310e-01,  2.55087425e+00,
         8.17023213e-01,  1.35677190e+00],
       [ 2.60471765e+00,  3.60074448e-01,  2.79177601e-01,
         8.51230430e-03,  7.03760675e-01,  2.55422149e+00,
         8.14659578e-01,  1.36011914e+00],
       [ 2.60198453e+00,  3.61672298e-01,  2.76444484e-01,
         1.01101543e-02,  7.01027558e-01,  2.55581934e+00,
         8.11926460e-01,  1.36171699e+00],
       [ 2.59782536e+00,  3.63748427e-01,  2.72285316e-01,
         1.21862834e-02,  6.96868390e-01,  2.55789547e+00,
         8.07767293e-01,  1.36379312e+00],
       [ 2.59330103e+00,  3.64247122e-01,  2.67760987e-01,
         1.26849786e-02,  6.92344060e-01,  2.55839416e+00,
         8.03242963e-01,  1.36429182e+00],
       [ 2.58745550e+00,  3.65193375e-01,  2.61915452e-01,
         1.36312312e-02,  6.86498526e-01,  2.55934042e+00,
         7.97397429e-01,  1.36523807e+00],
       [ 2.58133239e+00,  3.64555791e-01,  2.55792342e-01,
         1.29936478e-02,  6.80375415e-01,  2.55870283e+00,
         7.91274318e-01,  1.36460048e+00],
       [ 2.57392450e+00,  3.64449049e-01,  2.48384453e-01,
         1.28869061e-02,  6.72967526e-01,  2.55859609e+00,
         7.83866429e-01,  1.36449374e+00],
       [ 2.56628861e+00,  3.62832349e-01,  2.40748564e-01,
         1.12702060e-02,  6.65331638e-01,  2.55697939e+00,
         7.76230541e-01,  1.36287704e+00],
       [ 2.55749017e+00,  3.61637072e-01,  2.31950124e-01,
         1.00749289e-02,  6.56533197e-01,  2.55578411e+00,
         7.67432100e-01,  1.36168177e+00],
       [ 2.54806222e+00,  3.59890784e-01,  2.22522179e-01,
         8.32864045e-03,  6.47105252e-01,  2.55403782e+00,
         7.58004155e-01,  1.35993548e+00],
       [ 2.53810450e+00,  3.57445575e-01,  2.12564458e-01,
         5.88343118e-03,  6.37147531e-01,  2.55159262e+00,
         7.48046434e-01,  1.35749027e+00],
       [ 2.52718250e+00,  3.55286878e-01,  2.01642453e-01,
         3.72473478e-03,  6.26225527e-01,  2.54943392e+00,
         7.37124429e-01,  1.35533157e+00],
       [ 2.51614094e+00,  3.51659117e-01,  1.90600900e-01,
         9.69740982e-05,  6.15183973e-01,  2.54580616e+00,
         7.26082876e-01,  1.35170381e+00],
       [ 2.50429850e+00,  3.48112135e-01,  1.78758454e-01,
        -3.45000849e-03,  6.03341527e-01,  2.54225918e+00,
         7.14240430e-01,  1.34815683e+00],
       [ 2.49223085e+00,  3.43507839e-01,  1.66690801e-01,
        -8.05430423e-03,  5.91273875e-01,  2.53765488e+00,
         7.02172778e-01,  1.34355253e+00],
       [ 2.47938310e+00,  3.39038663e-01,  1.53843051e-01,
        -1.25234807e-02,  5.78426125e-01,  2.53318570e+00,
         6.89325028e-01,  1.33908336e+00],
       [ 2.46632395e+00,  3.33689880e-01,  1.40783907e-01,
        -1.78722638e-02,  5.65366981e-01,  2.52783692e+00,
         6.76265884e-01,  1.33373457e+00],
       [ 2.45252615e+00,  3.28437530e-01,  1.26986104e-01,
        -2.31246136e-02,  5.51569177e-01,  2.52258457e+00,
         6.62468080e-01,  1.32848222e+00],
       [ 2.43860113e+00,  3.22324504e-01,  1.13061083e-01,
        -2.92376391e-02,  5.37644157e-01,  2.51647155e+00,
         6.48543060e-01,  1.32236920e+00],
       [ 2.42405764e+00,  3.16152371e-01,  9.85175951e-02,
        -3.54097724e-02,  5.23100669e-01,  2.51029941e+00,
         6.33999571e-01,  1.31619706e+00],
       [ 2.40939619e+00,  3.09245138e-01,  8.38561480e-02,
        -4.23170050e-02,  5.08439221e-01,  2.50339218e+00,
         6.19338124e-01,  1.30928983e+00],
       [ 2.39356106e+00,  3.02988876e-01,  6.80210166e-02,
        -4.85732676e-02,  4.92604090e-01,  2.49713592e+00,
         6.03502993e-01,  1.30303357e+00],
       [ 2.37814531e+00,  2.95354886e-01,  5.26052656e-02,
        -5.62072570e-02,  4.77188339e-01,  2.48950193e+00,
         5.88087242e-01,  1.29539958e+00],
       [ 2.36241229e+00,  2.87353061e-01,  3.68722499e-02,
        -6.42090826e-02,  4.61455323e-01,  2.48150010e+00,
         5.72354226e-01,  1.28739775e+00],
       [ 2.34629203e+00,  2.79078027e-01,  2.07519863e-02,
        -7.24841165e-02,  4.45335060e-01,  2.47322507e+00,
         5.56233963e-01,  1.27912272e+00],
       [ 2.33020238e+00,  2.70091269e-01,  4.66233595e-03,
        -8.14708747e-02,  4.29245409e-01,  2.46423831e+00,
         5.40144312e-01,  1.27013596e+00],
       [ 2.31376582e+00,  2.60834521e-01, -1.17742189e-02,
        -9.07276220e-02,  4.12808855e-01,  2.45498156e+00,
         5.23707757e-01,  1.26087921e+00],
       [ 2.29722341e+00,  2.51077778e-01, -2.83166298e-02,
        -1.00484365e-01,  3.96266444e-01,  2.44522482e+00,
         5.07165347e-01,  1.25112247e+00],
       [ 2.28055689e+00,  2.40865605e-01, -4.49831507e-02,
        -1.10696539e-01,  3.79599923e-01,  2.43501265e+00,
         4.90498826e-01,  1.24091030e+00],
       [ 2.26376554e+00,  2.30217736e-01, -6.17745035e-02,
        -1.21344407e-01,  3.62808570e-01,  2.42436478e+00,
         4.73707473e-01,  1.23026243e+00],
       [ 2.24694100e+00,  2.19078264e-01, -7.85990444e-02,
        -1.32483879e-01,  3.45984029e-01,  2.41322531e+00,
         4.56882932e-01,  1.21912296e+00],
       [ 2.22907278e+00,  2.08231200e-01, -9.64672671e-02,
        -1.43330944e-01,  3.28115806e-01,  2.40237824e+00,
         4.39014709e-01,  1.20827589e+00],
       [ 2.21210180e+00,  1.96181991e-01, -1.13438239e-01,
        -1.55380152e-01,  3.11144834e-01,  2.39032903e+00,
         4.22043737e-01,  1.19622668e+00],
       [ 2.19444533e+00,  1.84188178e-01, -1.31094709e-01,
        -1.67373965e-01,  2.93488364e-01,  2.37833522e+00,
         4.04387267e-01,  1.18423287e+00],
       [ 2.17754067e+00,  1.71156612e-01, -1.47999375e-01,
        -1.80405532e-01,  2.76583698e-01,  2.36530365e+00,
         3.87482601e-01,  1.17120130e+00],
       [ 2.16040466e+00,  1.57873402e-01, -1.65135380e-01,
        -1.93688741e-01,  2.59447693e-01,  2.35202044e+00,
         3.70346596e-01,  1.15791810e+00],
       [ 2.14361604e+00,  1.43949152e-01, -1.81924003e-01,
        -2.07612991e-01,  2.42659071e-01,  2.33809619e+00,
         3.53557973e-01,  1.14399385e+00],
       [ 2.12664923e+00,  1.29757604e-01, -1.98890813e-01,
        -2.21804540e-01,  2.25692260e-01,  2.32390464e+00,
         3.36591163e-01,  1.12980230e+00],
       [ 2.10976545e+00,  1.15137111e-01, -2.15774594e-01,
        -2.36425033e-01,  2.08808480e-01,  2.30928415e+00,
         3.19707383e-01,  1.11518180e+00],
       [ 2.09331953e+00,  9.99241249e-02, -2.32220518e-01,
        -2.51638018e-01,  1.92362556e-01,  2.29407117e+00,
         3.03261459e-01,  1.09996882e+00],
       [ 2.07610597e+00,  8.47268879e-02, -2.49434073e-01,
        -2.66835255e-01,  1.75149001e-01,  2.27887393e+00,
         2.86047904e-01,  1.08477158e+00],
       [ 2.05834902e+00,  6.94408027e-02, -2.67191024e-01,
        -2.82121341e-01,  1.57392050e-01,  2.26358784e+00,
         2.68290953e-01,  1.06948550e+00],
       [ 2.04132566e+00,  5.48761372e-02, -2.84214385e-01,
        -2.96686006e-01,  1.40368689e-01,  2.24902318e+00,
         2.51267591e-01,  1.05492083e+00],
       [ 2.02468772e+00,  4.09321793e-02, -3.00852329e-01,
        -3.10629964e-01,  1.23730745e-01,  2.23507922e+00,
         2.34629648e-01,  1.04097687e+00],
       [ 2.00928801e+00,  2.63376715e-02, -3.16252035e-01,
        -3.25224472e-01,  1.08331039e-01,  2.22048471e+00,
         2.19229941e-01,  1.02638236e+00],
       [ 1.99452196e+00,  1.13602160e-02, -3.31018082e-01,
        -3.40201927e-01,  9.35649913e-02,  2.20550726e+00,
         2.04463894e-01,  1.01140491e+00],
       [ 1.97863965e+00, -3.31447893e-03, -3.46900398e-01,
        -3.54876622e-01,  7.76826755e-02,  2.19083256e+00,
         1.88581578e-01,  9.96730214e-01],
       [ 1.96293673e+00, -1.84982674e-02, -3.62603312e-01,
        -3.70060411e-01,  6.19797617e-02,  2.17564877e+00,
         1.72878665e-01,  9.81546426e-01],
       [ 1.94673966e+00, -3.36957383e-02, -3.78800379e-01,
        -3.85257882e-01,  4.57826941e-02,  2.16045130e+00,
         1.56681597e-01,  9.66348955e-01],
       [ 1.93034978e+00, -4.90562598e-02, -3.95190266e-01,
        -4.00618403e-01,  2.93928078e-02,  2.14509078e+00,
         1.40291711e-01,  9.50988433e-01],
       [ 1.91386670e+00, -6.46289377e-02, -4.11673340e-01,
        -4.16191081e-01,  1.29097335e-02,  2.12951810e+00,
         1.23808636e-01,  9.35415755e-01],
       [ 1.89725315e+00, -8.03661791e-02, -4.28286896e-01,
        -4.31928322e-01, -3.70382218e-03,  2.11378086e+00,
         1.07195081e-01,  9.19678514e-01],
       [ 1.88047060e+00, -9.62154422e-02, -4.45069443e-01,
        -4.47777586e-01, -2.04863697e-02,  2.09793160e+00,
         9.04125332e-02,  9.03829251e-01],
       [ 1.86348463e+00, -1.12123427e-01, -4.62055409e-01,
        -4.63685570e-01, -3.74723358e-02,  2.08202361e+00,
         7.34265671e-02,  8.87921266e-01],
       [ 1.84626510e+00, -1.28036443e-01, -4.79274941e-01,
        -4.79598587e-01, -5.46918671e-02,  2.06611060e+00,
         5.62070358e-02,  8.72008250e-01],
       [ 1.82878613e+00, -1.43900614e-01, -4.96753914e-01,
        -4.95462758e-01, -7.21708408e-02,  2.05024643e+00,
         3.87280621e-02,  8.56144079e-01],
       [ 1.81103064e+00, -1.59671959e-01, -5.14509408e-01,
        -5.11234103e-01, -8.99263350e-02,  2.03447508e+00,
         2.09725679e-02,  8.40372734e-01],
       [ 1.79304975e+00, -1.75474976e-01, -5.32490299e-01,
        -5.27037120e-01, -1.07907225e-01,  2.01867206e+00,
         2.99167781e-03,  8.24569717e-01],
       [ 1.77479373e+00, -1.91242156e-01, -5.50746313e-01,
        -5.42804299e-01, -1.26163240e-01,  2.00290489e+00,
        -1.52643370e-02,  8.08802537e-01],
       [ 1.75648062e+00, -2.07656034e-01, -5.69059427e-01,
        -5.59218178e-01, -1.44476353e-01,  1.98649101e+00,
        -3.35774505e-02,  7.92388659e-01],
       [ 1.73753204e+00, -2.23076473e-01, -5.88008004e-01,
        -5.74638616e-01, -1.63424930e-01,  1.97107057e+00,
        -5.25260272e-02,  7.76968220e-01],
       [ 1.71845487e+00, -2.38949114e-01, -6.07085173e-01,
        -5.90511258e-01, -1.82502099e-01,  1.95519793e+00,
        -7.16031963e-02,  7.61095579e-01],
       [ 1.69879413e+00, -2.53842128e-01, -6.26745917e-01,
        -6.05404272e-01, -2.02162843e-01,  1.94030491e+00,
        -9.12639403e-02,  7.46202565e-01],
       [ 1.67907062e+00, -2.69416740e-01, -6.46469426e-01,
        -6.20978883e-01, -2.21886353e-01,  1.92473030e+00,
        -1.10987450e-01,  7.30627953e-01],
       [ 1.65884800e+00, -2.84190324e-01, -6.66692046e-01,
        -6.35752467e-01, -2.42108973e-01,  1.90995672e+00,
        -1.31210070e-01,  7.15854369e-01],
       [ 1.63830614e+00, -2.98724354e-01, -6.87233904e-01,
        -6.50286498e-01, -2.62650831e-01,  1.89542269e+00,
        -1.51751928e-01,  7.01320339e-01],
       [ 1.61750316e+00, -3.13204820e-01, -7.08036886e-01,
        -6.64766963e-01, -2.83453812e-01,  1.88094222e+00,
        -1.72554909e-01,  6.86839874e-01],
       [ 1.59631852e+00, -3.27146855e-01, -7.29221526e-01,
        -6.78708999e-01, -3.04638453e-01,  1.86700019e+00,
        -1.93739550e-01,  6.72897838e-01],
       [ 1.57510476e+00, -3.41861981e-01, -7.50435288e-01,
        -6.93424124e-01, -3.25852215e-01,  1.85228506e+00,
        -2.14953312e-01,  6.58182712e-01],
       [ 1.55333035e+00, -3.55323314e-01, -7.72209695e-01,
        -7.06885457e-01, -3.47626622e-01,  1.83882373e+00,
        -2.36727719e-01,  6.44721379e-01],
       [ 1.53156828e+00, -3.69572238e-01, -7.93971761e-01,
        -7.21134382e-01, -3.69388688e-01,  1.82457480e+00,
        -2.58489785e-01,  6.30472455e-01],
       [ 1.50926425e+00, -3.82647481e-01, -8.16275796e-01,
        -7.34209624e-01, -3.91692723e-01,  1.81149956e+00,
        -2.80793820e-01,  6.17397212e-01],
       [ 1.48700067e+00, -3.96482433e-01, -8.38539377e-01,
        -7.48044576e-01, -4.13956303e-01,  1.79766461e+00,
        -3.03057401e-01,  6.03562260e-01],
       [ 1.46431775e+00, -4.09547117e-01, -8.61222298e-01,
        -7.61109260e-01, -4.36639225e-01,  1.78459992e+00,
        -3.25740322e-01,  5.90497576e-01],
       [ 1.44167188e+00, -4.23197395e-01, -8.83868160e-01,
        -7.74759538e-01, -4.59285087e-01,  1.77094965e+00,
        -3.48386184e-01,  5.76847298e-01],
       [ 1.41846825e+00, -4.35744304e-01, -9.07071795e-01,
        -7.87306447e-01, -4.82488722e-01,  1.75840274e+00,
        -3.71589819e-01,  5.64300389e-01],
       [ 1.39541688e+00, -4.49097662e-01, -9.30123168e-01,
        -8.00659805e-01, -5.05540095e-01,  1.74504938e+00,
        -3.94641192e-01,  5.50947031e-01],
       [ 1.37189169e+00, -4.61611018e-01, -9.53648353e-01,
        -8.13173161e-01, -5.29065280e-01,  1.73253602e+00,
        -4.18166377e-01,  5.38433675e-01],
       [ 1.34820816e+00, -4.74083617e-01, -9.77331889e-01,
        -8.25645760e-01, -5.52748815e-01,  1.72006342e+00,
        -4.41849912e-01,  5.25961076e-01],
       [ 1.32430496e+00, -4.86344014e-01, -1.00123508e+00,
        -8.37906157e-01, -5.76652011e-01,  1.70780303e+00,
        -4.65753108e-01,  5.13700679e-01],
       [ 1.30062380e+00, -4.99493473e-01, -1.02491624e+00,
        -8.51055616e-01, -6.00333168e-01,  1.69465357e+00,
        -4.89434265e-01,  5.00551220e-01],
       [ 1.27661841e+00, -5.12130625e-01, -1.04892164e+00,
        -8.63692769e-01, -6.24338565e-01,  1.68201642e+00,
        -5.13439662e-01,  4.87914068e-01],
       [ 1.25274063e+00, -5.25279379e-01, -1.07279942e+00,
        -8.76841522e-01, -6.48216343e-01,  1.66886766e+00,
        -5.37317440e-01,  4.74765314e-01],
       [ 1.22839227e+00, -5.37672008e-01, -1.09714777e+00,
        -8.89234151e-01, -6.72564696e-01,  1.65647503e+00,
        -5.61665793e-01,  4.62372685e-01]]), 'data_points': 600}, 8: {'r2': -14.806193351745605, 'mse': 0.675688019009018, 'train_losses': [1.2604166269302368, 1.1319016218185425, 1.0132189989089966, 0.9018964767456055, 0.7963770031929016, 0.6986015439033508, 0.6133520007133484, 0.5465856790542603, 0.5053070187568665, 0.493992418050766, 0.5073373913764954, 0.527568519115448, 0.5364769697189331, 0.5279143452644348, 0.5049424767494202, 0.47644880414009094, 0.44993188977241516, 0.4295809864997864, 0.4164695143699646, 0.409426212310791, 0.40606358647346497, 0.404168039560318, 0.4021284282207489, 0.3985849916934967, 0.3928159773349762, 0.38501226902008057, 0.37568438053131104, 0.36556920409202576, 0.3556062579154968, 0.34680625796318054], 'test_losses': [1.4294826984405518, 1.3060046434402466, 1.1900229454040527, 1.0761775970458984, 0.9642249941825867, 0.8553593754768372, 0.7523983716964722, 0.6601226329803467, 0.5862752199172974, 0.5380823612213135, 0.5165098309516907, 0.5147730112075806, 0.5201537609100342, 0.5263039469718933, 0.5330835580825806, 0.5424291491508484, 0.557252049446106, 0.5772761106491089, 0.601689338684082, 0.6279599070549011, 0.6533659100532532, 0.6758208870887756, 0.6927021741867065, 0.7030646800994873, 0.7075900435447693, 0.7066928148269653, 0.7012685537338257, 0.6930789947509766, 0.6838887929916382, 0.6756880283355713], 'predictions': array([[ 6.88690066e-01,  3.10837626e-02, -1.32023382e+00,
        -7.87049055e-01, -4.78431284e-01,  3.90443385e-01,
         2.02286914e-01, -6.57189190e-01],
       [ 1.00213110e+00,  1.35258079e-01, -1.78697753e+00,
        -9.59913373e-01, -6.91864729e-01,  5.81043899e-01,
         1.88997954e-01, -8.08396101e-01],
       [ 6.52655184e-01,  6.27927706e-02, -1.37175548e+00,
        -6.90378845e-01, -5.96364021e-01,  5.95599651e-01,
         3.11402287e-02, -5.58990538e-01],
       [ 6.54795945e-01,  2.57852785e-02, -1.37175488e+00,
        -8.10440004e-01, -5.21110594e-01,  4.12438899e-01,
         1.84501439e-01, -6.62181675e-01],
       [ 9.76374924e-01,  1.41690448e-01, -1.81144238e+00,
        -9.81197894e-01, -7.03476369e-01,  5.69470882e-01,
         1.86812088e-01, -8.36762905e-01],
       [ 6.42641664e-01,  6.12026677e-02, -1.38281679e+00,
        -7.04169631e-01, -6.07667744e-01,  5.96422195e-01,
         2.93425377e-02, -5.61990917e-01],
       [ 6.18265748e-01, -1.33566721e-03, -1.44540215e+00,
        -8.54120135e-01, -5.79979599e-01,  4.26901221e-01,
         1.73938498e-01, -6.75768554e-01],
       [ 9.79740322e-01,  1.35727972e-01, -1.86513221e+00,
        -9.95377243e-01, -7.44624913e-01,  5.91307998e-01,
         1.72389120e-01, -8.48594904e-01],
       [ 6.11030698e-01,  3.52813266e-02, -1.44236004e+00,
        -7.71157384e-01, -6.30697608e-01,  5.82086802e-01,
         5.56580797e-02, -5.98618984e-01],
       [ 6.25465035e-01,  4.42333408e-02, -1.44953036e+00,
        -7.65102327e-01, -6.34204805e-01,  6.03144705e-01,
         4.29681018e-02, -5.90401292e-01],
       [ 5.84692419e-01,  7.07331067e-03, -1.48945832e+00,
        -8.31887662e-01, -6.40951455e-01,  5.58052838e-01,
         8.62541944e-02, -6.32413685e-01],
       [ 6.86654747e-01,  5.07514253e-02, -1.47834921e+00,
        -7.33257651e-01, -6.63982332e-01,  6.67008519e-01,
        -1.00714322e-02, -5.62956572e-01],
       [ 6.16722405e-01, -8.35483521e-03, -1.50780165e+00,
        -8.91457915e-01, -6.23564422e-01,  4.14642632e-01,
         1.66388184e-01, -7.09206164e-01],
       [ 9.36944366e-01,  1.11620367e-01, -1.94084275e+00,
        -1.05204952e+00, -7.89372027e-01,  5.88196099e-01,
         1.62993357e-01, -8.92190695e-01],
       [ 5.88097274e-01,  1.30548785e-02, -1.49724853e+00,
        -8.15370917e-01, -6.61443830e-01,  6.01824224e-01,
         3.63168791e-02, -6.12332582e-01],
       [ 9.40426767e-01,  1.34466588e-01, -2.11109877e+00,
        -1.22727704e+00, -7.71460295e-01,  4.59049433e-01,
         2.78036088e-01, -1.12420523e+00],
       [ 7.10351765e-01,  3.01756766e-02, -1.73227668e+00,
        -9.43454206e-01, -7.55029619e-01,  5.94400406e-01,
         5.01350835e-02, -7.47069240e-01],
       [ 5.82615793e-01,  1.06390622e-02, -1.49583077e+00,
        -8.09277415e-01, -6.69597030e-01,  6.11944556e-01,
         1.36898560e-02, -6.06118619e-01],
       [ 5.98700821e-01,  2.59833783e-02, -1.47454357e+00,
        -7.71674335e-01, -6.65365160e-01,  6.38926148e-01,
        -3.41800693e-03, -5.77766359e-01],
       [ 5.74995220e-01,  2.35324516e-03, -1.49960291e+00,
        -8.21284354e-01, -6.65599704e-01,  6.04948521e-01,
         3.51249874e-02, -6.05291784e-01],
       [ 6.65324211e-01, -3.50704640e-02, -1.82320201e+00,
        -1.02102208e+00, -7.98322082e-01,  5.89756370e-01,
         8.67119581e-02, -7.96880543e-01],
       [ 6.85022175e-01, -4.55944240e-02, -2.02940202e+00,
        -1.14537346e+00, -8.58419240e-01,  6.37873650e-01,
         1.15046993e-01, -8.81280541e-01],
       [ 1.08666217e+00,  2.44307488e-01, -1.35293090e+00,
        -6.48008883e-01, -4.12546754e-01,  4.26642865e-01,
         4.39819157e-01, -6.59119725e-01],
       [ 1.08666217e+00,  2.44307488e-01, -1.35293090e+00,
        -6.48008883e-01, -4.12546754e-01,  4.26642865e-01,
         4.39819157e-01, -6.59119725e-01],
       [ 1.08666217e+00,  2.44307488e-01, -1.35293090e+00,
        -6.48008883e-01, -4.12546754e-01,  4.26642865e-01,
         4.39819157e-01, -6.59119725e-01],
       [ 6.51526988e-01,  8.30487758e-02, -1.16420770e+00,
        -5.28631508e-01, -5.03853917e-01,  5.16541302e-01,
         3.53965834e-02, -4.36077416e-01],
       [ 9.80951428e-01,  6.31431863e-02, -1.33671212e+00,
        -7.02203453e-01, -3.96767050e-01,  3.40765744e-01,
         4.78790015e-01, -6.66129827e-01],
       [ 1.38757384e+00,  3.62404585e-01, -1.58339846e+00,
        -7.28971124e-01, -4.60412085e-01,  4.47427899e-01,
         5.62871754e-01, -7.94875562e-01],
       [ 6.19131088e-01,  6.30562901e-02, -1.11249828e+00,
        -4.76240128e-01, -5.08591175e-01,  5.37825108e-01,
         3.03654335e-02, -3.73610795e-01],
       [ 9.75697517e-01,  3.23469825e-02, -1.42452693e+00,
        -7.50605583e-01, -4.32236850e-01,  3.40683520e-01,
         4.96993095e-01, -7.03292131e-01],
       [ 1.36153269e+00,  3.39853883e-01, -1.63084197e+00,
        -7.71333575e-01, -4.77252424e-01,  4.40001428e-01,
         5.86014569e-01, -8.33925009e-01],
       [ 1.31789196e+00,  2.90898353e-01, -1.57801032e+00,
        -7.82907903e-01, -4.09676969e-01,  3.85309786e-01,
         6.40330434e-01, -8.64708483e-01],
       [ 1.18312013e+00,  3.06969821e-01, -1.60021639e+00,
        -7.75720000e-01, -4.88163143e-01,  4.31721509e-01,
         4.88185674e-01, -8.35318983e-01],
       [ 1.14022446e+00,  9.93233323e-02, -1.88509536e+00,
        -1.07969880e+00, -5.25009513e-01,  3.51488352e-01,
         6.87358379e-01, -1.05547309e+00],
       [ 1.14951110e+00,  2.85802484e-01, -1.63974667e+00,
        -8.17038894e-01, -4.99854207e-01,  4.26347554e-01,
         5.00668228e-01, -8.69333088e-01],
       [ 6.40617311e-01,  6.69455007e-02, -1.17553449e+00,
        -5.08325398e-01, -5.15763164e-01,  5.57622552e-01,
         6.30810857e-02, -3.97838652e-01],
       [ 1.25828600e+00, -5.91097623e-02, -1.99256647e+00,
        -1.10970712e+00, -5.20727515e-01,  3.49658310e-01,
         7.54303634e-01, -1.03305197e+00],
       [ 1.76392591e+00,  2.95760542e-01, -1.55285168e+00,
        -7.24906743e-01, -2.69693255e-01,  3.83632779e-01,
         8.29240441e-01, -8.07293057e-01],
       [ 1.55743623e+00,  1.66203201e-01, -1.36327016e+00,
        -6.92276537e-01, -1.96127295e-01,  3.42338562e-01,
         7.13522673e-01, -6.34120405e-01],
       [ 1.58601677e+00,  2.14214981e-01, -1.20126474e+00,
        -4.72672492e-01, -1.60542846e-01,  4.31601971e-01,
         7.45962858e-01, -4.98095125e-01],
       [ 1.39747167e+00,  1.73666641e-01, -8.99841666e-01,
        -2.73309857e-01, -1.58821493e-01,  4.36645746e-01,
         5.82414269e-01, -2.94767886e-01],
       [ 1.34168303e+00,  1.84665799e-01, -8.32337856e-01,
        -2.34291956e-01, -1.46275178e-01,  4.31681782e-01,
         5.52600265e-01, -2.61922896e-01],
       [ 1.42175925e+00,  2.03877985e-01, -8.50140035e-01,
        -2.28124723e-01, -1.33456483e-01,  4.48359191e-01,
         5.91371894e-01, -2.60106623e-01],
       [ 1.53057587e+00,  2.22681686e-01, -8.94387364e-01,
        -2.32958719e-01, -1.26416415e-01,  4.73076254e-01,
         6.44789338e-01, -2.67076939e-01],
       [ 1.66745830e+00,  2.47942120e-01, -9.60492969e-01,
        -2.41736680e-01, -1.22834876e-01,  4.99180824e-01,
         7.10247278e-01, -2.76924998e-01],
       [ 1.80007744e+00,  2.78337985e-01, -1.04083729e+00,
        -2.57991701e-01, -1.21792570e-01,  5.14788389e-01,
         7.71806359e-01, -3.01298261e-01],
       [ 1.86107516e+00,  2.89333433e-01, -1.07035804e+00,
        -2.65583217e-01, -1.14123985e-01,  5.21249354e-01,
         7.97995865e-01, -3.13031435e-01],
       [ 1.90466809e+00,  2.95517266e-01, -1.08917665e+00,
        -2.71862298e-01, -1.06997617e-01,  5.26299000e-01,
         8.14197004e-01, -3.22439104e-01],
       [ 1.95194995e+00,  3.04557383e-01, -1.11104298e+00,
        -2.78521985e-01, -1.00595184e-01,  5.31687737e-01,
         8.34057212e-01, -3.30188960e-01],
       [ 1.99022210e+00,  3.11285764e-01, -1.13200545e+00,
        -2.84118503e-01, -1.00268506e-01,  5.38015425e-01,
         8.53659391e-01, -3.36205930e-01],
       [ 2.00283027e+00,  3.13585669e-01, -1.14391387e+00,
        -2.79044002e-01, -1.01862758e-01,  5.41785419e-01,
         8.65802169e-01, -3.34011197e-01],
       [ 2.01448202e+00,  3.17511886e-01, -1.16916454e+00,
        -2.73663282e-01, -1.08185194e-01,  5.43768406e-01,
         8.87522697e-01, -3.32751215e-01],
       [ 2.01179028e+00,  3.23652774e-01, -1.19184601e+00,
        -2.68024296e-01, -1.18544042e-01,  5.39732873e-01,
         9.01994348e-01, -3.34474206e-01],
       [ 2.02380013e+00,  3.41506541e-01, -1.21857548e+00,
        -2.65977234e-01, -1.30342975e-01,  5.35671771e-01,
         9.13791776e-01, -3.43691498e-01],
       [ 1.98469329e+00,  3.39345664e-01, -1.21780849e+00,
        -2.65215844e-01, -1.48534060e-01,  5.24695694e-01,
         8.99000585e-01, -3.51430863e-01],
       [ 1.91641521e+00,  3.34507346e-01, -1.18106067e+00,
        -2.56628603e-01, -1.60203159e-01,  5.08377075e-01,
         8.56788516e-01, -3.61435950e-01],
       [ 1.88300574e+00,  3.38188380e-01, -1.15446448e+00,
        -2.45423496e-01, -1.70195803e-01,  4.99395698e-01,
         8.22542131e-01, -3.66336972e-01],
       [ 1.83420265e+00,  3.36743593e-01, -1.14279497e+00,
        -2.42767692e-01, -1.94270790e-01,  4.85572994e-01,
         7.86328733e-01, -3.79041582e-01],
       [ 1.72848666e+00,  3.06895673e-01, -1.15385783e+00,
        -2.63970673e-01, -2.39989817e-01,  4.69468176e-01,
         7.60450542e-01, -3.93911123e-01],
       [ 1.65748978e+00,  2.81219542e-01, -1.17467880e+00,
        -3.09078008e-01, -2.65280277e-01,  4.64228183e-01,
         7.62327850e-01, -4.08946306e-01],
       [ 1.70015299e+00,  2.70423084e-01, -1.15257478e+00,
        -3.28758299e-01, -2.27417395e-01,  4.76451844e-01,
         7.71259248e-01, -3.98741841e-01],
       [ 1.70426464e+00,  2.39723474e-01, -1.10743320e+00,
        -3.36926103e-01, -1.88331679e-01,  4.89142418e-01,
         7.58357704e-01, -3.75056028e-01],
       [ 1.62642157e+00,  2.27910638e-01, -1.09426022e+00,
        -3.61771971e-01, -1.85837746e-01,  4.64072913e-01,
         7.32698143e-01, -3.91712368e-01],
       [ 1.52464306e+00,  2.07573473e-01, -1.12211800e+00,
        -4.18525279e-01, -2.09403560e-01,  4.34834629e-01,
         7.03564465e-01, -4.36609715e-01],
       [ 1.48813689e+00,  1.85798079e-01, -1.18055308e+00,
        -4.91478056e-01, -2.23951891e-01,  4.16295320e-01,
         7.01646090e-01, -4.91109222e-01],
       [ 1.52718890e+00,  1.90680936e-01, -1.25804853e+00,
        -5.46104372e-01, -2.48334706e-01,  4.25181419e-01,
         7.22686112e-01, -5.35528481e-01],
       [ 1.62637639e+00,  2.31805205e-01, -1.30914319e+00,
        -5.26293814e-01, -2.71224469e-01,  4.59048122e-01,
         7.65056312e-01, -5.40404677e-01],
       [ 1.69671392e+00,  2.73697644e-01, -1.38943255e+00,
        -5.43196499e-01, -3.08493346e-01,  5.07848680e-01,
         7.68971801e-01, -5.69925427e-01],
       [ 1.66471946e+00,  2.78604835e-01, -1.57538271e+00,
        -6.55697763e-01, -4.13581252e-01,  5.57024419e-01,
         7.64512658e-01, -6.52641892e-01],
       [ 1.90672588e+00,  4.02849048e-01, -1.80026329e+00,
        -6.03471339e-01, -5.23787618e-01,  6.54855728e-01,
         8.49204481e-01, -6.62238359e-01],
       [ 1.75757980e+00,  3.58395338e-01, -1.88230348e+00,
        -6.38963044e-01, -6.25084281e-01,  6.89943910e-01,
         7.46996582e-01, -6.92131341e-01],
       [ 2.08847117e+00,  4.50077981e-01, -1.92993367e+00,
        -6.63892150e-01, -5.31115472e-01,  6.49419308e-01,
         8.98495018e-01, -7.87333429e-01],
       [ 2.13379288e+00,  4.09105748e-01, -1.96408403e+00,
        -7.82247066e-01, -4.66815770e-01,  5.78118324e-01,
         9.99208629e-01, -9.11524653e-01],
       [ 1.39629614e+00,  2.50166535e-01, -1.70722747e+00,
        -6.20575845e-01, -6.36488020e-01,  6.83301687e-01,
         4.02853727e-01, -6.24181211e-01],
       [ 8.56040835e-01,  1.06920842e-02, -1.40172303e+00,
        -6.45862460e-01, -5.07669330e-01,  5.12611032e-01,
         3.74921978e-01, -5.61801434e-01],
       [ 1.72048366e+00,  3.80570412e-01, -1.82815933e+00,
        -6.08891129e-01, -6.16061032e-01,  6.69617236e-01,
         5.95158458e-01, -6.90697074e-01],
       [ 8.26624036e-01, -2.51275348e-03, -1.40614736e+00,
        -6.43024623e-01, -5.20688355e-01,  5.09875834e-01,
         3.45382214e-01, -5.53034067e-01],
       [ 1.66952837e+00,  3.63465577e-01, -1.81981766e+00,
        -6.20200515e-01, -6.13929152e-01,  6.59906387e-01,
         5.73088527e-01, -6.88890100e-01],
       [ 7.38587499e-01, -3.72561626e-02, -1.44907165e+00,
        -6.84586108e-01, -5.63678145e-01,  5.11320412e-01,
         3.07348132e-01, -5.71217775e-01],
       [ 1.62445819e+00,  3.50154698e-01, -1.79986393e+00,
        -6.22935057e-01, -6.05668128e-01,  6.44291282e-01,
         5.67191064e-01, -6.85997486e-01],
       [ 6.68672740e-01, -7.09066540e-02, -1.49088895e+00,
        -7.22442627e-01, -5.99437296e-01,  5.18494546e-01,
         2.81263620e-01, -5.85239589e-01],
       [ 1.55550587e+00,  3.26537609e-01, -1.78694773e+00,
        -6.42197371e-01, -6.06580555e-01,  6.29691243e-01,
         5.50912321e-01, -6.94643736e-01],
       [ 6.03551149e-01, -1.06416583e-01, -1.51401639e+00,
        -7.45994151e-01, -6.29157066e-01,  5.18138468e-01,
         2.58451223e-01, -5.89564443e-01],
       [ 1.47925496e+00,  3.01180661e-01, -1.77704203e+00,
        -6.64392471e-01, -6.10271096e-01,  6.15899622e-01,
         5.34133077e-01, -7.04609990e-01],
       [ 5.45633197e-01, -1.39262944e-01, -1.53573215e+00,
        -7.67615438e-01, -6.55866921e-01,  5.17698824e-01,
         2.37843260e-01, -5.93942225e-01],
       [ 1.37168360e+00,  2.60523796e-01, -1.77352917e+00,
        -6.97710037e-01, -6.24491096e-01,  6.05004907e-01,
         5.03815532e-01, -7.18150973e-01],
       [ 4.92563784e-01, -1.71114102e-01, -1.55847180e+00,
        -7.90296972e-01, -6.80539250e-01,  5.21462023e-01,
         2.14166313e-01, -5.96485078e-01],
       [ 1.25032794e+00,  2.15055332e-01, -1.76739001e+00,
        -7.32831538e-01, -6.40494347e-01,  5.88476777e-01,
         4.68566030e-01, -7.31585205e-01],
       [ 5.54152787e-01, -1.79647312e-01, -1.67467058e+00,
        -8.62880588e-01, -6.94278538e-01,  4.91936177e-01,
         3.40837717e-01, -6.71696603e-01],
       [ 1.13524306e+00,  1.71022028e-01, -1.74703753e+00,
        -7.60201693e-01, -6.55604005e-01,  5.69739759e-01,
         4.29059625e-01, -7.39425242e-01],
       [ 4.08094555e-01, -2.28739962e-01, -1.53467226e+00,
        -7.68819928e-01, -7.12880552e-01,  5.62139511e-01,
         1.19339928e-01, -5.53146064e-01],
       [ 1.00219834e+00,  1.20084234e-01, -1.71229053e+00,
        -7.77119398e-01, -6.68359280e-01,  5.48590243e-01,
         3.85636866e-01, -7.36505866e-01],
       [ 3.82064223e-01, -2.58639932e-01, -1.48533702e+00,
        -7.11367130e-01, -7.26154864e-01,  6.27934933e-01,
         3.14837843e-02, -4.89304483e-01],
       [ 8.57108653e-01,  6.60749525e-02, -1.66306674e+00,
        -7.79751360e-01, -6.73554718e-01,  5.25364816e-01,
         3.46759260e-01, -7.21940219e-01],
       [ 4.65400755e-01, -2.55394578e-01, -1.31116152e+00,
        -5.39654434e-01, -7.50750184e-01,  7.42991567e-01,
        -9.53062475e-02, -3.31593990e-01],
       [ 9.22486782e-01,  1.42684309e-02, -1.78970838e+00,
        -8.79304647e-01, -6.64145708e-01,  4.94668603e-01,
         5.10666966e-01, -7.99189329e-01],
       [ 6.71787202e-01,  4.52768058e-04, -1.52615643e+00,
        -7.09462047e-01, -6.65154934e-01,  4.70582366e-01,
         3.02464724e-01, -6.51735246e-01],
       [ 5.69886327e-01, -2.89766818e-01, -1.25665605e+00,
        -4.58779961e-01, -7.86850333e-01,  8.07921410e-01,
        -1.07796617e-01, -2.39242181e-01],
       [ 5.83872557e-01, -2.93001652e-01, -1.24474037e+00,
        -4.34683323e-01, -8.00656319e-01,  8.31133425e-01,
        -1.18265934e-01, -2.12793052e-01],
       [ 5.81460118e-01, -2.95681894e-01, -1.25738978e+00,
        -4.49503124e-01, -8.09841156e-01,  8.37950528e-01,
        -1.18751220e-01, -2.11311147e-01],
       [ 5.42847633e-01, -2.69592106e-01, -1.24522376e+00,
        -4.70700324e-01, -7.83601046e-01,  7.81152606e-01,
        -9.45387930e-02, -2.28427708e-01],
       [ 4.56251562e-01, -1.86866447e-01, -1.26970780e+00,
        -5.97633898e-01, -6.47918701e-01,  5.25302172e-01,
         7.73462579e-02, -3.86764318e-01],
       [ 9.70931530e-01,  1.16650775e-01, -1.27522016e+00,
        -5.11008680e-01, -4.65451658e-01,  4.07690555e-01,
         4.78244901e-01, -5.46973348e-01],
       [ 9.82642472e-01,  7.37711266e-02, -1.64478707e+00,
        -7.64253438e-01, -5.88973045e-01,  4.61572260e-01,
         5.52406549e-01, -7.36112475e-01],
       [ 1.33865821e+00,  2.14720368e-01, -1.52917933e+00,
        -5.23744583e-01, -5.21757603e-01,  4.93650496e-01,
         6.56377494e-01, -6.19397819e-01],
       [ 1.38618505e+00,  1.44904479e-01, -2.23648429e+00,
        -1.00138211e+00, -7.32012033e-01,  5.75434148e-01,
         8.06868255e-01, -9.96412456e-01],
       [ 1.32399857e+00,  2.56862760e-01, -1.97847641e+00,
        -8.19938719e-01, -6.85233712e-01,  5.48758984e-01,
         6.73231602e-01, -8.87040436e-01],
       [ 9.04186249e-01,  5.25976531e-02, -2.53868413e+00,
        -1.33771420e+00, -9.02969599e-01,  5.93598366e-01,
         5.69652975e-01, -1.19962466e+00],
       [ 6.75810158e-01,  9.84342471e-02, -1.87258065e+00,
        -9.04601991e-01, -7.56108880e-01,  5.05842686e-01,
         3.74009579e-01, -8.46537828e-01],
       [ 2.27345139e-01, -2.39735514e-01, -1.38648784e+00,
        -6.78180099e-01, -7.24369705e-01,  6.16464555e-01,
         8.38939659e-03, -3.79615456e-01],
       [ 4.97869313e-01,  6.38781581e-03, -1.71116006e+00,
        -8.20442021e-01, -7.60658503e-01,  4.76412952e-01,
         3.35280150e-01, -7.35505939e-01],
       [ 5.88103175e-01, -5.01100719e-02, -2.19280434e+00,
        -1.17333126e+00, -8.74477744e-01,  5.14174819e-01,
         4.43002939e-01, -9.94502127e-01],
       [ 6.07801974e-01,  4.13735881e-02, -1.55528688e+00,
        -6.52917802e-01, -6.88776255e-01,  4.53629047e-01,
         3.70910704e-01, -6.34303212e-01],
       [ 6.55246556e-01, -4.50954549e-02, -2.21757507e+00,
        -1.19478071e+00, -8.55656922e-01,  4.88610029e-01,
         5.05263805e-01, -1.03720260e+00],
       [ 6.65430725e-01,  5.75886592e-02, -1.50451767e+00,
        -5.97112238e-01, -6.66485071e-01,  4.58012909e-01,
         3.75673681e-01, -6.00641906e-01],
       [ 3.56864154e-01, -1.80334046e-01, -1.23240578e+00,
        -5.19014955e-01, -6.27004385e-01,  5.55836976e-01,
         7.57227093e-02, -3.31884563e-01],
       [ 5.87781549e-01,  3.20951990e-03, -1.40071762e+00,
        -5.40071487e-01, -6.35937452e-01,  4.86654192e-01,
         3.00951719e-01, -4.92474318e-01],
       [ 7.07240582e-01, -8.91983509e-03, -2.12525702e+00,
        -1.12037969e+00, -8.18297684e-01,  4.66328084e-01,
         5.21389484e-01, -1.00184071e+00],
       [ 6.49119616e-01,  6.26577064e-02, -1.52066481e+00,
        -6.04423583e-01, -6.80836678e-01,  4.63349849e-01,
         3.59630525e-01, -6.00566745e-01],
       [ 2.76681334e-01, -2.41278455e-01, -1.35350525e+00,
        -6.15662634e-01, -6.97026789e-01,  5.74823558e-01,
         4.76131253e-02, -3.67495418e-01]], dtype=float32), 'ground_truth': array([[ 6.89775515e-01,  9.79566328e-01, -2.49848459e+00,
        -3.27182476e-01, -1.46103617e+00,  5.21651175e-01,
         1.04246609e+00, -3.37833848e-01],
       [ 6.74472839e-01,  9.59546775e-01, -2.51378727e+00,
        -3.47202029e-01, -1.47633885e+00,  5.01631622e-01,
         1.02716341e+00, -3.57853400e-01],
       [ 6.58679080e-01,  9.39903507e-01, -2.52958103e+00,
        -3.66845297e-01, -1.49213260e+00,  4.81988353e-01,
         1.01136965e+00, -3.77496669e-01],
       [ 6.42791108e-01,  9.19795788e-01, -2.54546900e+00,
        -3.86953016e-01, -1.50802058e+00,  4.61880634e-01,
         9.95481679e-01, -3.97604388e-01],
       [ 6.25995710e-01,  9.01008527e-01, -2.56226440e+00,
        -4.05740277e-01, -1.52481597e+00,  4.43093373e-01,
         9.78686280e-01, -4.16391649e-01],
       [ 6.09328100e-01,  8.81318205e-01, -2.57893201e+00,
        -4.25430599e-01, -1.54148358e+00,  4.23403051e-01,
         9.62018671e-01, -4.36081971e-01],
       [ 5.91889278e-01,  8.62706424e-01, -2.59637083e+00,
        -4.44042379e-01, -1.55892241e+00,  4.04791271e-01,
         9.44579849e-01, -4.54693751e-01],
       [ 5.74236865e-01,  8.43988562e-01, -2.61402324e+00,
        -4.62760242e-01, -7.95389396e-01,  1.40847044e+00,
         9.26927435e-01, -4.73411614e-01],
       [ 5.56323717e-01,  8.25290509e-01, -2.63193639e+00,
        -4.81458295e-01, -8.13302544e-01,  1.38977239e+00,
         9.09014288e-01, -4.92109667e-01],
       [ 5.37787189e-01,  8.07397264e-01, -2.65047292e+00,
        -4.99351540e-01, -8.31839071e-01,  1.37187915e+00,
         8.90477760e-01, -5.10002912e-01],
       [ 5.19043647e-01,  7.89450139e-01, -2.66921646e+00,
        -5.17298665e-01, -8.50582613e-01,  1.35393202e+00,
         8.71734218e-01, -5.27950037e-01],
       [ 4.99828156e-01,  7.72047555e-01, -2.68843195e+00,
        -5.34701249e-01, -8.69798105e-01,  1.33652944e+00,
         8.52518727e-01, -5.45352620e-01],
       [ 4.80599690e-01,  7.54172276e-01, -2.70766042e+00,
        -5.52576528e-01, -8.89026570e-01,  1.31865416e+00,
         8.33290261e-01, -5.63227899e-01],
       [ 4.61221856e-01,  7.36189791e-01, -2.72703825e+00,
        -5.70559013e-01, -9.08404404e-01,  1.30067167e+00,
         8.13912427e-01, -5.81210385e-01],
       [ 4.40995296e-01,  7.19581685e-01, -2.74726481e+00,
        -5.87167119e-01, -9.28630965e-01,  1.28406357e+00,
         7.93685867e-01, -5.97818490e-01],
       [ 4.21027336e-01,  7.02014172e-01, -2.76723277e+00,
        -6.04734632e-01, -9.48598925e-01,  1.26649605e+00,
         7.73717907e-01, -6.15386004e-01],
       [ 4.00560611e-01,  6.85117744e-01, -2.78769950e+00,
        -6.21631060e-01, -9.69065650e-01,  1.24959963e+00,
         7.53251181e-01, -6.32282432e-01],
       [ 3.79493962e-01,  6.69122446e-01, -2.80876614e+00,
        -6.37626358e-01, -9.90132299e-01,  1.23360433e+00,
         7.32184533e-01, -6.48277730e-01],
       [ 3.58766056e-01,  6.52015739e-01, -2.82949405e+00,
        -6.54733065e-01, -1.01086020e+00,  1.21649762e+00,
         7.11456626e-01, -6.65384436e-01],
       [ 3.37677905e-01,  6.35349158e-01, -2.85058220e+00,
        -6.71399646e-01, -1.03194836e+00,  1.19983104e+00,
         6.90368476e-01, -6.82051018e-01],
       [ 3.16676565e-01,  6.18238738e-01, -2.87158354e+00,
        -6.88510066e-01, -1.05294970e+00,  1.18272062e+00,
         6.69367135e-01, -6.99161437e-01],
       [ 2.94880166e-01,  6.02360441e-01, -2.89337994e+00,
        -7.04388363e-01, -1.07474609e+00,  1.16684232e+00,
         6.47570737e-01, -7.15039734e-01],
       [ 2.73410706e-01,  5.85629984e-01, -2.91484940e+00,
        -7.21118820e-01, -1.09621555e+00,  1.15011187e+00,
         6.26101277e-01, -7.31770192e-01],
       [ 2.51410654e-01,  5.69617476e-01, -2.93684945e+00,
        -7.37131328e-01, -1.11821561e+00,  1.13409936e+00,
         6.04101225e-01, -7.47782700e-01],
       [ 2.28940934e-01,  5.54224015e-01, -2.95931917e+00,
        -7.52524789e-01, -1.14068533e+00,  1.11870590e+00,
         5.81631505e-01, -7.63176161e-01],
       [ 2.07251609e-01,  5.37867197e-01, -2.98100850e+00,
        -7.68881607e-01, -1.16237465e+00,  1.10234908e+00,
         5.59942179e-01, -7.79532978e-01],
       [ 1.86985370e-01,  5.21931631e-01, -3.00127474e+00,
        -7.84817173e-01, -1.18264089e+00,  1.08641351e+00,
         5.39675941e-01, -7.95468545e-01],
       [ 1.68500354e-01,  5.07232262e-01, -3.01975975e+00,
        -7.99516542e-01, -1.20112591e+00,  1.07171414e+00,
         5.21190924e-01, -8.10167914e-01],
       [ 1.51679511e-01,  4.93798148e-01, -3.03658060e+00,
        -8.12950656e-01, -1.21794675e+00,  1.05828003e+00,
         5.04370081e-01, -8.23602027e-01],
       [ 1.36415277e-01,  4.81638984e-01, -3.05184483e+00,
        -8.25109820e-01, -1.23321098e+00,  1.04612087e+00,
         4.89105848e-01, -8.35761191e-01],
       [ 1.22601152e-01,  4.70760749e-01, -3.06565896e+00,
        -8.35988055e-01, -1.24702511e+00,  1.03524263e+00,
         4.75291722e-01, -8.46639426e-01],
       [ 1.10131460e-01,  4.61166233e-01, -3.07812865e+00,
        -8.45582571e-01, -1.25949480e+00,  1.02564811e+00,
         4.62822030e-01, -8.56233943e-01],
       [ 9.89014902e-02,  4.52854980e-01, -3.08935862e+00,
        -8.53893824e-01, -1.27072477e+00,  1.01733686e+00,
         4.51592061e-01, -8.64545196e-01],
       [ 8.88076591e-02,  4.45823230e-01, -3.09945245e+00,
        -8.60925574e-01, -1.28081860e+00,  1.01030511e+00,
         4.41498230e-01, -8.71576946e-01],
       [ 7.97476759e-02,  4.40063870e-01, -3.10851243e+00,
        -8.66684934e-01, -1.28987858e+00,  1.00454575e+00,
         4.32438247e-01, -8.77336306e-01],
       [ 7.16207153e-02,  4.35566403e-01, -3.11663939e+00,
        -8.71182401e-01, -1.29800555e+00,  1.00004828e+00,
         4.24311286e-01, -8.81833773e-01],
       [ 6.43275927e-02,  4.32316937e-01, -3.12393251e+00,
        -8.74431867e-01, -1.30529867e+00,  9.96798818e-01,
         4.17018163e-01, -8.85083239e-01],
       [ 5.77709400e-02,  4.30298179e-01, -3.13048917e+00,
        -8.76450625e-01, -1.31185532e+00,  9.94780061e-01,
         4.10461511e-01, -8.87101996e-01],
       [ 5.18553835e-02,  4.29489462e-01, -3.13640472e+00,
        -8.77259342e-01, -1.31777088e+00,  9.93971343e-01,
         4.04545954e-01, -8.87910714e-01],
       [ 4.64877201e-02,  4.29866767e-01, -3.14177239e+00,
        -8.76882037e-01, -1.32313854e+00,  9.94348649e-01,
         3.99178291e-01, -8.87533409e-01],
       [ 4.15770924e-02,  4.31402779e-01, -3.14668301e+00,
        -8.75346025e-01, -1.32804917e+00,  9.95884660e-01,
         3.94267663e-01, -8.85997397e-01],
       [ 3.70351612e-02,  4.34066943e-01, -3.15122495e+00,
        -8.72681861e-01, -1.33259110e+00,  9.98548825e-01,
         3.89725732e-01, -8.83333233e-01],
       [ 3.27762739e-02,  4.37825547e-01, -3.15548383e+00,
        -8.68923257e-01, -1.33684999e+00,  1.00230743e+00,
         3.85466845e-01, -8.79574628e-01],
       [ 2.87176284e-02,  4.42641809e-01, -3.15954248e+00,
        -8.64106995e-01, -1.34090863e+00,  1.00712369e+00,
         3.81408199e-01, -8.74758367e-01],
       [ 2.47794316e-02,  4.48475979e-01, -3.16348068e+00,
        -8.58272825e-01, -1.34484683e+00,  1.01295786e+00,
         3.77470002e-01, -8.68924197e-01],
       [ 2.08850509e-02,  4.55285461e-01, -3.16737506e+00,
        -8.51463343e-01, -1.34874121e+00,  1.01976734e+00,
         3.73575622e-01, -8.62114715e-01],
       [ 1.69611592e-02,  4.63024938e-01, -3.17129895e+00,
        -8.43723866e-01, -1.35266510e+00,  1.02750682e+00,
         3.69651730e-01, -8.54375238e-01],
       [ 1.29378711e-02,  4.71646512e-01, -3.17532224e+00,
        -8.35102292e-01, -1.35668839e+00,  1.03612839e+00,
         3.65628442e-01, -8.45753664e-01],
       [ 8.74887116e-03,  4.81099856e-01, -3.17951124e+00,
        -8.25648948e-01, -1.36087739e+00,  1.04558174e+00,
         3.61439442e-01, -8.36300320e-01],
       [ 4.33153232e-03,  4.91332373e-01, -3.18392857e+00,
        -8.15416431e-01, -1.36529473e+00,  1.05581425e+00,
         3.57022103e-01, -8.26067803e-01],
       [-3.72975213e-04,  5.02289367e-01, -3.18863308e+00,
        -8.04459437e-01, -1.36999924e+00,  1.06677125e+00,
         3.52317595e-01, -8.15110809e-01],
       [-5.41958548e-03,  5.13914219e-01, -3.19367969e+00,
        -7.92834585e-01, -1.37504585e+00,  1.07839610e+00,
         3.47270985e-01, -8.03485957e-01],
       [-1.08592491e-02,  5.26148572e-01, -3.19911936e+00,
        -7.80600232e-01, -1.38048551e+00,  1.09063045e+00,
         3.41831322e-01, -7.91251604e-01],
       [-1.67388568e-02,  5.38932524e-01, -3.20499896e+00,
        -7.67816280e-01, -1.38636512e+00,  1.10341441e+00,
         3.35951714e-01, -7.78467651e-01],
       [-2.31011742e-02,  5.52204827e-01, -3.21136128e+00,
        -7.54543977e-01, -1.39272743e+00,  1.11668671e+00,
         3.29589396e-01, -7.65195348e-01],
       [-2.99847887e-02,  5.65903085e-01, -3.21824490e+00,
        -7.40845719e-01, -1.39961105e+00,  1.13038497e+00,
         3.22705782e-01, -7.51497091e-01],
       [-3.74240679e-02,  5.79963963e-01, -3.22568417e+00,
        -7.26784841e-01, -1.40705033e+00,  1.14444584e+00,
         3.15266503e-01, -7.37436213e-01],
       [-4.45293066e-02,  5.93473338e-01, -3.23278941e+00,
        -7.13275466e-01, -1.41415557e+00,  1.15795522e+00,
         3.08161264e-01, -7.23926838e-01],
       [-5.06110202e-02,  6.05710651e-01, -3.23887113e+00,
        -7.01038153e-01, -1.42023728e+00,  1.17019253e+00,
         3.02079550e-01, -7.11689524e-01],
       [-5.58670206e-02,  6.16464557e-01, -3.24412713e+00,
        -6.90284247e-01, -1.42549328e+00,  1.18094644e+00,
         2.96823550e-01, -7.00935619e-01],
       [-6.03246264e-02,  6.25720078e-01, -3.24858473e+00,
        -6.81028726e-01, -1.42995089e+00,  1.19020196e+00,
         2.92365944e-01, -6.91680097e-01],
       [-6.32863326e-02,  6.34567253e-01, -3.25154644e+00,
        -6.72181551e-01, -1.43291259e+00,  1.19904913e+00,
         2.89404238e-01, -6.82832923e-01],
       [-6.59579027e-02,  6.41320472e-01, -3.25421801e+00,
        -6.65428332e-01, -1.43558416e+00,  1.20580235e+00,
         2.86732668e-01, -6.76079703e-01],
       [-6.69317175e-02,  6.48166378e-01, -3.25519182e+00,
        -6.58582425e-01, -1.43655798e+00,  1.21264826e+00,
         2.85758853e-01, -6.69233797e-01],
       [-6.75763355e-02,  6.53159443e-01, -3.25583644e+00,
        -6.53589361e-01, -1.43720260e+00,  1.21764132e+00,
         2.85114235e-01, -6.64240733e-01],
       [-6.66092299e-02,  6.58296068e-01, -3.25486934e+00,
        -6.48452736e-01, -1.43623549e+00,  1.22277795e+00,
         2.86081341e-01, -6.59104108e-01],
       [-6.53871157e-02,  6.61643687e-01, -3.25364722e+00,
        -6.45105117e-01, -1.43501338e+00,  1.22612557e+00,
         2.87303455e-01, -6.55756489e-01],
       [-6.26236570e-02,  6.65196398e-01, -3.25088376e+00,
        -6.41552405e-01, -1.43224992e+00,  1.22967828e+00,
         2.90066914e-01, -6.52203777e-01],
       [-5.96734695e-02,  6.67019805e-01, -3.24793358e+00,
        -6.39728999e-01, -1.42929973e+00,  1.23150169e+00,
         2.93017101e-01, -6.50380370e-01],
       [-5.52470745e-02,  6.69105326e-01, -3.24350718e+00,
        -6.37643478e-01, -1.42487334e+00,  1.23358721e+00,
         2.97443496e-01, -6.48294850e-01],
       [-5.06971587e-02,  6.69516844e-01, -3.23895727e+00,
        -6.37231960e-01, -1.42032342e+00,  1.23399873e+00,
         3.01993412e-01, -6.47883331e-01],
       [-4.47313346e-02,  6.70243296e-01, -3.23299144e+00,
        -6.36505508e-01, -1.41435760e+00,  1.23472518e+00,
         3.07959236e-01, -6.47156880e-01],
       [-3.87005035e-02,  6.69346974e-01, -3.22696061e+00,
        -6.37401830e-01, -1.40832676e+00,  1.23382886e+00,
         3.13990067e-01, -6.48053202e-01],
       [-3.13095848e-02,  6.68814511e-01, -3.21956969e+00,
        -6.37934293e-01, -1.40093585e+00,  1.23329639e+00,
         3.21380986e-01, -6.48585664e-01],
       [-2.39078274e-02,  6.66706728e-01, -3.21216793e+00,
        -6.40042076e-01, -1.39353409e+00,  1.23118861e+00,
         3.28782743e-01, -6.50693448e-01],
       [-1.51976574e-02,  6.65008125e-01, -3.20345776e+00,
        -6.41740679e-01, -1.38482392e+00,  1.22949001e+00,
         3.37492913e-01, -6.52392051e-01],
       [-6.52679387e-03,  6.61778157e-01, -3.19478690e+00,
        -6.44970647e-01, -1.37615305e+00,  1.22626004e+00,
         3.46163777e-01, -6.55622019e-01],
       [ 3.40464517e-03,  6.58999351e-01, -3.18485546e+00,
        -6.47749453e-01, -1.36622162e+00,  1.22348123e+00,
         3.56095216e-01, -6.58400825e-01],
       [ 1.32694739e-02,  6.54757648e-01, -3.17499063e+00,
        -6.51991156e-01, -1.35635679e+00,  1.21923953e+00,
         3.65960045e-01, -6.62642527e-01],
       [ 2.43501069e-02,  6.51008753e-01, -3.16391000e+00,
        -6.55740051e-01, -1.34527615e+00,  1.21549063e+00,
         3.77040678e-01, -6.66391423e-01],
       [ 3.53429438e-02,  6.45859891e-01, -3.15291716e+00,
        -6.60888913e-01, -1.33428332e+00,  1.21034177e+00,
         3.88033514e-01, -6.71540285e-01],
       [ 4.74936321e-02,  6.41228675e-01, -3.14076647e+00,
        -6.65520129e-01, -1.32213263e+00,  1.20571056e+00,
         4.00184203e-01, -6.76171500e-01],
       [ 5.96174507e-02,  6.35367432e-01, -3.12864266e+00,
        -6.71381372e-01, -1.31000881e+00,  1.19984931e+00,
         4.12308021e-01, -6.82032744e-01],
       [ 7.25948455e-02,  6.29672746e-01, -3.11566526e+00,
        -6.77076058e-01, -1.29703142e+00,  1.19415463e+00,
         4.25285416e-01, -6.87727430e-01],
       [ 8.62902558e-02,  6.24030552e-01, -3.10196985e+00,
        -6.82718252e-01, -1.28333600e+00,  1.18851243e+00,
         4.38980826e-01, -6.93369624e-01],
       [ 9.99479754e-02,  6.17193456e-01, -3.08831213e+00,
        -6.89555348e-01, -1.26967829e+00,  1.18167534e+00,
         4.52638546e-01, -7.00206719e-01],
       [ 1.14107202e-01,  6.10112814e-01, -3.07415291e+00,
        -6.96635990e-01, -1.25551906e+00,  1.17459470e+00,
         4.66797773e-01, -7.07287362e-01],
       [ 1.28546415e-01,  6.02449915e-01, -3.05971369e+00,
        -7.04298889e-01, -1.24107985e+00,  1.16693180e+00,
         4.81236986e-01, -7.14950260e-01],
       [ 1.43425775e-01,  5.94529565e-01, -3.04483433e+00,
        -7.12219239e-01, -1.22620049e+00,  1.15901145e+00,
         4.96116345e-01, -7.22870611e-01],
       [ 1.58780776e-01,  5.86438926e-01, -3.02947933e+00,
        -7.20309878e-01, -1.21084548e+00,  1.15092081e+00,
         5.11471347e-01, -7.30961249e-01],
       [ 1.75009281e-01,  5.78857545e-01, -3.01325083e+00,
        -7.27891259e-01, -1.19461698e+00,  1.14333943e+00,
         5.27699852e-01, -7.38542631e-01],
       [ 1.91526482e-01,  5.70915708e-01, -2.99673362e+00,
        -7.35833096e-01, -1.17809978e+00,  1.13539759e+00,
         5.44217053e-01, -7.46484468e-01],
       [ 2.08554653e-01,  5.63076159e-01, -2.97970545e+00,
        -7.43672645e-01, -1.16107161e+00,  1.12755804e+00,
         5.61245223e-01, -7.54324017e-01],
       [ 2.25683409e-01,  5.54529025e-01, -2.96257670e+00,
        -7.52219779e-01, -1.14394285e+00,  1.11901091e+00,
         5.78373980e-01, -7.62871150e-01],
       [ 2.43388166e-01,  5.46342503e-01, -2.94487194e+00,
        -7.60406301e-01, -1.12623809e+00,  1.11082438e+00,
         5.96078737e-01, -7.71057673e-01],
       [ 2.61210501e-01,  5.37422294e-01, -2.92704961e+00,
        -7.69326510e-01, -1.10841576e+00,  1.10190418e+00,
         6.13901071e-01, -7.79977882e-01],
       [ 2.79608574e-01,  5.29017672e-01, -2.90865153e+00,
        -7.77731132e-01, -1.09001769e+00,  1.09349955e+00,
         6.32299145e-01, -7.88382504e-01],
       [ 2.98116139e-01,  5.19777138e-01, -2.89014397e+00,
        -7.86971666e-01, -1.07151012e+00,  1.08425902e+00,
         6.50806709e-01, -7.97623038e-01],
       [ 3.17250416e-01,  5.11393595e-01, -2.87100969e+00,
        -7.95355209e-01, -1.05237584e+00,  1.07587548e+00,
         6.69940987e-01, -8.06006581e-01],
       [ 3.36604387e-01,  5.02555207e-01, -2.85165572e+00,
        -8.04193597e-01, -1.03302187e+00,  1.06703709e+00,
         6.89294958e-01, -8.14844968e-01],
       [ 3.56426057e-01,  4.94286822e-01, -2.83183405e+00,
        -8.12461982e-01, -1.01320020e+00,  1.05876870e+00,
         7.09116627e-01, -8.23113353e-01],
       [ 3.76441914e-01,  4.85354514e-01, -2.81181819e+00,
        -8.21394290e-01, -9.93184347e-01,  1.04983640e+00,
         7.29132484e-01, -8.32045662e-01],
       [ 3.96928944e-01,  4.77249895e-01, -2.79133116e+00,
        -8.29498909e-01, -9.72697317e-01,  1.04173178e+00,
         7.49619514e-01, -8.40150281e-01],
       [ 4.17631494e-01,  4.68496863e-01, -2.77062861e+00,
        -8.38251941e-01, -9.51994767e-01,  1.03297874e+00,
         7.70322064e-01, -8.48903312e-01],
       [ 4.38769677e-01,  4.60704926e-01, -2.74949043e+00,
        -8.46043878e-01, -9.30856584e-01,  1.02518681e+00,
         7.91460247e-01, -8.56695250e-01],
       [ 4.60158262e-01,  4.52497869e-01, -2.72810185e+00,
        -8.54250935e-01, -9.09467999e-01,  1.01697975e+00,
         8.12848833e-01, -8.64902307e-01],
       [ 4.81905442e-01,  4.45143907e-01, -2.70635466e+00,
        -8.61604897e-01, -8.87720818e-01,  1.00962579e+00,
         8.34596013e-01, -8.72256269e-01],
       [ 5.03897623e-01,  4.36988831e-01, -2.68436248e+00,
        -8.69759973e-01, -8.65728638e-01,  1.00147071e+00,
         8.56588193e-01, -8.80411345e-01],
       [ 5.26225216e-01,  4.30042420e-01, -2.66203489e+00,
        -8.76706384e-01, -8.43401045e-01,  9.94524301e-01,
         8.78915787e-01, -8.87357756e-01],
       [ 5.48816788e-01,  4.22642087e-01, -2.63944332e+00,
        -8.84106717e-01, -8.20809473e-01,  9.87123969e-01,
         9.01507359e-01, -8.94758088e-01],
       [ 5.71677470e-01,  4.16251378e-01, -2.61658264e+00,
        -8.90497426e-01, -7.97948791e-01,  9.80733259e-01,
         9.24368040e-01, -9.01148798e-01],
       [ 5.94825374e-01,  4.09029930e-01, -2.59343473e+00,
        -8.97718874e-01, -7.74800887e-01,  9.73511812e-01,
         9.47515945e-01, -9.08370245e-01],
       [ 6.18196379e-01,  4.03120298e-01, -2.57006373e+00,
        -9.03628506e-01, -7.51429882e-01,  9.67602179e-01,
         9.70886950e-01, -9.14279878e-01],
       [ 6.41856847e-01,  3.96499290e-01, -2.54640326e+00,
        -9.10249514e-01, -7.27769414e-01,  9.60981171e-01,
         9.94547418e-01, -9.20900886e-01],
       [ 6.65698908e-01,  3.91159109e-01, -2.52256120e+00,
        -9.15589695e-01, -7.03927353e-01,  9.55640991e-01,
         1.01838948e+00, -9.26241066e-01],
       [ 6.89834482e-01,  3.85103275e-01, -2.49842562e+00,
        -9.21645529e-01, -6.79791778e-01,  9.49585156e-01,
         1.04252505e+00, -9.32296901e-01],
       [ 7.14106697e-01,  3.80381449e-01, -2.47415341e+00,
        -9.26367355e-01, -6.55519564e-01,  9.44863330e-01,
         1.06679727e+00, -9.37018727e-01],
       [ 7.38674229e-01,  3.74967417e-01, -2.44958588e+00,
        -9.31781387e-01, -6.30952031e-01,  9.39449299e-01,
         1.09136480e+00, -9.42432759e-01],
       [ 7.63342390e-01,  3.70815058e-01, -2.42491772e+00,
        -9.35933746e-01, -6.06283870e-01,  9.35296939e-01,
         1.11603296e+00, -9.46585118e-01],
       [ 7.88308415e-01,  3.66008837e-01, -2.39995169e+00,
        -9.40739967e-01, -5.81317846e-01,  9.30490718e-01,
         1.14099899e+00, -9.51391339e-01]]), 'data_points': 600}, 9: {'r2': -4.000929832458496, 'mse': 1.149939937038766, 'train_losses': [1.0637773275375366, 0.9640548825263977, 0.8695725202560425, 0.7799981236457825, 0.6951874494552612, 0.6175100207328796, 0.549688994884491, 0.4962463080883026, 0.4623482823371887, 0.4496822953224182, 0.4527474641799927, 0.460369735956192, 0.4610745310783386, 0.45175233483314514, 0.4351338744163513, 0.41641750931739807, 0.39956119656562805, 0.38652458786964417, 0.37753576040267944, 0.3715578317642212, 0.36714890599250793, 0.36321231722831726, 0.35882502794265747, 0.35348549485206604, 0.3471689224243164, 0.3401157557964325, 0.33282628655433655, 0.3256324231624603, 0.31870999932289124, 0.31210029125213623], 'test_losses': [1.4973148107528687, 1.3689206838607788, 1.258290410041809, 1.1635104417800903, 1.0914121866226196, 1.0452288389205933, 1.0292707681655884, 1.0483347177505493, 1.1064962148666382, 1.1939616203308105, 1.2812172174453735, 1.338134527206421, 1.3385884761810303, 1.2907100915908813, 1.2173022031784058, 1.1402970552444458, 1.0764986276626587, 1.0310797691345215, 1.0060101747512817, 0.9971763491630554, 1.0011690855026245, 1.012398600578308, 1.0288883447647095, 1.0469796657562256, 1.0670307874679565, 1.0880341529846191, 1.1059318780899048, 1.120648741722107, 1.1351109743118286, 1.149940013885498], 'predictions': array([[ 1.19903994e+00, -3.05613935e-01, -7.72331059e-01,
        -1.76117063e-01, -2.51919985e-01,  1.14905751e+00,
        -1.56241760e-01,  1.13101743e-01],
       [ 1.47342658e+00, -1.62126109e-01, -8.18138599e-01,
        -3.05004269e-01, -1.86947480e-01,  1.01482034e+00,
        -7.59417638e-02, -6.44392446e-02],
       [ 1.35538971e+00, -2.27896318e-01, -7.69092858e-01,
        -2.44943336e-01, -1.89092889e-01,  1.10939741e+00,
        -1.01452611e-01,  2.54432280e-02],
       [ 1.46656573e+00, -1.85316697e-01, -8.08512330e-01,
        -3.03611189e-01, -1.79274410e-01,  1.08018780e+00,
        -8.55770856e-02, -3.11847646e-02],
       [ 1.32965112e+00, -2.53316998e-01, -8.29815090e-01,
        -2.36639559e-01, -2.58775353e-01,  1.20605445e+00,
        -1.65983394e-01,  6.68471456e-02],
       [ 1.50203037e+00, -1.94134638e-01, -8.40923607e-01,
        -3.15574259e-01, -1.93994626e-01,  1.14016294e+00,
        -1.04266606e-01, -1.85896736e-02],
       [ 1.41848445e+00, -2.42375404e-01, -8.57232988e-01,
        -2.76662678e-01, -2.33865887e-01,  1.26717448e+00,
        -1.66986719e-01,  6.34143949e-02],
       [ 1.73567867e+00, -1.61504894e-01, -9.04271483e-01,
        -3.79653126e-01, -1.67227119e-01,  1.16125643e+00,
        -5.86476475e-02, -1.02959320e-01],
       [ 1.46630180e+00, -2.35525772e-01, -8.81457388e-01,
        -3.08349192e-01, -2.29955301e-01,  1.26239669e+00,
        -1.69406638e-01,  4.02573682e-02],
       [ 1.77406216e+00, -1.57134518e-01, -9.58600283e-01,
        -4.00063932e-01, -1.97218120e-01,  1.17604506e+00,
        -7.91707337e-02, -1.25848055e-01],
       [ 1.49031365e+00, -2.26134956e-01, -9.08038318e-01,
        -3.26409072e-01, -2.42281452e-01,  1.25052679e+00,
        -1.80283919e-01,  2.01979969e-02],
       [ 1.81607711e+00, -1.53469384e-01, -1.01080632e+00,
        -4.22168493e-01, -2.18982816e-01,  1.19753337e+00,
        -1.01339400e-01, -1.44539654e-01],
       [ 1.52072620e+00, -2.13308409e-01, -9.30511534e-01,
        -3.43918204e-01, -2.44513184e-01,  1.23457956e+00,
        -1.85616150e-01, -3.13472468e-03],
       [ 1.39592040e+00, -4.19798344e-01, -1.10064983e+00,
        -1.89969152e-01, -4.26841766e-01,  1.59371281e+00,
        -3.38110954e-01,  2.49350011e-01],
       [ 1.40084684e+00, -4.25609112e-01, -1.16658866e+00,
        -2.37372532e-01, -4.85007644e-01,  1.52445710e+00,
        -3.60869050e-01,  1.61404029e-01],
       [ 1.52944052e+00, -1.95484504e-01, -1.00322425e+00,
        -3.48883599e-01, -2.99155563e-01,  1.23259544e+00,
        -2.21928895e-01, -2.11192295e-02],
       [ 1.60391378e+00, -1.79940075e-01, -1.03503168e+00,
        -3.71582299e-01, -2.91117191e-01,  1.24628055e+00,
        -2.11633742e-01, -4.38378192e-02],
       [ 1.58235383e+00, -1.92743123e-01, -1.02848125e+00,
        -3.66821080e-01, -2.81663239e-01,  1.26057005e+00,
        -2.21692026e-01, -2.60492451e-02],
       [ 1.61462152e+00, -1.91690505e-01, -1.08701050e+00,
        -3.79536211e-01, -3.22598696e-01,  1.28005195e+00,
        -2.45584399e-01, -4.25763130e-02],
       [ 1.56477535e+00, -1.98825642e-01, -1.04853094e+00,
        -3.61469209e-01, -2.94454396e-01,  1.28724730e+00,
        -2.45911077e-01, -4.00940375e-03],
       [ 1.87028039e+00, -1.56002104e-01, -1.24304616e+00,
        -4.60617661e-01, -3.70803386e-01,  1.32796514e+00,
        -2.42525890e-01, -1.45308226e-01],
       [ 1.52010643e+00, -2.02351496e-01, -1.08669686e+00,
        -3.38785410e-01, -3.43504548e-01,  1.30335343e+00,
        -2.84198016e-01,  1.86593737e-02],
       [ 1.43764961e+00, -4.52794373e-01, -1.26040280e+00,
        -2.03680709e-01, -5.35960674e-01,  1.75009274e+00,
        -4.45797533e-01,  3.13256949e-01],
       [ 1.75619972e+00, -2.04446331e-01, -1.42406642e+00,
        -4.24168080e-01, -5.55904210e-01,  1.43279982e+00,
        -4.05851156e-01, -9.03147608e-02],
       [ 1.52883470e+00, -2.74836153e-01, -1.27220178e+00,
        -3.11032265e-01, -5.34587026e-01,  1.48984504e+00,
        -3.86525720e-01,  6.83772191e-02],
       [ 1.64107251e+00, -2.83537567e-01, -1.25308418e+00,
        -3.34316134e-01, -4.74422753e-01,  1.54813147e+00,
        -3.33850801e-01,  6.12528361e-02],
       [ 1.27486789e+00, -2.75441140e-01, -1.35460687e+00,
        -1.82511196e-01, -7.18479633e-01,  1.61323953e+00,
        -5.37346840e-01,  2.83626437e-01],
       [ 1.27486789e+00, -2.75441140e-01, -1.35460687e+00,
        -1.82511196e-01, -7.18479633e-01,  1.61323953e+00,
        -5.37346840e-01,  2.83626437e-01],
       [ 1.27486789e+00, -2.75441140e-01, -1.35460687e+00,
        -1.82511196e-01, -7.18479633e-01,  1.61323953e+00,
        -5.37346840e-01,  2.83626437e-01],
       [ 1.27635455e+00, -3.44370425e-01, -1.48117685e+00,
        -1.64659321e-01, -8.37466538e-01,  1.77188396e+00,
        -6.35330141e-01,  3.92537743e-01],
       [ 1.28022206e+00, -3.23861390e-01, -1.46253014e+00,
        -1.69923425e-01, -8.14073622e-01,  1.76397133e+00,
        -6.22864544e-01,  3.81755143e-01],
       [ 1.29320896e+00, -2.75181085e-01, -1.41197145e+00,
        -1.83862850e-01, -7.56601393e-01,  1.69004786e+00,
        -5.77909827e-01,  3.08291495e-01],
       [ 1.30009544e+00, -2.84523457e-01, -1.43753755e+00,
        -1.79833800e-01, -7.75169313e-01,  1.72520685e+00,
        -5.95617354e-01,  3.31122547e-01],
       [ 1.31482673e+00, -2.62815982e-01, -1.41845417e+00,
        -1.89994454e-01, -7.50690401e-01,  1.68942225e+00,
        -5.76549292e-01,  2.79431254e-01],
       [ 1.32904160e+00, -2.40240380e-01, -1.40210795e+00,
        -2.00855255e-01, -7.30489910e-01,  1.64698112e+00,
        -5.59799731e-01,  2.18304142e-01],
       [ 1.32709289e+00, -2.39178419e-01, -1.40220189e+00,
        -1.98135421e-01, -7.29357719e-01,  1.64713740e+00,
        -5.61174631e-01,  2.22000927e-01],
       [ 1.33834159e+00, -2.29779094e-01, -1.41314840e+00,
        -2.01322228e-01, -7.35770226e-01,  1.64625061e+00,
        -5.66314280e-01,  1.94773093e-01],
       [ 1.35272348e+00, -2.29884252e-01, -1.43098819e+00,
        -2.01386213e-01, -7.44626224e-01,  1.65706801e+00,
        -5.74859500e-01,  1.88261122e-01],
       [ 1.38105786e+00, -2.30007276e-01, -1.43680573e+00,
        -2.05863774e-01, -7.39183843e-01,  1.65913248e+00,
        -5.71599543e-01,  1.74482271e-01],
       [ 1.41266942e+00, -2.38703728e-01, -1.44846034e+00,
        -2.08948076e-01, -7.40111470e-01,  1.66895008e+00,
        -5.72395086e-01,  1.64307237e-01],
       [ 1.47846961e+00, -2.65003383e-01, -1.49111235e+00,
        -2.17712373e-01, -7.51199722e-01,  1.71362400e+00,
        -5.82676888e-01,  1.62023708e-01],
       [ 1.55227113e+00, -2.91265577e-01, -1.52735496e+00,
        -2.30935827e-01, -7.51879156e-01,  1.75064039e+00,
        -5.86055100e-01,  1.56462610e-01],
       [ 1.63086307e+00, -3.09701443e-01, -1.54965293e+00,
        -2.47860134e-01, -7.38756597e-01,  1.76829267e+00,
        -5.77599823e-01,  1.36976853e-01],
       [ 1.67587566e+00, -3.37946504e-01, -1.59335935e+00,
        -2.47552320e-01, -7.51540661e-01,  1.81520164e+00,
        -5.92712343e-01,  1.60188913e-01],
       [ 1.75957227e+00, -3.52540702e-01, -1.62443674e+00,
        -2.65849799e-01, -7.51208961e-01,  1.83066428e+00,
        -5.91944277e-01,  1.20693944e-01],
       [ 1.86272037e+00, -3.86715323e-01, -1.67536867e+00,
        -2.78710365e-01, -7.47430682e-01,  1.87390935e+00,
        -5.87128103e-01,  1.17556207e-01],
       [ 1.93025160e+00, -4.17846680e-01, -1.70971394e+00,
        -2.83327192e-01, -7.33577847e-01,  1.90737474e+00,
        -5.83044827e-01,  1.38777867e-01],
       [ 2.02604461e+00, -4.26292598e-01, -1.74636185e+00,
        -3.06595027e-01, -7.37719238e-01,  1.93812811e+00,
        -5.85883975e-01,  9.10815373e-02],
       [ 2.10136366e+00, -4.72554743e-01, -1.78292787e+00,
        -3.16241443e-01, -7.00542450e-01,  1.99299252e+00,
        -5.84009349e-01,  1.45015016e-01],
       [ 1.95505559e+00, -4.67623174e-01, -1.78568327e+00,
        -2.60624439e-01, -7.78731346e-01,  1.99837661e+00,
        -6.39874101e-01,  1.88173875e-01],
       [ 2.21191573e+00, -4.64828521e-01, -1.79879797e+00,
        -3.48843753e-01, -6.73591495e-01,  1.99940681e+00,
        -5.52049637e-01,  9.38203037e-02],
       [ 2.13864112e+00, -4.27964807e-01, -1.82608902e+00,
        -3.30028862e-01, -7.87026286e-01,  1.98489988e+00,
        -6.24023199e-01,  2.00310163e-02],
       [ 2.35592079e+00, -4.93853509e-01, -1.86347640e+00,
        -3.96604359e-01, -6.39551997e-01,  2.08658814e+00,
        -5.53489685e-01,  1.12855658e-01],
       [ 2.12821054e+00, -4.13015902e-01, -1.88105130e+00,
        -3.46031576e-01, -8.59180510e-01,  1.98286045e+00,
        -6.65874600e-01, -1.78082306e-02],
       [ 2.49186778e+00, -4.94135290e-01, -1.89391875e+00,
        -4.38530594e-01, -6.03227258e-01,  2.09900808e+00,
        -5.20645797e-01,  7.15404078e-02],
       [ 1.48784137e+00, -5.44588804e-01, -1.76811850e+00,
        -1.07682452e-01, -9.49106574e-01,  2.00214601e+00,
        -7.96373487e-01,  3.53206187e-01],
       [ 2.05349970e+00, -5.51947713e-01, -1.92420137e+00,
        -2.76494175e-01, -8.00466657e-01,  2.09812641e+00,
        -7.07155287e-01,  2.52250552e-01],
       [ 2.40488672e+00, -4.56137747e-01, -1.92419243e+00,
        -3.84231478e-01, -7.41709411e-01,  2.00275493e+00,
        -5.48630655e-01, -4.06460948e-02],
       [ 2.65996051e+00, -4.96548802e-01, -1.95767117e+00,
        -4.89717871e-01, -5.63111305e-01,  2.14602757e+00,
        -5.12518227e-01,  3.34956273e-02],
       [ 1.57785439e+00, -4.47799772e-01, -1.62851810e+00,
        -1.79449156e-01, -8.01935256e-01,  1.90763760e+00,
        -6.63394988e-01,  2.85953313e-01],
       [ 1.61269355e+00, -5.86183071e-01, -1.90253377e+00,
        -1.20494470e-01, -9.90338385e-01,  2.10781693e+00,
        -8.51440072e-01,  3.89514804e-01],
       [ 2.45325422e+00, -5.16525626e-01, -1.99249363e+00,
        -4.16053385e-01, -6.77264214e-01,  2.15255523e+00,
        -6.17626667e-01,  1.25450879e-01],
       [ 1.89855373e+00, -4.48847026e-01, -1.77074671e+00,
        -2.63687879e-01, -7.68723786e-01,  2.00547838e+00,
        -6.46857619e-01,  2.40223348e-01],
       [ 2.40436006e+00, -4.52139378e-01, -1.98590124e+00,
        -3.90070915e-01, -8.20403934e-01,  2.04450917e+00,
        -6.16706967e-01, -5.39563224e-02],
       [ 2.57301044e+00, -5.28779805e-01, -2.02076221e+00,
        -4.37100053e-01, -6.72459543e-01,  2.15099502e+00,
        -5.84948361e-01,  5.17472327e-02],
       [ 2.39951539e+00, -4.28248435e-01, -1.99802160e+00,
        -4.07764077e-01, -8.30705941e-01,  2.03119159e+00,
        -6.32873416e-01, -8.29789788e-02],
       [ 2.57129312e+00, -5.19634902e-01, -2.01475310e+00,
        -4.40710664e-01, -6.63507521e-01,  2.15109420e+00,
        -5.86864531e-01,  5.55114113e-02],
       [ 1.65910983e+00, -5.38031936e-01, -1.85832953e+00,
        -1.61739841e-01, -9.25188541e-01,  2.07792926e+00,
        -7.92808294e-01,  3.90475690e-01],
       [ 2.50327563e+00, -4.67386991e-01, -1.96835697e+00,
        -4.03715730e-01, -7.41600037e-01,  2.05907273e+00,
        -5.55938900e-01, -3.19511667e-02],
       [ 2.57278204e+00, -5.01199067e-01, -2.00129151e+00,
        -4.50935960e-01, -6.41863227e-01,  2.15429211e+00,
        -5.86215198e-01,  6.30149171e-02],
       [ 1.89487493e+00, -4.03369337e-01, -1.70786428e+00,
        -2.80353129e-01, -7.23083258e-01,  1.98596025e+00,
        -6.11986518e-01,  2.22359374e-01],
       [ 1.56321108e+00, -5.81329823e-01, -1.90868890e+00,
        -1.14311039e-01, -9.97858822e-01,  2.08475876e+00,
        -8.58164251e-01,  4.17662978e-01],
       [ 2.51060033e+00, -5.09967148e-01, -1.98363996e+00,
        -4.19297904e-01, -6.78200006e-01,  2.11352563e+00,
        -5.84539592e-01,  5.55317216e-02],
       [ 1.49925613e+00, -5.95231593e-01, -1.89540982e+00,
        -1.11095749e-01, -9.87939119e-01,  2.06028533e+00,
        -8.73387635e-01,  4.24249023e-01],
       [ 2.39844131e+00, -5.11044502e-01, -2.01848149e+00,
        -3.92359197e-01, -7.19761789e-01,  2.18316031e+00,
        -6.71831191e-01,  1.64700493e-01],
       [ 1.58303797e+00, -5.30270636e-01, -1.84395623e+00,
        -1.57086670e-01, -9.33619440e-01,  2.08527899e+00,
        -8.08644176e-01,  4.24080700e-01],
       [ 2.34445906e+00, -4.15345281e-01, -1.89742565e+00,
        -3.99255574e-01, -7.50620604e-01,  2.02048469e+00,
        -5.92718899e-01, -1.66633900e-03],
       [ 2.49672556e+00, -4.99976873e-01, -1.99947178e+00,
        -4.23484921e-01, -6.79449737e-01,  2.15473509e+00,
        -6.18150592e-01,  9.63186994e-02],
       [ 1.56686151e+00, -5.26186764e-01, -1.84712648e+00,
        -1.52373895e-01, -9.42536592e-01,  2.09715033e+00,
        -8.18775773e-01,  4.32409614e-01],
       [ 2.44917369e+00, -4.32329059e-01, -1.99904037e+00,
        -4.20781791e-01, -8.15650940e-01,  2.06753325e+00,
        -6.32539213e-01, -5.76022081e-02],
       [ 2.48186994e+00, -4.99237090e-01, -1.99707985e+00,
        -4.17782396e-01, -6.85631394e-01,  2.16261673e+00,
        -6.24370694e-01,  1.08438775e-01],
       [ 2.42959070e+00, -3.97716224e-01, -2.03030920e+00,
        -4.44266707e-01, -8.48418295e-01,  2.04802060e+00,
        -6.70216501e-01, -9.43564698e-02],
       [ 2.48326039e+00, -4.93143767e-01, -1.98597884e+00,
        -4.21291053e-01, -6.74648583e-01,  2.16567397e+00,
        -6.18677139e-01,  1.12364776e-01],
       [ 1.52061009e+00, -5.40999174e-01, -1.86162090e+00,
        -1.38249785e-01, -9.65675354e-01,  2.11366057e+00,
        -8.48268390e-01,  4.55285043e-01],
       [ 1.45389831e+00, -6.19543791e-01, -1.94271982e+00,
        -8.96889791e-02, -1.02954710e+00,  2.12958002e+00,
        -9.33246851e-01,  4.72724944e-01],
       [ 2.48181152e+00, -4.85206664e-01, -1.97295201e+00,
        -4.22952056e-01, -6.65006280e-01,  2.16664791e+00,
        -6.12261832e-01,  1.16086595e-01],
       [ 1.54317522e+00, -5.19629955e-01, -1.83993101e+00,
        -1.52426198e-01, -9.39299405e-01,  2.11105585e+00,
        -8.24957609e-01,  4.48875695e-01],
       [ 1.48424721e+00, -6.01287961e-01, -1.94094551e+00,
        -1.03602655e-01, -1.01887453e+00,  2.14309955e+00,
        -9.23848748e-01,  4.71926481e-01],
       [ 2.26746178e+00, -5.12615800e-01, -2.00085330e+00,
        -3.43982220e-01, -7.66659915e-01,  2.19355583e+00,
        -7.11649954e-01,  2.30962589e-01],
       [ 1.48700511e+00, -5.99205971e-01, -1.92696297e+00,
        -1.13553062e-01, -1.00222468e+00,  2.14535928e+00,
        -9.18722451e-01,  4.77001190e-01],
       [ 2.04460478e+00, -5.18619478e-01, -1.94661474e+00,
        -2.88097173e-01, -7.96930134e-01,  2.16210914e+00,
        -7.55341232e-01,  3.12964618e-01],
       [ 1.68472517e+00, -4.83182430e-01, -1.82823932e+00,
        -2.13443175e-01, -8.61854196e-01,  2.11639524e+00,
        -7.67656088e-01,  4.20575559e-01],
       [ 1.50888395e+00, -5.60700059e-01, -1.91604674e+00,
        -1.18195586e-01, -1.00232589e+00,  2.14674830e+00,
        -8.94615650e-01,  4.73788857e-01],
       [ 2.46367025e+00, -4.59501356e-01, -2.00111437e+00,
        -4.09931272e-01, -7.82830536e-01,  2.09314156e+00,
        -6.25492454e-01,  5.63344453e-03],
       [ 2.43939900e+00, -5.04866123e-01, -2.02253437e+00,
        -3.97907287e-01, -7.16493487e-01,  2.21626949e+00,
        -6.70945168e-01,  1.66674152e-01],
       [ 2.43566942e+00, -3.77295077e-01, -2.03385210e+00,
        -4.67496485e-01, -8.34718525e-01,  2.04636788e+00,
        -6.87277138e-01, -8.26352462e-02],
       [ 2.44719553e+00, -4.96914476e-01, -2.01285672e+00,
        -4.05421317e-01, -7.01821685e-01,  2.21869755e+00,
        -6.64320111e-01,  1.67483479e-01],
       [ 1.55497301e+00, -5.51337719e-01, -1.90462422e+00,
        -1.54376030e-01, -9.67797160e-01,  2.17675400e+00,
        -8.82445693e-01,  4.80318993e-01],
       [ 2.46103072e+00, -3.99956256e-01, -2.02992201e+00,
        -4.62218881e-01, -8.20563972e-01,  2.06440878e+00,
        -6.72176719e-01, -6.23077489e-02],
       [ 2.42815185e+00, -5.04771411e-01, -2.03555822e+00,
        -3.94839376e-01, -7.26006031e-01,  2.23980570e+00,
        -6.89752698e-01,  1.86883748e-01],
       [ 2.38174105e+00, -3.63946259e-01, -1.98411489e+00,
        -4.65378940e-01, -7.99869776e-01,  2.02618456e+00,
        -6.75327063e-01, -5.33511974e-02],
       [ 2.43115759e+00, -5.02637565e-01, -2.03427982e+00,
        -3.97865236e-01, -7.21139550e-01,  2.24856114e+00,
        -6.91091478e-01,  1.92230254e-01],
       [ 2.37194514e+00, -3.48676950e-01, -2.00092602e+00,
        -4.73147482e-01, -8.16055477e-01,  2.02361321e+00,
        -6.95711553e-01, -6.09496534e-02],
       [ 2.42211938e+00, -5.05374253e-01, -2.04274201e+00,
        -3.93225133e-01, -7.31087506e-01,  2.25991964e+00,
        -7.02340603e-01,  2.02132329e-01],
       [ 1.84384131e+00, -4.47360933e-01, -1.88116443e+00,
        -2.76652366e-01, -8.30531359e-01,  2.18477368e+00,
        -7.69964755e-01,  3.79621089e-01],
       [ 2.33350110e+00, -3.33073735e-01, -2.00580049e+00,
        -4.71321553e-01, -8.33417654e-01,  2.01314855e+00,
        -7.16394126e-01, -5.59613705e-02],
       [ 2.37941170e+00, -5.23369789e-01, -2.09173346e+00,
        -3.69047493e-01, -7.93699861e-01,  2.28244424e+00,
        -7.53240407e-01,  2.24410772e-01],
       [ 2.40614367e+00, -3.87507260e-01, -1.94476271e+00,
        -4.43646908e-01, -7.02649891e-01,  2.07733679e+00,
        -6.25431657e-01,  6.75889477e-02],
       [ 2.44105339e+00, -4.76491123e-01, -2.03198957e+00,
        -4.24466193e-01, -7.09014654e-01,  2.27319121e+00,
        -7.03391790e-01,  1.97872102e-01],
       [ 1.62812853e+00, -6.16659701e-01, -2.02099228e+00,
        -1.46358818e-01, -1.02399039e+00,  2.32575798e+00,
        -9.72624123e-01,  5.26640236e-01],
       [ 2.33598757e+00, -3.30016404e-01, -1.95852017e+00,
        -4.69659358e-01, -7.56609559e-01,  2.02867389e+00,
        -6.77289426e-01,  4.81541920e-03],
       [ 2.42458463e+00, -5.15654504e-01, -2.11800337e+00,
        -4.01781231e-01, -7.83011198e-01,  2.34914541e+00,
        -7.80882001e-01,  2.42385268e-01],
       [ 2.26615930e+00, -2.96925426e-01, -1.89652610e+00,
        -4.68086064e-01, -7.12737322e-01,  1.99095678e+00,
        -6.57272398e-01,  2.75781043e-02],
       [ 2.34614158e+00, -5.43266356e-01, -2.13727212e+00,
        -3.73000562e-01, -8.29623520e-01,  2.38826585e+00,
        -8.33474278e-01,  2.93169409e-01],
       [ 2.18883586e+00, -2.64352739e-01, -1.83691847e+00,
        -4.62730557e-01, -6.77162468e-01,  1.94748533e+00,
        -6.42846048e-01,  4.73101623e-02],
       [ 2.29927921e+00, -4.21646178e-01, -2.00220585e+00,
        -4.19071496e-01, -7.38203347e-01,  2.23116136e+00,
        -7.45768785e-01,  2.23207444e-01],
       [ 2.12305999e+00, -3.44678611e-01, -1.86065757e+00,
        -4.03827280e-01, -6.85831845e-01,  2.08801270e+00,
        -6.93304300e-01,  2.12350190e-01],
       [ 1.66060495e+00, -5.73854208e-01, -1.91326869e+00,
        -1.88294604e-01, -9.24124062e-01,  2.27965355e+00,
        -8.84788692e-01,  5.25740027e-01],
       [ 1.62949157e+00, -4.06356841e-01, -1.75639212e+00,
        -2.57784575e-01, -8.40828240e-01,  2.08343315e+00,
        -7.87043929e-01,  3.37604403e-01],
       [ 2.06783557e+00, -5.59752762e-01, -2.09734297e+00,
        -2.86452681e-01, -9.05790925e-01,  2.35045981e+00,
        -9.05157506e-01,  3.92733902e-01]], dtype=float32), 'ground_truth': array([[ 2.80304062e+00, -1.01163445e+00, -1.35364769e-01,
         3.33678938e-01,  9.02083654e-01,  1.18251259e+00,
         1.01298256e+00, -1.15897594e-02],
       [ 2.81956643e+00, -9.89834901e-01, -1.18838963e-01,
         3.55478490e-01,  9.18609460e-01,  1.20431214e+00,
         1.02950836e+00,  1.02097924e-02],
       [ 2.83537323e+00, -9.67725502e-01, -1.03032163e-01,
         3.77587889e-01,  9.34416261e-01,  1.22642154e+00,
         1.04531516e+00,  3.23191914e-02],
       [ 2.85144588e+00, -9.45460461e-01, -8.69595173e-02,
         3.99852930e-01,  9.50488906e-01,  1.24868658e+00,
         1.06138781e+00,  5.45842325e-02],
       [ 2.86648629e+00, -9.22862653e-01, -7.19190990e-02,
         4.22450737e-01,  9.65529324e-01,  1.27128439e+00,
         1.07642823e+00,  7.71820400e-02],
       [ 2.88173658e+00, -9.00065336e-01, -5.66688160e-02,
         4.45248054e-01,  9.80779607e-01,  1.29408170e+00,
         1.09167851e+00,  9.99793568e-02],
       [ 2.89579950e+00, -8.76970482e-01, -4.26058895e-02,
         4.68342908e-01,  9.94842534e-01,  1.31717656e+00,
         1.10574144e+00,  1.23074211e-01],
       [ 2.90996383e+00, -8.53652527e-01, -2.84415684e-02,
         4.91660864e-01,  1.00900685e+00,  1.34049451e+00,
         1.11990576e+00,  1.46392166e-01],
       [ 2.92299984e+00, -8.30096983e-01, -1.54055544e-02,
         5.15216408e-01,  1.02204287e+00,  1.36405006e+00,
         1.13294177e+00,  1.69947710e-01],
       [ 2.93610835e+00, -8.06300087e-01, -2.29704303e-03,
         5.39013303e-01,  1.03515138e+00,  1.38784695e+00,
         1.14605028e+00,  1.93744606e-01],
       [ 2.94930511e+00, -7.82243257e-01,  1.08997200e-02,
         5.63070133e-01,  1.04834814e+00,  1.41190378e+00,
         1.15924705e+00,  2.17801436e-01],
       [ 2.96080922e+00, -7.58017468e-01,  2.24038220e-02,
         5.87295923e-01,  1.05985225e+00,  1.43612957e+00,
         1.17075115e+00,  2.42027225e-01],
       [ 2.97170235e+00, -7.33620252e-01,  3.32969594e-02,
         6.11693138e-01,  1.07074538e+00,  1.46052679e+00,
         1.18164429e+00,  2.66424441e-01],
       [ 2.98197173e+00, -7.09074106e-01,  4.35663345e-02,
         6.36239284e-01,  1.08101476e+00,  1.48507293e+00,
         1.19191366e+00,  2.90970587e-01],
       [ 2.99210502e+00, -6.84296361e-01,  5.36996235e-02,
         6.61017030e-01,  1.09114805e+00,  1.50985068e+00,
         1.20204695e+00,  3.15748333e-01],
       [ 3.00120282e+00, -6.59460880e-01,  6.27974288e-02,
         6.85852510e-01,  1.10024585e+00,  1.53468616e+00,
         1.21114475e+00,  3.40583813e-01],
       [ 3.01053687e+00, -6.34275365e-01,  7.21314726e-02,
         7.11038025e-01,  1.10957990e+00,  1.55987168e+00,
         1.22047880e+00,  3.65769328e-01],
       [ 3.01853461e+00, -6.09142602e-01,  8.01292203e-02,
         7.36170789e-01,  1.11757764e+00,  1.58500444e+00,
         1.22847655e+00,  3.90902092e-01],
       [ 3.02628641e+00, -5.83782166e-01,  8.78810135e-02,
         7.61531225e-01,  1.12532944e+00,  1.61036488e+00,
         1.23622834e+00,  4.16262527e-01],
       [ 3.03383014e+00, -5.58163926e-01,  9.54247473e-02,
         7.87149464e-01,  1.13287317e+00,  1.63598311e+00,
         1.24377207e+00,  4.41880767e-01],
       [ 3.03993693e+00, -5.32715750e-01,  1.01531533e-01,
         8.12597640e-01,  1.13897996e+00,  1.66143129e+00,
         1.24987886e+00,  4.67328943e-01],
       [ 3.04527861e+00, -5.07264052e-01,  1.06873218e-01,
         8.38049339e-01,  1.14432164e+00,  1.68688299e+00,
         1.25522054e+00,  4.92780642e-01],
       [ 3.04992184e+00, -4.81812621e-01,  1.11516450e-01,
         8.63500770e-01,  1.14896487e+00,  1.71233442e+00,
         1.25986378e+00,  5.18232072e-01],
       [ 3.05394250e+00, -4.56341462e-01,  1.15537108e-01,
         8.88971929e-01,  1.15298553e+00,  1.73780558e+00,
         1.26388443e+00,  5.43703232e-01],
       [ 3.05721575e+00, -4.30933160e-01,  1.18810356e-01,
         9.14380231e-01,  1.15625878e+00,  1.76321388e+00,
         1.26715768e+00,  5.69111534e-01],
       [ 3.05981415e+00, -4.05561948e-01,  1.21408757e-01,
         9.39751442e-01,  1.15885718e+00,  1.78858509e+00,
         1.26975608e+00,  5.94482745e-01],
       [ 3.06164837e+00, -3.80305156e-01,  1.23242977e-01,
         9.65008235e-01,  1.16069140e+00,  1.81384189e+00,
         1.27159030e+00,  6.19739537e-01],
       [ 3.06271302e+00, -3.55192384e-01,  1.24307625e-01,
         9.90121006e-01,  1.16175605e+00,  1.83895466e+00,
         1.27265495e+00,  6.44852309e-01],
       [ 3.06301666e+00, -3.30238855e-01,  7.37476614e-01,
        -6.81800999e-01,  1.16205969e+00,  1.86390819e+00,
         1.27295859e+00,  6.69805838e-01],
       [ 3.06251893e+00, -3.05509076e-01,  7.36978882e-01,
        -6.57071219e-01,  1.16156196e+00,  1.88863797e+00,
         1.27246086e+00,  6.94535617e-01],
       [ 3.06122048e+00, -2.81033686e-01,  7.35680436e-01,
        -6.32595829e-01,  1.16026351e+00,  1.91311336e+00,
         1.27116241e+00,  7.19011007e-01],
       [ 3.05912040e+00, -2.56845035e-01,  7.33580356e-01,
        -6.08407178e-01,  1.15816343e+00,  1.93730201e+00,
         1.26906233e+00,  7.43199659e-01],
       [ 3.05621464e+00, -2.32981529e-01,  7.30674592e-01,
        -5.84543672e-01,  1.15525767e+00,  1.96116551e+00,
         1.26615657e+00,  7.67063164e-01],
       [ 3.05250273e+00, -2.09479550e-01,  7.26962689e-01,
        -5.61041693e-01,  1.15154576e+00,  1.98466749e+00,
         1.26244467e+00,  7.90565143e-01],
       [ 3.04799725e+00, -1.86350034e-01,  7.22457209e-01,
        -5.37912177e-01,  1.14704028e+00,  2.00779701e+00,
         1.25793918e+00,  8.13694660e-01],
       [ 3.04268136e+00, -1.63670262e-01,  7.17141318e-01,
        -5.15232405e-01,  1.14172439e+00,  2.03047678e+00,
         1.25262329e+00,  8.36374432e-01],
       [ 3.03657887e+00, -1.41428285e-01,  7.11038830e-01,
        -4.92990428e-01,  1.13562190e+00,  2.05271876e+00,
         1.24652081e+00,  8.58616408e-01],
       [ 3.02966504e+00, -1.19769706e-01,  7.04124998e-01,
        -4.71331849e-01,  1.12870807e+00,  2.07437734e+00,
         1.23960697e+00,  8.80274987e-01],
       [ 3.02198182e+00, -9.86370591e-02,  6.96441777e-01,
        -4.50199202e-01,  1.12102485e+00,  2.09550998e+00,
         1.23192375e+00,  9.01407634e-01],
       [ 3.01355707e+00, -7.79321115e-02,  6.88017027e-01,
        -4.29494255e-01,  1.11260010e+00,  2.11621493e+00,
         1.22349900e+00,  9.22112582e-01],
       [ 3.00435394e+00, -5.80389789e-02,  6.78813895e-01,
        -4.09601122e-01,  1.10339697e+00,  2.13610806e+00,
         1.21429587e+00,  9.42005714e-01],
       [ 2.99444595e+00, -3.83455227e-02,  6.68905909e-01,
        -3.89907666e-01,  1.09348898e+00,  2.15580152e+00,
         1.20438789e+00,  9.61699170e-01],
       [ 2.98379643e+00, -1.96502229e-02,  6.58256386e-01,
        -3.71212366e-01,  1.08283946e+00,  2.17449682e+00,
         1.19373836e+00,  9.80394470e-01],
       [ 2.97244356e+00, -1.20128184e-03,  6.46903517e-01,
        -3.52763425e-01,  1.07148659e+00,  2.19294576e+00,
         1.18238549e+00,  9.98843411e-01],
       [ 2.96042384e+00,  1.60584267e-02,  6.34883799e-01,
        -3.35503717e-01,  1.05946687e+00,  2.21020547e+00,
         1.17036578e+00,  1.01610312e+00],
       [ 2.94767193e+00,  3.37013814e-02,  6.22131885e-01,
        -3.17860762e-01,  1.04671496e+00,  2.22784842e+00,
         1.15761386e+00,  1.03374607e+00],
       [ 2.93434343e+00,  4.96640099e-02,  6.08803390e-01,
        -3.01898133e-01,  1.03338646e+00,  2.24381105e+00,
         1.14428537e+00,  1.04970870e+00],
       [ 2.92030002e+00,  6.60072467e-02,  5.94759977e-01,
        -2.85554897e-01,  1.01934305e+00,  2.26015429e+00,
         1.13024195e+00,  1.06605194e+00],
       [ 2.90574750e+00,  8.06935495e-02,  5.80207461e-01,
        -2.70868594e-01,  1.00479053e+00,  2.27484059e+00,
         1.11568944e+00,  1.08073824e+00],
       [ 2.89061684e+00,  9.48505349e-02,  5.65076793e-01,
        -2.56711608e-01,  9.89659866e-01,  2.28899758e+00,
         1.10055877e+00,  1.09489523e+00],
       [ 2.87502247e+00,  1.07865492e-01,  5.49482423e-01,
        -2.43696652e-01,  9.74065497e-01,  2.30201253e+00,
         1.08496440e+00,  1.10791018e+00],
       [ 2.85866559e+00,  1.21636666e-01,  5.33125547e-01,
        -2.29925478e-01,  9.57708621e-01,  2.31578371e+00,
         1.06860752e+00,  1.12168136e+00],
       [ 2.84184729e+00,  1.34543461e-01,  5.16307248e-01,
        -2.17018682e-01,  9.40890321e-01,  2.32869050e+00,
         1.05178922e+00,  1.13458815e+00],
       [ 2.82470296e+00,  1.45723057e-01,  4.99162912e-01,
        -2.05839086e-01,  9.23745986e-01,  2.33987010e+00,
         1.03464489e+00,  1.14576775e+00],
       [ 2.80692843e+00,  1.57333916e-01,  4.81388382e-01,
        -1.94228227e-01,  9.05971456e-01,  2.35148096e+00,
         1.01687036e+00,  1.15737861e+00],
       [ 2.78875154e+00,  1.68058477e-01,  4.63211492e-01,
        -1.83503666e-01,  8.87794565e-01,  2.36220552e+00,
         9.98693468e-01,  1.16810317e+00],
       [ 2.77028532e+00,  1.77345790e-01,  4.44745271e-01,
        -1.74216353e-01,  8.69328345e-01,  2.37149283e+00,
         9.80227248e-01,  1.17739048e+00],
       [ 2.75122746e+00,  1.87092369e-01,  4.25687420e-01,
        -1.64469774e-01,  8.50270494e-01,  2.38123941e+00,
         9.61169397e-01,  1.18713706e+00],
       [ 2.73195764e+00,  1.95333650e-01,  4.06417601e-01,
        -1.56228493e-01,  8.31000674e-01,  2.38948069e+00,
         9.41899577e-01,  1.19537834e+00],
       [ 2.71210520e+00,  2.04029032e-01,  3.86565156e-01,
        -1.47533111e-01,  8.11148230e-01,  2.39817607e+00,
         9.22047133e-01,  1.20407373e+00],
       [ 2.69200579e+00,  2.11635591e-01,  3.66465745e-01,
        -1.39926553e-01,  7.91048818e-01,  2.40578263e+00,
         9.01947721e-01,  1.21168028e+00],
       [ 2.67171827e+00,  2.18078420e-01,  3.46178222e-01,
        -1.33483724e-01,  7.70761295e-01,  2.41222546e+00,
         8.81660198e-01,  1.21812311e+00],
       [ 2.65077109e+00,  2.25336031e-01,  3.25231047e-01,
        -1.26226112e-01,  7.49814121e-01,  2.41948307e+00,
         8.60713024e-01,  1.22538072e+00],
       [ 2.62953244e+00,  2.32028967e-01,  3.03992395e-01,
        -1.19533176e-01,  7.28575468e-01,  2.42617601e+00,
         8.39474371e-01,  1.23207366e+00],
       [ 2.60826202e+00,  2.37050196e-01,  2.82721978e-01,
        -1.14511948e-01,  7.07305052e-01,  2.43119724e+00,
         8.18203954e-01,  1.23709489e+00],
       [ 2.58651523e+00,  2.42377483e-01,  2.60975188e-01,
        -1.09184660e-01,  6.85558261e-01,  2.43652452e+00,
         7.96457164e-01,  1.24242218e+00],
       [ 2.56473533e+00,  2.46340654e-01,  2.39195288e-01,
        -1.05221489e-01,  6.63778361e-01,  2.44048770e+00,
         7.74677264e-01,  1.24638535e+00],
       [ 2.54236218e+00,  2.51002728e-01,  2.16822135e-01,
        -1.00559416e-01,  6.41405208e-01,  2.44514977e+00,
         7.52304111e-01,  1.25104742e+00],
       [ 2.51979893e+00,  2.55002888e-01,  1.94258883e-01,
        -9.65592558e-02,  6.18841957e-01,  2.44914993e+00,
         7.29740859e-01,  1.25504758e+00],
       [ 2.49726246e+00,  2.57637585e-01,  1.71722411e-01,
        -9.39245588e-02,  5.96305485e-01,  2.45178463e+00,
         7.07204388e-01,  1.25768228e+00],
       [ 2.47418357e+00,  2.60877821e-01,  1.48643530e-01,
        -9.06843228e-02,  5.73226604e-01,  2.45502486e+00,
         6.84125507e-01,  1.26092251e+00],
       [ 2.45095213e+00,  2.63479810e-01,  1.25412081e-01,
        -8.80823336e-02,  5.49995155e-01,  2.45762685e+00,
         6.60894057e-01,  1.26352450e+00],
       [ 2.42778395e+00,  2.64796485e-01,  1.02243909e-01,
        -8.67656580e-02,  5.26826982e-01,  2.45894353e+00,
         6.37725885e-01,  1.26484118e+00],
       [ 2.40407830e+00,  2.66756006e-01,  7.85382534e-02,
        -8.48061374e-02,  5.03121327e-01,  2.46090305e+00,
         6.14020230e-01,  1.26680070e+00],
       [ 2.38051642e+00,  2.67332620e-01,  5.49763775e-02,
        -8.42295234e-02,  4.79559451e-01,  2.46147966e+00,
         5.90458354e-01,  1.26737731e+00],
       [ 2.35643950e+00,  2.68481095e-01,  3.08994557e-02,
        -8.30810486e-02,  4.55482529e-01,  2.46262814e+00,
         5.66381432e-01,  1.26852579e+00],
       [ 2.33230715e+00,  2.68920239e-01,  6.76710751e-03,
        -8.26419045e-02,  4.31350181e-01,  2.46306728e+00,
         5.42249084e-01,  1.26896493e+00],
       [ 2.30833135e+00,  2.68114027e-01, -1.72086923e-02,
        -8.34481167e-02,  4.07374381e-01,  2.46226107e+00,
         5.18273284e-01,  1.26815872e+00],
       [ 2.28375069e+00,  2.68142263e-01, -4.17893500e-02,
        -8.34198806e-02,  3.82793723e-01,  2.46228930e+00,
         4.93692626e-01,  1.26818696e+00],
       [ 2.25911288e+00,  2.67587708e-01, -6.64271679e-02,
        -8.39744354e-02,  3.58155906e-01,  2.46173475e+00,
         4.69054808e-01,  1.26763240e+00],
       [ 2.23468894e+00,  2.65747835e-01, -9.08511035e-02,
        -8.58143082e-02,  3.33731970e-01,  2.45989488e+00,
         4.44630873e-01,  1.26579253e+00],
       [ 2.20983202e+00,  2.64347767e-01, -1.15708023e-01,
        -8.72143767e-02,  3.08875050e-01,  2.45849481e+00,
         4.19773953e-01,  1.26439246e+00],
       [ 2.18516083e+00,  2.61869007e-01, -1.40379215e-01,
        -8.96931359e-02,  2.84203859e-01,  2.45601605e+00,
         3.95102761e-01,  1.26191370e+00],
       [ 2.16004399e+00,  2.59827065e-01, -1.65496058e-01,
        -9.17350788e-02,  2.59087016e-01,  2.45397411e+00,
         3.69985919e-01,  1.25987176e+00],
       [ 2.13463403e+00,  2.57911138e-01, -1.90906013e-01,
        -9.36510056e-02,  2.33677060e-01,  2.45205818e+00,
         3.44575963e-01,  1.25795583e+00],
       [ 2.10958722e+00,  2.54535381e-01, -2.15952827e-01,
        -9.70267619e-02,  2.08630247e-01,  2.44868242e+00,
         3.19529150e-01,  1.25458007e+00],
       [ 2.08465507e+00,  2.50416351e-01, -2.40884973e-01,
        -1.01145793e-01,  1.83698101e-01,  2.44456339e+00,
         2.94597004e-01,  1.25046104e+00],
       [ 2.05915130e+00,  2.47049571e-01, -2.66388747e-01,
        -1.04512573e-01,  1.58194326e-01,  2.44119661e+00,
         2.69093229e-01,  1.24709426e+00],
       [ 2.03399932e+00,  2.42474857e-01, -2.91540727e-01,
        -1.09087286e-01,  1.33042347e-01,  2.43662190e+00,
         2.43941250e-01,  1.24251955e+00],
       [ 2.00833349e+00,  2.38479742e-01, -3.17206550e-01,
        -1.13082402e-01,  1.07376523e-01,  2.43262678e+00,
         2.18275426e-01,  1.23852443e+00],
       [ 1.98275910e+00,  2.33861583e-01, -3.42780944e-01,
        -1.17700560e-01,  8.18021291e-02,  2.42800862e+00,
         1.92701032e-01,  1.23390628e+00],
       [ 1.95750832e+00,  2.28196910e-01, -3.68031720e-01,
        -1.23365233e-01,  5.65513536e-02,  2.42234395e+00,
         1.67450257e-01,  1.22824160e+00],
       [ 1.93173502e+00,  2.23121963e-01, -3.93805024e-01,
        -1.28440180e-01,  3.07780490e-02,  2.41726900e+00,
         1.41676952e-01,  1.22316666e+00],
       [ 1.90640163e+00,  2.16863373e-01, -4.19138416e-01,
        -1.34698770e-01,  5.44465777e-03,  2.41101041e+00,
         1.16343561e-01,  1.21690807e+00],
       [ 1.88054153e+00,  2.11168267e-01, -4.44998511e-01,
        -1.40393876e-01, -2.04154381e-02,  2.40531531e+00,
         9.04834649e-02,  1.21121296e+00],
       [ 1.85517884e+00,  2.04262355e-01, -4.70361207e-01,
        -1.47299788e-01, -4.57781336e-02,  2.39840940e+00,
         6.51207693e-02,  1.20430705e+00],
       [ 1.82934591e+00,  1.97806408e-01, -4.96194137e-01,
        -1.53755736e-01, -7.16110640e-02,  2.39195345e+00,
         3.92878389e-02,  1.19785110e+00],
       [ 1.80342423e+00,  1.91174940e-01, -5.22115815e-01,
        -1.60387203e-01, -9.75327411e-02,  2.38532198e+00,
         1.33661618e-02,  1.19121963e+00],
       [ 1.77805415e+00,  1.83294858e-01, -5.47485892e-01,
        -1.68267285e-01, -1.22902818e-01,  2.37744190e+00,
        -1.20039152e-02,  1.18333955e+00],
       [ 1.75253501e+00,  1.75381346e-01, -5.73005032e-01,
        -1.76180798e-01, -1.48421959e-01,  2.36952839e+00,
        -3.75230561e-02,  1.17542604e+00],
       [ 1.72732739e+00,  1.66738709e-01, -5.98212659e-01,
        -1.84823434e-01, -1.73629585e-01,  2.36088575e+00,
        -6.27306823e-02,  1.16678340e+00],
       [ 1.70151623e+00,  1.58680078e-01, -6.24023809e-01,
        -1.92882065e-01, -1.99440735e-01,  2.35282712e+00,
        -8.85418326e-02,  1.15872477e+00],
       [ 1.67587191e+00,  1.50108780e-01, -6.49668129e-01,
        -2.01453363e-01, -2.25085056e-01,  2.34425582e+00,
        -1.14186153e-01,  1.15015347e+00],
       [ 1.65076044e+00,  1.40541399e-01, -6.74779605e-01,
        -2.11020744e-01, -2.50196531e-01,  2.33468844e+00,
        -1.39297628e-01,  1.14058609e+00],
       [ 1.62526616e+00,  1.31236782e-01, -7.00273884e-01,
        -2.20325362e-01, -2.75690810e-01,  2.32538382e+00,
        -1.64791907e-01,  1.13128147e+00],
       [ 1.60030581e+00,  1.21016567e-01, -7.25234234e-01,
        -2.30545576e-01, -3.00651160e-01,  2.31516361e+00,
        -1.89752257e-01,  1.12106126e+00],
       [ 1.57498042e+00,  1.11001380e-01, -7.50559628e-01,
        -2.40560763e-01, -3.25976555e-01,  2.30514842e+00,
        -2.15077652e-01,  1.11104607e+00],
       [ 1.55017223e+00,  1.00158094e-01, -7.75367812e-01,
        -2.51404049e-01, -3.50784738e-01,  2.29430514e+00,
        -2.39885835e-01,  1.10020279e+00],
       [ 1.52518253e+00,  8.92894138e-02, -8.00357519e-01,
        -2.62272730e-01, -3.75774445e-01,  2.28343645e+00,
        -2.64875543e-01,  1.08933411e+00],
       [ 1.50016354e+00,  7.82128507e-02, -8.25376504e-01,
        -2.73349293e-01, -4.00793430e-01,  2.27235989e+00,
        -2.89894527e-01,  1.07825754e+00],
       [ 1.47472196e+00,  6.73581994e-02, -8.50818086e-01,
        -2.84203944e-01, -4.26235013e-01,  2.26150524e+00,
        -3.15336110e-01,  1.06740289e+00],
       [ 1.45029749e+00,  5.51857644e-02, -8.75242550e-01,
        -2.96376379e-01, -4.50659477e-01,  2.24933281e+00,
        -3.39760574e-01,  1.05523046e+00],
       [ 1.42583931e+00,  4.28543515e-02, -8.99700732e-01,
        -3.08707792e-01, -4.75117658e-01,  2.23700139e+00,
        -3.64218756e-01,  1.04289904e+00],
       [ 1.40188172e+00,  2.98385172e-02, -9.23658324e-01,
        -3.21723626e-01, -4.99075251e-01,  2.22398556e+00,
        -3.88176348e-01,  1.02988321e+00],
       [ 1.37792217e+00,  1.66553186e-02, -9.47617872e-01,
        -3.34906825e-01, -5.23034798e-01,  2.21080236e+00,
        -4.12135895e-01,  1.01670001e+00],
       [ 1.35400734e+00,  3.24029034e-03, -9.71532706e-01,
        -3.48321853e-01, -5.46949632e-01,  2.19738733e+00,
        -4.36050730e-01,  1.00328498e+00],
       [ 1.33057184e+00, -1.07514274e-02, -9.94968201e-01,
        -3.62313571e-01, -5.70385128e-01,  2.18339561e+00,
        -4.59486225e-01,  9.89293266e-01],
       [ 1.30620176e+00, -2.42423131e-02, -1.01933828e+00,
        -3.75804456e-01, -5.94755211e-01,  2.16990473e+00,
        -4.83856308e-01,  9.75802380e-01],
       [ 1.28295302e+00, -3.88031696e-02, -1.04258702e+00,
        -3.90365313e-01, -6.18003947e-01,  2.15534387e+00,
        -5.07105045e-01,  9.61241524e-01],
       [ 1.26034431e+00, -5.40043522e-02, -1.06519574e+00,
        -4.05566496e-01, -6.40612662e-01,  2.14014269e+00,
        -5.29713759e-01,  9.46040341e-01]]), 'data_points': 600}}, 'improvement': 0.45660438120163027}","{'distance_encoding': {'red': 0.1759426561741867, 'magenta': 0.18003362145898671, 'yellow': 0.23109577422013705, 'orange': 0.26232611868278966}, 'direction_encoding': {'red': 0.179241949888635, 'magenta': 0.19374201599466961, 'yellow': 0.17693651200899468, 'orange': 0.21338835412984608}}","{'dim_0': {'mse': 0.214366152882576, 'r2': 0.6667847633361816}, 'dim_1': {'mse': 0.38907942175865173, 'r2': 0.2783527374267578}}"
