,next_state,zone_relationships,action_prediction
env_net,"{'ridge': {'mse': 1.7726826355482526, 'r2': -0.9775101777684955, 'feature_importance': array([0.6487452 , 0.39946645, 0.51098543, 0.15073311, 0.56085896,
       0.6629065 , 0.16362967, 1.8300612 , 0.42843455, 0.29623342,
       0.51903844, 0.7141127 , 0.3849132 , 0.2168564 , 0.50496787,
       0.13961361, 1.1483493 , 0.39896092, 0.12964672, 0.74298275,
       0.5790179 , 0.2886464 , 0.352556  , 0.5435585 , 0.6954819 ,
       0.2925328 , 0.29590678, 0.38560316, 0.34338388, 0.5653832 ,
       0.5976891 , 0.2598004 , 0.54597247, 0.34157574, 0.42777634,
       0.14122778, 0.45408773, 0.09722511, 0.35184562, 0.74150276,
       0.3207134 , 0.38722932, 0.23370321, 0.18159506, 0.12722582,
       0.14513057, 0.11769104, 1.3089013 , 0.9423239 , 1.0483588 ,
       0.08700387, 0.14048803, 0.63664377, 0.5565642 , 0.6575559 ,
       0.62584585, 0.08247593, 0.00911051, 0.5090413 , 0.21748315,
       0.5651124 , 0.30766404, 0.46588978, 0.55864716], dtype=float32), 'predictions': array([[ 0.47892374, -0.7876706 ],
       [ 0.47892374, -0.7876706 ],
       [ 0.47892374, -0.7876706 ],
       ...,
       [-0.44267   ,  0.05826449],
       [-0.4455017 , -0.14255857],
       [-0.3808223 ,  0.299536  ]], dtype=float32), 'ground_truth': array([[1.55452137, 0.3455631 ],
       [1.55354098, 0.34590096],
       [1.55147919, 0.34576434],
       ...,
       [0.15356553, 1.45041569],
       [0.1303168 , 1.43585483],
       [0.10770808, 1.42065365]])}, 'mlp': {'mse': 1.632359633866821, 'r2': -0.8109450340270996, 'predictions': array([[ 0.3693091 , -0.55514205],
       [ 0.3693091 , -0.55514205],
       [ 0.3693091 , -0.55514205],
       ...,
       [-0.5689825 , -0.17890719],
       [-0.91321266, -0.50211126],
       [-0.13238667,  0.21077119]], dtype=float32), 'train_losses': [1.30731999874115, 1.2913061380386353, 1.275762677192688, 1.2602901458740234, 1.2445547580718994, 1.2283529043197632, 1.2114731073379517, 1.1936720609664917, 1.1749521493911743, 1.1552900075912476, 1.134739875793457, 1.1133356094360352, 1.0911591053009033, 1.068360447883606, 1.0451592206954956, 1.0218274593353271, 0.9985855221748352, 0.9756629467010498, 0.9533092975616455, 0.9316943287849426, 0.9108510613441467, 0.8907486796379089, 0.8711771368980408, 0.8519300222396851, 0.8327734470367432, 0.8134912252426147, 0.7938939929008484, 0.7740678787231445, 0.7540975213050842, 0.7340494990348816, 0.7140644788742065, 0.6943332552909851, 0.6748710870742798, 0.6557872295379639, 0.6370469927787781, 0.618590772151947, 0.6003898978233337, 0.5823672413825989, 0.5646061897277832, 0.5470689535140991, 0.5297216773033142, 0.5127655863761902, 0.4962005615234375, 0.48000624775886536, 0.4643115699291229, 0.4490465223789215, 0.43425673246383667, 0.42008277773857117, 0.40615609288215637, 0.3928307294845581], 'test_losses': [0.9404765963554382, 0.9399703145027161, 0.9402753710746765, 0.941048800945282, 0.9423419237136841, 0.9443570971488953, 0.9470750093460083, 0.9507448077201843, 0.9553716778755188, 0.9611883759498596, 0.9684171676635742, 0.9773540496826172, 0.9880663156509399, 1.0009777545928955, 1.0163151025772095, 1.0340296030044556, 1.0542924404144287, 1.077163577079773, 1.1023130416870117, 1.1291111707687378, 1.1568964719772339, 1.185125470161438, 1.2128788232803345, 1.2400941848754883, 1.265363097190857, 1.2892775535583496, 1.3102707862854004, 1.3275949954986572, 1.3415640592575073, 1.354126214981079, 1.3652966022491455, 1.3752946853637695, 1.3833651542663574, 1.3917263746261597, 1.401234745979309, 1.412582516670227, 1.4267525672912598, 1.4428215026855469, 1.4606711864471436, 1.480200171470642, 1.5019426345825195, 1.5233888626098633, 1.5424753427505493, 1.5602598190307617, 1.576882243156433, 1.5891722440719604, 1.5987988710403442, 1.6071891784667969, 1.6184980869293213, 1.6323596239089966]}, 'time_step_mlp': {0: {'r2': -44.74556350708008, 'mse': 1.950691059425505, 'train_losses': [0.8323473334312439, 0.7973498106002808, 0.7639731168746948, 0.7316299676895142, 0.6998568177223206, 0.6684459447860718, 0.6367793679237366, 0.6042037606239319, 0.5704298615455627, 0.5349838733673096, 0.49780383706092834, 0.4592062532901764, 0.41949835419654846, 0.3793991804122925, 0.3394002914428711, 0.2998950779438019, 0.2613290250301361, 0.2246267944574356, 0.19071665406227112, 0.16047699749469757, 0.13483838737010956, 0.11409572511911392, 0.09824981540441513, 0.0869578868150711, 0.07951812446117401, 0.07493361085653305, 0.07154329866170883, 0.0684138834476471, 0.06500764191150665, 0.06118267402052879], 'test_losses': [2.55875563621521, 2.590031623840332, 2.6180012226104736, 2.640761137008667, 2.657635450363159, 2.667353391647339, 2.668114185333252, 2.6596341133117676, 2.641613721847534, 2.614078998565674, 2.5798492431640625, 2.5412490367889404, 2.5022103786468506, 2.4641215801239014, 2.4291975498199463, 2.4001855850219727, 2.3774704933166504, 2.3605618476867676, 2.3520116806030273, 2.34975004196167, 2.347137212753296, 2.3415603637695312, 2.3236498832702637, 2.2859485149383545, 2.2334091663360596, 2.1780974864959717, 2.121147871017456, 2.063859224319458, 2.007291793823242, 1.9506911039352417], 'predictions': array([[ 0.51740247,  0.66294134],
       [ 0.43956396,  0.66484475],
       [ 0.49528632,  0.7651542 ],
       [ 0.419783  ,  0.7615586 ],
       [ 0.4876659 ,  0.8658164 ],
       [ 0.4814247 ,  0.9471871 ],
       [ 0.47469497,  0.9685048 ],
       [ 0.469732  ,  1.0181441 ],
       [ 0.43522343,  0.9251568 ],
       [ 0.4272471 ,  0.9112931 ],
       [ 0.39585343,  0.7858335 ],
       [ 0.40296385,  0.8055137 ],
       [ 0.42232037,  0.81342643],
       [ 0.4439131 ,  0.8076685 ],
       [ 0.44006494,  0.7591085 ],
       [ 0.42318973,  0.64425755],
       [ 0.39169985,  0.53279275],
       [ 0.3745427 ,  0.48565918],
       [ 0.3818017 ,  0.562122  ],
       [ 0.3818017 ,  0.562122  ],
       [ 0.3818017 ,  0.562122  ],
       [ 0.3818017 ,  0.562122  ],
       [ 0.3818017 ,  0.562122  ],
       [ 0.29567093,  0.04721637],
       [ 0.479156  ,  0.09855873],
       [ 0.3243572 ,  0.4288422 ],
       [ 0.22015084, -0.17940249],
       [ 0.40156838, -0.13113585],
       [ 0.19589725, -0.15505038],
       [ 0.3662155 , -0.2524764 ],
       [ 0.35569242, -0.28623092],
       [ 0.22173056,  0.09383173],
       [ 0.22013567, -0.00600042],
       [ 0.21563175, -0.00980305],
       [ 0.18103823, -0.27519238],
       [ 0.17311363, -0.0416714 ],
       [ 0.18282364, -0.39015856],
       [ 0.10207591, -0.7575757 ],
       [ 0.32444483, -0.78240484],
       [ 0.33474633, -0.7460324 ],
       [ 0.34511504, -0.6895594 ],
       [ 0.36060268, -0.5984024 ],
       [ 0.3694398 , -0.5014649 ],
       [ 0.37247476, -0.4015524 ],
       [ 0.37205675, -0.30896953],
       [ 0.35235715, -0.27980852],
       [ 0.16299546,  0.09042916],
       [ 0.06060637,  0.49419618],
       [ 0.08643344,  0.463948  ],
       [-0.01871891, -0.21336876],
       [ 0.26185125, -0.31204864],
       [ 0.04690644,  0.12348904],
       [-0.09918719, -0.05934383],
       [-0.03273176,  0.17276244],
       [-0.0447237 , -0.16510464],
       [-0.01451097, -0.2221362 ],
       [ 0.02614461, -0.17111823],
       [ 0.18764658, -0.862639  ],
       [ 0.16653293, -1.0647873 ],
       [ 0.1783838 , -1.1189705 ],
       [ 0.18435983, -1.1522117 ],
       [ 0.19452395, -1.1610905 ],
       [ 0.21110137, -1.1357359 ],
       [ 0.21568458, -1.1297356 ],
       [ 0.20714045, -1.1271265 ],
       [ 0.19439995, -1.1140903 ],
       [ 0.17959338, -1.1010777 ],
       [ 0.169437  , -1.0725187 ],
       [ 0.16030112, -1.0275594 ],
       [ 0.15537174, -0.9604348 ],
       [ 0.15521397, -0.8830873 ],
       [ 0.1557483 , -0.8057247 ],
       [ 0.16847374, -0.6963213 ],
       [ 0.17107333, -0.5947146 ],
       [ 0.16462456, -0.54355013],
       [ 0.16238025, -0.504451  ],
       [ 0.16516042, -0.4447592 ],
       [ 0.16595858, -0.43069556],
       [ 0.1680586 , -0.4133798 ],
       [ 0.17507385, -0.37662613],
       [ 0.18228382, -0.34204984],
       [ 0.18143268, -0.3226829 ],
       [ 0.17966925, -0.2941983 ],
       [ 0.18619728, -0.22746883],
       [ 0.18515593, -0.19945468],
       [ 0.18162088, -0.1967403 ],
       [ 0.17876756, -0.2085864 ],
       [ 0.17011589, -0.22934276],
       [ 0.14803529, -0.27571493],
       [ 0.12762861, -0.31091604],
       [ 0.1116442 , -0.31724212],
       [ 0.09952769, -0.3231952 ],
       [ 0.08784995, -0.37112793],
       [ 0.09416242, -0.38989335],
       [ 0.08993746, -0.41481707],
       [ 0.06383002, -0.4778423 ],
       [ 0.04330853, -0.52575123],
       [ 0.03514938, -0.5364553 ],
       [ 0.02927797, -0.5458075 ],
       [ 0.0444199 , -0.5223609 ],
       [ 0.06560878, -0.49108875],
       [ 0.07884843, -0.47664437],
       [ 0.0709319 , -0.5012634 ],
       [ 0.07596042, -0.48567852],
       [ 0.09712203, -0.42087865],
       [ 0.11307898, -0.35906088],
       [ 0.12302539, -0.30615142],
       [ 0.13765828, -0.24858446],
       [ 0.13782296, -0.22941853],
       [ 0.14299394, -0.21658415],
       [ 0.17514926, -0.14380482],
       [ 0.20741452, -0.07025327],
       [ 0.2325861 , -0.01114314],
       [ 0.2481201 ,  0.05045606],
       [ 0.23300104, -0.0194194 ],
       [ 0.20242885, -0.13227086],
       [ 0.18650912, -0.19822852],
       [ 0.16522166, -0.2640797 ],
       [-0.207723  , -0.30534366],
       [-0.25433695, -0.39240158]], dtype=float32), 'ground_truth': array([[1.39736659, 0.33446127],
       [1.42346892, 0.32711666],
       [1.4496077 , 0.32073875],
       [1.47589944, 0.31446734],
       [1.50218213, 0.30905771],
       [1.52856042, 0.30398693],
       [1.55490304, 0.29965227],
       [1.5812578 , 0.29584955],
       [1.60756134, 0.29269826],
       [1.63380725, 0.29017519],
       [1.65996272, 0.28831408],
       [1.68599987, 0.28713522],
       [1.71188522, 0.28666315],
       [1.73758303, 0.28692001],
       [1.76305583, 0.28792475],
       [1.78935489, 0.28878336],
       [1.81381791, 0.29018296],
       [1.83753562, 0.29150707],
       [1.86111126, 0.29360996],
       [1.88329551, 0.295813  ],
       [1.90483649, 0.2978946 ],
       [1.92525973, 0.29988282],
       [1.94464136, 0.30076051],
       [1.96342045, 0.30176324],
       [1.98191489, 0.30374255],
       [2.00020344, 0.30664261],
       [2.01806406, 0.31051107],
       [2.0358454 , 0.31522013],
       [2.05282284, 0.32093042],
       [2.06959252, 0.32745835],
       [2.0853414 , 0.3336461 ],
       [2.10026695, 0.33842512],
       [2.11455004, 0.34182613],
       [2.12829851, 0.34389782],
       [2.1416057 , 0.34469288],
       [2.15456069, 0.3442664 ],
       [2.1672486 , 0.34267582],
       [2.17975047, 0.3399807 ],
       [2.19181948, 0.33720536],
       [2.20430174, 0.33583546],
       [2.2155435 , 0.3354351 ],
       [2.225964  , 0.33610661],
       [2.23552324, 0.33641313],
       [2.24444041, 0.33665961],
       [2.25375954, 0.33852808],
       [2.26277375, 0.34159165],
       [2.27086368, 0.34547416],
       [2.27839058, 0.35028313],
       [2.28538753, 0.35596715],
       [2.29215027, 0.36125897],
       [2.29896921, 0.36519729],
       [2.30573291, 0.36780594],
       [2.31235885, 0.36912278],
       [2.31878017, 0.36919159],
       [2.32493289, 0.36805888],
       [2.33075554, 0.36577367],
       [2.33618933, 0.36238744],
       [2.34117826, 0.35795396],
       [2.34566933, 0.35252918],
       [2.34961264, 0.34617108],
       [2.35296152, 0.33893954],
       [2.35567267, 0.33089613],
       [2.35770627, 0.322104  ],
       [2.35902603, 0.31262767],
       [2.35959936, 0.30253284],
       [2.35939738, 0.29188621],
       [2.35839499, 0.28075531],
       [2.35657097, 0.26920824],
       [2.35390793, 0.25731354],
       [2.35039244, 0.24513991],
       [2.34601493, 0.23275605],
       [2.3407698 , 0.22023047],
       [2.33465531, 0.20763119],
       [2.32767361, 0.19502564],
       [2.31983069, 0.18248039],
       [2.31113632, 0.17006094],
       [2.30160396, 0.15783155],
       [2.29125075, 0.14585503],
       [2.28009736, 0.13419254],
       [2.26816792, 0.12290339],
       [2.25548987, 0.11204489],
       [2.2420939 , 0.10167214],
       [2.22801378, 0.09183787],
       [2.21328619, 0.08259231],
       [2.19795064, 0.07398297],
       [2.18204924, 0.06605455],
       [2.16562656, 0.05884879],
       [2.14872947, 0.05240436],
       [2.13140691, 0.04675668],
       [2.11370974, 0.04193792],
       [2.09569054, 0.0379768 ],
       [2.07740339, 0.03489859],
       [2.05890366, 0.03272499],
       [2.04024783, 0.03147409],
       [2.02149325, 0.03116033],
       [2.00269794, 0.03179444],
       [1.98392036, 0.03338345],
       [1.9652192 , 0.03593066],
       [1.94665316, 0.03943565],
       [1.92828075, 0.0438943 ],
       [1.91016003, 0.04929878],
       [1.89234843, 0.05563767],
       [1.87490255, 0.06289593],
       [1.8578779 , 0.07105501],
       [1.84132875, 0.08009292],
       [1.8253079 , 0.08998431],
       [1.8098665 , 0.10070057],
       [1.79505386, 0.11220995],
       [1.78091724, 0.12447768],
       [1.76750174, 0.13746608],
       [1.75455931, 0.14991647],
       [1.74181499, 0.16087202],
       [1.72920087, 0.17040821],
       [1.71665286, 0.17860129],
       [1.70411073, 0.18552808],
       [1.6915182 , 0.19126591],
       [1.67882293, 0.19589252],
       [1.66597663, 0.19948585],
       [1.65293504, 0.202124  ],
       [1.63965798, 0.20388501]]), 'data_points': 600}, 1: {'r2': -9.019410133361816, 'mse': 1.3164436268859687, 'train_losses': [1.5166194438934326, 1.445920467376709, 1.3792001008987427, 1.3151898384094238, 1.25344979763031, 1.1931016445159912, 1.1331199407577515, 1.0730605125427246, 1.013413667678833, 0.9543389081954956, 0.8963784575462341, 0.8401658535003662, 0.7856987118721008, 0.732578694820404, 0.6799635291099548, 0.6274596452713013, 0.5748966336250305, 0.5230138301849365, 0.473417192697525, 0.4280998110771179, 0.38877537846565247, 0.35642871260643005, 0.33112087845802307, 0.3116963803768158, 0.2962570786476135, 0.28270426392555237, 0.26921308040618896, 0.25474631786346436, 0.23913630843162537, 0.22309741377830505], 'test_losses': [0.5365957021713257, 0.500944972038269, 0.46877068281173706, 0.44041475653648376, 0.4152110517024994, 0.39275768399238586, 0.37317320704460144, 0.3568214476108551, 0.344190388917923, 0.33592167496681213, 0.33290180563926697, 0.33568352460861206, 0.34477806091308594, 0.36108389496803284, 0.3849852383136749, 0.41689130663871765, 0.45777270197868347, 0.5075545310974121, 0.5666839480400085, 0.6352747082710266, 0.7125141620635986, 0.7962284684181213, 0.8834307193756104, 0.9714536666870117, 1.056857705116272, 1.1349612474441528, 1.2015910148620605, 1.254334807395935, 1.2918620109558105, 1.316443681716919], 'predictions': array([[-0.71431017, -0.7088483 ],
       [-0.6875877 , -0.76651645],
       [-0.6761868 , -0.7724907 ],
       [-0.7032063 , -0.6851141 ],
       [-0.603271  , -0.71472806],
       [-0.76050943, -0.66262954],
       [-0.6864982 , -0.8108957 ],
       [-0.6643719 , -0.8430242 ],
       [-0.56822574, -0.7474141 ],
       [-0.6655865 , -0.6442945 ],
       [-0.6786667 , -0.80169225],
       [-0.7595238 , -0.8126171 ],
       [-0.83311063, -0.80398834],
       [-0.88376063, -0.7914067 ],
       [-0.893339  , -0.78590226],
       [-0.8857999 , -0.7717775 ],
       [-0.8650679 , -0.76612973],
       [-0.8727939 , -0.7591469 ],
       [-0.8890368 , -0.7447643 ],
       [-0.90404   , -0.72447294],
       [-0.9063586 , -0.70746243],
       [-0.92019355, -0.68773735],
       [-0.9319444 , -0.6971659 ],
       [-0.88104963, -0.7127937 ],
       [-0.8475703 , -0.699561  ],
       [-0.84474564, -0.6461925 ],
       [-0.80542815, -0.61055154],
       [-0.82146907, -0.5988338 ],
       [-0.8270443 , -0.6042957 ],
       [-0.65698504, -0.55522466],
       [-0.6968085 , -0.35750318],
       [-0.84745365, -0.53013504],
       [-0.9659008 , -0.56997937],
       [-0.8703699 , -0.5511627 ],
       [-0.8493689 , -0.5297361 ],
       [-0.9104609 , -0.54652876],
       [-0.83152574, -0.5268805 ],
       [-0.87134165, -0.53732187],
       [-0.7856637 , -0.48771456],
       [-0.7448235 , -0.4221349 ],
       [-0.91039795, -0.4761116 ],
       [-0.77985525, -0.36864072],
       [-0.7114609 , -0.30346116],
       [-0.7010908 , -0.24997261],
       [-0.69290644, -0.21237397],
       [-0.6767832 , -0.24081282],
       [-0.6554563 , -0.26164275],
       [-0.5981522 , -0.31355318],
       [-0.554451  , -0.33871195],
       [-0.5289228 , -0.3154942 ],
       [-0.47672173, -0.28523576],
       [-0.44267353, -0.25856286],
       [-0.38181657, -0.22119139],
       [-0.34980178, -0.24852054],
       [-0.2883989 , -0.13859545],
       [-0.2883989 , -0.13859545],
       [-0.2883989 , -0.13859545],
       [-0.2883989 , -0.13859545],
       [-0.2883989 , -0.13859545],
       [-0.31031993, -0.33493042],
       [-0.26145592, -0.42469314],
       [-0.20719115, -0.5123442 ],
       [-0.08937567, -0.4811125 ],
       [ 0.02305354, -0.44366527],
       [ 0.11524311, -0.41859448],
       [ 0.19498901, -0.41165486],
       [ 0.22336036, -0.432713  ],
       [ 0.20024608, -0.52563626],
       [ 0.17565264, -0.60247123],
       [ 0.20479286, -0.6454473 ],
       [ 0.30247995, -0.6489421 ],
       [ 0.35608292, -0.6605008 ],
       [ 0.35052532, -0.6722334 ],
       [ 0.39578086, -0.6791019 ],
       [ 0.13269661, -0.6789629 ],
       [ 0.3329932 , -0.7208674 ],
       [-0.07781002, -0.6492172 ],
       [ 0.08371743, -0.75624716],
       [-0.17562932, -0.7358125 ],
       [-0.0396089 , -0.781774  ],
       [-0.03199069, -0.6067371 ],
       [-0.16616227, -0.5810552 ],
       [-0.51919496, -0.55606866],
       [-0.40741137, -0.6178002 ],
       [-0.55332136, -0.50739133],
       [-0.46864036, -0.542977  ],
       [-0.51681113, -0.32521355],
       [-0.5620326 , -0.36682132],
       [-0.6509313 , -0.11752087],
       [-0.66721797, -0.05274266],
       [-0.65328455, -0.09184039],
       [-0.70914865,  0.24753644],
       [-0.6147932 ,  0.04576483],
       [-0.60314864,  0.45623085],
       [-0.5143546 ,  0.25921974],
       [-0.4078123 ,  0.64207506],
       [-0.3702902 ,  0.43275723],
       [-0.22020604,  0.7208381 ],
       [-0.01599873,  0.40957972],
       [ 0.06681597,  0.7366395 ],
       [ 0.06814398,  0.49667037],
       [ 0.18551135,  0.77601486],
       [ 0.18295865,  0.44460985],
       [ 0.26528326,  0.87627345],
       [ 0.16274935,  0.5727851 ],
       [ 0.32747278,  0.7668163 ],
       [ 0.2842118 ,  0.58003163],
       [ 0.28466636,  0.88056   ],
       [ 0.34700525,  0.64936996],
       [ 0.37303996,  0.873272  ],
       [ 0.41831845,  0.72701216],
       [ 0.43259636,  0.89511037],
       [ 0.48336914,  0.7955335 ],
       [ 0.4674656 ,  0.8879965 ],
       [ 0.5224308 ,  0.82250744],
       [ 0.7188323 ,  1.0615405 ],
       [ 0.57863265,  1.1974905 ],
       [ 0.5080587 ,  0.9806554 ],
       [ 0.61637026,  0.9435233 ],
       [ 0.47508717,  0.94196   ]], dtype=float32), 'ground_truth': array([[ 0.70384733,  0.60782765],
       [ 0.69193675,  0.63354732],
       [ 0.67901212,  0.65878951],
       [ 0.66553639,  0.68377092],
       [ 0.65189966,  0.70866335],
       [ 0.63812874,  0.73346661],
       [ 0.62420465,  0.7581591 ],
       [ 0.6100969 ,  0.78271229],
       [ 0.59576658,  0.80708764],
       [ 0.58117848,  0.83124499],
       [ 0.56631961,  0.85516901],
       [ 0.55114556,  0.87879952],
       [ 0.53563044,  0.90208975],
       [ 0.51975387,  0.92499224],
       [ 0.5035064 ,  0.94747312],
       [ 0.48688824,  0.96952341],
       [ 0.46993018,  0.99126188],
       [ 0.45254812,  1.01241644],
       [ 0.43475367,  1.03296224],
       [ 0.41660259,  1.05322186],
       [ 0.39802682,  1.07275418],
       [ 0.37905577,  1.09165319],
       [ 0.35970306,  1.11006101],
       [ 0.33996628,  1.12815533],
       [ 0.31985461,  1.14506562],
       [ 0.29942266,  1.16099497],
       [ 0.27866224,  1.17644239],
       [ 0.2576088 ,  1.19110583],
       [ 0.23632172,  1.20482497],
       [ 0.21472764,  1.21801648],
       [ 0.19297663,  1.230169  ],
       [ 0.17086949,  1.24192839],
       [ 0.14856219,  1.2528392 ],
       [ 0.12620796,  1.26262201],
       [ 0.10367935,  1.2716385 ],
       [ 0.08117069,  1.27957812],
       [ 0.05841588,  1.28692803],
       [ 0.03579896,  1.29312887],
       [ 0.01304276,  1.29861386],
       [-0.00958854,  1.30307742],
       [-0.03206939,  1.30655518],
       [-0.05462434,  1.30929051],
       [-0.07699754,  1.31106135],
       [-0.09923426,  1.31193651],
       [-0.1212169 ,  1.31185846],
       [-0.14279994,  1.3107795 ],
       [-0.16438463,  1.30895649],
       [-0.18536123,  1.30608996],
       [-0.20591903,  1.30233108],
       [-0.22606159,  1.29771456],
       [-0.24574536,  1.29225351],
       [-0.26492542,  1.28596343],
       [-0.28355759,  1.27886301],
       [-0.30159871,  1.27097407],
       [-0.31901095,  1.26232149],
       [-0.33574614,  1.2529329 ],
       [-0.35176862,  1.24283926],
       [-0.36704168,  1.23207401],
       [-0.38153334,  1.22067233],
       [-0.3952739 ,  1.20865174],
       [-0.40828469,  1.19602073],
       [-0.42033497,  1.1828893 ],
       [-0.43188281,  1.16907885],
       [-0.44218354,  1.15496172],
       [-0.45230789,  1.14000018],
       [-0.46089074,  1.12497367],
       [-0.46876666,  1.10945394],
       [-0.47539635,  1.09383279],
       [-0.48191028,  1.07732789],
       [-0.48752177,  1.06052329],
       [-0.49204782,  1.04359408],
       [-0.49524177,  1.0267923 ],
       [-0.49793461,  1.00949892],
       [-0.49939311,  0.9923844 ],
       [-0.50088153,  0.97428933],
       [-0.50086162,  0.95671604],
       [-0.50058138,  0.93847211],
       [-0.49935085,  0.92028085],
       [-0.49688409,  0.90250164],
       [-0.49462449,  0.88359271],
       [-0.4908344 ,  0.86549396],
       [-0.4871279 ,  0.84645756],
       [-0.48195788,  0.82822378],
       [-0.47694592,  0.80903385],
       [-0.4705289 ,  0.79063732],
       [-0.46432419,  0.77129496],
       [-0.45671178,  0.75278808],
       [-0.44932824,  0.7333853 ],
       [-0.44066297,  0.7147205 ],
       [-0.43227421,  0.69517189],
       [-0.42249915,  0.67650113],
       [-0.41310236,  0.65688938],
       [-0.40245505,  0.63805723],
       [-0.39205554,  0.61845845],
       [-0.38048893,  0.59960367],
       [-0.36934976,  0.57981029],
       [-0.35702396,  0.56083345],
       [-0.34503074,  0.54104496],
       [-0.33193625,  0.52203101],
       [-0.31919933,  0.50219289],
       [-0.30538652,  0.483155  ],
       [-0.29183226,  0.46341672],
       [-0.27731703,  0.44441283],
       [-0.26302261,  0.42475138],
       [-0.2488795 ,  0.40454844],
       [-0.23385655,  0.38502143],
       [-0.2180174 ,  0.36609916],
       [-0.20227085,  0.34675706],
       [-0.18587241,  0.32792047],
       [-0.16958158,  0.3086137 ],
       [-0.152601  ,  0.28995127],
       [-0.13567138,  0.27086434],
       [-0.11812527,  0.25241001],
       [-0.10050725,  0.23369868],
       [-0.08234412,  0.21560568],
       [-0.06409107,  0.19724996],
       [-0.04530231,  0.17960337],
       [-0.02641702,  0.1616494 ],
       [-0.00699461,  0.14453444],
       [ 0.01252751,  0.12704259]]), 'data_points': 600}, 2: {'r2': -6.004054069519043, 'mse': 1.5551795958671826, 'train_losses': [1.4160854816436768, 1.3612556457519531, 1.3064954280853271, 1.2505834102630615, 1.192686676979065, 1.1321213245391846, 1.0685073137283325, 1.0013964176177979, 0.930975079536438, 0.8579105734825134, 0.7830044031143188, 0.7072232365608215, 0.632689893245697, 0.5613969564437866, 0.49538251757621765, 0.43677693605422974, 0.38752588629722595, 0.34861811995506287, 0.31981325149536133, 0.29909953474998474, 0.2832565903663635, 0.26905444264411926, 0.25391384959220886, 0.23667031526565552, 0.21718288958072662, 0.1962621808052063, 0.17545859515666962, 0.15610209107398987, 0.13913875818252563, 0.12490764260292053], 'test_losses': [0.49502187967300415, 0.4878002107143402, 0.4821189045906067, 0.47828957438468933, 0.47681358456611633, 0.4780922830104828, 0.482125848531723, 0.48960405588150024, 0.5010406970977783, 0.5172799825668335, 0.5394530892372131, 0.5683740973472595, 0.6059042811393738, 0.6532821655273438, 0.7116509675979614, 0.7819174528121948, 0.8641988039016724, 0.9582464694976807, 1.0599440336227417, 1.1676313877105713, 1.2769113779067993, 1.3811676502227783, 1.472304105758667, 1.5455135107040405, 1.5944867134094238, 1.6219440698623657, 1.6284319162368774, 1.6171811819076538, 1.591938853263855, 1.5551795959472656], 'predictions': array([[-1.29713583e+00,  1.21433705e-01],
       [-1.40059185e+00,  1.01057522e-01],
       [-1.42659080e+00,  3.19104902e-02],
       [-1.29138112e+00,  1.18458696e-01],
       [-1.42673922e+00,  4.62244041e-02],
       [-1.56216431e+00,  2.56618381e-01],
       [-1.35110021e+00,  2.19629079e-01],
       [-1.48389244e+00,  1.19812220e-01],
       [-1.48213315e+00,  1.54367775e-01],
       [-1.38312626e+00,  1.19531922e-01],
       [-1.25030911e+00,  8.81205127e-02],
       [-1.26764679e+00,  1.34596109e-01],
       [-1.35102391e+00,  2.12100327e-01],
       [-1.47366869e+00,  2.81343639e-01],
       [-1.56728029e+00,  3.24469268e-01],
       [-1.66365111e+00,  3.86939436e-01],
       [-1.69051456e+00,  4.11040097e-01],
       [-1.66001499e+00,  4.03389126e-01],
       [-1.62876594e+00,  3.84675860e-01],
       [-1.80251932e+00,  3.63362074e-01],
       [-1.92542875e+00,  4.82552916e-01],
       [-1.86635506e+00,  4.58707243e-01],
       [-1.88879788e+00,  3.88633728e-01],
       [-1.90728724e+00,  4.37926769e-01],
       [-1.94424546e+00,  3.92581820e-01],
       [-2.10864353e+00,  5.29686689e-01],
       [-1.97278845e+00,  4.37314749e-01],
       [-2.09925056e+00,  4.79665697e-01],
       [-1.87860024e+00,  3.58146399e-01],
       [-2.03459215e+00,  4.65292901e-01],
       [-2.06957245e+00,  3.80441755e-01],
       [-2.26757121e+00,  5.38137972e-01],
       [-2.06008720e+00,  4.44861203e-01],
       [-1.91736054e+00,  2.77865946e-01],
       [-2.15320301e+00,  4.89766389e-01],
       [-2.13510537e+00,  3.69825184e-01],
       [-2.26452827e+00,  5.03491640e-01],
       [-1.99457204e+00,  3.23249489e-01],
       [-2.20219135e+00,  4.69639719e-01],
       [-2.16888452e+00,  4.65856493e-01],
       [-1.98399806e+00,  4.67713743e-01],
       [-1.98477817e+00,  3.12475890e-01],
       [-2.08017659e+00,  4.64150161e-01],
       [-1.90973496e+00,  4.42555398e-01],
       [-1.62231719e+00,  2.77757794e-01],
       [-1.36326945e+00,  2.17168599e-01],
       [-1.24614513e+00,  1.11093692e-01],
       [-1.17393613e+00,  9.76237506e-02],
       [-8.11552763e-01, -4.66958940e-01],
       [-8.74436498e-01, -2.97745407e-01],
       [-8.21207047e-01, -3.14262778e-01],
       [-7.28355467e-01, -3.59860629e-01],
       [-5.33953786e-01, -7.68968582e-01],
       [-5.39967299e-01, -6.97465003e-01],
       [-3.41113716e-01, -9.03848112e-01],
       [-4.41714257e-01, -8.11550796e-01],
       [-2.59028703e-01, -1.03876281e+00],
       [-3.46190900e-01, -9.75285947e-01],
       [-1.80997059e-01, -1.16627324e+00],
       [-2.14738339e-01, -1.14419949e+00],
       [-3.12691450e-01, -1.12245393e+00],
       [-2.39826143e-01, -1.20510602e+00],
       [-3.10063928e-01, -9.59271431e-01],
       [-2.75267601e-01, -1.19065583e+00],
       [-3.18879008e-01, -9.62531209e-01],
       [-4.84287113e-01, -9.55035090e-01],
       [-2.41800681e-01, -1.25033128e+00],
       [-3.23109120e-01, -9.47693348e-01],
       [-2.32154354e-01, -1.23551202e+00],
       [-3.07548523e-01, -9.55614448e-01],
       [-2.39920974e-01, -1.22077954e+00],
       [-3.09400529e-01, -1.08954155e+00],
       [-1.75913379e-01, -1.26651573e+00],
       [-2.10273027e-01, -9.87676144e-01],
       [-1.44175276e-01, -1.25882614e+00],
       [-2.07810938e-01, -1.11471415e+00],
       [-1.15391880e-01, -1.26648009e+00],
       [-2.04813451e-01, -1.08883107e+00],
       [-1.09695539e-01, -1.23752737e+00],
       [-1.63905412e-01, -1.03374207e+00],
       [-7.91226998e-02, -1.13019979e+00],
       [-1.05860211e-01, -1.15662718e+00],
       [-2.13502616e-01, -1.02102590e+00],
       [-1.73514321e-01, -1.10583448e+00],
       [-2.55392015e-01, -9.29305017e-01],
       [-2.11807594e-01, -1.03816426e+00],
       [-3.27934563e-01, -7.92548418e-01],
       [-2.66185641e-01, -9.77360427e-01],
       [-3.65531892e-01, -7.10055530e-01],
       [-3.06984246e-01, -9.41648662e-01],
       [-3.40442270e-01, -7.75496066e-01],
       [-3.69752258e-01, -8.94738913e-01],
       [-4.42511737e-01, -6.53158963e-01],
       [-4.28052068e-01, -8.11716318e-01],
       [-4.63387787e-01, -8.51419389e-01],
       [-5.04253864e-01, -6.99957132e-01],
       [-4.30039376e-01, -9.18292463e-01],
       [-5.20830035e-01, -6.88462794e-01],
       [-4.20838237e-01, -8.78529489e-01],
       [-3.77705991e-01, -1.00882030e+00],
       [-4.96467054e-01, -6.79713666e-01],
       [-3.16774160e-01, -1.04752040e+00],
       [-3.75857979e-01, -9.80272233e-01],
       [-2.78972566e-01, -1.13471448e+00],
       [-3.85700941e-01, -8.63200724e-01],
       [-1.24026023e-01, -1.21730137e+00],
       [-2.23862395e-01, -1.03719437e+00],
       [-1.34063521e-02, -1.29390490e+00],
       [-1.04622982e-01, -1.17036688e+00],
       [ 5.22372201e-02, -1.35025966e+00],
       [-5.06485365e-02, -1.23364449e+00],
       [ 9.80779901e-02, -1.39333892e+00],
       [-8.04966409e-03, -1.32074165e+00],
       [ 2.16125953e-03, -1.36043787e+00],
       [-7.43086115e-02, -1.30005479e+00],
       [-1.44318640e-01, -1.28817785e+00],
       [-1.87560618e-01, -1.24458838e+00],
       [-2.47597352e-01, -1.19918859e+00],
       [-3.12583953e-01, -1.18244100e+00],
       [-5.06558716e-01, -1.02557516e+00]], dtype=float32), 'ground_truth': array([[-0.95646215,  0.40739265],
       [-0.93720995,  0.39968326],
       [-0.91886309,  0.39198902],
       [-0.90229522,  0.38521612],
       [-0.88751831,  0.37896114],
       [-0.87449242,  0.37301343],
       [-0.86315665,  0.36726267],
       [-0.8534431 ,  0.3616115 ],
       [-0.84528111,  0.355982  ],
       [-0.83859842,  0.35030216],
       [-0.83332123,  0.34450371],
       [-0.8293743 ,  0.33852218],
       [-0.82668114,  0.33229702],
       [-0.82516411,  0.3257717 ],
       [-0.82474459,  0.31889376],
       [-0.82430968,  0.3123225 ],
       [-0.82207712,  0.30539563],
       [-0.81923087,  0.29969133],
       [-0.81589673,  0.29530888],
       [-0.81144831,  0.29131349],
       [-0.80661567,  0.28861123],
       [-0.80032675,  0.28573126],
       [-0.79359467,  0.2839179 ],
       [-0.78618233,  0.28280124],
       [-0.77842931,  0.28282254],
       [-0.76967962,  0.28295842],
       [-0.76094232,  0.28463845],
       [-0.75089846,  0.28586801],
       [-0.74066425,  0.28822178],
       [-0.73018402,  0.29156078],
       [-0.71859197,  0.29458992],
       [-0.70712049,  0.2990186 ],
       [-0.69443465,  0.30291839],
       [-0.68158584,  0.30771483],
       [-0.66794416,  0.31244059],
       [-0.65394267,  0.3176772 ],
       [-0.63947953,  0.32322118],
       [-0.6251928 ,  0.33022463],
       [-0.60986566,  0.33644725],
       [-0.59395997,  0.34259332],
       [-0.57774773,  0.34913129],
       [-0.56106382,  0.35564218],
       [-0.54406154,  0.36248183],
       [-0.5267307 ,  0.36967889],
       [-0.5092905 ,  0.37804482],
       [-0.49115103,  0.38548725],
       [-0.47256566,  0.39278609],
       [-0.45369294,  0.40047095],
       [-0.43466294,  0.40897155],
       [-0.41515357,  0.41703753],
       [-0.39542337,  0.42548298],
       [-0.37528722,  0.43370785],
       [-0.35502055,  0.44241542],
       [-0.33449936,  0.4512085 ],
       [-0.31388786,  0.46038713],
       [-0.29302895,  0.46959886],
       [-0.27204461,  0.47905801],
       [-0.25102701,  0.48887001],
       [-0.22948292,  0.49839   ],
       [-0.20823852,  0.50869336],
       [-0.1866654 ,  0.51898945],
       [-0.16502091,  0.52959265],
       [-0.14374493,  0.54093692],
       [-0.121861  ,  0.55203377],
       [-0.10064165,  0.56410488],
       [-0.07884164,  0.57598444],
       [-0.05774343,  0.58879734],
       [-0.03639135,  0.60170511],
       [-0.01563704,  0.6153653 ],
       [ 0.00582117,  0.6288194 ],
       [ 0.0263408 ,  0.64322004],
       [ 0.04708805,  0.65775073],
       [ 0.06713636,  0.67297785],
       [ 0.08731823,  0.68839664],
       [ 0.10686794,  0.70440306],
       [ 0.12642199,  0.72067471],
       [ 0.14556398,  0.73739532],
       [ 0.16410483,  0.75460297],
       [ 0.18255843,  0.7721169 ],
       [ 0.20028461,  0.79010935],
       [ 0.21812119,  0.80838276],
       [ 0.23496588,  0.8271471 ],
       [ 0.2519114 ,  0.84621834],
       [ 0.2678325 ,  0.86572879],
       [ 0.28397276,  0.88556229],
       [ 0.29886967,  0.9058001 ],
       [ 0.31375311,  0.9263773 ],
       [ 0.32741739,  0.94728365],
       [ 0.34135963,  0.96855085],
       [ 0.3540439 ,  0.99009187],
       [ 0.36590765,  1.01188238],
       [ 0.37795884,  1.03406336],
       [ 0.38872607,  1.05640008],
       [ 0.39966908,  1.07915189],
       [ 0.40959232,  1.10206973],
       [ 0.41834117,  1.12507027],
       [ 0.42755681,  1.1485827 ],
       [ 0.43521048,  1.17202914],
       [ 0.44255138,  1.19574986],
       [ 0.4487487 ,  1.21944269],
       [ 0.45539217,  1.24371028],
       [ 0.46048208,  1.26774982],
       [ 0.46547534,  1.29214277],
       [ 0.4691645 ,  1.31633363],
       [ 0.47267772,  1.34083388],
       [ 0.47501111,  1.36510624],
       [ 0.4771417 ,  1.38967694],
       [ 0.47815146,  1.41397039],
       [ 0.47871054,  1.43839324],
       [ 0.4783151 ,  1.46255589],
       [ 0.47737377,  1.48675104],
       [ 0.47557349,  1.5106792 ],
       [ 0.47315424,  1.53454464],
       [ 0.46997921,  1.55818526],
       [ 0.46600568,  1.58150354],
       [ 0.46147503,  1.60482402],
       [ 0.4568378 ,  1.62890776],
       [ 0.45082574,  1.6517648 ],
       [ 0.44399278,  1.67415747],
       [ 0.43640461,  1.69611803]]), 'data_points': 600}, 3: {'r2': -10.020593643188477, 'mse': 2.6419373907192805, 'train_losses': [1.1990300416946411, 1.1507220268249512, 1.1012126207351685, 1.0499075651168823, 0.9969149231910706, 0.9425467252731323, 0.8877341151237488, 0.8331507444381714, 0.7795261144638062, 0.7278605103492737, 0.6786802411079407, 0.632591962814331, 0.5898493528366089, 0.5504447817802429, 0.5142793655395508, 0.48123452067375183, 0.4514107406139374, 0.4251631498336792, 0.4023214876651764, 0.3824853301048279, 0.3650509715080261, 0.34903424978256226, 0.33292505145072937, 0.3156958520412445, 0.29677096009254456, 0.2765450179576874, 0.2563937306404114, 0.23767049610614777, 0.22158269584178925, 0.20865197479724884], 'test_losses': [2.0933339595794678, 2.1678450107574463, 2.2436952590942383, 2.3232920169830322, 2.4080164432525635, 2.499824047088623, 2.597012519836426, 2.6979193687438965, 2.797609567642212, 2.8916642665863037, 2.974562406539917, 3.040083885192871, 3.0787785053253174, 3.0888240337371826, 3.06632661819458, 3.0129828453063965, 2.9345502853393555, 2.8367536067962646, 2.7326483726501465, 2.6331677436828613, 2.54968523979187, 2.485342264175415, 2.444638729095459, 2.4279675483703613, 2.4360132217407227, 2.4629018306732178, 2.503314256668091, 2.551727533340454, 2.5983612537384033, 2.641937255859375], 'predictions': array([[-0.5081953 ,  0.6048361 ],
       [-0.6154375 ,  0.6952151 ],
       [-0.65030366,  0.6578286 ],
       [-0.5309001 ,  0.4081016 ],
       [-0.5680435 ,  0.4619174 ],
       [-0.52106756,  0.07471246],
       [-0.57142866,  0.48337808],
       [-0.4801986 ,  0.2687859 ],
       [-0.5730782 ,  0.38704047],
       [-0.39270067, -0.18074769],
       [-0.34516838, -0.3569867 ],
       [-0.44893667,  0.16721037],
       [-0.2784425 , -0.43963376],
       [-0.32153884, -0.00195244],
       [-0.3290459 , -0.02588284],
       [-0.30505443, -0.09730442],
       [-0.31926674, -0.05794708],
       [-0.36509278, -0.00752175],
       [-0.370912  , -0.00876563],
       [-0.36330175, -0.02837755],
       [-0.3682358 , -0.02646276],
       [-0.3371341 , -0.07328186],
       [-0.3209226 , -0.09573201],
       [-0.31221983, -0.1073587 ],
       [-0.2803577 , -0.15287909],
       [-0.2678019 , -0.16526945],
       [-0.27161616, -0.165278  ],
       [-0.20901738, -0.6502765 ],
       [-0.28266376, -0.17579722],
       [-0.2417774 , -0.5641521 ],
       [-0.2550719 , -0.671373  ],
       [-0.25689873, -0.537216  ],
       [-0.2615243 , -0.6803757 ],
       [-0.2325117 , -0.5042589 ],
       [-0.21131253, -0.33783242],
       [-0.225347  , -0.4196153 ],
       [-0.20558342, -0.34248468],
       [-0.20915045, -0.42037663],
       [-0.26264676, -0.23863415],
       [-0.21492814, -0.5553533 ],
       [-0.24119534, -0.4186459 ],
       [-0.2937052 , -0.5780767 ],
       [-0.25078115, -0.4038419 ],
       [-0.23762555, -0.33687422],
       [-0.22850475, -0.431484  ],
       [-0.28859013, -0.34539488],
       [-0.22800888, -0.4335095 ],
       [-0.23826064, -0.43495452],
       [-0.26971033, -0.36044407],
       [-0.2292861 , -0.39398298],
       [-0.24938442, -0.40627038],
       [-0.23043756, -0.35916263],
       [-0.27516785, -0.58521914],
       [-0.19802144, -0.34671336],
       [-0.20097136, -0.36173245],
       [-0.22670184, -0.53820467],
       [-0.16594996, -0.35825768],
       [-0.18798031, -0.2846381 ],
       [-0.17991352, -0.2580886 ],
       [-0.16487183, -0.20949122],
       [-0.15110615, -0.19800803],
       [-0.14678499, -0.19998108],
       [-0.16461574, -0.15499371],
       [-0.17852037, -0.11630777],
       [-0.17852037, -0.11630777],
       [-0.17852037, -0.11630777],
       [-0.17852037, -0.11630777],
       [-0.17852037, -0.11630777],
       [-0.17774263, -0.11005893],
       [-0.17980555, -0.09898027],
       [-0.17512892, -0.08875396],
       [-0.18026978, -0.06639229],
       [-0.19269052, -0.02590571],
       [-0.209026  ,  0.01458394],
       [-0.23215948,  0.0530479 ],
       [-0.24970406,  0.0805243 ],
       [-0.25604165,  0.09482728],
       [-0.25304097,  0.0884191 ],
       [-0.26401535,  0.08172996],
       [-0.27772483,  0.07004014],
       [-0.30293515,  0.07372577],
       [-0.32836005,  0.11319337],
       [-0.35218582,  0.14495637],
       [-0.36048144,  0.13935795],
       [-0.36949974,  0.13964067],
       [-0.3807503 ,  0.14728953],
       [-0.39333117,  0.16508056],
       [-0.41393143,  0.21352372],
       [-0.4366816 ,  0.28546077],
       [-0.45478028,  0.33792347],
       [-0.4545763 ,  0.36171973],
       [-0.445638  ,  0.36696005],
       [-0.43971086,  0.37130716],
       [-0.43600088,  0.3780409 ],
       [-0.43995288,  0.37914482],
       [-0.44079185,  0.3775533 ],
       [-0.4500379 ,  0.3953708 ],
       [-0.45949176,  0.40633208],
       [-0.44485566,  0.3442843 ],
       [-0.4328012 ,  0.28214136],
       [-0.42567432,  0.22285642],
       [-0.4096249 ,  0.1574865 ],
       [-0.39103508,  0.0707722 ],
       [-0.39319044,  0.02589061],
       [-0.39487332, -0.01507877],
       [-0.41203478, -0.08357624],
       [-0.4480676 , -0.15651461],
       [-0.48855892, -0.21443477],
       [-0.5082083 , -0.26795557],
       [-0.4895195 , -0.3191236 ],
       [-0.47609192, -0.35937378],
       [-0.4837917 , -0.38512462],
       [-0.49705657, -0.4276537 ],
       [-0.5187182 , -0.48941976],
       [-0.52457386, -0.54192716],
       [-0.5511217 , -0.5840183 ],
       [-0.5588369 , -0.5717976 ],
       [-0.5509946 , -0.559927  ],
       [-0.5446732 , -0.5422166 ],
       [-0.5646286 , -0.50749797]], dtype=float32), 'ground_truth': array([[0.06938631, 0.96919371],
       [0.09695784, 0.96422322],
       [0.12461651, 0.95895175],
       [0.15236596, 0.95415437],
       [0.18019694, 0.94925926],
       [0.20811417, 0.94485749],
       [0.23610102, 0.94010923],
       [0.26417516, 0.93606688],
       [0.29231892, 0.93209054],
       [0.32053075, 0.92813199],
       [0.34881057, 0.92438926],
       [0.37715468, 0.92072262],
       [0.40556098, 0.9173144 ],
       [0.43402676, 0.91397885],
       [0.46254958, 0.91079815],
       [0.49112579, 0.90781781],
       [0.51975552, 0.90492364],
       [0.54843414, 0.90221132],
       [0.57716151, 0.89962316],
       [0.60592891, 0.89728666],
       [0.63475035, 0.89492224],
       [0.66358889, 0.89305597],
       [0.69249663, 0.89095445],
       [0.72138809, 0.88958335],
       [0.75037324, 0.88778897],
       [0.77930293, 0.88688812],
       [0.80837697, 0.88528574],
       [0.83732863, 0.88490032],
       [0.86645794, 0.88371422],
       [0.89542729, 0.88377214],
       [0.92454859, 0.88328841],
       [0.9535555 , 0.88362116],
       [0.98247468, 0.88447604],
       [1.01155398, 0.88495266],
       [1.04041778, 0.88634915],
       [1.06967968, 0.88678413],
       [1.09853311, 0.88868006],
       [1.12758619, 0.89022781],
       [1.15650265, 0.89238397],
       [1.18513445, 0.8954516 ],
       [1.21417712, 0.89775857],
       [1.24276   , 0.90133498],
       [1.27139095, 0.90499047],
       [1.29968829, 0.90947324],
       [1.32849074, 0.91325866],
       [1.35672193, 0.91827494],
       [1.38470056, 0.92387458],
       [1.41298225, 0.92922784],
       [1.44072785, 0.93557185],
       [1.46811825, 0.94255389],
       [1.49546739, 0.9497708 ],
       [1.52241335, 0.95762675],
       [1.54904681, 0.96598828],
       [1.57535475, 0.97485236],
       [1.60130106, 0.98423703],
       [1.62689696, 0.99412943],
       [1.652017  , 1.00459685],
       [1.67666249, 1.01562144],
       [1.70079817, 1.02720717],
       [1.72436853, 1.03936155],
       [1.74736887, 1.05207269],
       [1.76970997, 1.06534827],
       [1.79137323, 1.07917249],
       [1.81232473, 1.09353193],
       [1.83252715, 1.10841083],
       [1.85194428, 1.12379013],
       [1.87054133, 1.1396476 ],
       [1.88828515, 1.15595794],
       [1.90514439, 1.17269291],
       [1.92108966, 1.18982153],
       [1.93609373, 1.20731019],
       [1.95013163, 1.22512285],
       [1.96318081, 1.24322118],
       [1.97522126, 1.2615648 ],
       [1.98623565, 1.28011139],
       [1.9962094 , 1.29881697],
       [2.00513078, 1.31763603],
       [2.01299102, 1.33652176],
       [2.01978433, 1.35542629],
       [2.02550801, 1.37430081],
       [2.03016242, 1.39309589],
       [2.0337511 , 1.41176162],
       [2.0362807 , 1.43024783],
       [2.03776105, 1.44850435],
       [2.03820509, 1.46648116],
       [2.0376289 , 1.48412865],
       [2.03605165, 1.50139778],
       [2.03349555, 1.51824034],
       [2.02998578, 1.5346091 ],
       [2.02555042, 1.55045802],
       [2.0202204 , 1.56574248],
       [2.01402936, 1.58041938],
       [2.0070136 , 1.5944474 ],
       [1.9992119 , 1.60778713],
       [1.99066545, 1.62040123],
       [1.98141768, 1.63225458],
       [1.97151416, 1.64331447],
       [1.96098616, 1.65358458],
       [1.94991076, 1.66297348],
       [1.93832824, 1.67148425],
       [1.92628912, 1.67909868],
       [1.91382019, 1.68583043],
       [1.9010155 , 1.69160973],
       [1.88792123, 1.69643897],
       [1.8745409 , 1.70035544],
       [1.8609857 , 1.70329756],
       [1.84729253, 1.70527908],
       [1.83345076, 1.70633871],
       [1.81930124, 1.70658151],
       [1.80541539, 1.70571452],
       [1.79128815, 1.70403412],
       [1.77758151, 1.70127071],
       [1.76345882, 1.69778953],
       [1.75001533, 1.69321862],
       [1.73641189, 1.68787371],
       [1.72223538, 1.68185472],
       [1.70922753, 1.67473162],
       [1.69685042, 1.66673045],
       [1.68475942, 1.65798151],
       [1.67285989, 1.64851228]]), 'data_points': 600}, 4: {'r2': -12.974873542785645, 'mse': 3.630260134611512, 'train_losses': [0.9002887606620789, 0.8560154438018799, 0.8146807551383972, 0.7747004628181458, 0.735415518283844, 0.6964460015296936, 0.6566506624221802, 0.615463376045227, 0.5731240510940552, 0.5302804708480835, 0.48734721541404724, 0.4449508786201477, 0.4037657678127289, 0.3648450970649719, 0.3290271461009979, 0.2975063920021057, 0.2712237238883972, 0.2506566643714905, 0.2356121689081192, 0.22490577399730682, 0.21647706627845764, 0.20842888951301575, 0.19912812113761902, 0.18780116736888885, 0.17498448491096497, 0.16179221868515015, 0.14947137236595154, 0.1389489471912384, 0.13048546016216278, 0.12356570363044739], 'test_losses': [1.2912898063659668, 1.3652392625808716, 1.4399076700210571, 1.516771912574768, 1.5972198247909546, 1.6828564405441284, 1.7745323181152344, 1.8740406036376953, 1.9830949306488037, 2.102717161178589, 2.232849597930908, 2.374149799346924, 2.527005434036255, 2.68990421295166, 2.857391357421875, 3.0275814533233643, 3.1931192874908447, 3.344553232192993, 3.480782985687256, 3.592822790145874, 3.674130439758301, 3.72464656829834, 3.7504312992095947, 3.7537240982055664, 3.7422685623168945, 3.7205162048339844, 3.6905746459960938, 3.6697020530700684, 3.6492080688476562, 3.6302599906921387], 'predictions': array([[ 0.29972836,  0.23483591],
       [ 0.16165301,  0.38088697],
       [ 0.0230994 ,  0.46852842],
       [-0.10009293,  0.5059711 ],
       [-0.19109316,  0.5532556 ],
       [-0.23673771,  0.55179685],
       [-0.3291869 ,  0.37837481],
       [-0.29127836,  0.57660407],
       [-0.3418525 ,  0.34609753],
       [-0.4566007 ,  0.5031335 ],
       [-0.38714293,  0.31308076],
       [-0.44997278,  0.54006076],
       [-0.45247927,  0.284295  ],
       [-0.4933817 ,  0.5317786 ],
       [-0.5287967 ,  0.2634775 ],
       [-0.56042945,  0.5145107 ],
       [-0.59880555,  0.24193539],
       [-0.63032115,  0.49671042],
       [-0.67161226,  0.21914531],
       [-0.7026207 ,  0.47890535],
       [-0.74902385,  0.20520587],
       [-0.77931935,  0.46346927],
       [-0.80796504,  0.17833802],
       [-0.85019636,  0.44508243],
       [-0.88371253,  0.15375596],
       [-0.92076904,  0.42788798],
       [-0.95074457,  0.1339246 ],
       [-0.9953741 ,  0.4082033 ],
       [-1.0168096 ,  0.11526962],
       [-1.0682098 ,  0.38524723],
       [-1.0794628 ,  0.09819209],
       [-1.1337672 ,  0.35969523],
       [-1.141971  ,  0.08173462],
       [-1.1890725 ,  0.3341984 ],
       [-1.2038429 ,  0.06405982],
       [-1.2370601 ,  0.30874977],
       [-1.2541069 ,  0.04549079],
       [-1.3058914 ,  0.23411576],
       [-1.2958273 ,  0.02826068],
       [-1.3131298 ,  0.26001638],
       [-1.3342247 ,  0.00768842],
       [-1.3288088 ,  0.23533535],
       [-1.3731252 , -0.01015275],
       [-1.347392  ,  0.19418442],
       [-1.3775495 , -0.00604635],
       [-1.3867517 ,  0.17129001],
       [-1.4427539 , -0.07010784],
       [-1.3474847 ,  0.10436662],
       [-1.3727505 ,  0.11172622],
       [-1.5396261 , -0.05923002],
       [-1.5177525 , -0.13796008],
       [-1.4737276 , -0.10118554],
       [-1.4450444 , -0.02030469],
       [-1.5915219 , -0.17764321],
       [-1.5915219 , -0.17764321],
       [-1.5915219 , -0.17764321],
       [-1.5915219 , -0.17764321],
       [-1.5915219 , -0.17764321],
       [-1.5941397 , -0.22444825],
       [-1.6081344 , -0.28291562],
       [-1.6042846 , -0.32066023],
       [-1.6689687 , -0.345893  ],
       [-1.6780839 , -0.3898018 ],
       [-1.6944171 , -0.4396312 ],
       [-1.7263371 , -0.48991656],
       [-1.7577602 , -0.5427097 ],
       [-1.7868983 , -0.59580034],
       [-1.8065006 , -0.6666132 ],
       [-1.8272861 , -0.70133233],
       [-1.818347  , -0.66358095],
       [-1.7623926 , -0.6682017 ],
       [-1.5044593 , -0.6340846 ],
       [-1.4811046 , -0.79490966],
       [-1.3581405 , -0.8801451 ],
       [-1.2515297 , -0.96554726],
       [-1.1429025 , -1.0305514 ],
       [-1.0504125 , -1.0704175 ],
       [-0.9617918 , -1.1207999 ],
       [-0.89182925, -1.1770138 ],
       [-0.8315601 , -1.2319638 ],
       [-0.7818742 , -1.2757679 ],
       [-0.73116446, -1.309716  ],
       [-0.65927786, -1.3471476 ],
       [-0.6446487 , -1.3472909 ],
       [-0.60338944, -1.3588985 ],
       [-0.5576051 , -1.3693408 ],
       [-0.5407384 , -1.373635  ],
       [-0.55765665, -1.3581407 ],
       [-0.5823754 , -1.3242766 ],
       [-0.57830226, -1.3009624 ],
       [-0.5342013 , -1.2919797 ],
       [-0.56234515, -1.2436726 ],
       [-0.6116881 , -1.1791481 ],
       [-0.6566035 , -1.109784  ],
       [-0.7073052 , -1.0344838 ],
       [-0.78271353, -0.92979777],
       [-0.8514158 , -0.8130399 ],
       [-0.8216173 , -0.77931505],
       [-0.75641304, -0.7684457 ],
       [-0.78816783, -0.7294618 ],
       [-0.82539326, -0.68658674],
       [-0.86422247, -0.6380616 ],
       [-0.9532008 , -0.5665387 ],
       [-1.0343918 , -0.4818441 ],
       [-1.1029208 , -0.4014039 ],
       [-1.127964  , -0.35620764],
       [-1.1395842 , -0.32417926],
       [-1.1305157 , -0.24297185],
       [-1.1637698 , -0.28629854],
       [-1.0990473 , -0.1963255 ],
       [-1.1627798 , -0.26548165],
       [-1.0729204 , -0.17038126],
       [-1.1656535 , -0.25812408],
       [-0.8876987 , -0.24978314],
       [-0.86903846, -0.26496252],
       [-0.99718535, -0.14569363],
       [-1.1260152 , -0.25888386],
       [-0.90076244, -0.17730469],
       [-1.087014  , -0.20703614],
       [-0.9764427 , -0.14377372]], dtype=float32), 'ground_truth': array([[ 0.77969835, -0.08278023],
       [ 0.77447007, -0.06131678],
       [ 0.76870222, -0.03918237],
       [ 0.76464946, -0.01723165],
       [ 0.76005148,  0.00535744],
       [ 0.75711619,  0.02774859],
       [ 0.75360986,  0.05075613],
       [ 0.75173615,  0.07354381],
       [ 0.74922475,  0.09694611],
       [ 0.7483047 ,  0.1201114 ],
       [ 0.74672099,  0.14387661],
       [ 0.74669402,  0.16738794],
       [ 0.74598448,  0.19148348],
       [ 0.74681396,  0.21530318],
       [ 0.74689616,  0.23971228],
       [ 0.74846396,  0.26383928],
       [ 0.7492974 ,  0.28853007],
       [ 0.75159008,  0.31292657],
       [ 0.75312197,  0.33787707],
       [ 0.75608711,  0.36252264],
       [ 0.75826688,  0.38771316],
       [ 0.76185578,  0.41258892],
       [ 0.76463653,  0.43800128],
       [ 0.76880404,  0.46308979],
       [ 0.77214225,  0.48870716],
       [ 0.77684647,  0.51399229],
       [ 0.78070178,  0.53979915],
       [ 0.78590385,  0.565266  ],
       [ 0.79023882,  0.59124797],
       [ 0.79590269,  0.61688276],
       [ 0.80068259,  0.64302657],
       [ 0.80673668,  0.66883187],
       [ 0.81188796,  0.69513924],
       [ 0.81829679,  0.72110743],
       [ 0.82378181,  0.74756651],
       [ 0.83039233,  0.77373562],
       [ 0.83627622,  0.80029592],
       [ 0.8433505 ,  0.8265485 ],
       [ 0.84939602,  0.85328343],
       [ 0.85640497,  0.87979022],
       [ 0.86364486,  0.90632032],
       [ 0.87039976,  0.93312363],
       [ 0.876672  ,  0.96016433],
       [ 0.88340966,  0.98712741],
       [ 0.89078942,  1.0140027 ],
       [ 0.89801623,  1.04100106],
       [ 0.9045208 ,  1.06825096],
       [ 0.91070397,  1.0955961 ],
       [ 0.91700073,  1.12294324],
       [ 0.92371326,  1.15029967],
       [ 0.92970793,  1.17777119],
       [ 0.93533269,  1.20528612],
       [ 0.94073421,  1.23282832],
       [ 0.94581535,  1.26039048],
       [ 0.95054196,  1.28796357],
       [ 0.9548699 ,  1.31553609],
       [ 0.95875215,  1.34309284],
       [ 0.96214422,  1.37061542],
       [ 0.96500454,  1.39808243],
       [ 0.96785904,  1.42435167],
       [ 0.97056061,  1.44966291],
       [ 0.97258585,  1.47491288],
       [ 0.97390726,  1.50006746],
       [ 0.97450066,  1.52509063],
       [ 0.97434525,  1.54994476],
       [ 0.97342367,  1.57459076],
       [ 0.97172207,  1.59898834],
       [ 0.96923006,  1.62309619],
       [ 0.96594081,  1.64687227],
       [ 0.96185101,  1.67027396],
       [ 0.95696086,  1.69325835],
       [ 0.95127409,  1.71578241],
       [ 0.94479788,  1.73780323],
       [ 0.93754282,  1.75927825],
       [ 0.9295229 ,  1.78016545],
       [ 0.92075537,  1.80042358],
       [ 0.91126074,  1.82001237],
       [ 0.9010626 ,  1.83889271],
       [ 0.89018758,  1.85702685],
       [ 0.87866521,  1.87437859],
       [ 0.86652781,  1.89091348],
       [ 0.85381034,  1.90659894],
       [ 0.84055025,  1.92140446],
       [ 0.82678736,  1.93530177],
       [ 0.81256367,  1.94826493],
       [ 0.79792319,  1.9602705 ],
       [ 0.78291179,  1.97129765],
       [ 0.76756822,  1.98134027],
       [ 0.7519547 ,  1.99036298],
       [ 0.73611871,  1.99835896],
       [ 0.72011009,  2.00532121],
       [ 0.70398026,  2.01124431],
       [ 0.68778211,  2.01612498],
       [ 0.67156906,  2.01996302],
       [ 0.6552407 ,  2.02284944],
       [ 0.63863462,  2.02487384],
       [ 0.62248652,  2.02566527],
       [ 0.60582484,  2.0257333 ],
       [ 0.58990097,  2.02452847],
       [ 0.57341815,  2.02263573],
       [ 0.55784858,  2.01949975],
       [ 0.54174257,  2.01569287],
       [ 0.5258628 ,  2.01096369],
       [ 0.50996799,  2.00542875],
       [ 0.49525117,  1.998708  ],
       [ 0.47953216,  1.9915685 ],
       [ 0.46493501,  1.98333099],
       [ 0.45011209,  1.97447008],
       [ 0.43627799,  1.96463033],
       [ 0.42134923,  1.9544627 ],
       [ 0.40713456,  1.943457  ],
       [ 0.39241856,  1.93202435],
       [ 0.37848854,  1.91975546],
       [ 0.36406404,  1.90714172],
       [ 0.35011575,  1.89382985],
       [ 0.33577085,  1.88022662],
       [ 0.32169842,  1.86604422],
       [ 0.30737286,  1.8515821 ],
       [ 0.29333262,  1.83652939],
       [ 0.27884754,  1.82138021]]), 'data_points': 600}, 5: {'r2': -2.960287570953369, 'mse': 1.4986322255871605, 'train_losses': [1.2476130723953247, 1.164387822151184, 1.084155559539795, 1.0051593780517578, 0.9277117252349854, 0.8521369695663452, 0.7787157893180847, 0.708376944065094, 0.6422246694564819, 0.5822667479515076, 0.5301322340965271, 0.4865545332431793, 0.4503374993801117, 0.4184923768043518, 0.3872146010398865, 0.3540567457675934, 0.3194419741630554, 0.2856031060218811, 0.25549590587615967, 0.2314143180847168, 0.21408917009830475, 0.20239059627056122, 0.19374418258666992, 0.18571731448173523, 0.1763821244239807, 0.16537517309188843, 0.1529880315065384, 0.1399105191230774, 0.12711818516254425, 0.11526258289813995], 'test_losses': [1.759726643562317, 1.7379530668258667, 1.7178443670272827, 1.6998772621154785, 1.6850978136062622, 1.6744221448898315, 1.6687546968460083, 1.6690934896469116, 1.6770732402801514, 1.692785620689392, 1.7141066789627075, 1.7374666929244995, 1.7564493417739868, 1.7641695737838745, 1.7559415102005005, 1.7299209833145142, 1.6896228790283203, 1.6413413286209106, 1.5916794538497925, 1.5496309995651245, 1.518868327140808, 1.5007188320159912, 1.4943021535873413, 1.4962531328201294, 1.5040518045425415, 1.5161137580871582, 1.524305820465088, 1.5244554281234741, 1.5168700218200684, 1.4986321926116943], 'predictions': array([[ 0.53634685,  0.44244745],
       [ 0.56311494,  0.41855645],
       [ 0.51285213,  0.38805458],
       [ 0.25811893,  0.27339402],
       [ 0.47216094,  0.32690713],
       [ 0.3943257 ,  0.25383776],
       [ 0.3894572 ,  0.27736595],
       [ 0.18175589,  0.1607398 ],
       [ 0.39974862,  0.23366481],
       [ 0.13662462,  0.10134992],
       [ 0.34632233,  0.17925178],
       [ 0.29898173,  0.14741847],
       [ 0.29662836,  0.12420937],
       [ 0.2020147 ,  0.04972552],
       [ 0.22078651,  0.06132002],
       [-0.02695911, -0.06579902],
       [ 0.16454265,  0.00758424],
       [ 0.01752615, -0.07205655],
       [ 0.09618326, -0.04497547],
       [-0.13982414, -0.17766392],
       [ 0.02527206, -0.0987606 ],
       [-0.198859  , -0.23193721],
       [-0.04373457, -0.15072042],
       [-0.24861251, -0.2843629 ],
       [-0.11307338, -0.20264159],
       [-0.30643672, -0.33869255],
       [-0.17889778, -0.2523252 ],
       [-0.36548337, -0.39480615],
       [-0.22991425, -0.29923734],
       [-0.420975  , -0.44829458],
       [-0.27029997, -0.34720004],
       [-0.47305954, -0.50233793],
       [-0.29077932, -0.39958084],
       [-0.5269054 , -0.5605367 ],
       [-0.3873589 , -0.43519884],
       [-0.5697893 , -0.6073093 ],
       [-0.38788125, -0.47681674],
       [-0.6048315 , -0.64947146],
       [-0.46112534, -0.51440805],
       [-0.63648677, -0.68606216],
       [-0.43493745, -0.5605865 ],
       [-0.6630946 , -0.7182149 ],
       [-0.548891  , -0.607216  ],
       [-0.6818347 , -0.713556  ],
       [-0.37703827, -0.7049117 ],
       [-0.70789146, -0.7631877 ],
       [-0.5844252 , -0.6622851 ],
       [-0.72491425, -0.77669656],
       [-0.51601005, -0.7391299 ],
       [-0.74355096, -0.77746797],
       [-0.68948984, -0.7554234 ],
       [-0.7727273 , -0.77277243],
       [-0.78284585, -0.7110241 ],
       [-0.8360842 , -0.75086075],
       [-0.8360842 , -0.75086075],
       [-0.8360842 , -0.75086075],
       [-0.8360842 , -0.75086075],
       [-0.8360842 , -0.75086075],
       [-0.699855  , -0.7043345 ],
       [-0.63092333, -0.73436576],
       [-0.56102544, -0.76492715],
       [-0.4696098 , -0.8015747 ],
       [-0.34875083, -0.81292945],
       [-0.17203914, -0.7796331 ],
       [ 0.05995648, -0.747534  ],
       [ 0.2499975 , -0.7502387 ],
       [ 0.4154508 , -0.7712848 ],
       [ 0.55839735, -0.7734168 ],
       [ 0.60987705, -0.78134555],
       [ 0.6893959 , -0.7751867 ],
       [ 0.84252745, -0.64936614],
       [ 0.9657462 , -0.5383262 ],
       [ 1.0182109 , -0.5733499 ],
       [ 1.0565783 , -0.6336682 ],
       [ 1.0403159 , -0.61407197],
       [ 0.83888197, -0.9518059 ],
       [ 0.98168445, -0.7627552 ],
       [ 0.96937376, -0.7909603 ],
       [ 0.7952654 , -1.0934289 ],
       [ 0.9222557 , -0.9116983 ],
       [ 0.8735423 , -0.9623192 ],
       [ 0.83480346, -1.1358799 ],
       [ 0.84397227, -1.0301996 ],
       [ 0.7896275 , -1.1144394 ],
       [ 0.812332  , -1.2575233 ],
       [ 0.83078015, -1.0352286 ],
       [ 0.81487215, -1.0115615 ],
       [ 0.82586193, -1.0184891 ],
       [ 0.82248795, -1.0294741 ],
       [ 0.8119912 , -1.2009755 ],
       [ 0.78891784, -1.1358764 ],
       [ 0.7403888 , -1.2450178 ],
       [ 0.7767153 , -1.0986522 ],
       [ 0.782437  , -1.1038828 ],
       [ 0.8244446 , -1.2807593 ],
       [ 0.74447316, -1.1724347 ],
       [ 0.7213162 , -1.1846538 ],
       [ 0.8395863 , -1.3466759 ],
       [ 0.7472997 , -1.2132819 ],
       [ 0.6915287 , -1.2335527 ],
       [ 0.8089827 , -1.4041378 ],
       [ 0.8089827 , -1.4041378 ],
       [ 0.8089827 , -1.4041378 ],
       [ 0.8089827 , -1.4041378 ],
       [ 0.8089827 , -1.4041378 ],
       [ 0.8236065 , -1.3432585 ],
       [ 0.79056686, -1.1916655 ],
       [ 0.8316525 , -1.370465  ],
       [ 0.81949705, -1.3224233 ],
       [ 0.77696365, -1.425303  ],
       [ 0.7129419 , -1.2424861 ],
       [ 0.6634863 , -1.2468141 ],
       [ 0.68308413, -1.2205919 ],
       [ 0.68308604, -1.2606069 ],
       [ 0.6711244 , -1.2031173 ],
       [ 0.6455326 , -1.1270896 ],
       [ 0.6635112 , -0.9665856 ],
       [ 0.8186705 , -0.6024073 ],
       [ 1.1430192 ,  0.16021398],
       [ 1.1755842 ,  0.25132117]], dtype=float32), 'ground_truth': array([[ 1.89059006,  0.38435563],
       [ 1.90279411,  0.36933766],
       [ 1.91335655,  0.35408081],
       [ 1.92406937,  0.33802391],
       [ 1.93298074,  0.32186206],
       [ 1.94215626,  0.30489334],
       [ 1.94963975,  0.28786506],
       [ 1.95748403,  0.27001577],
       [ 1.96364584,  0.25217592],
       [ 1.96998724,  0.23361964],
       [ 1.9747739 ,  0.21509339],
       [ 1.97998128,  0.19577172],
       [ 1.98348085,  0.17661072],
       [ 1.98745804,  0.15665761],
       [ 1.9897991 ,  0.13689187],
       [ 1.99264692,  0.11635105],
       [ 1.99385155,  0.09605062],
       [ 1.99561081,  0.07498634],
       [ 1.99575868,  0.05419163],
       [ 1.99649256,  0.03265168],
       [ 1.99566692,  0.01139577],
       [ 1.99543865, -0.01057753],
       [ 1.99368583, -0.0322489 ],
       [ 1.99256431, -0.05462233],
       [ 1.98995161, -0.07667775],
       [ 1.98800171, -0.09942106],
       [ 1.98459159, -0.12183152],
       [ 1.98187348, -0.14491677],
       [ 1.97772384, -0.16765542],
       [ 1.97429331, -0.19105676],
       [ 1.96946789, -0.21410369],
       [ 1.96540232, -0.2378086 ],
       [ 1.95994928, -0.26114138],
       [ 1.95526736, -0.28511315],
       [ 1.94924813, -0.30871786],
       [ 1.94402316, -0.3329488 ],
       [ 1.93749925, -0.35681585],
       [ 1.93176943, -0.38128381],
       [ 1.9248086 , -0.405409  ],
       [ 1.9187224 , -0.43014193],
       [ 1.91150126, -0.4545736 ],
       [ 1.90498474, -0.47949622],
       [ 1.89748032, -0.50418994],
       [ 1.89071576, -0.5293456 ],
       [ 1.88332442, -0.5544168 ],
       [ 1.87642623, -0.57979577],
       [ 1.86932155, -0.60522522],
       [ 1.86250643, -0.63083132],
       [ 1.85544556, -0.65648215],
       [ 1.84878843, -0.68229467],
       [ 1.84066044, -0.70804425],
       [ 1.83215909, -0.73382949],
       [ 1.82374582, -0.75968192],
       [ 1.81537592, -0.78558696],
       [ 1.80698753, -0.81152443],
       [ 1.7985215 , -0.83747113],
       [ 1.78992223, -0.86340116],
       [ 1.78113783, -0.8892861 ],
       [ 1.77212015, -0.91509522],
       [ 1.76282489, -0.94079568],
       [ 1.75321161, -0.96635271],
       [ 1.74324378, -0.99172985],
       [ 1.73288886, -1.01688912],
       [ 1.72211826, -1.04179127],
       [ 1.71090741, -1.066396  ],
       [ 1.69931553, -1.09079584],
       [ 1.68757741, -1.11544823],
       [ 1.6758732 , -1.14069307],
       [ 1.66304648, -1.16459124],
       [ 1.64989231, -1.18842448],
       [ 1.6367451 , -1.21270245],
       [ 1.62236886, -1.23546872],
       [ 1.60774779, -1.25822777],
       [ 1.59284346, -1.28093098],
       [ 1.57712367, -1.30264389],
       [ 1.56171094, -1.32533498],
       [ 1.54604724, -1.34793894],
       [ 1.52924564, -1.36902768],
       [ 1.51237411, -1.39032952],
       [ 1.49521986, -1.41149768],
       [ 1.47774244, -1.4324502 ],
       [ 1.45979516, -1.45291521],
       [ 1.44129226, -1.47267913],
       [ 1.42303699, -1.49327822],
       [ 1.40423636, -1.51317302],
       [ 1.38518065, -1.53291575],
       [ 1.36577707, -1.55231165],
       [ 1.34587831, -1.57102531],
       [ 1.32584344, -1.58977709],
       [ 1.30583976, -1.60897773],
       [ 1.28511913, -1.62692017],
       [ 1.26425637, -1.64486573],
       [ 1.24345772, -1.66336972],
       [ 1.22208071, -1.68082357],
       [ 1.20074372, -1.6987403 ],
       [ 1.17902118, -1.71605626],
       [ 1.15681211, -1.73249617],
       [ 1.13482263, -1.7498375 ],
       [ 1.11220363, -1.76588843],
       [ 1.08946233, -1.78191394],
       [ 1.06659328, -1.79793321],
       [ 1.04347799, -1.81358886],
       [ 1.02001627, -1.82848475],
       [ 0.99643941, -1.84335889],
       [ 0.97265738, -1.85788523],
       [ 0.94861732, -1.87168706],
       [ 0.92440235, -1.88498101],
       [ 0.90004111, -1.89785719],
       [ 0.87553662, -1.91027279],
       [ 0.85089479, -1.92218123],
       [ 0.82612516, -1.93353754],
       [ 0.80124077, -1.94429883],
       [ 0.77625802, -1.95442437],
       [ 0.75119647, -1.96387582],
       [ 0.72607871, -1.9726173 ],
       [ 0.70093014, -1.9806156 ],
       [ 0.6757788 , -1.98784023],
       [ 0.6506552 , -1.99426357],
       [ 0.62559205, -1.99986099],
       [ 0.60062413, -2.00461091]]), 'data_points': 600}, 6: {'r2': -21.9940242767334, 'mse': 1.2408949633210002, 'train_losses': [0.9042620062828064, 0.8625494241714478, 0.8215692043304443, 0.7804051041603088, 0.7388318777084351, 0.6961904168128967, 0.6522145867347717, 0.60673588514328, 0.5599412322044373, 0.5124671459197998, 0.46463602781295776, 0.41722747683525085, 0.3710694909095764, 0.3272189199924469, 0.28698912262916565, 0.25180894136428833, 0.2225300818681717, 0.199297234416008, 0.181767076253891, 0.1685892790555954, 0.15822874009609222, 0.14904595911502838, 0.13966970145702362, 0.12958748638629913, 0.11910802870988846, 0.10939697921276093, 0.10101178288459778, 0.09382030367851257, 0.08763322979211807, 0.08183525502681732], 'test_losses': [0.7698003053665161, 0.7665323615074158, 0.7621221542358398, 0.7568128108978271, 0.7513430714607239, 0.7454714179039001, 0.7397177815437317, 0.7345730066299438, 0.7309227585792542, 0.7294796705245972, 0.7318057417869568, 0.739071786403656, 0.7535485029220581, 0.7764303684234619, 0.8098933100700378, 0.8549648523330688, 0.9138078093528748, 0.9862644076347351, 1.0685229301452637, 1.154714584350586, 1.2369838953018188, 1.3079631328582764, 1.359204649925232, 1.3889724016189575, 1.3952980041503906, 1.383178472518921, 1.3582698106765747, 1.3229267597198486, 1.2828185558319092, 1.2408949136734009], 'predictions': array([[-0.06796501, -0.68890154],
       [-0.12971742, -0.5799117 ],
       [ 0.01273827, -0.5559697 ],
       [-0.25421992, -0.50172436],
       [ 0.1467655 , -0.5806996 ],
       [ 0.03134141, -0.6142646 ],
       [ 0.09524146, -0.6648121 ],
       [ 0.30180255, -0.7364798 ],
       [ 0.26960078, -0.7609393 ],
       [ 0.4233298 , -0.776219  ],
       [ 0.3015889 , -0.77643204],
       [-0.04701128, -0.6269942 ],
       [ 0.301     , -0.70945394],
       [ 0.5370275 , -0.65376973],
       [ 0.31771126, -0.66598785],
       [ 0.4848633 , -0.68970615],
       [ 0.4392354 , -0.71816754],
       [-0.07637755, -0.6089995 ],
       [ 0.42625812, -0.65374136],
       [ 0.25995582, -0.5216024 ],
       [ 0.3955324 , -0.58019805],
       [ 0.39197257, -0.5782519 ],
       [ 0.61999387, -0.5904951 ],
       [ 0.45631197, -0.6344993 ],
       [ 0.4859411 , -0.6381164 ],
       [ 0.6812975 , -0.6369894 ],
       [ 0.6802364 , -0.66646117],
       [ 0.87698364, -0.68785864],
       [ 0.79728085, -0.6781745 ],
       [ 0.8452437 , -0.66864645],
       [ 1.0730188 , -0.7644298 ],
       [ 1.0730188 , -0.7644298 ],
       [ 1.0730188 , -0.7644298 ],
       [ 1.0730188 , -0.7644298 ],
       [ 1.0730188 , -0.7644298 ],
       [ 0.9848843 , -0.66171336],
       [ 0.7700008 , -0.6861819 ],
       [ 0.71381617, -0.5817738 ],
       [ 0.8022047 , -0.502948  ],
       [ 0.29168007, -0.496155  ],
       [ 0.27170795, -0.46533245],
       [-0.2623587 , -0.3515164 ],
       [-0.2074857 , -0.39851663],
       [-0.5638185 , -0.31687853],
       [-0.57806087, -0.30583534],
       [-0.7151159 , -0.335609  ],
       [-0.6235049 , -0.3695519 ],
       [-0.7596818 , -0.37111628],
       [-0.77068967, -0.39654157],
       [-0.91542786, -0.42119405],
       [-0.9922883 , -0.51995766],
       [-1.0763018 , -0.47283491],
       [-1.1826444 , -0.43401974],
       [-1.215901  , -0.45507023],
       [-1.2230697 , -0.47066298],
       [-1.2186397 , -0.49190795],
       [-1.26984   , -0.48778647],
       [-1.3181334 , -0.48504558],
       [-1.2930033 , -0.4935416 ],
       [-1.2525603 , -0.48587826],
       [-1.2131417 , -0.4679714 ],
       [-1.2052001 , -0.4233299 ],
       [-1.2317739 , -0.40102082],
       [-1.1868416 , -0.3615223 ],
       [-1.1346527 , -0.3165748 ],
       [-1.0810676 , -0.29299316],
       [-1.0735817 , -0.29213327],
       [-1.0696168 , -0.29243988],
       [-1.0631    , -0.2976256 ],
       [-1.0931088 , -0.31988648],
       [-1.113654  , -0.3754334 ],
       [-1.2204899 , -0.48070917],
       [-1.3264008 , -0.5911011 ],
       [-1.3841289 , -0.66154766],
       [-1.4450233 , -0.71431094],
       [-1.5378897 , -0.7941507 ],
       [-1.654701  , -0.89448625],
       [-1.7539928 , -0.9758639 ],
       [-1.8098509 , -0.9936793 ],
       [-1.8678604 , -1.0047152 ],
       [-1.9216846 , -1.0157152 ],
       [-2.0139165 , -1.0632578 ],
       [-2.0939107 , -1.11434   ],
       [-2.1497118 , -1.1527774 ],
       [-2.1978765 , -1.1817883 ],
       [-2.228229  , -1.184833  ],
       [-2.2545123 , -1.1752437 ],
       [-2.264703  , -1.1534469 ],
       [-2.2654438 , -1.124747  ],
       [-2.2658887 , -1.1078484 ],
       [-2.267729  , -1.0998648 ],
       [-2.2617977 , -1.0903205 ],
       [-2.2470274 , -1.0724136 ],
       [-2.2300165 , -1.0562321 ],
       [-2.1881843 , -1.0056266 ],
       [-2.1314554 , -0.92940766],
       [-2.0735667 , -0.83975345],
       [-2.0201056 , -0.7715112 ],
       [-1.9524405 , -0.697918  ],
       [-1.888497  , -0.625448  ],
       [-1.8340169 , -0.5426366 ],
       [-1.7599992 , -0.43382597],
       [-1.6664798 , -0.2927865 ],
       [-1.6000211 , -0.16356222],
       [-1.5325166 , -0.0279372 ],
       [-1.4586802 ,  0.08094028],
       [-1.4455972 ,  0.14258625],
       [-1.4253371 ,  0.13664244],
       [-1.1163992 ,  0.31308624],
       [-0.94584054,  0.30002934],
       [-1.1782985 ,  0.3838814 ],
       [-1.2113266 ,  0.34879816],
       [-0.8944721 ,  0.4608789 ],
       [-0.83579427,  0.49158123],
       [-0.7829824 ,  0.5674483 ],
       [-0.92015815,  0.55107147],
       [-0.88797355,  0.42319828],
       [-0.81129885,  0.41182426],
       [-0.43716347,  0.5844111 ],
       [-0.5990765 ,  0.66494775]], dtype=float32), 'ground_truth': array([[-0.8473856 , -0.85276634],
       [-0.82831237, -0.86960006],
       [-0.80934215, -0.88670227],
       [-0.79043298, -0.90404824],
       [-0.77131408, -0.92136774],
       [-0.75240501, -0.93909957],
       [-0.73313967, -0.95661837],
       [-0.71433783, -0.97492709],
       [-0.6958586 , -0.99384334],
       [-0.67707983, -1.01258149],
       [-0.65732984, -1.03044576],
       [-0.63750056, -1.0483772 ],
       [-0.61737461, -1.06608736],
       [-0.59740845, -1.08417155],
       [-0.57794884, -1.10316988],
       [-0.55827092, -1.12203092],
       [-0.53865703, -1.14109895],
       [-0.51858106, -1.15975737],
       [-0.49799597, -1.17799354],
       [-0.47698354, -1.19585389],
       [-0.45580997, -1.21358113],
       [-0.43469689, -1.23147162],
       [-0.41335388, -1.24910461],
       [-0.392011  , -1.26685612],
       [-0.37038989, -1.28422433],
       [-0.34870171, -1.3016278 ],
       [-0.32676484, -1.31866811],
       [-0.30513179, -1.33685674],
       [-0.28462495, -1.35470292],
       [-0.26599389, -1.371408  ],
       [-0.24803122, -1.38753011],
       [-0.23089487, -1.40292659],
       [-0.21437572, -1.41779163],
       [-0.19861338, -1.43196123],
       [-0.18342263, -1.44564861],
       [-0.16892155, -1.45866971],
       [-0.15457003, -1.47095114],
       [-0.14109868, -1.48284284],
       [-0.12798982, -1.49427388],
       [-0.11565917, -1.50525882],
       [-0.10382979, -1.51591445],
       [-0.09251397, -1.52599052],
       [-0.08182224, -1.53526321],
       [-0.07172821, -1.54360996],
       [-0.06235403, -1.55049015],
       [-0.05360246, -1.55594077],
       [-0.04537894, -1.56000166],
       [-0.03759176, -1.56271549],
       [-0.03015222, -1.56412768],
       [-0.02297476, -1.5642863 ],
       [-0.01597716, -1.563242  ],
       [-0.00908065, -1.56104786],
       [-0.00221006, -1.55775931],
       [ 0.00470608, -1.55343394],
       [ 0.01173537, -1.54813139],
       [ 0.0189415 , -1.54191318],
       [ 0.02638407, -1.53484252],
       [ 0.0341186 , -1.52698419],
       [ 0.04219636, -1.51840429],
       [ 0.05066437, -1.5091701 ],
       [ 0.05956532, -1.49934985],
       [ 0.06893754, -1.48901255],
       [ 0.07790323, -1.47908649],
       [ 0.0857263 , -1.47023174],
       [ 0.09240949, -1.46235843],
       [ 0.09795848, -1.45537774],
       [ 0.10238195, -1.44920206],
       [ 0.10569155, -1.44374517],
       [ 0.1079019 , -1.43892235],
       [ 0.10903059, -1.43465056],
       [ 0.10909812, -1.43084856],
       [ 0.10812791, -1.42743709],
       [ 0.10614618, -1.42433897],
       [ 0.10318197, -1.42147928],
       [ 0.099267  , -1.4187855 ],
       [ 0.0944356 , -1.41618761],
       [ 0.08872465, -1.41361826],
       [ 0.08217345, -1.41101289],
       [ 0.07482363, -1.40830984],
       [ 0.06671899, -1.40545046],
       [ 0.0579054 , -1.40237926],
       [ 0.04843068, -1.39904394],
       [ 0.0383444 , -1.39539557],
       [ 0.02769778, -1.39138862],
       [ 0.0165435 , -1.38698106],
       [ 0.00493554, -1.38213441],
       [-0.00707098, -1.37681383],
       [-0.01941999, -1.37098815],
       [-0.03205465, -1.36462991],
       [-0.04491755, -1.35771542],
       [-0.05795085, -1.35022473],
       [-0.07109652, -1.34214168],
       [-0.08429652, -1.33345387],
       [-0.09749298, -1.32415268],
       [-0.11062842, -1.31423322],
       [-0.1236459 , -1.30369427],
       [-0.13648926, -1.29253831],
       [-0.14927509, -1.28080488],
       [-0.16193625, -1.26847447],
       [-0.17504239, -1.25562253],
       [-0.18866723, -1.24227542],
       [-0.20090444, -1.22813444],
       [-0.21221118, -1.21332161],
       [-0.22389856, -1.19805465],
       [-0.23628128, -1.18236166],
       [-0.24795821, -1.16610035],
       [-0.25876646, -1.1492405 ],
       [-0.26885681, -1.1318426 ],
       [-0.27991017, -1.11412927],
       [-0.2910753 , -1.09603656],
       [-0.30133311, -1.07741153],
       [-0.31039717, -1.05820476],
       [-0.31955721, -1.03867113],
       [-0.32842765, -1.01876157],
       [-0.33699665, -0.99849407],
       [-0.34579791, -0.97789478],
       [-0.35356647, -0.95694068],
       [-0.36090006, -0.93569767],
       [-0.36801982, -0.91416675],
       [-0.37489707, -0.89234102]]), 'data_points': 600}, 7: {'r2': -7.440032958984375, 'mse': 1.0083152767165, 'train_losses': [1.8389039039611816, 1.7586653232574463, 1.6852355003356934, 1.616350531578064, 1.5499228239059448, 1.4859579801559448, 1.4234451055526733, 1.361932635307312, 1.301166296005249, 1.2410941123962402, 1.1819247007369995, 1.124045729637146, 1.0677647590637207, 1.0130221843719482, 0.9591857194900513, 0.90550696849823, 0.8513689637184143, 0.7961599826812744, 0.7398285269737244, 0.6828487515449524, 0.626526951789856, 0.5723852515220642, 0.5219227075576782, 0.475960910320282, 0.43525630235671997, 0.4001093804836273, 0.3695817291736603, 0.34261563420295715, 0.31815940141677856, 0.29539719223976135], 'test_losses': [1.9358012676239014, 1.9306460618972778, 1.9297115802764893, 1.932576298713684, 1.9396017789840698, 1.9504112005233765, 1.9646573066711426, 1.9829199314117432, 2.0039472579956055, 2.0270938873291016, 2.0516397953033447, 2.0754787921905518, 2.096787691116333, 2.1110591888427734, 2.114009380340576, 2.100724935531616, 2.0685856342315674, 2.0161983966827393, 1.944189190864563, 1.8552733659744263, 1.7549412250518799, 1.648784875869751, 1.5424797534942627, 1.4387438297271729, 1.3410964012145996, 1.2533527612686157, 1.1757766008377075, 1.1088429689407349, 1.0523115396499634, 1.0083153247833252], 'predictions': array([[ 0.36512554,  1.149279  ],
       [ 0.38791022,  1.2908767 ],
       [ 0.4148037 ,  1.2306645 ],
       [ 0.4070514 ,  1.1888971 ],
       [ 0.3479564 ,  1.2733966 ],
       [ 0.37628365,  1.2228702 ],
       [ 0.36865103,  1.329496  ],
       [ 0.4326056 ,  1.2935324 ],
       [ 0.41043475,  1.2225083 ],
       [ 0.39259177,  1.3623221 ],
       [ 0.39895004,  1.2337245 ],
       [ 0.39161527,  1.3782463 ],
       [ 0.4087835 ,  1.2991247 ],
       [ 0.36587572,  1.2415249 ],
       [ 0.39765486,  1.3977053 ],
       [ 0.4324605 ,  1.2971015 ],
       [ 0.40388212,  1.4114527 ],
       [ 0.4303964 ,  1.3088769 ],
       [ 0.39313903,  1.4100537 ],
       [ 0.41677383,  1.2997582 ],
       [ 0.37504235,  1.4019897 ],
       [ 0.39581394,  1.2824116 ],
       [ 0.37559837,  1.4111447 ],
       [ 0.38615692,  1.2807722 ],
       [ 0.3823715 ,  1.4259516 ],
       [ 0.38605094,  1.2902685 ],
       [ 0.3857532 ,  1.4374408 ],
       [ 0.3064678 ,  1.3408272 ],
       [ 0.3745643 ,  1.5054617 ],
       [ 0.40541324,  1.5199201 ],
       [ 0.38852632,  1.4937602 ],
       [ 0.43334267,  1.516705  ],
       [ 0.37329042,  1.4398322 ],
       [ 0.45331243,  1.4768305 ],
       [ 0.44515592,  1.4663715 ],
       [ 0.42139247,  1.3901938 ],
       [ 0.45152435,  1.4290864 ],
       [ 0.41046667,  1.3113903 ],
       [ 0.460559  ,  1.3840613 ],
       [ 0.4343393 ,  1.2288983 ],
       [ 0.44343263,  1.3035817 ],
       [ 0.43056855,  1.135794  ],
       [ 0.47373784,  1.3046151 ],
       [ 0.4366195 ,  1.1242365 ],
       [ 0.42981523,  1.1871891 ],
       [ 0.43121034,  1.0656871 ],
       [ 0.38122582,  1.06305   ],
       [ 0.4259928 ,  1.038752  ],
       [ 0.48409253,  1.2072976 ],
       [ 0.47147024,  1.1434427 ],
       [ 0.4118933 ,  1.0255333 ],
       [ 0.4626032 ,  1.1018039 ],
       [ 0.39791772,  0.9148807 ],
       [ 0.34482273,  0.8846701 ],
       [ 0.37825647,  0.9062999 ],
       [ 0.35519654,  0.926503  ],
       [ 0.39600056,  0.96913445],
       [ 0.36622545,  0.97571003],
       [ 0.4221218 ,  1.0555681 ],
       [ 0.4143122 ,  1.09372   ],
       [ 0.46347326,  1.1900963 ],
       [ 0.44199848,  1.2573061 ],
       [ 0.44479287,  1.1624582 ],
       [ 0.46543643,  1.2667087 ],
       [ 0.39714372,  1.1770562 ],
       [ 0.43103242,  1.2590551 ],
       [ 0.42430842,  1.2621896 ],
       [ 0.4192684 ,  1.2717516 ],
       [ 0.4259688 ,  1.3004473 ],
       [ 0.4145426 ,  1.2968038 ],
       [ 0.44537088,  1.3421042 ],
       [ 0.43439794,  1.4430295 ],
       [ 0.46134752,  1.3445398 ],
       [ 0.34618658,  1.1812276 ],
       [ 0.4160094 ,  1.2793486 ],
       [ 0.36900276,  1.2156894 ],
       [ 0.38601303,  1.2145613 ],
       [ 0.4160095 ,  1.2546082 ],
       [ 0.35334283,  1.1558526 ],
       [ 0.3383895 ,  1.1252264 ],
       [ 0.3193768 ,  1.2570043 ],
       [ 0.25359377,  1.2476704 ],
       [ 0.18540531,  1.0519931 ],
       [ 0.2628562 ,  1.295888  ],
       [ 0.02174587,  0.9181812 ],
       [-0.11329444,  0.90389705],
       [-0.19012588,  0.9720458 ],
       [-0.13204846,  0.8927005 ],
       [-0.20517083,  0.82773554],
       [-0.2778219 ,  0.6919511 ],
       [-0.3240839 ,  0.6082224 ],
       [-0.394183  ,  0.54311013],
       [-0.49753666,  0.39010376],
       [-0.5990621 ,  0.2143327 ],
       [-0.70362955,  0.03574662],
       [-0.7701176 , -0.05177563],
       [-0.83291215, -0.11041114],
       [-0.92007804, -0.1888476 ],
       [-1.0233799 , -0.27062064],
       [-1.1335863 , -0.43030488],
       [-1.1082753 , -0.37318704],
       [-1.2455034 , -0.51350933],
       [-1.1896716 , -0.45347497],
       [-1.3424213 , -0.61484015],
       [-1.2812737 , -0.5462241 ],
       [-1.305464  , -0.5667588 ],
       [-1.3536152 , -0.6109014 ],
       [-1.4028434 , -0.57111305],
       [-1.4817207 , -0.85217494],
       [-1.3736943 , -0.6603109 ],
       [-1.4999106 , -0.88502026],
       [-1.3902493 , -0.69342566],
       [-1.5522119 , -0.9375169 ],
       [-1.5462025 , -0.8370691 ],
       [-1.5335264 , -0.9698642 ],
       [-1.5001044 , -0.7892661 ],
       [-1.5329927 , -0.98422664],
       [-1.3979162 , -0.7504503 ],
       [-1.4111909 , -0.7639651 ],
       [-1.4938493 , -0.86349165]], dtype=float32), 'ground_truth': array([[1.18664038, 1.42554045],
       [1.19128875, 1.43483767],
       [1.19526949, 1.44491771],
       [1.20057473, 1.45476146],
       [1.20698975, 1.46456076],
       [1.21285953, 1.47582427],
       [1.21999885, 1.48682559],
       [1.22680714, 1.49902068],
       [1.23503237, 1.51072959],
       [1.24372353, 1.52284005],
       [1.25188519, 1.53620719],
       [1.26151512, 1.54897371],
       [1.27068496, 1.56289182],
       [1.28115046, 1.57630568],
       [1.29113065, 1.59084179],
       [1.30236525, 1.60486011],
       [1.31308485, 1.61997827],
       [1.32503093, 1.63455691],
       [1.33643494, 1.65021422],
       [1.34903961, 1.66531189],
       [1.36107712, 1.68146863],
       [1.3742914 , 1.69704707],
       [1.38691532, 1.71366643],
       [1.39981605, 1.72879586],
       [1.41060797, 1.74331564],
       [1.41987153, 1.75685076],
       [1.42812962, 1.7689992 ],
       [1.43515476, 1.78010573],
       [1.4411086 , 1.79007297],
       [1.44636323, 1.79838982],
       [1.4500936 , 1.80638555],
       [1.45313024, 1.81283729],
       [1.45473625, 1.81908698],
       [1.45578733, 1.82365384],
       [1.45535654, 1.82836249],
       [1.45444505, 1.83138521],
       [1.45208142, 1.83473245],
       [1.4493483 , 1.8363303 ],
       [1.44518913, 1.83840643],
       [1.4406648 , 1.83890512],
       [1.43481927, 1.83985138],
       [1.42869616, 1.83921379],
       [1.42128827, 1.83910705],
       [1.41365238, 1.83749035],
       [1.40485394, 1.83629507],
       [1.395426  , 1.83454879],
       [1.38546828, 1.83210358],
       [1.37454627, 1.82994488],
       [1.36350472, 1.82631712],
       [1.35166227, 1.82277014],
       [1.33959462, 1.81816584],
       [1.32674687, 1.81369666],
       [1.31368773, 1.80834788],
       [1.29988992, 1.80309553],
       [1.2859649 , 1.79698251],
       [1.27142141, 1.79081037],
       [1.25675997, 1.78390314],
       [1.24092483, 1.77764688],
       [1.22550908, 1.77001289],
       [1.20977607, 1.76201106],
       [1.1936558 , 1.75373603],
       [1.17756615, 1.74474927],
       [1.1611296 , 1.73549252],
       [1.14458719, 1.72573578],
       [1.12792067, 1.71552361],
       [1.11112931, 1.70487574],
       [1.09430477, 1.69373627],
       [1.07643655, 1.6828892 ],
       [1.05946558, 1.67083999],
       [1.04180911, 1.65884618],
       [1.02490444, 1.64581461],
       [1.00776844, 1.6325314 ],
       [0.99097981, 1.61860715],
       [0.974013  , 1.60441561],
       [0.95712922, 1.58979511],
       [0.9406833 , 1.57458213],
       [0.92346975, 1.55938489],
       [0.90571279, 1.5440988 ],
       [0.88868943, 1.52953414],
       [0.87205149, 1.51559018],
       [0.85665178, 1.50099567],
       [0.84188574, 1.48601822],
       [0.82600342, 1.47134352],
       [0.81030051, 1.45615973],
       [0.79410344, 1.44096226],
       [0.77771355, 1.42560174],
       [0.76123048, 1.41002906],
       [0.74461692, 1.39429182],
       [0.72783437, 1.37844256],
       [0.71084841, 1.36253458],
       [0.69362888, 1.34662156],
       [0.6761499 , 1.33075739],
       [0.65839441, 1.31498604],
       [0.64041352, 1.29918303],
       [0.6221575 , 1.28341585],
       [0.60384439, 1.26700197],
       [0.58489581, 1.25158153],
       [0.56581865, 1.23570889],
       [0.5461579 , 1.22081587],
       [0.52643439, 1.20524126],
       [0.50621177, 1.19046768],
       [0.48566991, 1.17593365],
       [0.46486693, 1.16145318],
       [0.44368229, 1.14751115],
       [0.42246853, 1.13279602],
       [0.40069412, 1.11933469],
       [0.37893206, 1.10508576],
       [0.35662802, 1.09201052],
       [0.33436444, 1.07817557],
       [0.31168152, 1.06511088],
       [0.28903566, 1.05146061],
       [0.26583202, 1.0389137 ],
       [0.24278065, 1.02556034],
       [0.21925546, 1.01304698],
       [0.19557193, 1.00057439],
       [0.17166873, 0.98831399],
       [0.14798758, 0.97516453],
       [0.12398218, 0.96252738],
       [0.1001044 , 0.94937862],
       [0.07575605, 0.93698599]]), 'data_points': 600}, 8: {'r2': -12.828865051269531, 'mse': 0.5698172158679321, 'train_losses': [0.6954306960105896, 0.6458674669265747, 0.5990199446678162, 0.5547338128089905, 0.5120753645896912, 0.4705846607685089, 0.43073320388793945, 0.3929857909679413, 0.35771507024765015, 0.3251064121723175, 0.2951734960079193, 0.2674480378627777, 0.24116598069667816, 0.21570949256420135, 0.19117680191993713, 0.168014794588089, 0.14735104143619537, 0.1302139014005661, 0.11684293299913406, 0.10687176138162613, 0.09949878603219986, 0.0933222770690918, 0.08746620267629623, 0.08168940246105194, 0.07629024237394333, 0.07146646082401276, 0.0669596940279007, 0.06242658570408821, 0.057698268443346024, 0.052796538919210434], 'test_losses': [0.7338675856590271, 0.6885814070701599, 0.646324872970581, 0.6058920621871948, 0.567194402217865, 0.5303362011909485, 0.4963887929916382, 0.4663279354572296, 0.4420660138130188, 0.42495837807655334, 0.4161873459815979, 0.4162341356277466, 0.42373940348625183, 0.4388999342918396, 0.4600311815738678, 0.48622754216194153, 0.5160189867019653, 0.547898530960083, 0.579508900642395, 0.6084582209587097, 0.6321437358856201, 0.6468294858932495, 0.6522579193115234, 0.648736298084259, 0.6382855176925659, 0.6239265203475952, 0.6081157922744751, 0.5931122899055481, 0.5802691578865051, 0.5698172450065613], 'predictions': array([[-0.03035922, -0.47777095],
       [-0.15032788, -0.5200038 ],
       [-0.10766545, -0.49804357],
       [-0.0032187 , -0.55944246],
       [-0.14869724, -0.58520603],
       [-0.11274824, -0.5362825 ],
       [-0.05382691, -0.5770893 ],
       [-0.20445311, -0.5868914 ],
       [-0.14947817, -0.55144393],
       [-0.17220147, -0.5686021 ],
       [-0.1646484 , -0.58590126],
       [-0.21314508, -0.59002805],
       [-0.12177534, -0.65023655],
       [-0.26065895, -0.6550727 ],
       [-0.20799398, -0.6144516 ],
       [-0.20271103, -0.73169225],
       [-0.23351753, -0.60397005],
       [-0.2266596 , -0.6319941 ],
       [-0.23955579, -0.6535706 ],
       [-0.23399617, -0.7069455 ],
       [-0.2452383 , -0.719985  ],
       [-0.2452383 , -0.719985  ],
       [-0.2452383 , -0.719985  ],
       [-0.2452383 , -0.719985  ],
       [-0.2452383 , -0.719985  ],
       [-0.26680672, -0.62828517],
       [-0.19921209, -0.7597186 ],
       [-0.3056231 , -0.7639901 ],
       [-0.2889478 , -0.65780956],
       [-0.2247242 , -0.817318  ],
       [-0.32441196, -0.83793736],
       [-0.29894376, -0.8369994 ],
       [-0.3503793 , -0.7831524 ],
       [-0.272882  , -0.8862349 ],
       [-0.36175337, -0.85216314],
       [-0.32878786, -0.8069085 ],
       [-0.30291918, -1.1599401 ],
       [-0.3444589 , -1.2500345 ],
       [-0.31676757, -1.4047791 ],
       [-0.45433447, -0.8249118 ],
       [-0.318424  , -0.47507223],
       [-0.3050717 , -0.32975054],
       [-0.28189972, -0.28507292],
       [-0.25220463, -0.2639581 ],
       [-0.2082286 , -0.25150687],
       [-0.1709023 , -0.25526428],
       [-0.13998905, -0.2652443 ],
       [-0.13738696, -0.28046274],
       [-0.14897586, -0.29800242],
       [-0.15961291, -0.30939418],
       [-0.18129772, -0.30102608],
       [-0.22597004, -0.2918488 ],
       [-0.28596005, -0.28943548],
       [-0.36320567, -0.28313428],
       [-0.43001378, -0.2619375 ],
       [-0.45472252, -0.1994687 ],
       [-0.4855498 , -0.13520838],
       [-0.50793344, -0.10255052],
       [-0.5091884 , -0.10932361],
       [-0.4711964 , -0.17770226],
       [-0.396117  , -0.2583254 ],
       [-0.29264536, -0.37249053],
       [-0.23204993, -0.5156728 ],
       [-0.18936409, -0.6637983 ],
       [-0.1525591 , -0.8102871 ],
       [-0.10455981, -0.86835593],
       [-0.08868891, -0.78368264],
       [-0.09729407, -0.68513846],
       [-0.13130485, -0.67194855],
       [-0.18706876, -0.4917552 ],
       [-0.23146573, -0.2962552 ],
       [-0.15639432, -0.26080132],
       [-0.07469802, -0.29856724],
       [-0.27008432,  0.04511492],
       [-0.0548187 ,  0.08325336],
       [-0.25531307, -0.04224326],
       [-0.07849244,  0.11678038],
       [-0.26218054, -0.03958391],
       [-0.10683794,  0.14271581],
       [-0.2675615 , -0.02605434],
       [-0.13019559,  0.16810928],
       [-0.27563268, -0.00669426],
       [-0.14419799,  0.19384652],
       [-0.28698015,  0.01863178],
       [-0.15851873,  0.22096848],
       [-0.2968355 ,  0.05000668],
       [-0.17134622,  0.24952905],
       [-0.3028356 ,  0.08795255],
       [-0.16980253,  0.22165038],
       [-0.3047788 ,  0.13422765],
       [-0.20160642,  0.327202  ],
       [-0.3063236 ,  0.1928426 ],
       [-0.2116121 ,  0.37098718],
       [-0.30641937,  0.26047358],
       [-0.24523522,  0.40129274],
       [-0.19464783,  0.22478114],
       [-0.27930737,  0.3616091 ],
       [-0.239156  ,  0.41458532],
       [-0.25408417,  0.38827324],
       [-0.22444658,  0.3679647 ],
       [-0.17735265,  0.3299998 ],
       [-0.14153674,  0.21716686],
       [-0.35270482,  0.07377702],
       [-0.40535092, -0.08303919],
       [-0.5601049 , -0.09516331],
       [-0.6184267 , -0.3469911 ],
       [-0.88011897, -0.30271193],
       [-0.7737799 , -0.42535904],
       [-0.9769343 , -0.2687447 ],
       [-0.90649474, -0.1437089 ],
       [-0.97840536, -0.30278707],
       [-0.8327407 , -0.46802783],
       [-0.96738374, -0.35471427],
       [-0.77263254, -0.5797228 ],
       [-0.9506068 , -0.40630633],
       [-0.8909748 , -0.31028712],
       [-0.935637  , -0.37882447],
       [-0.79425377, -0.6497381 ],
       [-0.93054056, -0.45141461],
       [-0.84508413, -0.31021065]], dtype=float32), 'ground_truth': array([[-0.71271542, -0.19783786],
       [-0.7280181 , -0.21785742],
       [-0.74381186, -0.23750069],
       [-0.75969983, -0.2576084 ],
       [-0.77649523, -0.27639567],
       [-0.79316284, -0.29608599],
       [-0.81060166, -0.31469777],
       [-0.82825407, -0.33341563],
       [-0.84616722, -0.35211368],
       [-0.86470375, -0.37000693],
       [-0.88344729, -0.38795405],
       [-0.90266278, -0.40535664],
       [-0.92189125, -0.42323192],
       [-0.94126908, -0.4412144 ],
       [-0.96149564, -0.45782251],
       [-0.9814636 , -0.47539002],
       [-1.00193033, -0.49228645],
       [-1.02299698, -0.50828175],
       [-1.04372488, -0.52538845],
       [-1.06481303, -0.54205503],
       [-1.08581437, -0.55916545],
       [-1.10761077, -0.57504375],
       [-1.12908023, -0.59177421],
       [-1.15108029, -0.60778672],
       [-1.17355001, -0.62318018],
       [-1.19523933, -0.639537  ],
       [-1.21550557, -0.65547256],
       [-1.23399059, -0.67017193],
       [-1.25081143, -0.68360604],
       [-1.26607566, -0.69576521],
       [-1.27988979, -0.70664344],
       [-1.29235948, -0.71623796],
       [-1.30358945, -0.72454921],
       [-1.31368328, -0.73158096],
       [-1.32274326, -0.73734032],
       [-1.33087022, -0.74183779],
       [-1.33816335, -0.74508726],
       [-1.34472   , -0.74710601],
       [-1.35063556, -0.74791473],
       [-1.35600322, -0.74753743],
       [-1.36091385, -0.74600141],
       [-1.36545578, -0.74333725],
       [-1.36971467, -0.73957865],
       [-1.37377331, -0.73476238],
       [-1.37771151, -0.72892821],
       [-1.38160589, -0.72211873],
       [-1.38552978, -0.71437925],
       [-1.38955307, -0.70575768],
       [-1.39374207, -0.69630434],
       [-1.39815941, -0.68607182],
       [-1.40286391, -0.67511483],
       [-1.40791052, -0.66348997],
       [-1.41335019, -0.65125562],
       [-1.4192298 , -0.63847167],
       [-1.42559211, -0.62519937],
       [-1.43247573, -0.61150111],
       [-1.43991501, -0.59744023],
       [-1.44702025, -0.58393085],
       [-1.45310196, -0.57169354],
       [-1.45835796, -0.56093964],
       [-1.46281557, -0.55168411],
       [-1.46577727, -0.54283694],
       [-1.46844884, -0.53608372],
       [-1.46942266, -0.52923781],
       [-1.47006727, -0.52424475],
       [-1.46910017, -0.51910812],
       [-1.46787806, -0.51576051],
       [-1.4651146 , -0.51220779],
       [-1.46216441, -0.51038439],
       [-1.45773801, -0.50829887],
       [-1.4531881 , -0.50788735],
       [-1.44722227, -0.5071609 ],
       [-1.44119144, -0.50805722],
       [-1.43380052, -0.50858968],
       [-1.42639877, -0.51069746],
       [-1.4176886 , -0.51239607],
       [-1.40901773, -0.51562604],
       [-1.39908629, -0.51840484],
       [-1.38922147, -0.52264654],
       [-1.37814083, -0.52639544],
       [-1.367148  , -0.5315443 ],
       [-1.35499731, -0.53617552],
       [-1.34287349, -0.54203676],
       [-1.32989609, -0.54773145],
       [-1.31620068, -0.55337364],
       [-1.30254296, -0.56021074],
       [-1.28838374, -0.56729138],
       [-1.27394452, -0.57495428],
       [-1.25906516, -0.58287463],
       [-1.24371016, -0.59096527],
       [-1.22748166, -0.59854665],
       [-1.21096446, -0.60648848],
       [-1.19393629, -0.61432803],
       [-1.17680753, -0.62287517],
       [-1.15910277, -0.63106169],
       [-1.14128044, -0.6399819 ],
       [-1.12288237, -0.64838652],
       [-1.1043748 , -0.65762705],
       [-1.08524052, -0.6660106 ],
       [-1.06588655, -0.67484899],
       [-1.04606488, -0.68311737],
       [-1.02604903, -0.69204968],
       [-1.005562  , -0.7001543 ],
       [-0.98485945, -0.70890733],
       [-0.96372126, -0.71669927],
       [-0.94233268, -0.72490632],
       [-0.9205855 , -0.73226029],
       [-0.89859332, -0.74041536],
       [-0.87626572, -0.74736177],
       [-0.85367415, -0.75476211],
       [-0.83081347, -0.76115281],
       [-0.80766557, -0.76837426],
       [-0.78429456, -0.77428389],
       [-0.76063409, -0.7809049 ],
       [-0.73679203, -0.78624508],
       [-0.71265646, -0.79230092],
       [-0.68838424, -0.79702274],
       [-0.66381671, -0.80243678],
       [-0.63914855, -0.80658913],
       [-0.61418252, -0.81139536]]), 'data_points': 600}, 9: {'r2': -3.1580920219421387, 'mse': 0.9813545225435505, 'train_losses': [0.6573113799095154, 0.6017356514930725, 0.5498031973838806, 0.5017350912094116, 0.45770418643951416, 0.4176064133644104, 0.3815617561340332, 0.3499292731285095, 0.3225994408130646, 0.29883497953414917, 0.2773556411266327, 0.2564854025840759, 0.2352026104927063, 0.2129233479499817, 0.19031192362308502, 0.16852019727230072, 0.14896336197853088, 0.13257338106632233, 0.11996918171644211, 0.11112318187952042, 0.1053018569946289, 0.10140417516231537, 0.0984535664319992, 0.09538505971431732, 0.0916176289319992, 0.08688560873270035, 0.08132579922676086, 0.07539555430412292, 0.06970535218715668, 0.06463167816400528], 'test_losses': [1.8204900026321411, 1.7141811847686768, 1.6083252429962158, 1.5029066801071167, 1.398093819618225, 1.2943122386932373, 1.1933077573776245, 1.098501205444336, 1.0130890607833862, 0.9413042068481445, 0.8850242495536804, 0.8461904525756836, 0.8239210844039917, 0.8169967532157898, 0.8234870433807373, 0.8411481380462646, 0.8683000206947327, 0.9017801880836487, 0.9396366477012634, 0.9776261448860168, 1.0125523805618286, 1.0428545475006104, 1.0645686388015747, 1.0769742727279663, 1.0776242017745972, 1.0687309503555298, 1.052369236946106, 1.0297549962997437, 1.0057528018951416, 0.9813545346260071], 'predictions': array([[ 0.59036803, -0.09388434],
       [ 0.7721246 ,  0.10712598],
       [ 0.65419436, -0.01251171],
       [ 0.7218239 ,  0.00636903],
       [ 0.6209501 , -0.07876286],
       [ 0.71448344,  0.02193814],
       [ 0.66465014,  0.08568937],
       [ 0.7947563 ,  0.14780895],
       [ 0.6672082 , -0.03875024],
       [ 0.7994978 , -0.0191735 ],
       [ 0.66223985, -0.18551601],
       [ 0.79186076, -0.16528879],
       [ 0.6616198 , -0.32251954],
       [ 0.5267546 , -0.24433485],
       [ 0.5602581 , -0.18556498],
       [ 0.6652123 , -0.16804309],
       [ 0.70046574, -0.08420181],
       [ 0.68524694, -0.11152765],
       [ 0.70287794, -0.10721975],
       [ 0.65524274, -0.1496469 ],
       [ 0.7506018 , -0.01588214],
       [ 0.58899033, -0.09259536],
       [ 0.4354808 ,  0.06714637],
       [ 0.6516106 ,  0.1409083 ],
       [ 0.4568198 ,  0.18729909],
       [ 0.4568198 ,  0.18729909],
       [ 0.4568198 ,  0.18729909],
       [ 0.4568198 ,  0.18729909],
       [ 0.4568198 ,  0.18729909],
       [ 0.37675348,  0.36391288],
       [ 0.3571343 ,  0.5448663 ],
       [ 0.360405  ,  0.69840616],
       [ 0.3044869 ,  0.83962417],
       [ 0.27938792,  0.9906262 ],
       [ 0.25561282,  1.1294318 ],
       [ 0.21418093,  1.2459738 ],
       [ 0.18574384,  1.3665216 ],
       [ 0.14811997,  1.4706695 ],
       [ 0.11043113,  1.5079252 ],
       [ 0.07478705,  1.5321093 ],
       [ 0.04431468,  1.5508847 ],
       [ 0.01343341,  1.5655649 ],
       [-0.00789515,  1.570292  ],
       [-0.04693489,  1.5978835 ],
       [-0.05157752,  1.5862958 ],
       [-0.07982834,  1.5637153 ],
       [-0.10936158,  1.5266776 ],
       [-0.07748055,  1.4725899 ],
       [-0.1372175 ,  1.4341266 ],
       [-0.12912886,  1.4563549 ],
       [-0.10278211,  1.3798494 ],
       [ 0.017009  ,  1.3434193 ],
       [-0.1363638 ,  1.3249242 ],
       [ 0.13514467,  1.227358  ],
       [-0.12966423,  1.2853624 ],
       [-0.1403269 ,  1.3961909 ],
       [-0.20383956,  1.2535608 ],
       [ 0.03611765,  1.1825311 ],
       [-0.12757693,  1.1881062 ],
       [-0.080138  ,  1.3142725 ],
       [-0.1652223 ,  1.3075675 ],
       [-0.15504092,  1.197391  ],
       [-0.10447562,  1.2855988 ],
       [ 0.08586381,  1.126702  ],
       [-0.10419821,  1.1529186 ],
       [ 0.16689214,  1.0396302 ],
       [-0.09887896,  1.128069  ],
       [-0.13668749,  1.198711  ],
       [ 0.05239223,  1.0658886 ],
       [-0.09342651,  1.0962456 ],
       [-0.05985788,  1.2044477 ],
       [-0.14881593,  1.198732  ],
       [-0.0797405 ,  1.1061275 ],
       [-0.16040298,  1.1645461 ],
       [-0.12668057,  1.1027437 ],
       [-0.14022896,  1.1651821 ],
       [ 0.04783186,  1.1168938 ],
       [-0.09835502,  1.0931813 ],
       [-0.13746427,  1.1641794 ],
       [ 0.09985544,  1.0536127 ],
       [-0.09893627,  1.0955235 ],
       [ 0.17342183,  0.98063034],
       [-0.09784882,  1.0989527 ],
       [-0.1434805 ,  1.1655409 ],
       [-0.15563546,  1.1697775 ],
       [-0.09549811,  1.1079671 ],
       [-0.13777232,  1.1632708 ],
       [-0.14684741,  1.1520507 ],
       [-0.12480181,  1.1199449 ],
       [-0.15125349,  1.1506649 ],
       [-0.13920467,  1.1402386 ],
       [-0.13537478,  1.1634488 ],
       [-0.13172898,  1.1638794 ],
       [ 0.01354889,  1.0613962 ],
       [-0.10655259,  1.1113414 ],
       [ 0.17082785,  1.0079134 ],
       [-0.10568775,  1.129436  ],
       [-0.15109299,  1.194783  ],
       [ 0.12936197,  1.05763   ],
       [-0.11288694,  1.1611568 ],
       [ 0.13969359,  1.0876808 ],
       [-0.11731407,  1.1907203 ],
       [ 0.16031633,  1.0809473 ],
       [-0.12366551,  1.2245094 ],
       [-0.13947828,  1.3012931 ],
       [ 0.15152884,  1.1175866 ],
       [-0.13318408,  1.268834  ],
       [-0.01677472,  1.272711  ],
       [-0.12378538,  1.344208  ],
       [-0.19167021,  1.3914453 ],
       [ 0.08195134,  1.2680272 ],
       [-0.1500236 ,  1.3879042 ],
       [ 0.07363718,  1.3132759 ],
       [-0.17673811,  1.4121927 ],
       [ 0.06818622,  1.3576115 ],
       [-0.09588905,  1.4900736 ],
       [-0.06042456,  1.5259242 ],
       [-0.19981174,  1.5081916 ],
       [-0.08340879,  1.6218479 ],
       [-0.19684874,  1.5312614 ]], dtype=float32), 'ground_truth': array([[1.6504044 , 0.46302355],
       [1.6669302 , 0.4848231 ],
       [1.682737  , 0.5069325 ],
       [1.69880965, 0.52919754],
       [1.71385007, 0.55179535],
       [1.72910035, 0.57459267],
       [1.74316328, 0.59768752],
       [1.7573276 , 0.62100548],
       [1.77036361, 0.64456102],
       [1.78347212, 0.66835791],
       [1.79666889, 0.69241474],
       [1.80817299, 0.71664053],
       [1.81906613, 0.74103775],
       [1.8293355 , 0.7655839 ],
       [1.83946879, 0.79036164],
       [1.8485666 , 0.81519712],
       [1.85790064, 0.84038264],
       [1.86589839, 0.8655154 ],
       [1.87365018, 0.89087584],
       [1.88119391, 0.91649408],
       [1.8873007 , 0.94194225],
       [1.89264239, 0.96739395],
       [1.89728562, 0.99284538],
       [1.90130628, 1.01831654],
       [1.90457952, 1.04372484],
       [1.90717793, 1.06909605],
       [1.90901214, 1.09435285],
       [1.91007679, 1.11946562],
       [1.91038043, 1.14441915],
       [1.9098827 , 1.16914893],
       [1.90858425, 1.19362432],
       [1.90648417, 1.21781297],
       [1.90357841, 1.24167647],
       [1.89986651, 1.26517845],
       [1.89536103, 1.28830797],
       [1.89004514, 1.31098774],
       [1.88394265, 1.33322972],
       [1.87702882, 1.3548883 ],
       [1.8693456 , 1.37602094],
       [1.86092085, 1.39672589],
       [1.85171771, 1.41661902],
       [1.84180973, 1.43631248],
       [1.8311602 , 1.45500778],
       [1.81980734, 1.47345672],
       [1.80778762, 1.49071643],
       [1.7950357 , 1.50835938],
       [1.78170721, 1.52432201],
       [1.76766379, 1.54066525],
       [1.75311128, 1.55535155],
       [1.73798061, 1.56950854],
       [1.72238624, 1.58252349],
       [1.70602937, 1.59629467],
       [1.68921107, 1.60920146],
       [1.67206673, 1.62038106],
       [1.6542922 , 1.63199192],
       [1.63611531, 1.64271648],
       [1.61764909, 1.65200379],
       [1.59859124, 1.66175037],
       [1.57932142, 1.66999165],
       [1.55946897, 1.67868703],
       [1.53936956, 1.68629359],
       [1.51908204, 1.69273642],
       [1.49813487, 1.69999403],
       [1.47689621, 1.70668697],
       [1.4556258 , 1.7117082 ],
       [1.43387901, 1.71703549],
       [1.41209911, 1.72099866],
       [1.38972595, 1.72566073],
       [1.3671627 , 1.72966089],
       [1.34462623, 1.73229559],
       [1.32154735, 1.73553582],
       [1.2983159 , 1.73813781],
       [1.27514773, 1.73945449],
       [1.25144207, 1.74141401],
       [1.2278802 , 1.74199062],
       [1.20380327, 1.7431391 ],
       [1.17967093, 1.74357824],
       [1.15569513, 1.74277203],
       [1.13111447, 1.74280026],
       [1.10647665, 1.74224571],
       [1.08205271, 1.74040584],
       [1.05719579, 1.73900577],
       [1.0325246 , 1.73652701],
       [1.00740776, 1.73448507],
       [0.9819978 , 1.73256914],
       [0.95695099, 1.72919338],
       [0.93201885, 1.72507435],
       [0.90651507, 1.72170757],
       [0.88136309, 1.71713286],
       [0.85569727, 1.71313774],
       [0.83012287, 1.70851959],
       [0.8048721 , 1.70285491],
       [0.77909879, 1.69777997],
       [0.7537654 , 1.69152137],
       [0.72790531, 1.68582627],
       [0.70254261, 1.67892036],
       [0.67670968, 1.67246441],
       [0.650788  , 1.66583294],
       [0.62541793, 1.65795286],
       [0.59989879, 1.65003935],
       [0.57469116, 1.64139671],
       [0.54888001, 1.63333808],
       [0.52323569, 1.62476678],
       [0.49812421, 1.6151994 ],
       [0.47262993, 1.60589478],
       [0.44766958, 1.59567457],
       [0.42234419, 1.58565938],
       [0.39753601, 1.5748161 ],
       [0.3725463 , 1.56394742],
       [0.34752731, 1.55287085],
       [0.32208573, 1.5420162 ],
       [0.29766127, 1.52984377],
       [0.27320309, 1.51751235],
       [0.24924549, 1.50449652],
       [0.22528595, 1.49131332],
       [0.20137111, 1.47789829],
       [0.17793562, 1.46390657],
       [0.15356553, 1.45041569],
       [0.1303168 , 1.43585483],
       [0.10770808, 1.42065365]]), 'data_points': 600}}, 'improvement': 0.16656514374139586}","{'distance_encoding': {'red': 0.369234564881464, 'magenta': 0.40323943650716154, 'yellow': 0.5085902710725954, 'orange': 0.4082230346808736}, 'direction_encoding': {'red': 0.29662047333377034, 'magenta': 0.26862189796693386, 'yellow': 0.3398219034790638, 'orange': 0.4078623413214336}}","{'dim_0': {'mse': 0.24073946475982666, 'r2': 0.6257895231246948}, 'dim_1': {'mse': 0.486100971698761, 'r2': 0.09840142726898193}}"
policy_encoder,"{'ridge': {'mse': 1.5779920664914457, 'r2': -0.7658459232924697, 'feature_importance': array([0.4218613 , 0.56346655, 0.23891637, 0.18589684, 0.03678708,
       0.13144575, 0.22871062, 0.30636477, 0.3740127 , 0.22609523,
       0.26892212, 0.28757757, 0.32048777, 0.22571808, 0.37432355,
       0.5756675 , 0.626691  , 0.2128923 , 0.5849153 , 0.7225981 ,
       0.21907288, 0.12118288, 0.27255186, 0.07344215, 0.27593565,
       0.31686687, 0.14761312, 0.19321625, 0.20220062, 0.30327964,
       0.20636165, 0.15968569, 0.29222614, 0.4575339 , 0.2175638 ,
       0.16819069, 0.18398865, 0.2804517 , 0.3918482 , 0.53107053,
       0.36596292, 0.23323222, 0.1845498 , 0.46326423, 0.4722333 ,
       0.6102266 , 0.17566991, 0.25546095, 0.44678774, 0.39003968,
       0.4894205 , 0.42849612, 0.15307093, 0.5505087 , 0.10670286,
       0.49642277, 0.49595484, 0.2923188 , 0.17520936, 0.45729512,
       0.2829778 , 0.46494877, 0.4777789 , 0.15796046], dtype=float32), 'predictions': array([[ 0.20204738, -0.7542567 ],
       [-0.19321695, -0.49784756],
       [-0.01483951, -0.24374197],
       ...,
       [ 0.21888247,  0.3539222 ],
       [-0.36747915, -0.66966915],
       [-0.01504806, -0.01915181]], dtype=float32), 'ground_truth': array([[1.55452137, 0.3455631 ],
       [1.55354098, 0.34590096],
       [1.55147919, 0.34576434],
       ...,
       [0.15356553, 1.45041569],
       [0.1303168 , 1.43585483],
       [0.10770808, 1.42065365]])}, 'mlp': {'mse': 1.463458011504886, 'r2': -0.6235649585723877, 'predictions': array([[ 0.36685705, -0.5191759 ],
       [ 0.38213813, -0.33829093],
       [-0.63127184, -0.06965671],
       ...,
       [ 0.17217977, -0.37918958],
       [-0.8293592 , -0.3813754 ],
       [ 0.20010985, -0.33201295]], dtype=float32), 'train_losses': [1.3193674087524414, 1.3079911470413208, 1.310921311378479, 1.3102384805679321, 1.3025126457214355, 1.2920082807540894, 1.282510757446289, 1.27572500705719, 1.2713156938552856, 1.2676728963851929, 1.2633988857269287, 1.2573612928390503, 1.2497888803482056, 1.242064118385315, 1.2353498935699463, 1.2297537326812744, 1.224381923675537, 1.2176172733306885, 1.2091532945632935, 1.1999951601028442, 1.1914669275283813, 1.183716058731079, 1.175353765487671, 1.1658103466033936, 1.1565182209014893, 1.1483323574066162, 1.1391942501068115, 1.128720760345459, 1.118756651878357, 1.1093946695327759, 1.0992841720581055, 1.0889943838119507, 1.0791497230529785, 1.0692496299743652, 1.0587140321731567, 1.048483967781067, 1.0387928485870361, 1.0286732912063599, 1.0192433595657349, 1.0097647905349731, 1.0000801086425781, 0.9908666014671326, 0.98153156042099, 0.9720454812049866, 0.9635326862335205, 0.953833818435669, 0.9452623724937439, 0.9360047578811646, 0.9273008108139038, 0.9185154438018799], 'test_losses': [0.9543411135673523, 0.9533222317695618, 0.9688883423805237, 0.9793996214866638, 0.9801276922225952, 0.9760662913322449, 0.972017228603363, 0.9707655906677246, 0.9730533957481384, 0.9783143997192383, 0.9853965044021606, 0.9935720562934875, 1.001959204673767, 1.0109074115753174, 1.020827293395996, 1.0310592651367188, 1.0412997007369995, 1.049992561340332, 1.058145523071289, 1.066838264465332, 1.077852487564087, 1.0899019241333008, 1.0992860794067383, 1.104706883430481, 1.1075048446655273, 1.1112236976623535, 1.1181052923202515, 1.128682255744934, 1.1407709121704102, 1.1500887870788574, 1.155096173286438, 1.1629893779754639, 1.1790168285369873, 1.1977145671844482, 1.2143031358718872, 1.2277828454971313, 1.242079734802246, 1.263030767440796, 1.287509799003601, 1.3045098781585693, 1.310499668121338, 1.3257180452346802, 1.3466929197311401, 1.3578109741210938, 1.3666443824768066, 1.3895461559295654, 1.41781485080719, 1.4294548034667969, 1.4410966634750366, 1.4634580612182617]}, 'time_step_mlp': {0: {'r2': -63.8135986328125, 'mse': 2.7637942694206012, 'train_losses': [0.8421503305435181, 0.8221423625946045, 0.8048248291015625, 0.7869569063186646, 0.7677190899848938, 0.7484175562858582, 0.7299003005027771, 0.7121397852897644, 0.6944563388824463, 0.6763700246810913, 0.6578549742698669, 0.6394768953323364, 0.621094286441803, 0.6023536324501038, 0.5831769704818726, 0.563880980014801, 0.544912576675415, 0.526193380355835, 0.5073991417884827, 0.4884420931339264, 0.46987178921699524, 0.4522038400173187, 0.43470391631126404, 0.41760948300361633, 0.4013828933238983, 0.3858017027378082, 0.3706752061843872, 0.3570542335510254, 0.3446647524833679, 0.33333566784858704], 'test_losses': [2.740206480026245, 2.909426689147949, 3.0042433738708496, 3.0358169078826904, 3.018322229385376, 2.9710259437561035, 2.9229094982147217, 2.8885576725006104, 2.8813986778259277, 2.9034273624420166, 2.9564669132232666, 3.0303962230682373, 3.1100687980651855, 3.1832516193389893, 3.233612537384033, 3.270657777786255, 3.296246290206909, 3.3308894634246826, 3.3781843185424805, 3.4450058937072754, 3.516277551651001, 3.534740686416626, 3.508244037628174, 3.4286491870880127, 3.3174219131469727, 3.206711530685425, 3.1383233070373535, 3.0440118312835693, 2.8932032585144043, 2.763794183731079], 'predictions': array([[ 4.45548519e-02,  1.58054516e-01],
       [-1.67723764e-02,  5.26804984e-01],
       [ 2.05465425e-02,  1.41124666e-01],
       [-7.30716437e-02,  5.89107096e-01],
       [-6.96677202e-03,  1.86738521e-01],
       [-9.04190019e-02,  4.86739218e-01],
       [-4.99661341e-02,  1.97089896e-01],
       [-1.75022453e-01,  4.14944768e-01],
       [-1.81808606e-01,  1.20955877e-01],
       [-2.37350523e-01,  2.31268227e-01],
       [-2.90812016e-01,  1.51107740e-02],
       [-3.13153625e-01,  4.22943085e-02],
       [-3.47707689e-01, -2.29240786e-02],
       [-4.17303085e-01, -9.14366245e-02],
       [-5.03131628e-01, -1.63248509e-01],
       [-5.90841353e-01, -2.61896938e-01],
       [-6.75708592e-01, -3.30823928e-01],
       [-7.53363848e-01, -3.93910438e-01],
       [-7.91335225e-01, -4.24008846e-01],
       [-7.32660711e-01, -4.10916805e-01],
       [-3.28472793e-01, -1.15459681e+00],
       [-3.28472793e-01, -1.15459681e+00],
       [-3.28472793e-01, -1.15459681e+00],
       [-3.45652789e-01, -1.20984435e+00],
       [-2.34521404e-01, -1.35857701e+00],
       [-2.31464133e-01, -5.95461838e-02],
       [-1.92826122e-01, -1.09708345e+00],
       [-8.05088729e-02, -9.56010401e-01],
       [-2.21155614e-01, -1.18042290e+00],
       [-1.70509424e-02, -7.79400945e-01],
       [-4.96435203e-02, -4.86351371e-01],
       [-1.65760383e-01,  2.38760978e-01],
       [-1.66141585e-01,  1.47416115e-01],
       [-1.08024821e-01,  3.93348664e-01],
       [-1.59871981e-01, -3.01361710e-01],
       [-7.74276480e-02,  6.87270880e-01],
       [-1.51117086e-01, -1.88213825e-01],
       [-8.83904696e-02, -8.05647194e-01],
       [-3.76788899e-02, -3.65766257e-01],
       [-7.18514668e-03, -3.29004437e-01],
       [-2.66428548e-03, -3.20130050e-01],
       [-7.80333439e-03, -2.99894154e-01],
       [-2.76716426e-03, -2.68228263e-01],
       [-3.48818977e-03, -2.82590002e-01],
       [-4.24863510e-02, -3.70665073e-01],
       [-1.25751495e-01, -5.31349361e-01],
       [-4.89769459e-01, -9.87492383e-01],
       [-1.22966059e-01,  4.03740972e-01],
       [-1.09405935e-01,  4.84307051e-01],
       [-6.87997416e-02, -7.55393565e-01],
       [-2.57568687e-01, -1.18394721e+00],
       [-4.73066807e-01, -1.09992814e+00],
       [-3.88987213e-01, -1.32842720e+00],
       [-5.30465364e-01, -1.04389191e+00],
       [-4.48222876e-01, -1.27156961e+00],
       [-4.29244012e-01, -1.27434969e+00],
       [-3.21236461e-01, -9.67976868e-01],
       [-3.04807723e-01, -1.38795638e+00],
       [-1.96571633e-01, -1.20857000e+00],
       [-8.10964778e-02, -1.02040172e+00],
       [ 1.80014106e-03, -8.99112463e-01],
       [ 9.74232033e-02, -7.67768383e-01],
       [ 1.63434967e-01, -6.21963859e-01],
       [ 2.03588188e-01, -5.22241414e-01],
       [ 2.27841929e-01, -4.62552279e-01],
       [ 2.35438362e-01, -4.26792353e-01],
       [ 2.32297137e-01, -4.04243350e-01],
       [ 2.14478999e-01, -4.14251357e-01],
       [ 1.94506884e-01, -4.54620808e-01],
       [ 1.94166869e-01, -4.69261050e-01],
       [ 1.83470488e-01, -5.22170603e-01],
       [ 1.70692399e-01, -5.75178683e-01],
       [ 1.48441210e-01, -6.75591707e-01],
       [ 1.23838536e-01, -7.75938272e-01],
       [ 9.58137661e-02, -8.49116147e-01],
       [ 7.73765966e-02, -8.81585896e-01],
       [ 7.94326812e-02, -8.91144395e-01],
       [ 8.02525580e-02, -9.17219758e-01],
       [ 7.26387277e-02, -9.45318282e-01],
       [ 5.14837615e-02, -9.60343301e-01],
       [ 3.05754691e-02, -9.52512920e-01],
       [ 1.72185712e-02, -9.37292457e-01],
       [ 1.87096354e-02, -9.09838319e-01],
       [ 3.09746098e-02, -8.92539263e-01],
       [ 4.46039997e-02, -8.99652898e-01],
       [ 4.91467938e-02, -8.93807709e-01],
       [ 4.61906530e-02, -8.61759961e-01],
       [ 6.85530975e-02, -8.32843065e-01],
       [ 8.38718712e-02, -8.55736852e-01],
       [ 1.05002619e-01, -8.28357100e-01],
       [ 1.37557268e-01, -7.85037994e-01],
       [ 1.63503781e-01, -7.37232149e-01],
       [ 1.64750248e-01, -7.47515857e-01],
       [ 1.59485206e-01, -7.69233048e-01],
       [ 1.60320029e-01, -7.44867802e-01],
       [ 1.62883565e-01, -6.98939800e-01],
       [ 1.65558964e-01, -6.60758197e-01],
       [ 1.66960984e-01, -6.79232776e-01],
       [ 1.73845023e-01, -6.68449223e-01],
       [ 1.82441473e-01, -6.36502683e-01],
       [ 1.92261443e-01, -5.89685619e-01],
       [ 2.00761989e-01, -5.47544658e-01],
       [ 2.16696814e-01, -4.69637483e-01],
       [ 2.25566149e-01, -4.44561213e-01],
       [ 2.20410839e-01, -4.76203918e-01],
       [ 2.25669712e-01, -4.34031039e-01],
       [ 2.35619619e-01, -3.60453784e-01],
       [ 2.29397058e-01, -3.46591800e-01],
       [ 2.05171213e-01, -4.01184380e-01],
       [ 1.48231208e-01, -6.37814641e-01],
       [ 7.73925632e-02, -8.74436975e-01],
       [ 1.23406593e-02, -1.08259714e+00],
       [-1.55598475e-02, -1.17127800e+00],
       [-3.35495658e-02, -1.20581794e+00],
       [-1.21621713e-01, -1.48870075e+00],
       [-2.06616551e-01, -1.76790953e+00],
       [-2.95443237e-01, -1.97616029e+00],
       [-3.70987713e-01, -2.12258887e+00],
       [-3.46786827e-01, -1.42823899e+00],
       [-3.71917814e-01, -1.49045956e+00]], dtype=float32), 'ground_truth': array([[1.39736659, 0.33446127],
       [1.42346892, 0.32711666],
       [1.4496077 , 0.32073875],
       [1.47589944, 0.31446734],
       [1.50218213, 0.30905771],
       [1.52856042, 0.30398693],
       [1.55490304, 0.29965227],
       [1.5812578 , 0.29584955],
       [1.60756134, 0.29269826],
       [1.63380725, 0.29017519],
       [1.65996272, 0.28831408],
       [1.68599987, 0.28713522],
       [1.71188522, 0.28666315],
       [1.73758303, 0.28692001],
       [1.76305583, 0.28792475],
       [1.78935489, 0.28878336],
       [1.81381791, 0.29018296],
       [1.83753562, 0.29150707],
       [1.86111126, 0.29360996],
       [1.88329551, 0.295813  ],
       [1.90483649, 0.2978946 ],
       [1.92525973, 0.29988282],
       [1.94464136, 0.30076051],
       [1.96342045, 0.30176324],
       [1.98191489, 0.30374255],
       [2.00020344, 0.30664261],
       [2.01806406, 0.31051107],
       [2.0358454 , 0.31522013],
       [2.05282284, 0.32093042],
       [2.06959252, 0.32745835],
       [2.0853414 , 0.3336461 ],
       [2.10026695, 0.33842512],
       [2.11455004, 0.34182613],
       [2.12829851, 0.34389782],
       [2.1416057 , 0.34469288],
       [2.15456069, 0.3442664 ],
       [2.1672486 , 0.34267582],
       [2.17975047, 0.3399807 ],
       [2.19181948, 0.33720536],
       [2.20430174, 0.33583546],
       [2.2155435 , 0.3354351 ],
       [2.225964  , 0.33610661],
       [2.23552324, 0.33641313],
       [2.24444041, 0.33665961],
       [2.25375954, 0.33852808],
       [2.26277375, 0.34159165],
       [2.27086368, 0.34547416],
       [2.27839058, 0.35028313],
       [2.28538753, 0.35596715],
       [2.29215027, 0.36125897],
       [2.29896921, 0.36519729],
       [2.30573291, 0.36780594],
       [2.31235885, 0.36912278],
       [2.31878017, 0.36919159],
       [2.32493289, 0.36805888],
       [2.33075554, 0.36577367],
       [2.33618933, 0.36238744],
       [2.34117826, 0.35795396],
       [2.34566933, 0.35252918],
       [2.34961264, 0.34617108],
       [2.35296152, 0.33893954],
       [2.35567267, 0.33089613],
       [2.35770627, 0.322104  ],
       [2.35902603, 0.31262767],
       [2.35959936, 0.30253284],
       [2.35939738, 0.29188621],
       [2.35839499, 0.28075531],
       [2.35657097, 0.26920824],
       [2.35390793, 0.25731354],
       [2.35039244, 0.24513991],
       [2.34601493, 0.23275605],
       [2.3407698 , 0.22023047],
       [2.33465531, 0.20763119],
       [2.32767361, 0.19502564],
       [2.31983069, 0.18248039],
       [2.31113632, 0.17006094],
       [2.30160396, 0.15783155],
       [2.29125075, 0.14585503],
       [2.28009736, 0.13419254],
       [2.26816792, 0.12290339],
       [2.25548987, 0.11204489],
       [2.2420939 , 0.10167214],
       [2.22801378, 0.09183787],
       [2.21328619, 0.08259231],
       [2.19795064, 0.07398297],
       [2.18204924, 0.06605455],
       [2.16562656, 0.05884879],
       [2.14872947, 0.05240436],
       [2.13140691, 0.04675668],
       [2.11370974, 0.04193792],
       [2.09569054, 0.0379768 ],
       [2.07740339, 0.03489859],
       [2.05890366, 0.03272499],
       [2.04024783, 0.03147409],
       [2.02149325, 0.03116033],
       [2.00269794, 0.03179444],
       [1.98392036, 0.03338345],
       [1.9652192 , 0.03593066],
       [1.94665316, 0.03943565],
       [1.92828075, 0.0438943 ],
       [1.91016003, 0.04929878],
       [1.89234843, 0.05563767],
       [1.87490255, 0.06289593],
       [1.8578779 , 0.07105501],
       [1.84132875, 0.08009292],
       [1.8253079 , 0.08998431],
       [1.8098665 , 0.10070057],
       [1.79505386, 0.11220995],
       [1.78091724, 0.12447768],
       [1.76750174, 0.13746608],
       [1.75455931, 0.14991647],
       [1.74181499, 0.16087202],
       [1.72920087, 0.17040821],
       [1.71665286, 0.17860129],
       [1.70411073, 0.18552808],
       [1.6915182 , 0.19126591],
       [1.67882293, 0.19589252],
       [1.66597663, 0.19948585],
       [1.65293504, 0.202124  ],
       [1.63965798, 0.20388501]]), 'data_points': 600}, 1: {'r2': -5.445567607879639, 'mse': 0.8468789386598448, 'train_losses': [1.4430159330368042, 1.3667021989822388, 1.31023108959198, 1.2660456895828247, 1.2278422117233276, 1.1906620264053345, 1.1509556770324707, 1.107517123222351, 1.0618869066238403, 1.0161033868789673, 0.9728372097015381, 0.9323510527610779, 0.8951240181922913, 0.8616698980331421, 0.830704391002655, 0.8012115955352783, 0.7736456990242004, 0.749147355556488, 0.7279017567634583, 0.708737313747406, 0.6883869767189026, 0.6661546230316162, 0.6443105340003967, 0.6244868636131287, 0.6050291061401367, 0.5846509337425232, 0.5660972595214844, 0.5501314997673035, 0.5354130864143372, 0.5207134485244751], 'test_losses': [0.4184698462486267, 0.33352386951446533, 0.2830473482608795, 0.2620556950569153, 0.2656269967556, 0.2910165786743164, 0.33177945017814636, 0.3828897774219513, 0.44257858395576477, 0.5096142292022705, 0.5777215361595154, 0.6433185935020447, 0.7048653364181519, 0.7575236558914185, 0.8045902252197266, 0.8407639265060425, 0.8717172741889954, 0.8997564315795898, 0.9242150187492371, 0.9480279684066772, 0.9679588079452515, 0.9797410368919373, 0.9836499691009521, 0.978265643119812, 0.9510049819946289, 0.9113214015960693, 0.8713323473930359, 0.8380252718925476, 0.8307625651359558, 0.8468789458274841], 'predictions': array([[-0.62462276, -0.18752456],
       [-0.615871  , -0.38063857],
       [-1.0639775 , -0.37012282],
       [-0.7474334 ,  0.17421442],
       [-0.42088935, -0.20012495],
       [-0.7728664 ,  0.34406096],
       [-0.85305804, -0.23514023],
       [-0.9335263 , -0.30093434],
       [-0.4633005 , -0.15014434],
       [-0.8407449 ,  0.5238952 ],
       [-0.9292669 , -0.10527584],
       [-0.9022762 , -0.10694958],
       [-0.9182174 , -0.04567596],
       [-0.96585035, -0.05643118],
       [-0.9918836 , -0.05359805],
       [-1.0148187 , -0.04557865],
       [-1.0642066 , -0.03535248],
       [-1.1105497 , -0.04793338],
       [-1.1403918 , -0.0410166 ],
       [-1.1638771 , -0.02083716],
       [-1.1553905 ,  0.00319355],
       [-1.1772815 ,  0.01805241],
       [-1.2044673 , -0.01776293],
       [-1.1524396 , -0.07992158],
       [-1.1022503 , -0.08153761],
       [-1.1486377 , -0.08029858],
       [-1.1270422 , -0.15261008],
       [-1.1176088 , -0.11317472],
       [-1.1699524 , -0.14963733],
       [-0.81434596, -0.37349018],
       [-0.36706555, -0.3459067 ],
       [-0.9822119 , -0.0409421 ],
       [-1.22943   ,  0.05936293],
       [-1.2035062 , -0.3219513 ],
       [-1.181689  , -0.2494973 ],
       [-1.3326879 ,  0.08754415],
       [-1.2621355 , -0.14933962],
       [-1.3476996 ,  0.15559418],
       [-1.317742  , -0.07779033],
       [-1.2682058 ,  0.09691475],
       [-1.3895977 ,  0.6097838 ],
       [-1.3378932 ,  0.1528539 ],
       [-1.1698685 ,  0.24101445],
       [-1.2526551 ,  0.07996879],
       [-1.0630085 ,  0.2212685 ],
       [-1.1013087 , -0.05281747],
       [-1.1157887 , -0.04167506],
       [-0.82637143, -0.07626148],
       [-0.83224654, -0.31431726],
       [-0.8948974 , -0.2984851 ],
       [-0.94371307, -0.28295776],
       [-0.9677172 , -0.2646056 ],
       [-0.6255027 , -0.13448815],
       [-0.7253338 , -0.45447987],
       [-0.41153398,  0.37575728],
       [-0.30983323,  0.3694698 ],
       [ 0.18815853,  0.47615856],
       [ 0.18815853,  0.47615856],
       [ 0.18815853,  0.47615856],
       [-0.50732076,  0.3442448 ],
       [-0.48082414,  0.24142455],
       [-0.40995854,  0.11544477],
       [-0.27066   ,  0.14584373],
       [-0.16307987,  0.20140494],
       [-0.07385162,  0.22570431],
       [-0.02715524,  0.24150299],
       [-0.02223952,  0.24580353],
       [-0.07194338,  0.14034037],
       [-0.09946394,  0.09333465],
       [-0.14760992,  0.08400355],
       [-0.11514711,  0.09247247],
       [-0.12559268,  0.08613116],
       [-0.11247072,  0.17487751],
       [-0.14856897,  0.1080738 ],
       [ 0.0528392 ,  0.68729466],
       [-0.17567743,  0.03131396],
       [ 0.01570472,  0.9438288 ],
       [-0.20747325,  0.12550162],
       [-0.09938082,  0.49336553],
       [-0.37705812, -0.05298578],
       [ 0.3971224 ,  0.2779037 ],
       [ 0.34189993,  0.33131778],
       [-0.18191563,  0.69796443],
       [-0.38258198,  0.05006884],
       [-0.31306487,  0.46203834],
       [-0.48114055, -0.05883963],
       [-0.24060825,  0.7630022 ],
       [-0.49930444,  0.15751651],
       [-0.2722163 ,  0.48819983],
       [-0.43399942,  0.72790456],
       [-0.65222716,  0.43695885],
       [-0.22760586,  0.99381125],
       [-0.6483167 ,  0.25838938],
       [-0.30397078,  0.7751228 ],
       [-0.66327316,  0.1794505 ],
       [-0.23233436,  0.6418771 ],
       [-0.52497524,  0.16113798],
       [-0.07596745,  0.5054874 ],
       [-0.48833826, -0.20379606],
       [-0.01860429,  0.41175553],
       [-0.3817184 ,  0.05528404],
       [ 0.07451857,  0.4595785 ],
       [-0.38649458, -0.17714389],
       [ 0.19335909,  0.56750387],
       [-0.26523632, -0.03120399],
       [-0.00767702,  0.6454028 ],
       [-0.27277157, -0.02638085],
       [ 0.19860528,  0.7325957 ],
       [-0.21947686,  0.05314573],
       [ 0.18207727,  0.8117358 ],
       [-0.15066159,  0.11013868],
       [ 0.20984133,  0.8838233 ],
       [-0.08757555,  0.20908839],
       [ 0.1720889 ,  0.89077544],
       [-0.05822342,  0.27840808],
       [ 0.83553267,  0.64599437],
       [ 0.67470974,  0.88387454],
       [ 0.21538468,  0.9460385 ],
       [-0.00204888,  0.50480443],
       [ 0.19309087,  0.9329245 ]], dtype=float32), 'ground_truth': array([[ 0.70384733,  0.60782765],
       [ 0.69193675,  0.63354732],
       [ 0.67901212,  0.65878951],
       [ 0.66553639,  0.68377092],
       [ 0.65189966,  0.70866335],
       [ 0.63812874,  0.73346661],
       [ 0.62420465,  0.7581591 ],
       [ 0.6100969 ,  0.78271229],
       [ 0.59576658,  0.80708764],
       [ 0.58117848,  0.83124499],
       [ 0.56631961,  0.85516901],
       [ 0.55114556,  0.87879952],
       [ 0.53563044,  0.90208975],
       [ 0.51975387,  0.92499224],
       [ 0.5035064 ,  0.94747312],
       [ 0.48688824,  0.96952341],
       [ 0.46993018,  0.99126188],
       [ 0.45254812,  1.01241644],
       [ 0.43475367,  1.03296224],
       [ 0.41660259,  1.05322186],
       [ 0.39802682,  1.07275418],
       [ 0.37905577,  1.09165319],
       [ 0.35970306,  1.11006101],
       [ 0.33996628,  1.12815533],
       [ 0.31985461,  1.14506562],
       [ 0.29942266,  1.16099497],
       [ 0.27866224,  1.17644239],
       [ 0.2576088 ,  1.19110583],
       [ 0.23632172,  1.20482497],
       [ 0.21472764,  1.21801648],
       [ 0.19297663,  1.230169  ],
       [ 0.17086949,  1.24192839],
       [ 0.14856219,  1.2528392 ],
       [ 0.12620796,  1.26262201],
       [ 0.10367935,  1.2716385 ],
       [ 0.08117069,  1.27957812],
       [ 0.05841588,  1.28692803],
       [ 0.03579896,  1.29312887],
       [ 0.01304276,  1.29861386],
       [-0.00958854,  1.30307742],
       [-0.03206939,  1.30655518],
       [-0.05462434,  1.30929051],
       [-0.07699754,  1.31106135],
       [-0.09923426,  1.31193651],
       [-0.1212169 ,  1.31185846],
       [-0.14279994,  1.3107795 ],
       [-0.16438463,  1.30895649],
       [-0.18536123,  1.30608996],
       [-0.20591903,  1.30233108],
       [-0.22606159,  1.29771456],
       [-0.24574536,  1.29225351],
       [-0.26492542,  1.28596343],
       [-0.28355759,  1.27886301],
       [-0.30159871,  1.27097407],
       [-0.31901095,  1.26232149],
       [-0.33574614,  1.2529329 ],
       [-0.35176862,  1.24283926],
       [-0.36704168,  1.23207401],
       [-0.38153334,  1.22067233],
       [-0.3952739 ,  1.20865174],
       [-0.40828469,  1.19602073],
       [-0.42033497,  1.1828893 ],
       [-0.43188281,  1.16907885],
       [-0.44218354,  1.15496172],
       [-0.45230789,  1.14000018],
       [-0.46089074,  1.12497367],
       [-0.46876666,  1.10945394],
       [-0.47539635,  1.09383279],
       [-0.48191028,  1.07732789],
       [-0.48752177,  1.06052329],
       [-0.49204782,  1.04359408],
       [-0.49524177,  1.0267923 ],
       [-0.49793461,  1.00949892],
       [-0.49939311,  0.9923844 ],
       [-0.50088153,  0.97428933],
       [-0.50086162,  0.95671604],
       [-0.50058138,  0.93847211],
       [-0.49935085,  0.92028085],
       [-0.49688409,  0.90250164],
       [-0.49462449,  0.88359271],
       [-0.4908344 ,  0.86549396],
       [-0.4871279 ,  0.84645756],
       [-0.48195788,  0.82822378],
       [-0.47694592,  0.80903385],
       [-0.4705289 ,  0.79063732],
       [-0.46432419,  0.77129496],
       [-0.45671178,  0.75278808],
       [-0.44932824,  0.7333853 ],
       [-0.44066297,  0.7147205 ],
       [-0.43227421,  0.69517189],
       [-0.42249915,  0.67650113],
       [-0.41310236,  0.65688938],
       [-0.40245505,  0.63805723],
       [-0.39205554,  0.61845845],
       [-0.38048893,  0.59960367],
       [-0.36934976,  0.57981029],
       [-0.35702396,  0.56083345],
       [-0.34503074,  0.54104496],
       [-0.33193625,  0.52203101],
       [-0.31919933,  0.50219289],
       [-0.30538652,  0.483155  ],
       [-0.29183226,  0.46341672],
       [-0.27731703,  0.44441283],
       [-0.26302261,  0.42475138],
       [-0.2488795 ,  0.40454844],
       [-0.23385655,  0.38502143],
       [-0.2180174 ,  0.36609916],
       [-0.20227085,  0.34675706],
       [-0.18587241,  0.32792047],
       [-0.16958158,  0.3086137 ],
       [-0.152601  ,  0.28995127],
       [-0.13567138,  0.27086434],
       [-0.11812527,  0.25241001],
       [-0.10050725,  0.23369868],
       [-0.08234412,  0.21560568],
       [-0.06409107,  0.19724996],
       [-0.04530231,  0.17960337],
       [-0.02641702,  0.1616494 ],
       [-0.00699461,  0.14453444],
       [ 0.01252751,  0.12704259]]), 'data_points': 600}, 2: {'r2': -1.7733440399169922, 'mse': 0.6157931337240308, 'train_losses': [1.4625262022018433, 1.4120678901672363, 1.3664288520812988, 1.3233108520507812, 1.2814491987228394, 1.2393760681152344, 1.1970890760421753, 1.1537796258926392, 1.1099646091461182, 1.066067099571228, 1.0213894844055176, 0.9761008024215698, 0.9304721355438232, 0.8853750228881836, 0.8414878249168396, 0.7995281219482422, 0.7606161832809448, 0.72547447681427, 0.6941388249397278, 0.6663200259208679, 0.641975462436676, 0.6207321882247925, 0.6005131006240845, 0.5805235505104065, 0.5603862404823303, 0.5391653776168823, 0.5167259573936462, 0.4962136149406433, 0.47698548436164856, 0.45945918560028076], 'test_losses': [0.40324077010154724, 0.43027743697166443, 0.45369890332221985, 0.4747442901134491, 0.4925197660923004, 0.5047765374183655, 0.5128535032272339, 0.5156739950180054, 0.5129762291908264, 0.509373128414154, 0.5069607496261597, 0.5058620572090149, 0.5090049505233765, 0.519589364528656, 0.5407382249832153, 0.5671499967575073, 0.5934257507324219, 0.6161180138587952, 0.6368675827980042, 0.6441460251808167, 0.6442978382110596, 0.6447287201881409, 0.635662317276001, 0.6260687708854675, 0.6200577020645142, 0.6204307675361633, 0.6323876976966858, 0.6483849883079529, 0.6414856314659119, 0.6157931089401245], 'predictions': array([[-1.46482074e+00,  2.96022683e-01],
       [-1.32423055e+00,  2.59036094e-01],
       [-4.75474268e-01,  1.51152099e-02],
       [-2.88747251e-01, -1.75188631e-01],
       [-8.42928961e-02, -7.19180927e-02],
       [-1.36172926e+00,  3.29892009e-01],
       [-4.14492637e-01, -2.80571282e-01],
       [-4.03022349e-01, -1.56206578e-01],
       [-5.30781150e-01, -1.65285572e-01],
       [-5.17975628e-01, -2.32438922e-01],
       [-4.76980925e-01, -3.06990087e-01],
       [-6.00270569e-01, -2.84807324e-01],
       [-8.06597412e-01, -2.02257529e-01],
       [-9.91332233e-01, -1.17131837e-01],
       [-1.13129592e+00, -6.85184449e-02],
       [-1.24159718e+00,  5.71934041e-03],
       [-1.20137823e+00,  2.01157928e-02],
       [-1.07635713e+00, -9.78492294e-03],
       [-8.92167926e-01, -9.53783169e-02],
       [-1.77938545e+00,  7.25282967e-01],
       [-9.39397037e-01,  5.56233227e-01],
       [-1.70521510e+00,  5.20050645e-01],
       [-1.19436908e+00,  6.37384176e-01],
       [-1.61583126e+00,  4.97008592e-01],
       [-1.71144152e+00,  7.15202630e-01],
       [-7.64975548e-01,  4.60679293e-01],
       [-6.04716182e-01,  4.85764146e-01],
       [-6.99917555e-01,  4.17743891e-01],
       [-4.54985499e-01,  4.12150711e-01],
       [-1.46090662e+00,  2.20103577e-01],
       [-1.33275926e+00,  8.16055954e-01],
       [-5.73399842e-01,  3.42909694e-01],
       [-1.50300658e+00,  3.95759940e-01],
       [-4.72131431e-01,  4.05593067e-01],
       [-8.46356750e-01,  1.23121537e-01],
       [-1.10249805e+00,  7.92453766e-01],
       [-2.46113867e-01,  3.52186918e-01],
       [-1.43468186e-01,  4.79470342e-01],
       [-1.71787158e-01,  4.81462717e-01],
       [-2.63611645e-01,  5.38669169e-01],
       [-8.37467194e-01,  2.72187114e-01],
       [-9.74746168e-01,  8.76876771e-01],
       [ 2.43320763e-02,  5.79566777e-01],
       [ 2.11182639e-01,  5.31534791e-01],
       [ 2.19849750e-01,  6.28040850e-01],
       [ 4.93121952e-01,  4.93393689e-01],
       [ 5.27392924e-01,  4.06839520e-01],
       [-2.31268838e-01,  2.56115139e-01],
       [ 1.68646887e-01,  4.20581728e-01],
       [ 7.05999553e-01,  2.48027798e-02],
       [ 7.71954834e-01,  1.04330089e-02],
       [ 5.86756229e-01,  1.78853497e-01],
       [ 4.34732586e-01, -1.05199246e-02],
       [ 7.05895841e-01, -4.86059815e-01],
       [ 6.13624156e-01,  1.51266962e-01],
       [ 7.24035501e-01, -5.69210649e-01],
       [ 6.05763316e-01,  7.30994418e-02],
       [ 6.90866649e-01, -5.89637399e-01],
       [ 6.99700475e-01, -1.55266732e-01],
       [ 7.39452064e-01, -1.99414998e-01],
       [ 4.33412284e-01,  8.04920793e-02],
       [ 5.55295706e-01,  1.50603399e-01],
       [ 7.33411431e-01, -5.67329705e-01],
       [ 4.52576995e-01,  1.31929249e-01],
       [ 6.73046291e-01, -5.03523529e-01],
       [ 2.84554839e-01, -1.17151566e-01],
       [ 3.11637193e-01,  1.34107053e-01],
       [ 7.27028489e-01, -4.26028639e-01],
       [ 3.17698538e-01,  1.08012080e-01],
       [ 6.69490039e-01, -3.92755389e-01],
       [ 2.49429539e-01,  3.88638787e-02],
       [ 1.54017329e-01, -1.39138356e-01],
       [ 2.97907859e-01,  6.99333251e-02],
       [ 6.62200511e-01, -3.99990410e-01],
       [ 2.77678311e-01, -1.83052057e-03],
       [ 4.83086742e-02, -1.91936120e-01],
       [ 3.10420334e-01, -4.73579094e-02],
       [-4.85606818e-03, -2.16760501e-01],
       [ 3.10166866e-01, -1.97678767e-02],
       [ 6.19015694e-01, -4.37501699e-01],
       [ 8.14566612e-01, -2.97987878e-01],
       [ 5.40028691e-01, -1.20911650e-01],
       [ 2.83093583e-02, -1.87234849e-01],
       [ 1.86483607e-01,  1.86777133e-02],
       [-3.98602858e-02, -2.04778254e-01],
       [ 1.45240322e-01,  1.99128613e-02],
       [-2.80177239e-02, -2.43202433e-01],
       [ 1.13415711e-01,  3.71874571e-02],
       [ 5.32821694e-04, -2.85507798e-01],
       [ 1.86304122e-01, -3.01193874e-02],
       [ 4.77520317e-01, -2.58597016e-01],
       [ 3.87458742e-01, -6.65325150e-02],
       [ 3.96575063e-01, -7.97822177e-02],
       [ 1.23349637e-01, -2.45665625e-01],
       [ 2.82528222e-01, -7.85165355e-02],
       [ 1.51321441e-02, -4.00588214e-01],
       [ 4.40145791e-01, -9.33799744e-02],
       [ 4.14156884e-01, -1.04224257e-01],
       [ 2.19220370e-01, -3.84156168e-01],
       [ 5.81581295e-01, -1.07048109e-01],
       [ 5.62933922e-01, -1.59555838e-01],
       [ 5.17306030e-01, -1.68469593e-01],
       [ 3.47253174e-01, -3.92682910e-01],
       [ 6.88417673e-01, -1.28767297e-01],
       [ 3.05707753e-01, -5.77654183e-01],
       [ 7.58477807e-01, -1.95575356e-01],
       [ 3.96008760e-01, -6.19929314e-01],
       [ 8.24140310e-01, -2.41593197e-01],
       [ 5.37029564e-01, -5.42187929e-01],
       [ 8.46156597e-01, -2.53623635e-01],
       [ 5.74389577e-01, -5.98756731e-01],
       [ 8.70136976e-01, -2.86472082e-01],
       [ 6.67249560e-01, -4.75186259e-01],
       [ 8.12350869e-01, -3.12079579e-01],
       [ 7.51688480e-01, -3.19433779e-01],
       [ 6.71760142e-01, -2.84983069e-01],
       [ 6.04868352e-01, -2.43672937e-01],
       [ 3.80962223e-01, -2.83727676e-01],
       [ 4.22712862e-01, -1.67399436e-01],
       [ 4.82505709e-01, -1.61726743e-01]], dtype=float32), 'ground_truth': array([[-0.95646215,  0.40739265],
       [-0.93720995,  0.39968326],
       [-0.91886309,  0.39198902],
       [-0.90229522,  0.38521612],
       [-0.88751831,  0.37896114],
       [-0.87449242,  0.37301343],
       [-0.86315665,  0.36726267],
       [-0.8534431 ,  0.3616115 ],
       [-0.84528111,  0.355982  ],
       [-0.83859842,  0.35030216],
       [-0.83332123,  0.34450371],
       [-0.8293743 ,  0.33852218],
       [-0.82668114,  0.33229702],
       [-0.82516411,  0.3257717 ],
       [-0.82474459,  0.31889376],
       [-0.82430968,  0.3123225 ],
       [-0.82207712,  0.30539563],
       [-0.81923087,  0.29969133],
       [-0.81589673,  0.29530888],
       [-0.81144831,  0.29131349],
       [-0.80661567,  0.28861123],
       [-0.80032675,  0.28573126],
       [-0.79359467,  0.2839179 ],
       [-0.78618233,  0.28280124],
       [-0.77842931,  0.28282254],
       [-0.76967962,  0.28295842],
       [-0.76094232,  0.28463845],
       [-0.75089846,  0.28586801],
       [-0.74066425,  0.28822178],
       [-0.73018402,  0.29156078],
       [-0.71859197,  0.29458992],
       [-0.70712049,  0.2990186 ],
       [-0.69443465,  0.30291839],
       [-0.68158584,  0.30771483],
       [-0.66794416,  0.31244059],
       [-0.65394267,  0.3176772 ],
       [-0.63947953,  0.32322118],
       [-0.6251928 ,  0.33022463],
       [-0.60986566,  0.33644725],
       [-0.59395997,  0.34259332],
       [-0.57774773,  0.34913129],
       [-0.56106382,  0.35564218],
       [-0.54406154,  0.36248183],
       [-0.5267307 ,  0.36967889],
       [-0.5092905 ,  0.37804482],
       [-0.49115103,  0.38548725],
       [-0.47256566,  0.39278609],
       [-0.45369294,  0.40047095],
       [-0.43466294,  0.40897155],
       [-0.41515357,  0.41703753],
       [-0.39542337,  0.42548298],
       [-0.37528722,  0.43370785],
       [-0.35502055,  0.44241542],
       [-0.33449936,  0.4512085 ],
       [-0.31388786,  0.46038713],
       [-0.29302895,  0.46959886],
       [-0.27204461,  0.47905801],
       [-0.25102701,  0.48887001],
       [-0.22948292,  0.49839   ],
       [-0.20823852,  0.50869336],
       [-0.1866654 ,  0.51898945],
       [-0.16502091,  0.52959265],
       [-0.14374493,  0.54093692],
       [-0.121861  ,  0.55203377],
       [-0.10064165,  0.56410488],
       [-0.07884164,  0.57598444],
       [-0.05774343,  0.58879734],
       [-0.03639135,  0.60170511],
       [-0.01563704,  0.6153653 ],
       [ 0.00582117,  0.6288194 ],
       [ 0.0263408 ,  0.64322004],
       [ 0.04708805,  0.65775073],
       [ 0.06713636,  0.67297785],
       [ 0.08731823,  0.68839664],
       [ 0.10686794,  0.70440306],
       [ 0.12642199,  0.72067471],
       [ 0.14556398,  0.73739532],
       [ 0.16410483,  0.75460297],
       [ 0.18255843,  0.7721169 ],
       [ 0.20028461,  0.79010935],
       [ 0.21812119,  0.80838276],
       [ 0.23496588,  0.8271471 ],
       [ 0.2519114 ,  0.84621834],
       [ 0.2678325 ,  0.86572879],
       [ 0.28397276,  0.88556229],
       [ 0.29886967,  0.9058001 ],
       [ 0.31375311,  0.9263773 ],
       [ 0.32741739,  0.94728365],
       [ 0.34135963,  0.96855085],
       [ 0.3540439 ,  0.99009187],
       [ 0.36590765,  1.01188238],
       [ 0.37795884,  1.03406336],
       [ 0.38872607,  1.05640008],
       [ 0.39966908,  1.07915189],
       [ 0.40959232,  1.10206973],
       [ 0.41834117,  1.12507027],
       [ 0.42755681,  1.1485827 ],
       [ 0.43521048,  1.17202914],
       [ 0.44255138,  1.19574986],
       [ 0.4487487 ,  1.21944269],
       [ 0.45539217,  1.24371028],
       [ 0.46048208,  1.26774982],
       [ 0.46547534,  1.29214277],
       [ 0.4691645 ,  1.31633363],
       [ 0.47267772,  1.34083388],
       [ 0.47501111,  1.36510624],
       [ 0.4771417 ,  1.38967694],
       [ 0.47815146,  1.41397039],
       [ 0.47871054,  1.43839324],
       [ 0.4783151 ,  1.46255589],
       [ 0.47737377,  1.48675104],
       [ 0.47557349,  1.5106792 ],
       [ 0.47315424,  1.53454464],
       [ 0.46997921,  1.55818526],
       [ 0.46600568,  1.58150354],
       [ 0.46147503,  1.60482402],
       [ 0.4568378 ,  1.62890776],
       [ 0.45082574,  1.6517648 ],
       [ 0.44399278,  1.67415747],
       [ 0.43640461,  1.69611803]]), 'data_points': 600}, 3: {'r2': -12.767111778259277, 'mse': 3.3003529397508196, 'train_losses': [1.2613877058029175, 1.199900507926941, 1.1533488035202026, 1.1199867725372314, 1.0994560718536377, 1.087602138519287, 1.0794594287872314, 1.0691721439361572, 1.0538036823272705, 1.0336768627166748, 1.0108774900436401, 0.9870001673698425, 0.9627662897109985, 0.9389352202415466, 0.9154938459396362, 0.8918026089668274, 0.8672205805778503, 0.8411313891410828, 0.8135289549827576, 0.7864589691162109, 0.7614224553108215, 0.7380890250205994, 0.7150668501853943, 0.6919801235198975, 0.6707590222358704, 0.65203857421875, 0.6349728107452393, 0.618463397026062, 0.6023680567741394, 0.5867869853973389], 'test_losses': [2.216296672821045, 2.5479958057403564, 2.9080848693847656, 3.295058250427246, 3.67877197265625, 4.015227794647217, 4.2513813972473145, 4.367181777954102, 4.3759846687316895, 4.301758766174316, 4.183071136474609, 4.0414719581604, 3.895031690597534, 3.7557969093322754, 3.6358840465545654, 3.5438222885131836, 3.4913454055786133, 3.474170207977295, 3.488614082336426, 3.538069009780884, 3.602994441986084, 3.6590678691864014, 3.670485734939575, 3.6158969402313232, 3.511657476425171, 3.3937602043151855, 3.2961227893829346, 3.2428958415985107, 3.2532966136932373, 3.3003528118133545], 'predictions': array([[-3.92225921e-01, -5.38169444e-01],
       [-2.14864120e-01, -4.04804051e-01],
       [-7.62298331e-02, -2.30570266e-04],
       [-5.38111508e-01, -3.82011771e-01],
       [-5.49995840e-01, -3.76351058e-01],
       [-6.01885259e-01,  6.34855554e-02],
       [-5.13297796e-01, -4.26233321e-01],
       [-2.80013263e-01,  3.51429433e-02],
       [-4.97007966e-02, -8.21013562e-03],
       [-5.52831948e-01,  3.47348079e-02],
       [-5.30908048e-01,  2.02779651e-01],
       [-1.06356770e-01,  6.24285676e-02],
       [-4.98501599e-01,  2.56999403e-01],
       [-2.83145905e-01,  3.51454667e-03],
       [-1.14774086e-01,  6.41218498e-02],
       [-3.08186412e-01,  1.86722204e-02],
       [-2.67913759e-01,  4.44213441e-03],
       [-1.15288317e-01, -3.61642241e-02],
       [-1.23439044e-01, -6.27760962e-02],
       [-1.22811720e-01, -6.80312440e-02],
       [-1.26858890e-01, -9.24419537e-02],
       [-1.30858317e-01, -7.98905715e-02],
       [-1.30541921e-01, -8.89172480e-02],
       [-1.32502750e-01, -1.08048111e-01],
       [-1.36525720e-01, -9.34278369e-02],
       [-1.36937186e-01, -9.55517516e-02],
       [-1.33791327e-01, -9.58053246e-02],
       [-5.62170446e-01, -5.40213808e-02],
       [-1.37505561e-01, -7.72045180e-02],
       [-5.64116716e-01, -1.31601840e-01],
       [-5.73328614e-01,  1.48975924e-01],
       [-5.76600790e-01, -1.22530781e-01],
       [-5.84003448e-01,  2.53892660e-01],
       [-5.66887438e-01, -1.61434159e-01],
       [-2.01085418e-01,  1.27270758e-01],
       [-5.15649915e-01, -1.69986233e-01],
       [-1.91658422e-01,  1.13020092e-01],
       [-5.08340359e-01, -1.04050063e-01],
       [-1.70875818e-01, -4.56006639e-02],
       [-5.95413506e-01,  2.96663612e-01],
       [-5.69115698e-01,  1.21621951e-01],
       [-6.54165030e-01,  5.83389163e-01],
       [-5.69976211e-01, -9.47468635e-03],
       [-3.02384436e-01,  4.31487203e-01],
       [-5.30136883e-01,  6.78741485e-02],
       [-1.50046289e-01,  1.20792769e-01],
       [-4.70809400e-01,  4.16161478e-01],
       [-5.46370208e-01,  2.47691665e-02],
       [-2.03561768e-01,  3.16933692e-01],
       [-5.07163942e-01,  9.78491977e-02],
       [-5.40290058e-01,  5.05112350e-01],
       [-5.69192946e-01,  3.99524067e-03],
       [-6.02580130e-01,  1.00017381e+00],
       [-4.96066064e-01,  1.53468579e-01],
       [-5.21192789e-01,  2.23124679e-02],
       [-5.91444671e-01,  9.30885792e-01],
       [-5.06822884e-01,  2.36430183e-01],
       [-5.61873913e-01,  1.90293968e-01],
       [-5.65072715e-01,  5.65132678e-01],
       [-5.93860984e-01,  2.67565161e-01],
       [-6.17676854e-01,  3.23446542e-01],
       [-6.34944975e-01,  3.75008970e-01],
       [-6.55932009e-01,  3.79199386e-01],
       [-6.32818818e-01,  9.14734900e-01],
       [-6.74648643e-01,  9.36915159e-01],
       [-5.68803906e-01, -2.79581368e-01],
       [-5.68803906e-01, -2.79581368e-01],
       [-5.68803906e-01, -2.79581368e-01],
       [-5.90601027e-01, -2.82358676e-01],
       [-6.03833437e-01, -2.98035920e-01],
       [-6.01664007e-01, -2.60702580e-01],
       [-5.92967868e-01, -2.46031299e-01],
       [-5.74256778e-01, -2.02879712e-01],
       [-5.66698194e-01, -2.24181220e-01],
       [-5.48358619e-01, -2.06437379e-01],
       [-5.33669055e-01, -2.39650473e-01],
       [-5.30964792e-01, -3.27529639e-01],
       [-5.17508864e-01, -4.22832936e-01],
       [-5.05259216e-01, -4.92744625e-01],
       [-5.07934093e-01, -4.94045585e-01],
       [-5.12738407e-01, -5.14761508e-01],
       [-5.15249670e-01, -5.54782867e-01],
       [-5.24210572e-01, -5.90798676e-01],
       [-5.38242459e-01, -6.16995752e-01],
       [-5.47653139e-01, -6.55781865e-01],
       [-5.52073598e-01, -6.84726775e-01],
       [-5.51275492e-01, -7.03220725e-01],
       [-5.44172168e-01, -7.09395647e-01],
       [-5.39305747e-01, -7.15034902e-01],
       [-5.36770701e-01, -7.15588808e-01],
       [-5.24040699e-01, -6.94431663e-01],
       [-5.05074203e-01, -6.58424854e-01],
       [-4.83426988e-01, -6.36467159e-01],
       [-4.66832638e-01, -6.53697431e-01],
       [-4.46859896e-01, -6.60157919e-01],
       [-4.21459883e-01, -6.42424166e-01],
       [-3.99382442e-01, -6.22553527e-01],
       [-3.79947692e-01, -6.02847636e-01],
       [-3.63426417e-01, -6.12926066e-01],
       [-3.45252693e-01, -6.36415899e-01],
       [-3.25821429e-01, -6.57173932e-01],
       [-3.12382460e-01, -6.73915982e-01],
       [-3.03114057e-01, -7.22640872e-01],
       [-2.83550948e-01, -7.59897232e-01],
       [-2.54792452e-01, -7.63727546e-01],
       [-2.47580141e-01, -7.92909861e-01],
       [-2.52380908e-01, -8.44610035e-01],
       [-2.70102024e-01, -9.16304052e-01],
       [-2.97653794e-01, -9.76930439e-01],
       [-3.13989460e-01, -1.02545547e+00],
       [-3.23731661e-01, -1.07462215e+00],
       [-3.23712945e-01, -1.08107281e+00],
       [-3.31639051e-01, -1.08977115e+00],
       [-3.59554470e-01, -1.10664141e+00],
       [-4.27594006e-01, -1.15691292e+00],
       [-5.19289732e-01, -1.21691132e+00],
       [-5.19082189e-01, -1.22056913e+00],
       [-5.70445001e-01, -1.29165161e+00],
       [-5.76076508e-01, -1.32039213e+00],
       [-4.96136636e-01, -1.21549845e+00]], dtype=float32), 'ground_truth': array([[0.06938631, 0.96919371],
       [0.09695784, 0.96422322],
       [0.12461651, 0.95895175],
       [0.15236596, 0.95415437],
       [0.18019694, 0.94925926],
       [0.20811417, 0.94485749],
       [0.23610102, 0.94010923],
       [0.26417516, 0.93606688],
       [0.29231892, 0.93209054],
       [0.32053075, 0.92813199],
       [0.34881057, 0.92438926],
       [0.37715468, 0.92072262],
       [0.40556098, 0.9173144 ],
       [0.43402676, 0.91397885],
       [0.46254958, 0.91079815],
       [0.49112579, 0.90781781],
       [0.51975552, 0.90492364],
       [0.54843414, 0.90221132],
       [0.57716151, 0.89962316],
       [0.60592891, 0.89728666],
       [0.63475035, 0.89492224],
       [0.66358889, 0.89305597],
       [0.69249663, 0.89095445],
       [0.72138809, 0.88958335],
       [0.75037324, 0.88778897],
       [0.77930293, 0.88688812],
       [0.80837697, 0.88528574],
       [0.83732863, 0.88490032],
       [0.86645794, 0.88371422],
       [0.89542729, 0.88377214],
       [0.92454859, 0.88328841],
       [0.9535555 , 0.88362116],
       [0.98247468, 0.88447604],
       [1.01155398, 0.88495266],
       [1.04041778, 0.88634915],
       [1.06967968, 0.88678413],
       [1.09853311, 0.88868006],
       [1.12758619, 0.89022781],
       [1.15650265, 0.89238397],
       [1.18513445, 0.8954516 ],
       [1.21417712, 0.89775857],
       [1.24276   , 0.90133498],
       [1.27139095, 0.90499047],
       [1.29968829, 0.90947324],
       [1.32849074, 0.91325866],
       [1.35672193, 0.91827494],
       [1.38470056, 0.92387458],
       [1.41298225, 0.92922784],
       [1.44072785, 0.93557185],
       [1.46811825, 0.94255389],
       [1.49546739, 0.9497708 ],
       [1.52241335, 0.95762675],
       [1.54904681, 0.96598828],
       [1.57535475, 0.97485236],
       [1.60130106, 0.98423703],
       [1.62689696, 0.99412943],
       [1.652017  , 1.00459685],
       [1.67666249, 1.01562144],
       [1.70079817, 1.02720717],
       [1.72436853, 1.03936155],
       [1.74736887, 1.05207269],
       [1.76970997, 1.06534827],
       [1.79137323, 1.07917249],
       [1.81232473, 1.09353193],
       [1.83252715, 1.10841083],
       [1.85194428, 1.12379013],
       [1.87054133, 1.1396476 ],
       [1.88828515, 1.15595794],
       [1.90514439, 1.17269291],
       [1.92108966, 1.18982153],
       [1.93609373, 1.20731019],
       [1.95013163, 1.22512285],
       [1.96318081, 1.24322118],
       [1.97522126, 1.2615648 ],
       [1.98623565, 1.28011139],
       [1.9962094 , 1.29881697],
       [2.00513078, 1.31763603],
       [2.01299102, 1.33652176],
       [2.01978433, 1.35542629],
       [2.02550801, 1.37430081],
       [2.03016242, 1.39309589],
       [2.0337511 , 1.41176162],
       [2.0362807 , 1.43024783],
       [2.03776105, 1.44850435],
       [2.03820509, 1.46648116],
       [2.0376289 , 1.48412865],
       [2.03605165, 1.50139778],
       [2.03349555, 1.51824034],
       [2.02998578, 1.5346091 ],
       [2.02555042, 1.55045802],
       [2.0202204 , 1.56574248],
       [2.01402936, 1.58041938],
       [2.0070136 , 1.5944474 ],
       [1.9992119 , 1.60778713],
       [1.99066545, 1.62040123],
       [1.98141768, 1.63225458],
       [1.97151416, 1.64331447],
       [1.96098616, 1.65358458],
       [1.94991076, 1.66297348],
       [1.93832824, 1.67148425],
       [1.92628912, 1.67909868],
       [1.91382019, 1.68583043],
       [1.9010155 , 1.69160973],
       [1.88792123, 1.69643897],
       [1.8745409 , 1.70035544],
       [1.8609857 , 1.70329756],
       [1.84729253, 1.70527908],
       [1.83345076, 1.70633871],
       [1.81930124, 1.70658151],
       [1.80541539, 1.70571452],
       [1.79128815, 1.70403412],
       [1.77758151, 1.70127071],
       [1.76345882, 1.69778953],
       [1.75001533, 1.69321862],
       [1.73641189, 1.68787371],
       [1.72223538, 1.68185472],
       [1.70922753, 1.67473162],
       [1.69685042, 1.66673045],
       [1.68475942, 1.65798151],
       [1.67285989, 1.64851228]]), 'data_points': 600}, 4: {'r2': -9.174277305603027, 'mse': 2.642977436929903, 'train_losses': [0.9422862529754639, 0.8765411972999573, 0.8307628035545349, 0.7999643087387085, 0.7782720923423767, 0.7606716156005859, 0.7429484128952026, 0.722160279750824, 0.6978613138198853, 0.670812726020813, 0.6423383355140686, 0.6139789819717407, 0.5865505933761597, 0.5606312155723572, 0.5360168814659119, 0.5115736722946167, 0.48730894923210144, 0.4633854329586029, 0.4409630596637726, 0.4211551547050476, 0.40318068861961365, 0.38611873984336853, 0.3695945143699646, 0.35472819209098816, 0.3403763771057129, 0.32560017704963684, 0.31098324060440063, 0.296973317861557, 0.28255918622016907, 0.26857849955558777], 'test_losses': [1.339795708656311, 1.5128239393234253, 1.6984390020370483, 1.8864457607269287, 2.0532846450805664, 2.185185670852661, 2.2738234996795654, 2.318505048751831, 2.3249192237854004, 2.300403356552124, 2.258638620376587, 2.215043544769287, 2.1809911727905273, 2.165116786956787, 2.1749725341796875, 2.2149977684020996, 2.2756035327911377, 2.367802858352661, 2.479353427886963, 2.580465793609619, 2.67041015625, 2.7138173580169678, 2.704568386077881, 2.6787378787994385, 2.675842046737671, 2.706043243408203, 2.757664680480957, 2.7716150283813477, 2.726804256439209, 2.642977714538574], 'predictions': array([[ 0.18208818,  0.8729656 ],
       [ 0.05364484,  1.0699168 ],
       [-0.05316439,  1.006255  ],
       [-0.1145014 ,  0.81184936],
       [-0.0961342 ,  0.6316614 ],
       [-0.12590647,  0.42528185],
       [-0.41119146,  0.6179831 ],
       [-0.0628325 ,  0.26163906],
       [ 0.14729816,  0.40776947],
       [-0.51749456,  0.25284854],
       [ 0.24168794,  0.35416436],
       [-0.24684574,  0.12821376],
       [ 0.19006665,  0.34174463],
       [-0.23790957,  0.03940184],
       [ 0.06495137,  0.34791356],
       [-0.31357914, -0.04026467],
       [ 0.02697223,  0.32263917],
       [-0.37575254, -0.11439297],
       [-0.02741008,  0.2921995 ],
       [-0.46457317, -0.18853574],
       [-0.17944051,  0.2867607 ],
       [-0.5523753 , -0.27300125],
       [-0.06609098,  0.20293675],
       [-0.6169635 , -0.34050572],
       [-0.17127225,  0.20837308],
       [-0.69019395, -0.3961915 ],
       [-0.23914775,  0.18220581],
       [-0.7574199 , -0.43997768],
       [-0.30677733,  0.15450154],
       [-0.8189488 , -0.47420928],
       [-0.3637877 ,  0.11768917],
       [-0.8802644 , -0.49956805],
       [-0.41834706,  0.07428593],
       [-0.9532628 , -0.5229353 ],
       [-0.465408  ,  0.02276798],
       [-1.0217742 , -0.56261235],
       [-0.50913525, -0.03355468],
       [-1.4704989 , -0.750483  ],
       [-0.535594  , -0.09459127],
       [-0.95432365, -0.5308237 ],
       [-0.5511694 , -0.14725788],
       [-0.76921916, -0.426568  ],
       [-0.6387341 , -0.22224529],
       [-0.70337623, -0.36176494],
       [-0.31932336, -0.17300403],
       [-0.77392584, -0.4257099 ],
       [-0.5331497 , -0.29506227],
       [-0.62168884, -0.18751705],
       [-0.6118428 , -0.24264069],
       [-1.367379  , -0.75022626],
       [-0.65339017, -0.45299894],
       [-0.34690103, -0.2798146 ],
       [-0.7045468 , -0.2782786 ],
       [-1.8350631 , -1.0389915 ],
       [-1.8250065 , -1.0332298 ],
       [-1.0586915 , -0.16105309],
       [-1.0586915 , -0.16105309],
       [-1.0586915 , -0.16105309],
       [-0.62362057, -0.13323635],
       [-0.67346954, -0.1895209 ],
       [-0.62695974, -0.2512652 ],
       [-1.0553303 , -0.26647907],
       [-0.84962374, -0.3931304 ],
       [-0.9032073 , -0.47270417],
       [-0.9886016 , -0.55947405],
       [-0.97258085, -0.64891624],
       [-0.92606914, -0.730654  ],
       [-0.8777044 , -0.8347869 ],
       [-0.8654397 , -0.8841334 ],
       [-0.763514  , -0.81747216],
       [-0.6739172 , -0.6772953 ],
       [-0.28277627, -0.72525966],
       [-0.35142067, -0.45010954],
       [-0.34566116, -0.51614434],
       [-0.3635185 , -0.5894473 ],
       [-0.33362833, -0.6197087 ],
       [-0.29885843, -0.5888123 ],
       [-0.25409606, -0.556359  ],
       [-0.22858627, -0.5390018 ],
       [-0.19328053, -0.5405367 ],
       [-0.16185604, -0.5382756 ],
       [-0.12899622, -0.5300493 ],
       [-0.0823103 , -0.51510555],
       [-0.10901779, -0.5156887 ],
       [-0.10139801, -0.5199927 ],
       [-0.07392282, -0.52783114],
       [-0.07544095, -0.5435825 ],
       [-0.09740484, -0.56171685],
       [-0.09994687, -0.575568  ],
       [-0.08397304, -0.5957551 ],
       [-0.05988963, -0.61208725],
       [-0.07113396, -0.6113888 ],
       [-0.09407646, -0.58918697],
       [-0.13069555, -0.55046535],
       [-0.1780175 , -0.49444002],
       [-0.25779322, -0.4402639 ],
       [-0.34889314, -0.3752543 ],
       [-0.3969613 , -0.38249898],
       [-0.45872027, -0.4411772 ],
       [-0.4868315 , -0.45242348],
       [-0.49430466, -0.474576  ],
       [-0.49945775, -0.48968196],
       [-0.5240709 , -0.47600248],
       [-0.53582925, -0.43357915],
       [-0.5669708 , -0.39286953],
       [-0.6791076 , -0.36646327],
       [-0.7716254 , -0.38278797],
       [-0.9493156 , -0.5147232 ],
       [-0.8404073 , -0.37924227],
       [-1.0656871 , -0.6173128 ],
       [-0.87846386, -0.38484553],
       [-1.0952451 , -0.6625339 ],
       [-0.87717026, -0.35388616],
       [ 0.15054755, -0.6182733 ],
       [ 0.1876441 , -0.6204282 ],
       [-1.0883311 , -0.67414886],
       [-0.88846284, -0.28694338],
       [-0.20413339, -0.6282019 ],
       [-1.027043  , -0.44976318],
       [-1.0655254 , -0.60966957]], dtype=float32), 'ground_truth': array([[ 0.77969835, -0.08278023],
       [ 0.77447007, -0.06131678],
       [ 0.76870222, -0.03918237],
       [ 0.76464946, -0.01723165],
       [ 0.76005148,  0.00535744],
       [ 0.75711619,  0.02774859],
       [ 0.75360986,  0.05075613],
       [ 0.75173615,  0.07354381],
       [ 0.74922475,  0.09694611],
       [ 0.7483047 ,  0.1201114 ],
       [ 0.74672099,  0.14387661],
       [ 0.74669402,  0.16738794],
       [ 0.74598448,  0.19148348],
       [ 0.74681396,  0.21530318],
       [ 0.74689616,  0.23971228],
       [ 0.74846396,  0.26383928],
       [ 0.7492974 ,  0.28853007],
       [ 0.75159008,  0.31292657],
       [ 0.75312197,  0.33787707],
       [ 0.75608711,  0.36252264],
       [ 0.75826688,  0.38771316],
       [ 0.76185578,  0.41258892],
       [ 0.76463653,  0.43800128],
       [ 0.76880404,  0.46308979],
       [ 0.77214225,  0.48870716],
       [ 0.77684647,  0.51399229],
       [ 0.78070178,  0.53979915],
       [ 0.78590385,  0.565266  ],
       [ 0.79023882,  0.59124797],
       [ 0.79590269,  0.61688276],
       [ 0.80068259,  0.64302657],
       [ 0.80673668,  0.66883187],
       [ 0.81188796,  0.69513924],
       [ 0.81829679,  0.72110743],
       [ 0.82378181,  0.74756651],
       [ 0.83039233,  0.77373562],
       [ 0.83627622,  0.80029592],
       [ 0.8433505 ,  0.8265485 ],
       [ 0.84939602,  0.85328343],
       [ 0.85640497,  0.87979022],
       [ 0.86364486,  0.90632032],
       [ 0.87039976,  0.93312363],
       [ 0.876672  ,  0.96016433],
       [ 0.88340966,  0.98712741],
       [ 0.89078942,  1.0140027 ],
       [ 0.89801623,  1.04100106],
       [ 0.9045208 ,  1.06825096],
       [ 0.91070397,  1.0955961 ],
       [ 0.91700073,  1.12294324],
       [ 0.92371326,  1.15029967],
       [ 0.92970793,  1.17777119],
       [ 0.93533269,  1.20528612],
       [ 0.94073421,  1.23282832],
       [ 0.94581535,  1.26039048],
       [ 0.95054196,  1.28796357],
       [ 0.9548699 ,  1.31553609],
       [ 0.95875215,  1.34309284],
       [ 0.96214422,  1.37061542],
       [ 0.96500454,  1.39808243],
       [ 0.96785904,  1.42435167],
       [ 0.97056061,  1.44966291],
       [ 0.97258585,  1.47491288],
       [ 0.97390726,  1.50006746],
       [ 0.97450066,  1.52509063],
       [ 0.97434525,  1.54994476],
       [ 0.97342367,  1.57459076],
       [ 0.97172207,  1.59898834],
       [ 0.96923006,  1.62309619],
       [ 0.96594081,  1.64687227],
       [ 0.96185101,  1.67027396],
       [ 0.95696086,  1.69325835],
       [ 0.95127409,  1.71578241],
       [ 0.94479788,  1.73780323],
       [ 0.93754282,  1.75927825],
       [ 0.9295229 ,  1.78016545],
       [ 0.92075537,  1.80042358],
       [ 0.91126074,  1.82001237],
       [ 0.9010626 ,  1.83889271],
       [ 0.89018758,  1.85702685],
       [ 0.87866521,  1.87437859],
       [ 0.86652781,  1.89091348],
       [ 0.85381034,  1.90659894],
       [ 0.84055025,  1.92140446],
       [ 0.82678736,  1.93530177],
       [ 0.81256367,  1.94826493],
       [ 0.79792319,  1.9602705 ],
       [ 0.78291179,  1.97129765],
       [ 0.76756822,  1.98134027],
       [ 0.7519547 ,  1.99036298],
       [ 0.73611871,  1.99835896],
       [ 0.72011009,  2.00532121],
       [ 0.70398026,  2.01124431],
       [ 0.68778211,  2.01612498],
       [ 0.67156906,  2.01996302],
       [ 0.6552407 ,  2.02284944],
       [ 0.63863462,  2.02487384],
       [ 0.62248652,  2.02566527],
       [ 0.60582484,  2.0257333 ],
       [ 0.58990097,  2.02452847],
       [ 0.57341815,  2.02263573],
       [ 0.55784858,  2.01949975],
       [ 0.54174257,  2.01569287],
       [ 0.5258628 ,  2.01096369],
       [ 0.50996799,  2.00542875],
       [ 0.49525117,  1.998708  ],
       [ 0.47953216,  1.9915685 ],
       [ 0.46493501,  1.98333099],
       [ 0.45011209,  1.97447008],
       [ 0.43627799,  1.96463033],
       [ 0.42134923,  1.9544627 ],
       [ 0.40713456,  1.943457  ],
       [ 0.39241856,  1.93202435],
       [ 0.37848854,  1.91975546],
       [ 0.36406404,  1.90714172],
       [ 0.35011575,  1.89382985],
       [ 0.33577085,  1.88022662],
       [ 0.32169842,  1.86604422],
       [ 0.30737286,  1.8515821 ],
       [ 0.29333262,  1.83652939],
       [ 0.27884754,  1.82138021]]), 'data_points': 600}, 5: {'r2': -4.534242630004883, 'mse': 2.0942402635860677, 'train_losses': [1.207473635673523, 1.0705698728561401, 0.9600251317024231, 0.8769228458404541, 0.8225076794624329, 0.7947443127632141, 0.7845308184623718, 0.7772186994552612, 0.7587039470672607, 0.7282894253730774, 0.6920451521873474, 0.6566921472549438, 0.6242945194244385, 0.5943219065666199, 0.5652862191200256, 0.535624086856842, 0.5056893229484558, 0.47607576847076416, 0.4461768567562103, 0.4155195355415344, 0.3842163383960724, 0.3546670973300934, 0.3298874497413635, 0.31080296635627747, 0.2916830778121948, 0.2694665193557739, 0.24784016609191895, 0.23315934836864471, 0.22296786308288574, 0.21222123503684998], 'test_losses': [1.957595944404602, 1.7929738759994507, 1.6522204875946045, 1.5404173135757446, 1.4617952108383179, 1.4301488399505615, 1.4486466646194458, 1.508957028388977, 1.59586501121521, 1.6884413957595825, 1.7778512239456177, 1.853954792022705, 1.9054203033447266, 1.9280784130096436, 1.920389175415039, 1.8862226009368896, 1.8377540111541748, 1.7912174463272095, 1.759361743927002, 1.7625795602798462, 1.8091404438018799, 1.9006435871124268, 2.03058123588562, 2.1637487411499023, 2.2414557933807373, 2.245647668838501, 2.1863889694213867, 2.1132352352142334, 2.081594944000244, 2.0942399501800537], 'predictions': array([[ 0.1938958 , -0.14526361],
       [ 0.37037265, -0.17777492],
       [ 0.14214037, -0.2879635 ],
       [ 0.21396884, -0.00533081],
       [ 0.10848284, -0.35618973],
       [ 0.26673678, -0.4791556 ],
       [-0.01966676, -0.31869867],
       [ 0.16816202, -0.18100727],
       [-0.04854997, -0.44649664],
       [ 0.13308609, -0.2707844 ],
       [-0.14750856, -0.50617087],
       [ 0.15549792, -0.47165966],
       [-0.20722787, -0.5504589 ],
       [ 0.15343413, -0.5269618 ],
       [-0.30866516, -0.5893896 ],
       [-0.02631838, -0.4327713 ],
       [-0.38242975, -0.6267324 ],
       [-0.03733989, -0.5179166 ],
       [-0.44605824, -0.6587424 ],
       [-0.10476209, -0.5030428 ],
       [-0.5200495 , -0.6933175 ],
       [-0.15107651, -0.5265574 ],
       [-0.5975002 , -0.7412597 ],
       [-0.19889991, -0.5437695 ],
       [-0.65753686, -0.78962386],
       [-0.26274282, -0.5553424 ],
       [-0.7106579 , -0.83905745],
       [-0.32330814, -0.567252  ],
       [-0.78745526, -0.88188785],
       [-0.37980983, -0.5726046 ],
       [-0.84195733, -0.90914434],
       [-0.43522337, -0.58175325],
       [-0.8890415 , -0.9126563 ],
       [-0.48604795, -0.5947247 ],
       [-0.8696388 , -0.9832449 ],
       [-0.5360467 , -0.61378294],
       [-0.94091934, -0.98957103],
       [-0.5758236 , -0.63488483],
       [-0.93677807, -1.0816516 ],
       [-0.6104027 , -0.6619146 ],
       [-0.9932124 , -1.0072241 ],
       [-0.64353627, -0.6910728 ],
       [-0.9088272 , -1.0800282 ],
       [-0.6939414 , -0.7756253 ],
       [-1.0217309 , -0.7210516 ],
       [-0.74424416, -0.7744197 ],
       [-1.038563  , -1.1428945 ],
       [-0.84500045, -0.8644434 ],
       [-1.1364458 , -0.85746026],
       [-0.9701638 , -0.96798027],
       [-1.1040633 , -0.97602886],
       [-1.0417088 , -0.9605592 ],
       [-1.0188195 , -1.1063675 ],
       [-1.1291676 , -0.93824834],
       [-1.1320065 , -0.932476  ],
       [-0.8094202 , -1.5930377 ],
       [-0.8094202 , -1.5930377 ],
       [-0.8094202 , -1.5930377 ],
       [-0.66382736, -1.5700905 ],
       [-0.6212008 , -1.6472737 ],
       [-0.59787416, -1.7008367 ],
       [-0.5657964 , -1.6665204 ],
       [-0.57603747, -1.6243632 ],
       [-0.4773994 , -1.5165256 ],
       [-0.21167299, -1.2804309 ],
       [-0.14929211, -1.198967  ],
       [-0.13309434, -1.1356845 ],
       [-0.01424589, -1.0184534 ],
       [ 0.05937885, -0.9130305 ],
       [ 0.10296058, -0.8049357 ],
       [ 0.2376334 , -0.6652462 ],
       [ 0.4194078 , -0.5347647 ],
       [ 0.5715073 , -0.57043403],
       [ 0.72032857, -0.720699  ],
       [ 0.48781437, -0.8550263 ],
       [ 0.60033786, -0.7453412 ],
       [ 0.36464322, -0.68004245],
       [ 0.4194584 , -0.90235263],
       [ 0.6218204 , -0.71489125],
       [ 0.4519034 , -0.82878083],
       [ 0.31586775, -0.7586744 ],
       [ 0.7664157 , -0.94710684],
       [ 0.58855957, -1.136444  ],
       [ 0.4067961 , -0.94440675],
       [ 0.5826839 , -0.795094  ],
       [ 0.33246306, -0.93364275],
       [ 0.30411446, -0.91327685],
       [ 0.31756312, -0.9477382 ],
       [ 0.28999788, -0.9417414 ],
       [ 0.6644013 , -1.1118529 ],
       [ 0.47368124, -1.1086174 ],
       [ 0.4103061 , -0.95492387],
       [ 0.27269167, -0.9840617 ],
       [ 0.2736722 , -0.9940289 ],
       [ 0.6341637 , -1.14908   ],
       [ 0.2118732 , -0.9715113 ],
       [ 0.3193553 , -1.0677505 ],
       [ 0.60626715, -1.0717098 ],
       [ 0.22559209, -0.9930861 ],
       [ 0.32271287, -1.1046227 ],
       [ 0.45757127, -1.15675   ],
       [ 0.5362762 , -1.2894489 ],
       [ 0.60211796, -0.29620016],
       [ 0.60211796, -0.29620016],
       [ 0.60211796, -0.29620016],
       [ 0.7054328 , -0.6785079 ],
       [ 0.20396675, -0.79561824],
       [ 0.6601447 , -0.48623046],
       [ 0.6600373 , -0.81551075],
       [ 0.5922091 , -0.32418472],
       [ 0.33444372, -0.60847574],
       [ 0.1717622 , -0.81612915],
       [ 0.1338886 , -0.8297974 ],
       [ 0.3491421 , -0.5953261 ],
       [ 0.29981005, -0.6500324 ],
       [ 0.12438235, -0.7745393 ],
       [ 0.09001619, -0.6603845 ],
       [ 0.2575716 , -0.34658343],
       [ 0.47844455,  0.13427189],
       [ 0.4950261 ,  0.18905063]], dtype=float32), 'ground_truth': array([[ 1.89059006,  0.38435563],
       [ 1.90279411,  0.36933766],
       [ 1.91335655,  0.35408081],
       [ 1.92406937,  0.33802391],
       [ 1.93298074,  0.32186206],
       [ 1.94215626,  0.30489334],
       [ 1.94963975,  0.28786506],
       [ 1.95748403,  0.27001577],
       [ 1.96364584,  0.25217592],
       [ 1.96998724,  0.23361964],
       [ 1.9747739 ,  0.21509339],
       [ 1.97998128,  0.19577172],
       [ 1.98348085,  0.17661072],
       [ 1.98745804,  0.15665761],
       [ 1.9897991 ,  0.13689187],
       [ 1.99264692,  0.11635105],
       [ 1.99385155,  0.09605062],
       [ 1.99561081,  0.07498634],
       [ 1.99575868,  0.05419163],
       [ 1.99649256,  0.03265168],
       [ 1.99566692,  0.01139577],
       [ 1.99543865, -0.01057753],
       [ 1.99368583, -0.0322489 ],
       [ 1.99256431, -0.05462233],
       [ 1.98995161, -0.07667775],
       [ 1.98800171, -0.09942106],
       [ 1.98459159, -0.12183152],
       [ 1.98187348, -0.14491677],
       [ 1.97772384, -0.16765542],
       [ 1.97429331, -0.19105676],
       [ 1.96946789, -0.21410369],
       [ 1.96540232, -0.2378086 ],
       [ 1.95994928, -0.26114138],
       [ 1.95526736, -0.28511315],
       [ 1.94924813, -0.30871786],
       [ 1.94402316, -0.3329488 ],
       [ 1.93749925, -0.35681585],
       [ 1.93176943, -0.38128381],
       [ 1.9248086 , -0.405409  ],
       [ 1.9187224 , -0.43014193],
       [ 1.91150126, -0.4545736 ],
       [ 1.90498474, -0.47949622],
       [ 1.89748032, -0.50418994],
       [ 1.89071576, -0.5293456 ],
       [ 1.88332442, -0.5544168 ],
       [ 1.87642623, -0.57979577],
       [ 1.86932155, -0.60522522],
       [ 1.86250643, -0.63083132],
       [ 1.85544556, -0.65648215],
       [ 1.84878843, -0.68229467],
       [ 1.84066044, -0.70804425],
       [ 1.83215909, -0.73382949],
       [ 1.82374582, -0.75968192],
       [ 1.81537592, -0.78558696],
       [ 1.80698753, -0.81152443],
       [ 1.7985215 , -0.83747113],
       [ 1.78992223, -0.86340116],
       [ 1.78113783, -0.8892861 ],
       [ 1.77212015, -0.91509522],
       [ 1.76282489, -0.94079568],
       [ 1.75321161, -0.96635271],
       [ 1.74324378, -0.99172985],
       [ 1.73288886, -1.01688912],
       [ 1.72211826, -1.04179127],
       [ 1.71090741, -1.066396  ],
       [ 1.69931553, -1.09079584],
       [ 1.68757741, -1.11544823],
       [ 1.6758732 , -1.14069307],
       [ 1.66304648, -1.16459124],
       [ 1.64989231, -1.18842448],
       [ 1.6367451 , -1.21270245],
       [ 1.62236886, -1.23546872],
       [ 1.60774779, -1.25822777],
       [ 1.59284346, -1.28093098],
       [ 1.57712367, -1.30264389],
       [ 1.56171094, -1.32533498],
       [ 1.54604724, -1.34793894],
       [ 1.52924564, -1.36902768],
       [ 1.51237411, -1.39032952],
       [ 1.49521986, -1.41149768],
       [ 1.47774244, -1.4324502 ],
       [ 1.45979516, -1.45291521],
       [ 1.44129226, -1.47267913],
       [ 1.42303699, -1.49327822],
       [ 1.40423636, -1.51317302],
       [ 1.38518065, -1.53291575],
       [ 1.36577707, -1.55231165],
       [ 1.34587831, -1.57102531],
       [ 1.32584344, -1.58977709],
       [ 1.30583976, -1.60897773],
       [ 1.28511913, -1.62692017],
       [ 1.26425637, -1.64486573],
       [ 1.24345772, -1.66336972],
       [ 1.22208071, -1.68082357],
       [ 1.20074372, -1.6987403 ],
       [ 1.17902118, -1.71605626],
       [ 1.15681211, -1.73249617],
       [ 1.13482263, -1.7498375 ],
       [ 1.11220363, -1.76588843],
       [ 1.08946233, -1.78191394],
       [ 1.06659328, -1.79793321],
       [ 1.04347799, -1.81358886],
       [ 1.02001627, -1.82848475],
       [ 0.99643941, -1.84335889],
       [ 0.97265738, -1.85788523],
       [ 0.94861732, -1.87168706],
       [ 0.92440235, -1.88498101],
       [ 0.90004111, -1.89785719],
       [ 0.87553662, -1.91027279],
       [ 0.85089479, -1.92218123],
       [ 0.82612516, -1.93353754],
       [ 0.80124077, -1.94429883],
       [ 0.77625802, -1.95442437],
       [ 0.75119647, -1.96387582],
       [ 0.72607871, -1.9726173 ],
       [ 0.70093014, -1.9806156 ],
       [ 0.6757788 , -1.98784023],
       [ 0.6506552 , -1.99426357],
       [ 0.62559205, -1.99986099],
       [ 0.60062413, -2.00461091]]), 'data_points': 600}, 6: {'r2': -20.149438858032227, 'mse': 1.1413501597504503, 'train_losses': [0.9149103760719299, 0.8731788396835327, 0.8381566405296326, 0.8048134446144104, 0.7705405950546265, 0.7344905734062195, 0.6979735493659973, 0.6626766920089722, 0.6297116875648499, 0.5990695953369141, 0.5708701014518738, 0.5451323986053467, 0.5219550728797913, 0.502250611782074, 0.48605358600616455, 0.47136858105659485, 0.4563103914260864, 0.44077882170677185, 0.4242249131202698, 0.40631288290023804, 0.38730162382125854, 0.3689350187778473, 0.3517417907714844, 0.3346467614173889, 0.319366455078125, 0.3061084747314453, 0.29288923740386963, 0.2802600860595703, 0.26921018958091736, 0.2560010254383087], 'test_losses': [0.7459571361541748, 0.747134268283844, 0.7543185949325562, 0.7635318040847778, 0.7687084078788757, 0.7694967985153198, 0.7680433392524719, 0.7643358111381531, 0.7616924047470093, 0.7601194977760315, 0.7639052867889404, 0.7741271257400513, 0.7907822728157043, 0.8159133791923523, 0.8353694677352905, 0.8395995497703552, 0.8303617835044861, 0.8192098140716553, 0.8191641569137573, 0.8379586935043335, 0.8756565451622009, 0.9209442734718323, 0.9541236758232117, 0.9575013518333435, 0.9392189383506775, 0.9402830004692078, 0.9760529398918152, 1.0387308597564697, 1.1086838245391846, 1.1413501501083374], 'predictions': array([[ 1.92081302e-01,  2.64053941e-01],
       [ 1.54467627e-01,  2.30645075e-01],
       [ 2.65237957e-01,  2.19192505e-01],
       [-2.26036191e-01, -6.22304454e-02],
       [ 5.65005779e-01,  6.57160580e-02],
       [ 1.17585137e-01,  1.45887965e-02],
       [ 1.13285504e-01, -1.64645705e-02],
       [ 4.39109266e-01,  1.50844544e-01],
       [ 1.87402681e-01,  7.21586496e-02],
       [ 4.12208617e-01,  2.28889167e-01],
       [-1.76177882e-02,  6.31681532e-02],
       [-2.00645432e-01,  1.46821007e-01],
       [ 2.77312309e-01,  2.84928322e-01],
       [ 6.13201976e-01,  1.98917791e-01],
       [ 2.34032482e-01,  1.67167801e-02],
       [ 4.64440018e-01,  2.01326400e-01],
       [ 2.15961248e-01,  1.10019945e-01],
       [-2.66868323e-01,  2.58927234e-02],
       [ 3.11169773e-01,  2.84068376e-01],
       [ 2.10253716e-01,  2.34814793e-01],
       [ 3.83968771e-01,  2.16982231e-01],
       [ 3.74347478e-01,  1.71944559e-01],
       [ 8.02996099e-01, -7.33509362e-02],
       [ 5.55256069e-01, -3.82491723e-02],
       [ 4.67889637e-01, -6.38418198e-02],
       [ 6.85346603e-01, -1.29503279e-03],
       [ 6.02432668e-01, -4.50693667e-02],
       [ 7.72571504e-01,  3.50955036e-03],
       [ 6.26905620e-01, -5.50293773e-02],
       [ 6.47488832e-01, -3.66351344e-02],
       [ 6.88434541e-01,  9.54190046e-02],
       [ 6.26792610e-01,  9.05573964e-02],
       [ 1.10877633e+00, -3.09312791e-01],
       [ 1.10877633e+00, -3.09312791e-01],
       [ 1.10877633e+00, -3.09312791e-01],
       [ 1.18975031e+00, -1.88414007e-01],
       [ 1.07383120e+00, -9.45860520e-02],
       [ 9.94714677e-01, -1.15419641e-01],
       [ 1.14590240e+00, -3.58723283e-01],
       [ 8.23296189e-01, -2.15191692e-01],
       [ 8.25672984e-01, -4.16842639e-01],
       [ 4.37491804e-01, -4.03656185e-01],
       [ 2.92313427e-01, -4.13463145e-01],
       [-2.18204543e-01, -6.75941944e-01],
       [-1.40115172e-01, -3.04696828e-01],
       [-3.97222936e-01, -6.60826623e-01],
       [-5.18278718e-01, -3.58303308e-01],
       [-5.50897419e-01, -6.46827519e-01],
       [-9.62069154e-01, -4.77789253e-01],
       [-8.84508610e-01, -7.19669521e-01],
       [-1.17583549e+00, -6.76766336e-01],
       [-1.11485517e+00, -7.38986135e-01],
       [-1.11416149e+00, -6.68167830e-01],
       [-1.22628582e+00, -6.39700532e-01],
       [-1.34339762e+00, -5.91705263e-01],
       [-1.44909310e+00, -5.45300245e-01],
       [-1.44729733e+00, -4.98935372e-01],
       [-1.41468668e+00, -4.59579378e-01],
       [-1.41143513e+00, -4.58198577e-01],
       [-1.40608585e+00, -4.48195040e-01],
       [-1.40289211e+00, -4.42996383e-01],
       [-1.36658549e+00, -4.45599258e-01],
       [-1.29522359e+00, -4.83388662e-01],
       [-1.24490058e+00, -4.92322564e-01],
       [-1.18907785e+00, -4.97826517e-01],
       [-1.11075532e+00, -5.02424061e-01],
       [-1.02910650e+00, -5.38289487e-01],
       [-9.69404221e-01, -5.78951895e-01],
       [-9.50871706e-01, -6.16398692e-01],
       [-9.30428684e-01, -6.43547714e-01],
       [-8.75093341e-01, -5.15892506e-01],
       [-9.19396937e-01, -5.67848802e-01],
       [-9.71623600e-01, -6.44984782e-01],
       [-1.00784683e+00, -6.76755726e-01],
       [-1.05019712e+00, -6.82484269e-01],
       [-1.08520269e+00, -6.60420239e-01],
       [-1.11599290e+00, -6.09463692e-01],
       [-1.11486900e+00, -5.59603155e-01],
       [-1.06280637e+00, -5.32897532e-01],
       [-1.08178997e+00, -5.34662366e-01],
       [-1.10805476e+00, -5.37380219e-01],
       [-1.15434086e+00, -5.28307736e-01],
       [-1.17454231e+00, -4.94519174e-01],
       [-1.18214679e+00, -4.53809530e-01],
       [-1.18902695e+00, -4.24417734e-01],
       [-1.20501888e+00, -4.11084801e-01],
       [-1.20081937e+00, -4.05926585e-01],
       [-1.16530097e+00, -3.96234334e-01],
       [-1.13662982e+00, -3.89582485e-01],
       [-1.12694418e+00, -3.70560765e-01],
       [-1.12740314e+00, -3.46296310e-01],
       [-1.13047516e+00, -3.21621209e-01],
       [-1.15137029e+00, -3.13313901e-01],
       [-1.15751827e+00, -3.07300687e-01],
       [-1.13959539e+00, -3.11045289e-01],
       [-1.10052431e+00, -3.19476157e-01],
       [-1.01646066e+00, -2.93354034e-01],
       [-9.25044596e-01, -2.69827068e-01],
       [-8.51706564e-01, -2.37808287e-01],
       [-7.83439100e-01, -2.10387260e-01],
       [-7.11198747e-01, -1.59477845e-01],
       [-6.74616218e-01, -9.98044088e-02],
       [-6.47861421e-01, -1.13079967e-02],
       [-6.24837756e-01,  1.49912536e-01],
       [-6.58124089e-01,  2.94957459e-01],
       [-6.57061636e-01,  3.98262054e-01],
       [-6.97574854e-01,  6.10541821e-01],
       [-7.88975239e-01,  6.58159852e-01],
       [-8.01691771e-01,  5.18612862e-01],
       [-4.03674513e-01, -1.95298791e-01],
       [-5.75793564e-01,  5.61677516e-01],
       [-7.39835739e-01,  6.73254848e-01],
       [-8.18227232e-01,  5.98744333e-01],
       [-7.22031891e-01,  5.20856261e-01],
       [-5.58991373e-01,  4.70024079e-01],
       [-5.44725120e-01,  6.47108734e-01],
       [-6.87318563e-01,  5.58883727e-01],
       [-6.37481809e-01,  5.97558677e-01],
       [-3.34650367e-01,  9.85055342e-02],
       [-1.62443757e-01,  4.97202635e-01]], dtype=float32), 'ground_truth': array([[-0.8473856 , -0.85276634],
       [-0.82831237, -0.86960006],
       [-0.80934215, -0.88670227],
       [-0.79043298, -0.90404824],
       [-0.77131408, -0.92136774],
       [-0.75240501, -0.93909957],
       [-0.73313967, -0.95661837],
       [-0.71433783, -0.97492709],
       [-0.6958586 , -0.99384334],
       [-0.67707983, -1.01258149],
       [-0.65732984, -1.03044576],
       [-0.63750056, -1.0483772 ],
       [-0.61737461, -1.06608736],
       [-0.59740845, -1.08417155],
       [-0.57794884, -1.10316988],
       [-0.55827092, -1.12203092],
       [-0.53865703, -1.14109895],
       [-0.51858106, -1.15975737],
       [-0.49799597, -1.17799354],
       [-0.47698354, -1.19585389],
       [-0.45580997, -1.21358113],
       [-0.43469689, -1.23147162],
       [-0.41335388, -1.24910461],
       [-0.392011  , -1.26685612],
       [-0.37038989, -1.28422433],
       [-0.34870171, -1.3016278 ],
       [-0.32676484, -1.31866811],
       [-0.30513179, -1.33685674],
       [-0.28462495, -1.35470292],
       [-0.26599389, -1.371408  ],
       [-0.24803122, -1.38753011],
       [-0.23089487, -1.40292659],
       [-0.21437572, -1.41779163],
       [-0.19861338, -1.43196123],
       [-0.18342263, -1.44564861],
       [-0.16892155, -1.45866971],
       [-0.15457003, -1.47095114],
       [-0.14109868, -1.48284284],
       [-0.12798982, -1.49427388],
       [-0.11565917, -1.50525882],
       [-0.10382979, -1.51591445],
       [-0.09251397, -1.52599052],
       [-0.08182224, -1.53526321],
       [-0.07172821, -1.54360996],
       [-0.06235403, -1.55049015],
       [-0.05360246, -1.55594077],
       [-0.04537894, -1.56000166],
       [-0.03759176, -1.56271549],
       [-0.03015222, -1.56412768],
       [-0.02297476, -1.5642863 ],
       [-0.01597716, -1.563242  ],
       [-0.00908065, -1.56104786],
       [-0.00221006, -1.55775931],
       [ 0.00470608, -1.55343394],
       [ 0.01173537, -1.54813139],
       [ 0.0189415 , -1.54191318],
       [ 0.02638407, -1.53484252],
       [ 0.0341186 , -1.52698419],
       [ 0.04219636, -1.51840429],
       [ 0.05066437, -1.5091701 ],
       [ 0.05956532, -1.49934985],
       [ 0.06893754, -1.48901255],
       [ 0.07790323, -1.47908649],
       [ 0.0857263 , -1.47023174],
       [ 0.09240949, -1.46235843],
       [ 0.09795848, -1.45537774],
       [ 0.10238195, -1.44920206],
       [ 0.10569155, -1.44374517],
       [ 0.1079019 , -1.43892235],
       [ 0.10903059, -1.43465056],
       [ 0.10909812, -1.43084856],
       [ 0.10812791, -1.42743709],
       [ 0.10614618, -1.42433897],
       [ 0.10318197, -1.42147928],
       [ 0.099267  , -1.4187855 ],
       [ 0.0944356 , -1.41618761],
       [ 0.08872465, -1.41361826],
       [ 0.08217345, -1.41101289],
       [ 0.07482363, -1.40830984],
       [ 0.06671899, -1.40545046],
       [ 0.0579054 , -1.40237926],
       [ 0.04843068, -1.39904394],
       [ 0.0383444 , -1.39539557],
       [ 0.02769778, -1.39138862],
       [ 0.0165435 , -1.38698106],
       [ 0.00493554, -1.38213441],
       [-0.00707098, -1.37681383],
       [-0.01941999, -1.37098815],
       [-0.03205465, -1.36462991],
       [-0.04491755, -1.35771542],
       [-0.05795085, -1.35022473],
       [-0.07109652, -1.34214168],
       [-0.08429652, -1.33345387],
       [-0.09749298, -1.32415268],
       [-0.11062842, -1.31423322],
       [-0.1236459 , -1.30369427],
       [-0.13648926, -1.29253831],
       [-0.14927509, -1.28080488],
       [-0.16193625, -1.26847447],
       [-0.17504239, -1.25562253],
       [-0.18866723, -1.24227542],
       [-0.20090444, -1.22813444],
       [-0.21221118, -1.21332161],
       [-0.22389856, -1.19805465],
       [-0.23628128, -1.18236166],
       [-0.24795821, -1.16610035],
       [-0.25876646, -1.1492405 ],
       [-0.26885681, -1.1318426 ],
       [-0.27991017, -1.11412927],
       [-0.2910753 , -1.09603656],
       [-0.30133311, -1.07741153],
       [-0.31039717, -1.05820476],
       [-0.31955721, -1.03867113],
       [-0.32842765, -1.01876157],
       [-0.33699665, -0.99849407],
       [-0.34579791, -0.97789478],
       [-0.35356647, -0.95694068],
       [-0.36090006, -0.93569767],
       [-0.36801982, -0.91416675],
       [-0.37489707, -0.89234102]]), 'data_points': 600}, 7: {'r2': -9.96656608581543, 'mse': 1.3101555364568678, 'train_losses': [1.6754661798477173, 1.5435305833816528, 1.4390050172805786, 1.3557090759277344, 1.2933939695358276, 1.2567217350006104, 1.2458468675613403, 1.2472728490829468, 1.2442294359207153, 1.2276138067245483, 1.1977524757385254, 1.1602020263671875, 1.1213171482086182, 1.0852211713790894, 1.0535000562667847, 1.0259190797805786, 1.0001627206802368, 0.9743524789810181, 0.9460846781730652, 0.914076030254364, 0.8783958554267883, 0.8416418433189392, 0.8063519597053528, 0.7748215794563293, 0.7458761930465698, 0.7171892523765564, 0.6870281100273132, 0.6558797359466553, 0.6246116161346436, 0.5934287905693054], 'test_losses': [1.7595199346542358, 1.8841496706008911, 2.0246708393096924, 2.188854694366455, 2.382704734802246, 2.6031479835510254, 2.826310157775879, 3.00874662399292, 3.1131129264831543, 3.1303324699401855, 3.0717813968658447, 2.958197832107544, 2.8110783100128174, 2.6471946239471436, 2.4802277088165283, 2.323737621307373, 2.182767391204834, 2.064148426055908, 1.9719069004058838, 1.9027283191680908, 1.8580634593963623, 1.836321473121643, 1.8296152353286743, 1.8231737613677979, 1.800873041152954, 1.74506413936615, 1.6544876098632812, 1.53745436668396, 1.4168217182159424, 1.3101556301116943], 'predictions': array([[-0.35773474,  0.7770669 ],
       [ 0.09990146,  1.3228207 ],
       [-0.05242216,  0.8732043 ],
       [-0.310611  ,  0.7207524 ],
       [ 0.10013659,  1.2934805 ],
       [-0.6810316 ,  0.8108507 ],
       [ 0.04138522,  1.211065  ],
       [ 0.01532144,  0.9250539 ],
       [-0.39452592,  0.7085153 ],
       [ 0.1127315 ,  1.2890441 ],
       [-0.44912416,  0.71778035],
       [ 0.12730607,  1.2778449 ],
       [-0.02038295,  0.910952  ],
       [-0.36120388,  0.79294395],
       [ 0.16543518,  1.2868937 ],
       [-0.38603136,  0.67875385],
       [ 0.18693046,  1.2951958 ],
       [-0.37417763,  0.68265355],
       [ 0.18770856,  1.2523091 ],
       [-0.42928216,  0.6648378 ],
       [ 0.17854188,  1.1969345 ],
       [-0.48302573,  0.6608206 ],
       [ 0.1840095 ,  1.1768403 ],
       [-0.48524648,  0.66739285],
       [ 0.18503462,  1.1837103 ],
       [-0.48124143,  0.66983783],
       [ 0.16339707,  1.184565  ],
       [-0.6194448 ,  0.825813  ],
       [-0.12957664,  1.0771253 ],
       [-0.0688244 ,  1.1052396 ],
       [-0.13659456,  1.0350635 ],
       [-0.0843759 ,  1.0900077 ],
       [-0.11618038,  1.0000744 ],
       [-0.25554776,  0.98321646],
       [-0.07900759,  0.96659297],
       [-0.2897961 ,  0.96177757],
       [-0.09125648,  0.91733485],
       [-0.31436333,  0.86346215],
       [-0.10251617,  0.89479434],
       [-0.5004238 ,  0.6864032 ],
       [-0.07599116,  0.76783466],
       [-0.5872737 ,  0.68149227],
       [-0.12130348,  0.9290722 ],
       [-0.5101978 ,  0.6636425 ],
       [-0.11849266,  0.6463764 ],
       [-0.54962105,  0.650009  ],
       [-0.16093764,  0.63223463],
       [-0.53766584,  0.6327526 ],
       [-0.23140648,  1.0157207 ],
       [-0.21596071,  0.9440902 ],
       [-0.40644646,  0.8941022 ],
       [-0.20399739,  1.1490412 ],
       [-0.5295086 ,  0.51611954],
       [-0.2465489 ,  0.5714752 ],
       [-0.52053905,  0.5970522 ],
       [-0.28385437,  0.5960623 ],
       [-0.44555843,  0.64122725],
       [-0.2742896 ,  0.67162746],
       [-0.36383674,  0.6984217 ],
       [-0.30946302,  0.77109694],
       [-0.35230514,  0.7788827 ],
       [-0.12720653,  1.0746015 ],
       [-0.32039824,  0.7738833 ],
       [-0.24776974,  0.8408563 ],
       [-0.29566976,  0.9147189 ],
       [-0.29488957,  0.89887077],
       [-0.29839313,  0.92013305],
       [-0.2983868 ,  0.93508226],
       [-0.29943207,  0.9284969 ],
       [-0.29103696,  0.9137512 ],
       [-0.27773026,  1.3534753 ],
       [-0.12426473,  1.4930891 ],
       [-0.16681424,  1.178319  ],
       [-0.23656903,  0.98661846],
       [-0.23646177,  0.86050016],
       [-0.21513908,  0.87334436],
       [-0.17318867,  0.8282313 ],
       [-0.10824254,  0.9807092 ],
       [-0.14731473,  0.89028835],
       [-0.14352223,  0.8557275 ],
       [-0.5053323 ,  1.5553653 ],
       [-0.57736814,  1.5274959 ],
       [-0.8883524 ,  1.4299887 ],
       [-0.38042372,  1.3968531 ],
       [-0.25397077,  0.9181812 ],
       [-0.42100278,  1.075227  ],
       [-0.562497  ,  1.2075502 ],
       [-0.94201267,  1.3926226 ],
       [-0.9534806 ,  1.4205856 ],
       [-0.98237985,  1.334379  ],
       [-0.9689958 ,  1.2643707 ],
       [-0.9921852 ,  1.2351179 ],
       [-1.0027537 ,  1.1818848 ],
       [-0.98554313,  1.0881829 ],
       [-0.9317793 ,  0.9846507 ],
       [-0.88219696,  0.9278725 ],
       [-0.78898644,  0.89551395],
       [-0.7444852 ,  0.8383254 ],
       [-0.5143074 ,  0.82680357],
       [-0.7822366 ,  0.35613972],
       [-0.63648885,  0.721741  ],
       [-0.8572621 ,  0.26616758],
       [-0.6506299 ,  0.70016545],
       [-0.76092887,  0.13329548],
       [-0.81764066,  0.3809004 ],
       [-0.787831  ,  0.40965757],
       [-0.85112935,  0.27033082],
       [-0.64650375,  0.78848046],
       [-0.8066585 ,  0.3636535 ],
       [-0.5448634 ,  0.66468734],
       [-0.8306399 ,  0.279132  ],
       [-0.66734475,  0.6147117 ],
       [-0.80660355,  0.27672884],
       [-0.7920382 ,  0.44949284],
       [-0.83966273,  0.24064481],
       [-0.78368366,  0.4765569 ],
       [-0.81929344,  0.22443046],
       [-0.734715  ,  0.43347627],
       [-0.71939695,  0.3828113 ],
       [-0.6562702 ,  0.4668738 ]], dtype=float32), 'ground_truth': array([[1.18664038, 1.42554045],
       [1.19128875, 1.43483767],
       [1.19526949, 1.44491771],
       [1.20057473, 1.45476146],
       [1.20698975, 1.46456076],
       [1.21285953, 1.47582427],
       [1.21999885, 1.48682559],
       [1.22680714, 1.49902068],
       [1.23503237, 1.51072959],
       [1.24372353, 1.52284005],
       [1.25188519, 1.53620719],
       [1.26151512, 1.54897371],
       [1.27068496, 1.56289182],
       [1.28115046, 1.57630568],
       [1.29113065, 1.59084179],
       [1.30236525, 1.60486011],
       [1.31308485, 1.61997827],
       [1.32503093, 1.63455691],
       [1.33643494, 1.65021422],
       [1.34903961, 1.66531189],
       [1.36107712, 1.68146863],
       [1.3742914 , 1.69704707],
       [1.38691532, 1.71366643],
       [1.39981605, 1.72879586],
       [1.41060797, 1.74331564],
       [1.41987153, 1.75685076],
       [1.42812962, 1.7689992 ],
       [1.43515476, 1.78010573],
       [1.4411086 , 1.79007297],
       [1.44636323, 1.79838982],
       [1.4500936 , 1.80638555],
       [1.45313024, 1.81283729],
       [1.45473625, 1.81908698],
       [1.45578733, 1.82365384],
       [1.45535654, 1.82836249],
       [1.45444505, 1.83138521],
       [1.45208142, 1.83473245],
       [1.4493483 , 1.8363303 ],
       [1.44518913, 1.83840643],
       [1.4406648 , 1.83890512],
       [1.43481927, 1.83985138],
       [1.42869616, 1.83921379],
       [1.42128827, 1.83910705],
       [1.41365238, 1.83749035],
       [1.40485394, 1.83629507],
       [1.395426  , 1.83454879],
       [1.38546828, 1.83210358],
       [1.37454627, 1.82994488],
       [1.36350472, 1.82631712],
       [1.35166227, 1.82277014],
       [1.33959462, 1.81816584],
       [1.32674687, 1.81369666],
       [1.31368773, 1.80834788],
       [1.29988992, 1.80309553],
       [1.2859649 , 1.79698251],
       [1.27142141, 1.79081037],
       [1.25675997, 1.78390314],
       [1.24092483, 1.77764688],
       [1.22550908, 1.77001289],
       [1.20977607, 1.76201106],
       [1.1936558 , 1.75373603],
       [1.17756615, 1.74474927],
       [1.1611296 , 1.73549252],
       [1.14458719, 1.72573578],
       [1.12792067, 1.71552361],
       [1.11112931, 1.70487574],
       [1.09430477, 1.69373627],
       [1.07643655, 1.6828892 ],
       [1.05946558, 1.67083999],
       [1.04180911, 1.65884618],
       [1.02490444, 1.64581461],
       [1.00776844, 1.6325314 ],
       [0.99097981, 1.61860715],
       [0.974013  , 1.60441561],
       [0.95712922, 1.58979511],
       [0.9406833 , 1.57458213],
       [0.92346975, 1.55938489],
       [0.90571279, 1.5440988 ],
       [0.88868943, 1.52953414],
       [0.87205149, 1.51559018],
       [0.85665178, 1.50099567],
       [0.84188574, 1.48601822],
       [0.82600342, 1.47134352],
       [0.81030051, 1.45615973],
       [0.79410344, 1.44096226],
       [0.77771355, 1.42560174],
       [0.76123048, 1.41002906],
       [0.74461692, 1.39429182],
       [0.72783437, 1.37844256],
       [0.71084841, 1.36253458],
       [0.69362888, 1.34662156],
       [0.6761499 , 1.33075739],
       [0.65839441, 1.31498604],
       [0.64041352, 1.29918303],
       [0.6221575 , 1.28341585],
       [0.60384439, 1.26700197],
       [0.58489581, 1.25158153],
       [0.56581865, 1.23570889],
       [0.5461579 , 1.22081587],
       [0.52643439, 1.20524126],
       [0.50621177, 1.19046768],
       [0.48566991, 1.17593365],
       [0.46486693, 1.16145318],
       [0.44368229, 1.14751115],
       [0.42246853, 1.13279602],
       [0.40069412, 1.11933469],
       [0.37893206, 1.10508576],
       [0.35662802, 1.09201052],
       [0.33436444, 1.07817557],
       [0.31168152, 1.06511088],
       [0.28903566, 1.05146061],
       [0.26583202, 1.0389137 ],
       [0.24278065, 1.02556034],
       [0.21925546, 1.01304698],
       [0.19557193, 1.00057439],
       [0.17166873, 0.98831399],
       [0.14798758, 0.97516453],
       [0.12398218, 0.96252738],
       [0.1001044 , 0.94937862],
       [0.07575605, 0.93698599]]), 'data_points': 600}, 8: {'r2': -14.399312019348145, 'mse': 0.6345273752460204, 'train_losses': [0.6600332260131836, 0.5952135324478149, 0.5477390289306641, 0.5136167407035828, 0.48950502276420593, 0.4717014729976654, 0.45499661564826965, 0.4355350434780121, 0.41259947419166565, 0.38823506236076355, 0.3657698929309845, 0.34819018840789795, 0.3358748257160187, 0.3263695538043976, 0.31624510884284973, 0.3036331832408905, 0.2888232469558716, 0.27494722604751587, 0.2640407383441925, 0.2549361288547516, 0.24496960639953613, 0.23298169672489166, 0.21999794244766235, 0.20845554769039154, 0.19862842559814453, 0.18927590548992157, 0.1789626032114029, 0.16776542365550995, 0.15671603381633759, 0.14718809723854065], 'test_losses': [0.7971183657646179, 0.751396894454956, 0.7109050750732422, 0.6748294234275818, 0.6443386673927307, 0.6221902966499329, 0.6100655794143677, 0.6101587414741516, 0.6234787106513977, 0.6508438587188721, 0.6923484206199646, 0.7420307397842407, 0.7958706617355347, 0.8425707221031189, 0.8706153035163879, 0.874778151512146, 0.8542464971542358, 0.8183213472366333, 0.7790727615356445, 0.7427561283111572, 0.7185303568840027, 0.7072221636772156, 0.7086666822433472, 0.7091661691665649, 0.708409309387207, 0.6991608738899231, 0.6838892102241516, 0.6686506271362305, 0.6496241092681885, 0.6345273852348328], 'predictions': array([[-0.17409968, -0.6953655 ],
       [-0.20419134, -0.5478665 ],
       [-0.27773046, -0.24727821],
       [-0.22783892, -0.6708727 ],
       [-0.22370301, -0.58571094],
       [-0.28067824, -0.29197985],
       [-0.2918572 , -0.6707647 ],
       [-0.2420435 , -0.59001833],
       [-0.29372728, -0.42557058],
       [-0.29183668, -0.41250634],
       [-0.3075409 , -0.5280406 ],
       [-0.25707984, -0.32773507],
       [-0.31689548, -0.72015417],
       [-0.2727545 , -0.6765353 ],
       [-0.29970512, -0.52052486],
       [-0.26273397, -1.0149181 ],
       [-0.3119048 , -0.59312093],
       [-0.28542373, -0.5303421 ],
       [-0.2707741 , -0.4686436 ],
       [-0.29406857, -0.5585983 ],
       [-0.35771164, -0.8502618 ],
       [-0.42398047, -0.9081825 ],
       [-0.14576271, -0.48258874],
       [-0.14576271, -0.48258874],
       [-0.14576271, -0.48258874],
       [-0.21505296, -0.10449623],
       [-0.34051377, -0.69069946],
       [-0.15594696, -0.54442596],
       [-0.23734722, -0.05540857],
       [-0.39880234, -0.76365644],
       [-0.17152573, -0.61469984],
       [-0.17698458, -0.81872505],
       [-0.20232193, -0.6828154 ],
       [-0.57792026, -1.3113678 ],
       [-0.2387875 , -0.7514634 ],
       [-0.27971587, -0.13550423],
       [-0.65979904, -1.4129832 ],
       [-0.00529029, -0.80093807],
       [-0.07714535, -0.8501594 ],
       [ 0.05699529, -0.6839018 ],
       [ 0.08162153, -0.31156138],
       [ 0.1479799 , -0.25450072],
       [ 0.20238926, -0.23269962],
       [ 0.23891392, -0.22546145],
       [ 0.26258972, -0.21591842],
       [ 0.29383397, -0.1983902 ],
       [ 0.31679666, -0.19698863],
       [ 0.33994153, -0.20196657],
       [ 0.3645355 , -0.20578054],
       [ 0.37408194, -0.2166815 ],
       [ 0.37344918, -0.22551206],
       [ 0.35117522, -0.22596475],
       [ 0.31779847, -0.22337273],
       [ 0.31467652, -0.20655675],
       [ 0.2922603 , -0.1812979 ],
       [ 0.29770905, -0.14218949],
       [ 0.30979583, -0.09280413],
       [ 0.27319783, -0.05623051],
       [ 0.15894827, -0.06232626],
       [ 0.04350473, -0.1212545 ],
       [ 0.10050882, -0.15157424],
       [ 0.2262892 , -0.15996428],
       [ 0.23195146, -0.17980175],
       [ 0.15950705, -0.24048382],
       [ 0.10456833, -0.33595172],
       [ 0.09197173, -0.3781382 ],
       [ 0.06626952, -0.33267695],
       [ 0.02171121, -0.26893595],
       [-0.15378657, -0.2661251 ],
       [-0.32757604, -0.09048615],
       [-0.42382172, -0.11545989],
       [-0.26294956, -0.38084963],
       [-0.06150011, -0.6779637 ],
       [-0.31977314, -0.23229316],
       [-0.3585434 , -0.40229708],
       [-0.35008886, -0.28021201],
       [-0.3840341 , -0.41285306],
       [-0.33275408, -0.31865954],
       [-0.41733152, -0.4295761 ],
       [-0.32057372, -0.34082496],
       [-0.44039613, -0.44738433],
       [-0.31500944, -0.37471154],
       [-0.45582741, -0.45010704],
       [-0.32047382, -0.40843445],
       [-0.47112355, -0.45084864],
       [-0.34633   , -0.45047724],
       [-0.48647037, -0.45190328],
       [-0.3724321 , -0.48171175],
       [-0.50905454, -0.6015541 ],
       [-0.37927014, -0.49539807],
       [-0.4749654 , -0.37426552],
       [-0.3810059 , -0.49004787],
       [-0.44092023, -0.22679473],
       [-0.37921226, -0.47860983],
       [-0.30776748,  0.03824962],
       [-0.42567632, -0.61422443],
       [-0.3947568 , -0.40647316],
       [-0.2845832 ,  0.10377347],
       [-0.2797554 ,  0.15086511],
       [-0.30220526,  0.14018875],
       [-0.3379737 ,  0.10162928],
       [-0.4853554 , -0.23210736],
       [-0.33234116, -0.35503474],
       [-0.4229461 , -0.61401033],
       [-0.30896816, -0.3269402 ],
       [-0.5067493 , -0.8437097 ],
       [-0.438272  , -0.52921975],
       [-0.7421919 , -1.1960244 ],
       [-0.590687  , -0.56460935],
       [-0.5784157 , -0.315813  ],
       [-0.59796625, -0.5311729 ],
       [-0.7798572 , -0.98945034],
       [-0.52350503, -0.48275378],
       [-0.7588921 , -1.0428519 ],
       [-0.4965611 , -0.4451102 ],
       [-0.43887773, -0.36986145],
       [-0.43218237, -0.4552161 ],
       [-0.7086321 , -0.9483523 ],
       [-0.4852736 , -0.42524126],
       [-0.5181868 , -0.37741488]], dtype=float32), 'ground_truth': array([[-0.71271542, -0.19783786],
       [-0.7280181 , -0.21785742],
       [-0.74381186, -0.23750069],
       [-0.75969983, -0.2576084 ],
       [-0.77649523, -0.27639567],
       [-0.79316284, -0.29608599],
       [-0.81060166, -0.31469777],
       [-0.82825407, -0.33341563],
       [-0.84616722, -0.35211368],
       [-0.86470375, -0.37000693],
       [-0.88344729, -0.38795405],
       [-0.90266278, -0.40535664],
       [-0.92189125, -0.42323192],
       [-0.94126908, -0.4412144 ],
       [-0.96149564, -0.45782251],
       [-0.9814636 , -0.47539002],
       [-1.00193033, -0.49228645],
       [-1.02299698, -0.50828175],
       [-1.04372488, -0.52538845],
       [-1.06481303, -0.54205503],
       [-1.08581437, -0.55916545],
       [-1.10761077, -0.57504375],
       [-1.12908023, -0.59177421],
       [-1.15108029, -0.60778672],
       [-1.17355001, -0.62318018],
       [-1.19523933, -0.639537  ],
       [-1.21550557, -0.65547256],
       [-1.23399059, -0.67017193],
       [-1.25081143, -0.68360604],
       [-1.26607566, -0.69576521],
       [-1.27988979, -0.70664344],
       [-1.29235948, -0.71623796],
       [-1.30358945, -0.72454921],
       [-1.31368328, -0.73158096],
       [-1.32274326, -0.73734032],
       [-1.33087022, -0.74183779],
       [-1.33816335, -0.74508726],
       [-1.34472   , -0.74710601],
       [-1.35063556, -0.74791473],
       [-1.35600322, -0.74753743],
       [-1.36091385, -0.74600141],
       [-1.36545578, -0.74333725],
       [-1.36971467, -0.73957865],
       [-1.37377331, -0.73476238],
       [-1.37771151, -0.72892821],
       [-1.38160589, -0.72211873],
       [-1.38552978, -0.71437925],
       [-1.38955307, -0.70575768],
       [-1.39374207, -0.69630434],
       [-1.39815941, -0.68607182],
       [-1.40286391, -0.67511483],
       [-1.40791052, -0.66348997],
       [-1.41335019, -0.65125562],
       [-1.4192298 , -0.63847167],
       [-1.42559211, -0.62519937],
       [-1.43247573, -0.61150111],
       [-1.43991501, -0.59744023],
       [-1.44702025, -0.58393085],
       [-1.45310196, -0.57169354],
       [-1.45835796, -0.56093964],
       [-1.46281557, -0.55168411],
       [-1.46577727, -0.54283694],
       [-1.46844884, -0.53608372],
       [-1.46942266, -0.52923781],
       [-1.47006727, -0.52424475],
       [-1.46910017, -0.51910812],
       [-1.46787806, -0.51576051],
       [-1.4651146 , -0.51220779],
       [-1.46216441, -0.51038439],
       [-1.45773801, -0.50829887],
       [-1.4531881 , -0.50788735],
       [-1.44722227, -0.5071609 ],
       [-1.44119144, -0.50805722],
       [-1.43380052, -0.50858968],
       [-1.42639877, -0.51069746],
       [-1.4176886 , -0.51239607],
       [-1.40901773, -0.51562604],
       [-1.39908629, -0.51840484],
       [-1.38922147, -0.52264654],
       [-1.37814083, -0.52639544],
       [-1.367148  , -0.5315443 ],
       [-1.35499731, -0.53617552],
       [-1.34287349, -0.54203676],
       [-1.32989609, -0.54773145],
       [-1.31620068, -0.55337364],
       [-1.30254296, -0.56021074],
       [-1.28838374, -0.56729138],
       [-1.27394452, -0.57495428],
       [-1.25906516, -0.58287463],
       [-1.24371016, -0.59096527],
       [-1.22748166, -0.59854665],
       [-1.21096446, -0.60648848],
       [-1.19393629, -0.61432803],
       [-1.17680753, -0.62287517],
       [-1.15910277, -0.63106169],
       [-1.14128044, -0.6399819 ],
       [-1.12288237, -0.64838652],
       [-1.1043748 , -0.65762705],
       [-1.08524052, -0.6660106 ],
       [-1.06588655, -0.67484899],
       [-1.04606488, -0.68311737],
       [-1.02604903, -0.69204968],
       [-1.005562  , -0.7001543 ],
       [-0.98485945, -0.70890733],
       [-0.96372126, -0.71669927],
       [-0.94233268, -0.72490632],
       [-0.9205855 , -0.73226029],
       [-0.89859332, -0.74041536],
       [-0.87626572, -0.74736177],
       [-0.85367415, -0.75476211],
       [-0.83081347, -0.76115281],
       [-0.80766557, -0.76837426],
       [-0.78429456, -0.77428389],
       [-0.76063409, -0.7809049 ],
       [-0.73679203, -0.78624508],
       [-0.71265646, -0.79230092],
       [-0.68838424, -0.79702274],
       [-0.66381671, -0.80243678],
       [-0.63914855, -0.80658913],
       [-0.61418252, -0.81139536]]), 'data_points': 600}, 9: {'r2': -1.988229751586914, 'mse': 0.7052544686366492, 'train_losses': [0.6799793839454651, 0.598034679889679, 0.5349814891815186, 0.4909311830997467, 0.46475476026535034, 0.4527544677257538, 0.44689467549324036, 0.4396743178367615, 0.4283447563648224, 0.41414082050323486, 0.3993338942527771, 0.38576826453208923, 0.374654620885849, 0.36628082394599915, 0.3600502014160156, 0.3548506200313568, 0.34968721866607666, 0.3437851071357727, 0.3366073668003082, 0.3280111253261566, 0.3184736371040344, 0.30839818716049194, 0.2986631691455841, 0.2898601293563843, 0.2823396623134613, 0.27603551745414734, 0.2704649269580841, 0.26480403542518616, 0.2583547830581665, 0.2511428892612457], 'test_losses': [1.959976315498352, 1.6346008777618408, 1.3476861715316772, 1.101000189781189, 0.9014550447463989, 0.7521255612373352, 0.6539708971977234, 0.5973144173622131, 0.5735732316970825, 0.5797237753868103, 0.6129279732704163, 0.6673935651779175, 0.7344314455986023, 0.8064960241317749, 0.8751844763755798, 0.9341222047805786, 0.9781663417816162, 1.0050386190414429, 1.0129154920578003, 1.0017848014831543, 0.9752428531646729, 0.9350006580352783, 0.8876290917396545, 0.8362557291984558, 0.7851396203041077, 0.739846408367157, 0.7071765065193176, 0.6910035610198975, 0.6908382773399353, 0.7052544355392456], 'predictions': array([[ 0.52017677,  0.6869028 ],
       [ 0.67209584,  0.18897474],
       [ 0.6221221 ,  0.4613027 ],
       [ 0.68953884,  0.29154724],
       [ 0.60360265,  0.5716424 ],
       [ 0.72202307,  0.3287661 ],
       [ 0.65413254,  0.60020256],
       [ 0.89156336,  0.19018354],
       [ 0.6800454 ,  0.5819026 ],
       [ 0.870178  ,  0.19403207],
       [ 0.6713938 ,  0.5648037 ],
       [ 0.8578834 ,  0.20434783],
       [ 0.6650361 ,  0.54734105],
       [ 0.56249034,  1.0607647 ],
       [ 0.6162973 ,  0.8003115 ],
       [ 0.6244884 ,  0.4731004 ],
       [ 0.6543043 ,  0.43944776],
       [ 0.64345497,  0.51244193],
       [ 0.645134  ,  0.4614385 ],
       [ 0.6083896 ,  0.60529214],
       [ 0.72767985,  0.24775946],
       [ 0.53884107,  0.6407152 ],
       [ 0.43613055,  1.1950424 ],
       [ 0.56152564,  0.26205277],
       [ 0.57262534,  0.6607874 ],
       [ 0.67363787,  0.76255167],
       [-0.00669735,  1.0698702 ],
       [-0.00669735,  1.0698702 ],
       [-0.00669735,  1.0698702 ],
       [-0.03014542,  1.2663935 ],
       [-0.03108853,  1.2557788 ],
       [-0.0069052 ,  1.1349099 ],
       [-0.01602603,  1.1840479 ],
       [ 0.01808763,  1.0974892 ],
       [ 0.0588735 ,  0.99264354],
       [ 0.05430895,  1.0018628 ],
       [ 0.07287519,  0.95457816],
       [ 0.07670099,  0.9496152 ],
       [ 0.08570506,  0.9466332 ],
       [ 0.09098554,  0.9556252 ],
       [ 0.10040453,  1.0059453 ],
       [ 0.11395665,  1.0557524 ],
       [ 0.14165874,  1.0759778 ],
       [ 0.15154669,  1.1345575 ],
       [ 0.1741471 ,  1.1240507 ],
       [ 0.20167796,  1.1742321 ],
       [ 0.23598984,  1.2348846 ],
       [ 0.24406104,  1.2166243 ],
       [ 0.3205196 ,  1.3294755 ],
       [ 0.24646445,  1.3116068 ],
       [ 0.3593536 ,  1.3068458 ],
       [ 0.26438183,  1.1230893 ],
       [ 0.452321  ,  1.4268384 ],
       [ 0.2647074 ,  1.0215236 ],
       [ 0.5106776 ,  1.4456172 ],
       [ 0.14461261,  1.3636525 ],
       [ 0.2612928 ,  1.5447767 ],
       [ 0.3224808 ,  1.194512  ],
       [ 0.60122275,  1.4878181 ],
       [ 0.2858032 ,  1.3084667 ],
       [ 0.10899608,  1.5194306 ],
       [ 0.43862563,  1.5713581 ],
       [ 0.29254642,  1.4620726 ],
       [ 0.2819729 ,  1.1918683 ],
       [ 0.45603976,  1.4904835 ],
       [ 0.30826148,  1.1128536 ],
       [ 0.45884988,  1.503486  ],
       [ 0.11857925,  1.6073505 ],
       [ 0.3420556 ,  1.2930666 ],
       [ 0.47464037,  1.5294574 ],
       [ 0.3217495 ,  1.4551936 ],
       [ 0.02198475,  1.5873897 ],
       [ 0.40552   ,  1.4837605 ],
       [ 0.00425361,  1.5341971 ],
       [ 0.37581363,  1.6274958 ],
       [ 0.12338624,  1.6292467 ],
       [ 0.35353625,  1.2654964 ],
       [ 0.41657552,  1.5595508 ],
       [ 0.12886545,  1.6291946 ],
       [ 0.3511696 ,  1.1911656 ],
       [ 0.4106132 ,  1.5696782 ],
       [ 0.3554893 ,  1.0819674 ],
       [ 0.42163777,  1.5772556 ],
       [ 0.10911354,  1.6293436 ],
       [-0.02658665,  1.5438458 ],
       [ 0.42881045,  1.5824026 ],
       [ 0.14471349,  1.6371505 ],
       [ 0.00402727,  1.5876006 ],
       [ 0.32301655,  1.6531128 ],
       [ 0.02544985,  1.5953392 ],
       [ 0.27131155,  1.6689507 ],
       [ 0.20728034,  1.6927427 ],
       [ 0.06596125,  1.6301311 ],
       [ 0.3371362 ,  1.3345144 ],
       [ 0.39942065,  1.6342593 ],
       [ 0.38787568,  1.0884389 ],
       [ 0.4138218 ,  1.6439441 ],
       [ 0.12404007,  1.6817352 ],
       [ 0.3821493 ,  1.1566284 ],
       [ 0.39721724,  1.6636689 ],
       [ 0.41180465,  1.1093159 ],
       [ 0.40502793,  1.6766723 ],
       [ 0.4097305 ,  1.0737622 ],
       [ 0.39894998,  1.6874022 ],
       [ 0.2980997 ,  1.6809427 ],
       [ 0.39306447,  1.0429764 ],
       [ 0.35304573,  1.6873959 ],
       [ 0.42394802,  1.383328  ],
       [ 0.43487728,  1.6973335 ],
       [ 0.13305883,  1.7939986 ],
       [ 0.41088277,  1.1913979 ],
       [ 0.39673498,  1.7661092 ],
       [ 0.43876565,  1.1953831 ],
       [ 0.35136834,  1.8432127 ],
       [ 0.45755145,  1.1866599 ],
       [ 0.38462704,  1.6538366 ],
       [ 0.39982536,  1.5037471 ],
       [ 0.20573896,  1.8522224 ],
       [ 0.28872278,  1.4306545 ],
       [ 0.24624518,  1.8281647 ]], dtype=float32), 'ground_truth': array([[1.6504044 , 0.46302355],
       [1.6669302 , 0.4848231 ],
       [1.682737  , 0.5069325 ],
       [1.69880965, 0.52919754],
       [1.71385007, 0.55179535],
       [1.72910035, 0.57459267],
       [1.74316328, 0.59768752],
       [1.7573276 , 0.62100548],
       [1.77036361, 0.64456102],
       [1.78347212, 0.66835791],
       [1.79666889, 0.69241474],
       [1.80817299, 0.71664053],
       [1.81906613, 0.74103775],
       [1.8293355 , 0.7655839 ],
       [1.83946879, 0.79036164],
       [1.8485666 , 0.81519712],
       [1.85790064, 0.84038264],
       [1.86589839, 0.8655154 ],
       [1.87365018, 0.89087584],
       [1.88119391, 0.91649408],
       [1.8873007 , 0.94194225],
       [1.89264239, 0.96739395],
       [1.89728562, 0.99284538],
       [1.90130628, 1.01831654],
       [1.90457952, 1.04372484],
       [1.90717793, 1.06909605],
       [1.90901214, 1.09435285],
       [1.91007679, 1.11946562],
       [1.91038043, 1.14441915],
       [1.9098827 , 1.16914893],
       [1.90858425, 1.19362432],
       [1.90648417, 1.21781297],
       [1.90357841, 1.24167647],
       [1.89986651, 1.26517845],
       [1.89536103, 1.28830797],
       [1.89004514, 1.31098774],
       [1.88394265, 1.33322972],
       [1.87702882, 1.3548883 ],
       [1.8693456 , 1.37602094],
       [1.86092085, 1.39672589],
       [1.85171771, 1.41661902],
       [1.84180973, 1.43631248],
       [1.8311602 , 1.45500778],
       [1.81980734, 1.47345672],
       [1.80778762, 1.49071643],
       [1.7950357 , 1.50835938],
       [1.78170721, 1.52432201],
       [1.76766379, 1.54066525],
       [1.75311128, 1.55535155],
       [1.73798061, 1.56950854],
       [1.72238624, 1.58252349],
       [1.70602937, 1.59629467],
       [1.68921107, 1.60920146],
       [1.67206673, 1.62038106],
       [1.6542922 , 1.63199192],
       [1.63611531, 1.64271648],
       [1.61764909, 1.65200379],
       [1.59859124, 1.66175037],
       [1.57932142, 1.66999165],
       [1.55946897, 1.67868703],
       [1.53936956, 1.68629359],
       [1.51908204, 1.69273642],
       [1.49813487, 1.69999403],
       [1.47689621, 1.70668697],
       [1.4556258 , 1.7117082 ],
       [1.43387901, 1.71703549],
       [1.41209911, 1.72099866],
       [1.38972595, 1.72566073],
       [1.3671627 , 1.72966089],
       [1.34462623, 1.73229559],
       [1.32154735, 1.73553582],
       [1.2983159 , 1.73813781],
       [1.27514773, 1.73945449],
       [1.25144207, 1.74141401],
       [1.2278802 , 1.74199062],
       [1.20380327, 1.7431391 ],
       [1.17967093, 1.74357824],
       [1.15569513, 1.74277203],
       [1.13111447, 1.74280026],
       [1.10647665, 1.74224571],
       [1.08205271, 1.74040584],
       [1.05719579, 1.73900577],
       [1.0325246 , 1.73652701],
       [1.00740776, 1.73448507],
       [0.9819978 , 1.73256914],
       [0.95695099, 1.72919338],
       [0.93201885, 1.72507435],
       [0.90651507, 1.72170757],
       [0.88136309, 1.71713286],
       [0.85569727, 1.71313774],
       [0.83012287, 1.70851959],
       [0.8048721 , 1.70285491],
       [0.77909879, 1.69777997],
       [0.7537654 , 1.69152137],
       [0.72790531, 1.68582627],
       [0.70254261, 1.67892036],
       [0.67670968, 1.67246441],
       [0.650788  , 1.66583294],
       [0.62541793, 1.65795286],
       [0.59989879, 1.65003935],
       [0.57469116, 1.64139671],
       [0.54888001, 1.63333808],
       [0.52323569, 1.62476678],
       [0.49812421, 1.6151994 ],
       [0.47262993, 1.60589478],
       [0.44766958, 1.59567457],
       [0.42234419, 1.58565938],
       [0.39753601, 1.5748161 ],
       [0.3725463 , 1.56394742],
       [0.34752731, 1.55287085],
       [0.32208573, 1.5420162 ],
       [0.29766127, 1.52984377],
       [0.27320309, 1.51751235],
       [0.24924549, 1.50449652],
       [0.22528595, 1.49131332],
       [0.20137111, 1.47789829],
       [0.17793562, 1.46390657],
       [0.15356553, 1.45041569],
       [0.1303168 , 1.43585483],
       [0.10770808, 1.42065365]]), 'data_points': 600}}, 'improvement': 0.142280964720082}","{'distance_encoding': {'red': 0.1759426561741867, 'magenta': 0.18003362145898671, 'yellow': 0.23109577422013705, 'orange': 0.26232611868278966}, 'direction_encoding': {'red': 0.179241949888635, 'magenta': 0.19374201599466961, 'yellow': 0.17693651200899468, 'orange': 0.21338835412984608}}","{'dim_0': {'mse': 0.214366152882576, 'r2': 0.6667847633361816}, 'dim_1': {'mse': 0.38907942175865173, 'r2': 0.2783527374267578}}"
